-- 🎭 Generated Fake Data for ClubStack Database
-- Generated on: 2025-08-13 09:14:48
-- Run this file against your ClubStack database to populate with fake data
USE ClubStack;
-- 👥 MEMBERS
INSERT INTO Member (ID, FirstName, LastName, PreferredName, GraduationYear, IsGradStudent, ActivationDate, CarPlate, CarState, CarPassCount, EmerContactName, EmerContactPhone) VALUES (100, 'Martha', 'Marshall', 'Martha', 2027, FALSE, '2024-04-07', NULL, NULL, 0, 'Linda Key', '+1-468-682-7785x507');
INSERT INTO Member (ID, FirstName, LastName, PreferredName, GraduationYear, IsGradStudent, ActivationDate, CarPlate, CarState, CarPassCount, EmerContactName, EmerContactPhone) VALUES (101, 'James', 'Torres', 'James', 2027, FALSE, '2023-12-15', NULL, NULL, 0, 'Heidi Edwards', '001-378-956-7080x015');
INSERT INTO Member (ID, FirstName, LastName, PreferredName, GraduationYear, IsGradStudent, ActivationDate, CarPlate, CarState, CarPassCount, EmerContactName, EmerContactPhone) VALUES (102, 'Michael', 'Rosales', 'Karen', 2028, FALSE, '2024-06-05', NULL, NULL, 0, 'James Parrish', '916.940.9973');
INSERT INTO Member (ID, FirstName, LastName, PreferredName, GraduationYear, IsGradStudent, ActivationDate, CarPlate, CarState, CarPassCount, EmerContactName, EmerContactPhone) VALUES (103, 'Jamie', 'Walters', 'Nancy', 2028, FALSE, '2025-01-04', 'HGX 711', 'TN', 5, 'Paula Henry', '379-841-9424x1930');
INSERT INTO Member (ID, FirstName, LastName, PreferredName, GraduationYear, IsGradStudent, ActivationDate, CarPlate, CarState, CarPassCount, EmerContactName, EmerContactPhone) VALUES (104, 'Heather', 'Fischer', 'Heather', 2026, FALSE, '2024-03-05', '7-J5258', 'KY', 3, 'James Mitchell', '+1-621-542-2181x65795');
INSERT INTO Member (ID, FirstName, LastName, PreferredName, GraduationYear, IsGradStudent, ActivationDate, CarPlate, CarState, CarPassCount, EmerContactName, EmerContactPhone) VALUES (105, 'Felicia', 'Figueroa', 'Charles', 2026, TRUE, '2025-02-26', NULL, NULL, 0, 'Kimberly Shaw', '819-770-3650x855');
INSERT INTO Member (ID, FirstName, LastName, PreferredName, GraduationYear, IsGradStudent, ActivationDate, CarPlate, CarState, CarPassCount, EmerContactName, EmerContactPhone) VALUES (106, 'Bradley', 'Parker', 'Bradley', 2025, FALSE, '2023-08-21', NULL, NULL, 0, 'Timothy Perez', '6587229711');
INSERT INTO Member (ID, FirstName, LastName, PreferredName, GraduationYear, IsGradStudent, ActivationDate, CarPlate, CarState, CarPassCount, EmerContactName, EmerContactPhone) VALUES (107, 'Raymond', 'Vasquez', 'Raymond', 2024, FALSE, '2024-06-21', 'RTN-740', 'SD', 4, 'Valerie Jackson', '770.237.4711x3553');
INSERT INTO Member (ID, FirstName, LastName, PreferredName, GraduationYear, IsGradStudent, ActivationDate, CarPlate, CarState, CarPassCount, EmerContactName, EmerContactPhone) VALUES (108, 'Alexis', 'Campbell', 'Alexis', 2027, FALSE, '2023-10-09', '299M3', 'LA', 1, 'Tanya Best', '(332)278-0639');
INSERT INTO Member (ID, FirstName, LastName, PreferredName, GraduationYear, IsGradStudent, ActivationDate, CarPlate, CarState, CarPassCount, EmerContactName, EmerContactPhone) VALUES (109, 'Isaac', 'Castro', 'Isaac', 2024, FALSE, '2024-12-09', 'WOA4712', 'AL', 4, 'Anna Brown', '(508)668-7719x6513');
INSERT INTO Member (ID, FirstName, LastName, PreferredName, GraduationYear, IsGradStudent, ActivationDate, CarPlate, CarState, CarPassCount, EmerContactName, EmerContactPhone) VALUES (110, 'Angela', 'Cox', 'Angela', 2027, FALSE, '2024-01-30', 'FBK0376', 'MP', 5, 'Jessica Hernandez', '001-321-515-0138');
INSERT INTO Member (ID, FirstName, LastName, PreferredName, GraduationYear, IsGradStudent, ActivationDate, CarPlate, CarState, CarPassCount, EmerContactName, EmerContactPhone) VALUES (111, 'Bruce', 'Johnson', 'Felicia', 2024, FALSE, '2024-06-11', NULL, NULL, 0, 'Erika Garcia', '(310)582-3402x7955');
INSERT INTO Member (ID, FirstName, LastName, PreferredName, GraduationYear, IsGradStudent, ActivationDate, CarPlate, CarState, CarPassCount, EmerContactName, EmerContactPhone) VALUES (112, 'Joseph', 'Young', 'Joseph', 2025, FALSE, '2024-09-19', '4T Z6694', 'AL', 5, 'Joshua Gates', '359.804.7460');
INSERT INTO Member (ID, FirstName, LastName, PreferredName, GraduationYear, IsGradStudent, ActivationDate, CarPlate, CarState, CarPassCount, EmerContactName, EmerContactPhone) VALUES (113, 'Francisco', 'Allen', 'Francisco', 2026, TRUE, '2025-06-16', 'CIS-757', 'OK', 1, 'Kevin Andrade', '001-544-759-6656x97500');
INSERT INTO Member (ID, FirstName, LastName, PreferredName, GraduationYear, IsGradStudent, ActivationDate, CarPlate, CarState, CarPassCount, EmerContactName, EmerContactPhone) VALUES (114, 'Richard', 'Grant', 'Richard', 2026, FALSE, '2025-03-02', NULL, NULL, 0, 'Dale Michael', '8594427353');
INSERT INTO Member (ID, FirstName, LastName, PreferredName, GraduationYear, IsGradStudent, ActivationDate, CarPlate, CarState, CarPassCount, EmerContactName, EmerContactPhone) VALUES (115, 'Natalie', 'Smith', 'Natalie', 2027, FALSE, '2025-07-24', '760-648', 'WV', 2, 'Deborah Owens', '+1-727-775-0108x48863');
INSERT INTO Member (ID, FirstName, LastName, PreferredName, GraduationYear, IsGradStudent, ActivationDate, CarPlate, CarState, CarPassCount, EmerContactName, EmerContactPhone) VALUES (116, 'Meagan', 'White', 'Meagan', 2028, FALSE, '2023-10-24', NULL, NULL, 0, 'Anthony Jones', '467-811-3765x5202');
INSERT INTO Member (ID, FirstName, LastName, PreferredName, GraduationYear, IsGradStudent, ActivationDate, CarPlate, CarState, CarPassCount, EmerContactName, EmerContactPhone) VALUES (117, 'Jennifer', 'Ward', 'Jennifer', 2026, FALSE, '2024-07-21', '764-XDL', 'DC', 3, 'Kimberly Moody', '718.497.9127x62520');
INSERT INTO Member (ID, FirstName, LastName, PreferredName, GraduationYear, IsGradStudent, ActivationDate, CarPlate, CarState, CarPassCount, EmerContactName, EmerContactPhone) VALUES (118, 'Jeffrey', 'Phillips', 'Jeffrey', 2024, FALSE, '2025-03-29', '139-PPTI', 'MH', 5, 'Derek Jackson', '569.819.2397x944');
INSERT INTO Member (ID, FirstName, LastName, PreferredName, GraduationYear, IsGradStudent, ActivationDate, CarPlate, CarState, CarPassCount, EmerContactName, EmerContactPhone) VALUES (119, 'Sandra', 'Matthews', 'Sandra', 2028, FALSE, '2023-11-08', '4W 4658O', 'NV', 1, 'Samantha Gentry', '(518)717-8980x6907');
INSERT INTO Member (ID, FirstName, LastName, PreferredName, GraduationYear, IsGradStudent, ActivationDate, CarPlate, CarState, CarPassCount, EmerContactName, EmerContactPhone) VALUES (120, 'Allison', 'Romero', 'Allison', 2028, TRUE, '2025-04-11', '371E0', 'UT', 3, 'Kimberly Yates', '475-612-2201x19916');
INSERT INTO Member (ID, FirstName, LastName, PreferredName, GraduationYear, IsGradStudent, ActivationDate, CarPlate, CarState, CarPassCount, EmerContactName, EmerContactPhone) VALUES (121, 'Charles', 'Robertson', 'Willie', 2028, FALSE, '2024-12-13', '069 LIK', 'OK', 3, 'Thomas Foster', '6653206395');
INSERT INTO Member (ID, FirstName, LastName, PreferredName, GraduationYear, IsGradStudent, ActivationDate, CarPlate, CarState, CarPassCount, EmerContactName, EmerContactPhone) VALUES (122, 'Robert', 'Bruce', 'Justin', 2027, FALSE, '2024-05-30', NULL, NULL, 0, 'Mary Harrell', '767.488.0213x276');
INSERT INTO Member (ID, FirstName, LastName, PreferredName, GraduationYear, IsGradStudent, ActivationDate, CarPlate, CarState, CarPassCount, EmerContactName, EmerContactPhone) VALUES (123, 'Deborah', 'Boyd', 'Deborah', 2024, TRUE, '2025-01-01', NULL, NULL, 0, 'Andrew Harvey', '+1-350-218-5257x96479');
INSERT INTO Member (ID, FirstName, LastName, PreferredName, GraduationYear, IsGradStudent, ActivationDate, CarPlate, CarState, CarPassCount, EmerContactName, EmerContactPhone) VALUES (124, 'Michael', 'Harvey', 'Michael', 2026, FALSE, '2024-11-30', 'BYM U73', 'CO', 3, 'Jenna Gordon', '2072012664');
INSERT INTO Member (ID, FirstName, LastName, PreferredName, GraduationYear, IsGradStudent, ActivationDate, CarPlate, CarState, CarPassCount, EmerContactName, EmerContactPhone) VALUES (125, 'Steven', 'Elliott', 'Steven', 2027, FALSE, '2023-12-13', NULL, NULL, 0, 'Colin Williams', '001-457-672-6562x239');
INSERT INTO Member (ID, FirstName, LastName, PreferredName, GraduationYear, IsGradStudent, ActivationDate, CarPlate, CarState, CarPassCount, EmerContactName, EmerContactPhone) VALUES (126, 'Marissa', 'Peck', 'Ryan', 2024, FALSE, '2023-12-03', NULL, NULL, 0, 'Monica Kerr', '4039280440');
INSERT INTO Member (ID, FirstName, LastName, PreferredName, GraduationYear, IsGradStudent, ActivationDate, CarPlate, CarState, CarPassCount, EmerContactName, EmerContactPhone) VALUES (127, 'Theodore', 'Jones', 'Theodore', 2028, FALSE, '2025-07-22', NULL, NULL, 0, 'Caroline Wilkinson', '9545605528');
INSERT INTO Member (ID, FirstName, LastName, PreferredName, GraduationYear, IsGradStudent, ActivationDate, CarPlate, CarState, CarPassCount, EmerContactName, EmerContactPhone) VALUES (128, 'Dan', 'Parks', 'Dan', 2027, FALSE, '2025-03-02', NULL, NULL, 0, 'Gina Garcia', '7358993847');
INSERT INTO Member (ID, FirstName, LastName, PreferredName, GraduationYear, IsGradStudent, ActivationDate, CarPlate, CarState, CarPassCount, EmerContactName, EmerContactPhone) VALUES (129, 'Colleen', 'Swanson', 'Colleen', 2028, FALSE, '2024-04-07', NULL, NULL, 0, 'Mary Simpson', '(310)361-7183');
INSERT INTO Member (ID, FirstName, LastName, PreferredName, GraduationYear, IsGradStudent, ActivationDate, CarPlate, CarState, CarPassCount, EmerContactName, EmerContactPhone) VALUES (130, 'Melanie', 'Ho', 'Amber', 2024, FALSE, '2025-01-30', NULL, NULL, 0, 'Tracie Freeman', '(712)876-6531x6657');
INSERT INTO Member (ID, FirstName, LastName, PreferredName, GraduationYear, IsGradStudent, ActivationDate, CarPlate, CarState, CarPassCount, EmerContactName, EmerContactPhone) VALUES (131, 'Heather', 'Austin', 'Heather', 2026, TRUE, '2024-09-02', 'KNU 892', 'AK', 0, 'Patricia Sanchez', '930-222-4077x527');
INSERT INTO Member (ID, FirstName, LastName, PreferredName, GraduationYear, IsGradStudent, ActivationDate, CarPlate, CarState, CarPassCount, EmerContactName, EmerContactPhone) VALUES (132, 'Robert', 'Gates', 'Robert', 2024, FALSE, '2024-11-13', NULL, NULL, 0, 'Christopher Fox', '(221)714-8304');
INSERT INTO Member (ID, FirstName, LastName, PreferredName, GraduationYear, IsGradStudent, ActivationDate, CarPlate, CarState, CarPassCount, EmerContactName, EmerContactPhone) VALUES (133, 'Jeffrey', 'Smith', 'Jeffrey', 2026, TRUE, '2024-03-20', '222 1FZ', 'CT', 3, 'Jessica Baker', '(743)250-4630x73139');
INSERT INTO Member (ID, FirstName, LastName, PreferredName, GraduationYear, IsGradStudent, ActivationDate, CarPlate, CarState, CarPassCount, EmerContactName, EmerContactPhone) VALUES (134, 'Donna', 'Wise', 'Donna', 2027, TRUE, '2024-02-11', 'MUK L99', 'VI', 2, 'Kayla Atkinson', '336-316-4035');
INSERT INTO Member (ID, FirstName, LastName, PreferredName, GraduationYear, IsGradStudent, ActivationDate, CarPlate, CarState, CarPassCount, EmerContactName, EmerContactPhone) VALUES (135, 'Seth', 'Horne', 'Seth', 2028, FALSE, '2025-07-03', NULL, NULL, 0, 'Tamara Graham', '+1-916-367-3116x66728');
INSERT INTO Member (ID, FirstName, LastName, PreferredName, GraduationYear, IsGradStudent, ActivationDate, CarPlate, CarState, CarPassCount, EmerContactName, EmerContactPhone) VALUES (136, 'Craig', 'Williams', 'Danielle', 2024, FALSE, '2024-08-13', NULL, NULL, 0, 'Timothy Campbell', '001-880-301-4349x029');
INSERT INTO Member (ID, FirstName, LastName, PreferredName, GraduationYear, IsGradStudent, ActivationDate, CarPlate, CarState, CarPassCount, EmerContactName, EmerContactPhone) VALUES (137, 'Elizabeth', 'Stephens', 'Elizabeth', 2028, FALSE, '2025-01-26', '6-7415C', 'MI', 5, 'James Wallace', '2079782564');
INSERT INTO Member (ID, FirstName, LastName, PreferredName, GraduationYear, IsGradStudent, ActivationDate, CarPlate, CarState, CarPassCount, EmerContactName, EmerContactPhone) VALUES (138, 'Travis', 'Davis', 'Olivia', 2025, FALSE, '2024-12-09', NULL, NULL, 0, 'Patricia Reyes', '001-285-889-6158');
INSERT INTO Member (ID, FirstName, LastName, PreferredName, GraduationYear, IsGradStudent, ActivationDate, CarPlate, CarState, CarPassCount, EmerContactName, EmerContactPhone) VALUES (139, 'Caitlin', 'Anderson', 'Caitlin', 2028, FALSE, '2023-08-20', '169-KXKS', 'VI', 1, 'Eileen Barr', '311.425.7640');
INSERT INTO Member (ID, FirstName, LastName, PreferredName, GraduationYear, IsGradStudent, ActivationDate, CarPlate, CarState, CarPassCount, EmerContactName, EmerContactPhone) VALUES (140, 'Jeremy', 'Tucker', 'Jeremy', 2025, TRUE, '2024-11-30', '5FJ N53', 'PA', 5, 'Amanda Smith', '379-259-6052x682');
INSERT INTO Member (ID, FirstName, LastName, PreferredName, GraduationYear, IsGradStudent, ActivationDate, CarPlate, CarState, CarPassCount, EmerContactName, EmerContactPhone) VALUES (141, 'Joshua', 'Davis', 'Joshua', 2026, FALSE, '2025-06-10', NULL, NULL, 0, 'Kayla Wilcox', '001-839-759-5507x652');
INSERT INTO Member (ID, FirstName, LastName, PreferredName, GraduationYear, IsGradStudent, ActivationDate, CarPlate, CarState, CarPassCount, EmerContactName, EmerContactPhone) VALUES (142, 'Kylie', 'Reynolds', 'Kylie', 2026, FALSE, '2024-03-18', NULL, NULL, 0, 'Kevin Jones', '(654)565-7605x973');
INSERT INTO Member (ID, FirstName, LastName, PreferredName, GraduationYear, IsGradStudent, ActivationDate, CarPlate, CarState, CarPassCount, EmerContactName, EmerContactPhone) VALUES (143, 'Amy', 'Hood', 'Thomas', 2025, FALSE, '2023-09-28', NULL, NULL, 0, 'David Zimmerman', '8966997307');
INSERT INTO Member (ID, FirstName, LastName, PreferredName, GraduationYear, IsGradStudent, ActivationDate, CarPlate, CarState, CarPassCount, EmerContactName, EmerContactPhone) VALUES (144, 'Mary', 'Walsh', 'Meghan', 2025, TRUE, '2025-07-30', '149611', 'MT', 0, 'Linda Cooke', '(546)314-7358');
INSERT INTO Member (ID, FirstName, LastName, PreferredName, GraduationYear, IsGradStudent, ActivationDate, CarPlate, CarState, CarPassCount, EmerContactName, EmerContactPhone) VALUES (145, 'Jasmine', 'Simmons', 'Kathleen', 2024, FALSE, '2024-11-09', '290-YOF', 'NM', 0, 'Alexander Moore', '295.909.1874');
INSERT INTO Member (ID, FirstName, LastName, PreferredName, GraduationYear, IsGradStudent, ActivationDate, CarPlate, CarState, CarPassCount, EmerContactName, EmerContactPhone) VALUES (146, 'Timothy', 'Wong', 'Timothy', 2026, FALSE, '2023-09-24', '8-94955', 'SD', 4, 'Eric Davis', '367.561.8841');
INSERT INTO Member (ID, FirstName, LastName, PreferredName, GraduationYear, IsGradStudent, ActivationDate, CarPlate, CarState, CarPassCount, EmerContactName, EmerContactPhone) VALUES (147, 'John', 'King', 'John', 2024, FALSE, '2024-03-17', NULL, NULL, 0, 'Peter Cox', '001-288-806-5310x759');
INSERT INTO Member (ID, FirstName, LastName, PreferredName, GraduationYear, IsGradStudent, ActivationDate, CarPlate, CarState, CarPassCount, EmerContactName, EmerContactPhone) VALUES (148, 'Kathleen', 'Kidd', 'Vanessa', 2025, FALSE, '2024-07-01', NULL, NULL, 0, 'Cathy Estrada MD', '882.730.6389');
INSERT INTO Member (ID, FirstName, LastName, PreferredName, GraduationYear, IsGradStudent, ActivationDate, CarPlate, CarState, CarPassCount, EmerContactName, EmerContactPhone) VALUES (149, 'Tara', 'Hoffman', 'Tara', 2026, FALSE, '2025-02-05', '7CV 292', 'AR', 1, 'Diane Montoya', '936-870-5702x409');
INSERT INTO Member (ID, FirstName, LastName, PreferredName, GraduationYear, IsGradStudent, ActivationDate, CarPlate, CarState, CarPassCount, EmerContactName, EmerContactPhone) VALUES (150, 'Madison', 'Jones', 'Madison', 2024, FALSE, '2023-12-03', '36GO1', 'AS', 4, 'Richard Moore', '(777)790-5634');
INSERT INTO Member (ID, FirstName, LastName, PreferredName, GraduationYear, IsGradStudent, ActivationDate, CarPlate, CarState, CarPassCount, EmerContactName, EmerContactPhone) VALUES (151, 'Beth', 'Boyd', 'Jeffery', 2027, FALSE, '2024-07-15', 'UFX 995', 'TX', 0, 'Tom Johnson', '435-702-2919');
INSERT INTO Member (ID, FirstName, LastName, PreferredName, GraduationYear, IsGradStudent, ActivationDate, CarPlate, CarState, CarPassCount, EmerContactName, EmerContactPhone) VALUES (152, 'Morgan', 'Anderson', 'Morgan', 2024, FALSE, '2024-07-16', '537XP', 'PW', 5, 'Tammy Webb', '661.407.5995');
INSERT INTO Member (ID, FirstName, LastName, PreferredName, GraduationYear, IsGradStudent, ActivationDate, CarPlate, CarState, CarPassCount, EmerContactName, EmerContactPhone) VALUES (153, 'Eric', 'Villanueva', 'Martin', 2024, FALSE, '2024-06-21', 'PRM-4755', 'HI', 4, 'Mark Waters', '439-592-4980');
INSERT INTO Member (ID, FirstName, LastName, PreferredName, GraduationYear, IsGradStudent, ActivationDate, CarPlate, CarState, CarPassCount, EmerContactName, EmerContactPhone) VALUES (154, 'Cory', 'Schmidt', 'Cory', 2027, FALSE, '2024-08-25', NULL, NULL, 0, 'Michael Johnson', '+1-619-839-7504x450');
INSERT INTO Member (ID, FirstName, LastName, PreferredName, GraduationYear, IsGradStudent, ActivationDate, CarPlate, CarState, CarPassCount, EmerContactName, EmerContactPhone) VALUES (155, 'Joseph', 'Campbell', 'Joseph', 2027, FALSE, '2024-02-17', '866 IMX', 'ND', 3, 'Kenneth Benjamin', '615.917.8673x029');
INSERT INTO Member (ID, FirstName, LastName, PreferredName, GraduationYear, IsGradStudent, ActivationDate, CarPlate, CarState, CarPassCount, EmerContactName, EmerContactPhone) VALUES (156, 'Victoria', 'Williams', 'Sean', 2026, FALSE, '2024-07-10', NULL, NULL, 0, 'Karl White', '001-432-672-0106');
INSERT INTO Member (ID, FirstName, LastName, PreferredName, GraduationYear, IsGradStudent, ActivationDate, CarPlate, CarState, CarPassCount, EmerContactName, EmerContactPhone) VALUES (157, 'Kyle', 'Ortiz', 'David', 2027, FALSE, '2024-05-05', 'ZFP 187', 'CA', 5, 'Steven Davis', '001-514-635-7750x162');
INSERT INTO Member (ID, FirstName, LastName, PreferredName, GraduationYear, IsGradStudent, ActivationDate, CarPlate, CarState, CarPassCount, EmerContactName, EmerContactPhone) VALUES (158, 'Katie', 'Soto', 'Katie', 2024, TRUE, '2024-01-26', 'NZ9 U1B', 'IA', 0, 'Kevin Morris', '799-786-1277');
INSERT INTO Member (ID, FirstName, LastName, PreferredName, GraduationYear, IsGradStudent, ActivationDate, CarPlate, CarState, CarPassCount, EmerContactName, EmerContactPhone) VALUES (159, 'Richard', 'Bryant', 'Richard', 2026, FALSE, '2024-11-14', 'MNX 199', 'MA', 4, 'Jason Burch', '+1-793-675-7464x5207');
INSERT INTO Member (ID, FirstName, LastName, PreferredName, GraduationYear, IsGradStudent, ActivationDate, CarPlate, CarState, CarPassCount, EmerContactName, EmerContactPhone) VALUES (160, 'Adam', 'Oliver', 'Walter', 2026, FALSE, '2025-03-06', NULL, NULL, 0, 'Tracy Johnson', '408.706.5950x2866');
INSERT INTO Member (ID, FirstName, LastName, PreferredName, GraduationYear, IsGradStudent, ActivationDate, CarPlate, CarState, CarPassCount, EmerContactName, EmerContactPhone) VALUES (161, 'Diana', 'Williams', 'Diana', 2025, TRUE, '2025-08-08', 'F39 6GP', 'KS', 4, 'Samantha Powell', '247.526.5924');
INSERT INTO Member (ID, FirstName, LastName, PreferredName, GraduationYear, IsGradStudent, ActivationDate, CarPlate, CarState, CarPassCount, EmerContactName, EmerContactPhone) VALUES (162, 'Scott', 'Castillo', 'James', 2024, FALSE, '2023-08-26', '8N082', 'DE', 0, 'Devin Medina', '277.291.5456x51321');
INSERT INTO Member (ID, FirstName, LastName, PreferredName, GraduationYear, IsGradStudent, ActivationDate, CarPlate, CarState, CarPassCount, EmerContactName, EmerContactPhone) VALUES (163, 'Kevin', 'Cardenas', 'Kevin', 2026, FALSE, '2023-08-30', NULL, NULL, 0, 'Linda Wang', '651.627.4613x05489');
INSERT INTO Member (ID, FirstName, LastName, PreferredName, GraduationYear, IsGradStudent, ActivationDate, CarPlate, CarState, CarPassCount, EmerContactName, EmerContactPhone) VALUES (164, 'Raymond', 'Wheeler', 'Raymond', 2026, FALSE, '2024-05-25', 'KXV 861', 'NC', 0, 'Benjamin Roy', '962-822-3300x378');
INSERT INTO Member (ID, FirstName, LastName, PreferredName, GraduationYear, IsGradStudent, ActivationDate, CarPlate, CarState, CarPassCount, EmerContactName, EmerContactPhone) VALUES (165, 'Ryan', 'Lozano', 'Ryan', 2024, FALSE, '2025-01-27', NULL, NULL, 0, 'Robert Martin', '001-494-475-9666x13726');
INSERT INTO Member (ID, FirstName, LastName, PreferredName, GraduationYear, IsGradStudent, ActivationDate, CarPlate, CarState, CarPassCount, EmerContactName, EmerContactPhone) VALUES (166, 'James', 'Mcknight', 'James', 2028, FALSE, '2025-03-17', 'NMZ-2547', 'UT', 3, 'Laura Mcfarland', '(827)368-0628x224');
INSERT INTO Member (ID, FirstName, LastName, PreferredName, GraduationYear, IsGradStudent, ActivationDate, CarPlate, CarState, CarPassCount, EmerContactName, EmerContactPhone) VALUES (167, 'Michael', 'Gentry', 'Michael', 2028, FALSE, '2024-10-22', NULL, NULL, 0, 'Jennifer Day', '(819)477-7651x84326');
INSERT INTO Member (ID, FirstName, LastName, PreferredName, GraduationYear, IsGradStudent, ActivationDate, CarPlate, CarState, CarPassCount, EmerContactName, EmerContactPhone) VALUES (168, 'Pamela', 'Stevens', 'Pamela', 2026, FALSE, '2024-06-02', '564NKE', 'MI', 4, 'Stacy Garcia', '+1-610-736-3065x8645');
INSERT INTO Member (ID, FirstName, LastName, PreferredName, GraduationYear, IsGradStudent, ActivationDate, CarPlate, CarState, CarPassCount, EmerContactName, EmerContactPhone) VALUES (169, 'Kimberly', 'Moreno', 'Kimberly', 2028, FALSE, '2024-06-20', 'KGW-409', 'ME', 1, 'Henry Harmon', '4102064060');
INSERT INTO Member (ID, FirstName, LastName, PreferredName, GraduationYear, IsGradStudent, ActivationDate, CarPlate, CarState, CarPassCount, EmerContactName, EmerContactPhone) VALUES (170, 'Tammy', 'Thomas', 'Tammy', 2026, FALSE, '2024-09-21', NULL, NULL, 0, 'Jack Brennan', '(637)954-0790x8823');
INSERT INTO Member (ID, FirstName, LastName, PreferredName, GraduationYear, IsGradStudent, ActivationDate, CarPlate, CarState, CarPassCount, EmerContactName, EmerContactPhone) VALUES (171, 'Thomas', 'Howard', 'Jonathan', 2024, FALSE, '2025-02-22', NULL, NULL, 0, 'James Chase', '3148185486');
INSERT INTO Member (ID, FirstName, LastName, PreferredName, GraduationYear, IsGradStudent, ActivationDate, CarPlate, CarState, CarPassCount, EmerContactName, EmerContactPhone) VALUES (172, 'Antonio', 'Gonzalez', 'Steven', 2024, FALSE, '2024-07-10', '450P', 'TX', 0, 'Daniel Taylor', '001-242-614-3282x4154');
INSERT INTO Member (ID, FirstName, LastName, PreferredName, GraduationYear, IsGradStudent, ActivationDate, CarPlate, CarState, CarPassCount, EmerContactName, EmerContactPhone) VALUES (173, 'Mitchell', 'May', 'Mitchell', 2024, FALSE, '2025-02-28', NULL, NULL, 0, 'Curtis Smith', '001-834-368-0455x627');
INSERT INTO Member (ID, FirstName, LastName, PreferredName, GraduationYear, IsGradStudent, ActivationDate, CarPlate, CarState, CarPassCount, EmerContactName, EmerContactPhone) VALUES (174, 'David', 'Jones', 'David', 2024, FALSE, '2024-04-04', NULL, NULL, 0, 'Emma Pacheco', '(513)589-1285x01139');
INSERT INTO Member (ID, FirstName, LastName, PreferredName, GraduationYear, IsGradStudent, ActivationDate, CarPlate, CarState, CarPassCount, EmerContactName, EmerContactPhone) VALUES (175, 'Thomas', 'Smith', 'Amy', 2024, FALSE, '2023-12-12', NULL, NULL, 0, 'Melissa Villarreal', '(990)331-6267x0018');
INSERT INTO Member (ID, FirstName, LastName, PreferredName, GraduationYear, IsGradStudent, ActivationDate, CarPlate, CarState, CarPassCount, EmerContactName, EmerContactPhone) VALUES (176, 'Michael', 'Palmer', 'Connor', 2026, FALSE, '2024-08-25', NULL, NULL, 0, 'Sharon Bailey', '+1-482-280-4467');
INSERT INTO Member (ID, FirstName, LastName, PreferredName, GraduationYear, IsGradStudent, ActivationDate, CarPlate, CarState, CarPassCount, EmerContactName, EmerContactPhone) VALUES (177, 'Daniel', 'Cunningham', 'Daniel', 2027, FALSE, '2023-12-29', '69U-SRGO', 'MT', 2, 'Ryan Wagner', '+1-986-663-9077x017');
INSERT INTO Member (ID, FirstName, LastName, PreferredName, GraduationYear, IsGradStudent, ActivationDate, CarPlate, CarState, CarPassCount, EmerContactName, EmerContactPhone) VALUES (178, 'Julie', 'Gonzalez', 'Juan', 2027, TRUE, '2025-04-23', NULL, NULL, 0, 'Jennifer Ferguson', '001-377-715-3667');
INSERT INTO Member (ID, FirstName, LastName, PreferredName, GraduationYear, IsGradStudent, ActivationDate, CarPlate, CarState, CarPassCount, EmerContactName, EmerContactPhone) VALUES (179, 'Tina', 'Pratt', 'Kathryn', 2028, FALSE, '2024-10-27', '9-1618Z', 'NY', 3, 'Dustin Lawson', '577.708.1731');
INSERT INTO Member (ID, FirstName, LastName, PreferredName, GraduationYear, IsGradStudent, ActivationDate, CarPlate, CarState, CarPassCount, EmerContactName, EmerContactPhone) VALUES (180, 'Melissa', 'Farmer', 'Melissa', 2027, TRUE, '2025-05-12', NULL, NULL, 0, 'Lori Turner', '830.455.9176');
INSERT INTO Member (ID, FirstName, LastName, PreferredName, GraduationYear, IsGradStudent, ActivationDate, CarPlate, CarState, CarPassCount, EmerContactName, EmerContactPhone) VALUES (181, 'Craig', 'Brown', 'Craig', 2027, TRUE, '2025-05-28', '105 9DQ', 'SC', 3, 'Melissa James', '(480)362-1147x9525');
INSERT INTO Member (ID, FirstName, LastName, PreferredName, GraduationYear, IsGradStudent, ActivationDate, CarPlate, CarState, CarPassCount, EmerContactName, EmerContactPhone) VALUES (182, 'Anthony', 'Gonzalez', 'Carmen', 2027, TRUE, '2025-06-06', 'ITN-9133', 'DE', 2, 'Jason Nelson', '270-629-0468');
INSERT INTO Member (ID, FirstName, LastName, PreferredName, GraduationYear, IsGradStudent, ActivationDate, CarPlate, CarState, CarPassCount, EmerContactName, EmerContactPhone) VALUES (183, 'Derrick', 'Graham', 'Derrick', 2027, TRUE, '2024-05-22', '9YO W13', 'NM', 0, 'Meagan Martin', '001-878-596-6897');
INSERT INTO Member (ID, FirstName, LastName, PreferredName, GraduationYear, IsGradStudent, ActivationDate, CarPlate, CarState, CarPassCount, EmerContactName, EmerContactPhone) VALUES (184, 'Kaitlin', 'Boyd', 'Savannah', 2027, TRUE, '2025-06-04', NULL, NULL, 0, 'Denise Austin', '(625)746-4921x5892');
INSERT INTO Member (ID, FirstName, LastName, PreferredName, GraduationYear, IsGradStudent, ActivationDate, CarPlate, CarState, CarPassCount, EmerContactName, EmerContactPhone) VALUES (185, 'Melissa', 'Simmons', 'Debra', 2026, FALSE, '2023-12-07', '545AK', 'TN', 5, 'Stephanie Ferguson', '206-725-8042x500');
INSERT INTO Member (ID, FirstName, LastName, PreferredName, GraduationYear, IsGradStudent, ActivationDate, CarPlate, CarState, CarPassCount, EmerContactName, EmerContactPhone) VALUES (186, 'Patricia', 'Cobb', 'Patricia', 2026, FALSE, '2025-03-23', '5647 YA', 'LA', 3, 'Ryan Garcia', '786-757-1579x0083');
INSERT INTO Member (ID, FirstName, LastName, PreferredName, GraduationYear, IsGradStudent, ActivationDate, CarPlate, CarState, CarPassCount, EmerContactName, EmerContactPhone) VALUES (187, 'Wayne', 'Meyers', 'Thomas', 2028, FALSE, '2023-11-23', NULL, NULL, 0, 'Holly Hunter', '350.847.5064x6264');
INSERT INTO Member (ID, FirstName, LastName, PreferredName, GraduationYear, IsGradStudent, ActivationDate, CarPlate, CarState, CarPassCount, EmerContactName, EmerContactPhone) VALUES (188, 'Deborah', 'Hunter', 'Tyler', 2025, FALSE, '2024-05-27', NULL, NULL, 0, 'Tara Delacruz', '7575369276');
INSERT INTO Member (ID, FirstName, LastName, PreferredName, GraduationYear, IsGradStudent, ActivationDate, CarPlate, CarState, CarPassCount, EmerContactName, EmerContactPhone) VALUES (189, 'Jose', 'Barry', 'Jose', 2026, FALSE, '2025-04-02', NULL, NULL, 0, 'Monique Maddox', '(953)542-8490x14364');
INSERT INTO Member (ID, FirstName, LastName, PreferredName, GraduationYear, IsGradStudent, ActivationDate, CarPlate, CarState, CarPassCount, EmerContactName, EmerContactPhone) VALUES (190, 'Karen', 'Benton', 'James', 2027, FALSE, '2025-01-02', NULL, NULL, 0, 'Monica Ramos', '872.443.6331');
INSERT INTO Member (ID, FirstName, LastName, PreferredName, GraduationYear, IsGradStudent, ActivationDate, CarPlate, CarState, CarPassCount, EmerContactName, EmerContactPhone) VALUES (191, 'Nicholas', 'Davis', 'Nicholas', 2026, FALSE, '2024-01-02', '6F 3418B', 'MA', 1, 'Carrie Compton', '871.603.8532');
INSERT INTO Member (ID, FirstName, LastName, PreferredName, GraduationYear, IsGradStudent, ActivationDate, CarPlate, CarState, CarPassCount, EmerContactName, EmerContactPhone) VALUES (192, 'David', 'Harper', 'David', 2025, FALSE, '2023-10-22', 'SWP4224', 'MP', 5, 'Natalie Lin', '409-563-2626');
INSERT INTO Member (ID, FirstName, LastName, PreferredName, GraduationYear, IsGradStudent, ActivationDate, CarPlate, CarState, CarPassCount, EmerContactName, EmerContactPhone) VALUES (193, 'Kyle', 'Wilkins', 'Kyle', 2027, FALSE, '2024-01-17', 'TLN 494', 'TX', 5, 'Shawn Cardenas', '001-415-820-1833x4580');
INSERT INTO Member (ID, FirstName, LastName, PreferredName, GraduationYear, IsGradStudent, ActivationDate, CarPlate, CarState, CarPassCount, EmerContactName, EmerContactPhone) VALUES (194, 'Robert', 'Burton', 'Robert', 2025, FALSE, '2024-05-12', '93X 8531', 'UT', 0, 'Diana Dawson', '(283)816-2435');
INSERT INTO Member (ID, FirstName, LastName, PreferredName, GraduationYear, IsGradStudent, ActivationDate, CarPlate, CarState, CarPassCount, EmerContactName, EmerContactPhone) VALUES (195, 'Lauren', 'Miranda', 'Lauren', 2024, FALSE, '2025-04-01', NULL, NULL, 0, 'Shirley Silva', '259.857.7173');
INSERT INTO Member (ID, FirstName, LastName, PreferredName, GraduationYear, IsGradStudent, ActivationDate, CarPlate, CarState, CarPassCount, EmerContactName, EmerContactPhone) VALUES (196, 'Sara', 'Garcia', 'Sara', 2027, TRUE, '2023-09-14', '36-6071N', 'RI', 0, 'Kristen Cook', '(810)557-7305x077');
INSERT INTO Member (ID, FirstName, LastName, PreferredName, GraduationYear, IsGradStudent, ActivationDate, CarPlate, CarState, CarPassCount, EmerContactName, EmerContactPhone) VALUES (197, 'Diana', 'Weber', 'Diana', 2024, FALSE, '2025-07-18', 'CZA 333', 'IN', 4, 'Heather Robertson', '+1-248-641-1557');
INSERT INTO Member (ID, FirstName, LastName, PreferredName, GraduationYear, IsGradStudent, ActivationDate, CarPlate, CarState, CarPassCount, EmerContactName, EmerContactPhone) VALUES (198, 'Joshua', 'Salinas', 'Joshua', 2026, FALSE, '2024-08-28', 'EQG-4906', 'NE', 3, 'Jose Johnson', '5063780552');
INSERT INTO Member (ID, FirstName, LastName, PreferredName, GraduationYear, IsGradStudent, ActivationDate, CarPlate, CarState, CarPassCount, EmerContactName, EmerContactPhone) VALUES (199, 'Christina', 'Golden', 'Brittany', 2025, FALSE, '2024-09-08', '818 AFY', 'VI', 1, 'Elizabeth Mclaughlin', '+1-827-381-5777x130');

-- 🏠 ADDRESSES
INSERT INTO Address (ID, Member, Nickname, Line1, Line2, State, Zip) VALUES (100, 100, 'Campus', '6832 Barbara Meadow', NULL, 'CT', '65342');
INSERT INTO Address (ID, Member, Nickname, Line1, Line2, State, Zip) VALUES (101, 100, 'Apartment', '492 Bradley Throughway', 'Apt 32', 'RI', '20696');
INSERT INTO Address (ID, Member, Nickname, Line1, Line2, State, Zip) VALUES (102, 101, 'Campus', '33305 Anna Cliffs Apt. 159', 'Apt 41', 'RI', '59440');
INSERT INTO Address (ID, Member, Nickname, Line1, Line2, State, Zip) VALUES (103, 101, 'School', '512 Meredith Cape', NULL, 'MA', '17455');
INSERT INTO Address (ID, Member, Nickname, Line1, Line2, State, Zip) VALUES (104, 102, 'Parent Home', '8281 Lauren Neck Apt. 969', NULL, 'RI', '15043');
INSERT INTO Address (ID, Member, Nickname, Line1, Line2, State, Zip) VALUES (105, 103, 'Dorm', '56320 Paul Way', NULL, 'VT', '30871');
INSERT INTO Address (ID, Member, Nickname, Line1, Line2, State, Zip) VALUES (106, 103, 'Apartment', '9266 Smith Burgs', NULL, 'MA', '32831');
INSERT INTO Address (ID, Member, Nickname, Line1, Line2, State, Zip) VALUES (107, 104, 'Campus', '34240 George Ways', NULL, 'CT', '37744');
INSERT INTO Address (ID, Member, Nickname, Line1, Line2, State, Zip) VALUES (108, 104, 'Campus', '65756 Allison Coves Suite 028', NULL, 'ME', '25907');
INSERT INTO Address (ID, Member, Nickname, Line1, Line2, State, Zip) VALUES (109, 105, 'Parent Home', '32731 Stephens Prairie', NULL, 'CT', '65111');
INSERT INTO Address (ID, Member, Nickname, Line1, Line2, State, Zip) VALUES (110, 105, 'Dorm', '831 Walker Manor', NULL, 'NY', '76639');
INSERT INTO Address (ID, Member, Nickname, Line1, Line2, State, Zip) VALUES (111, 106, 'Dorm', '897 Johnson Camp', NULL, 'VT', '93373');
INSERT INTO Address (ID, Member, Nickname, Line1, Line2, State, Zip) VALUES (112, 106, 'Dorm', '1934 Heather Viaduct Apt. 510', NULL, 'NH', '26601');
INSERT INTO Address (ID, Member, Nickname, Line1, Line2, State, Zip) VALUES (113, 107, 'Home', '9565 Charles Station', NULL, 'RI', '66017');
INSERT INTO Address (ID, Member, Nickname, Line1, Line2, State, Zip) VALUES (114, 107, 'Apartment', '478 Elizabeth Ramp Suite 746', NULL, 'ME', '88708');
INSERT INTO Address (ID, Member, Nickname, Line1, Line2, State, Zip) VALUES (115, 108, 'Home', '59637 Flores River', 'Apt 37', 'CT', '59981');
INSERT INTO Address (ID, Member, Nickname, Line1, Line2, State, Zip) VALUES (116, 108, 'Apartment', '3205 Melton Ports', NULL, 'VT', '72661');
INSERT INTO Address (ID, Member, Nickname, Line1, Line2, State, Zip) VALUES (117, 109, 'Home', '379 Hernandez Trail Suite 182', NULL, 'NY', '02532');
INSERT INTO Address (ID, Member, Nickname, Line1, Line2, State, Zip) VALUES (118, 110, 'Apartment', '387 Stephens Lake', NULL, 'MA', '29525');
INSERT INTO Address (ID, Member, Nickname, Line1, Line2, State, Zip) VALUES (119, 111, 'School', '6253 Leslie Trace Apt. 400', NULL, 'MA', '56723');
INSERT INTO Address (ID, Member, Nickname, Line1, Line2, State, Zip) VALUES (120, 111, 'Campus', '51252 Estrada Plains Apt. 069', NULL, 'NY', '34905');
INSERT INTO Address (ID, Member, Nickname, Line1, Line2, State, Zip) VALUES (121, 112, 'Parent Home', '2864 Little Plaza Suite 141', NULL, 'NY', '98244');
INSERT INTO Address (ID, Member, Nickname, Line1, Line2, State, Zip) VALUES (122, 112, 'Apartment', '5928 Karen Squares Suite 321', NULL, 'CT', '53707');
INSERT INTO Address (ID, Member, Nickname, Line1, Line2, State, Zip) VALUES (123, 113, 'Campus', '858 Christina Keys', 'Apt 2', 'MA', '98440');
INSERT INTO Address (ID, Member, Nickname, Line1, Line2, State, Zip) VALUES (124, 113, 'Apartment', '9076 Jackson Square', NULL, 'RI', '13106');
INSERT INTO Address (ID, Member, Nickname, Line1, Line2, State, Zip) VALUES (125, 114, 'Campus', '244 Susan Glens', 'Apt 19', 'ME', '98790');
INSERT INTO Address (ID, Member, Nickname, Line1, Line2, State, Zip) VALUES (126, 114, 'Campus', '82310 Jones Fords Apt. 224', NULL, 'CT', '16745');
INSERT INTO Address (ID, Member, Nickname, Line1, Line2, State, Zip) VALUES (127, 115, 'Apartment', '34067 Porter Circle', NULL, 'VT', '98354');
INSERT INTO Address (ID, Member, Nickname, Line1, Line2, State, Zip) VALUES (128, 116, 'School', '939 Wade Viaduct', NULL, 'RI', '45760');
INSERT INTO Address (ID, Member, Nickname, Line1, Line2, State, Zip) VALUES (129, 116, 'Campus', '15925 Carolyn Walks', 'Apt 41', 'NY', '04005');
INSERT INTO Address (ID, Member, Nickname, Line1, Line2, State, Zip) VALUES (130, 117, 'School', '664 Anthony Mills Suite 405', NULL, 'CT', '80742');
INSERT INTO Address (ID, Member, Nickname, Line1, Line2, State, Zip) VALUES (131, 118, 'School', '94772 Jenkins Orchard Apt. 486', 'Apt 41', 'NY', '39030');
INSERT INTO Address (ID, Member, Nickname, Line1, Line2, State, Zip) VALUES (132, 119, 'Parent Home', '2008 Jason Squares Suite 508', NULL, 'ME', '13198');
INSERT INTO Address (ID, Member, Nickname, Line1, Line2, State, Zip) VALUES (133, 119, 'Home', '8323 Adams Burg', NULL, 'ME', '24033');
INSERT INTO Address (ID, Member, Nickname, Line1, Line2, State, Zip) VALUES (134, 120, 'Campus', '9621 Welch Summit Apt. 384', NULL, 'RI', '07698');
INSERT INTO Address (ID, Member, Nickname, Line1, Line2, State, Zip) VALUES (135, 121, 'Apartment', '83030 Cody Way Suite 498', 'Apt 40', 'RI', '66307');
INSERT INTO Address (ID, Member, Nickname, Line1, Line2, State, Zip) VALUES (136, 122, 'Dorm', '4838 Galloway Forest Apt. 949', 'Apt 37', 'ME', '06880');
INSERT INTO Address (ID, Member, Nickname, Line1, Line2, State, Zip) VALUES (137, 122, 'Parent Home', '0618 Morales Viaduct', NULL, 'MA', '70290');
INSERT INTO Address (ID, Member, Nickname, Line1, Line2, State, Zip) VALUES (138, 123, 'Campus', '6326 Joseph Plain', 'Apt 6', 'RI', '28223');
INSERT INTO Address (ID, Member, Nickname, Line1, Line2, State, Zip) VALUES (139, 124, 'Campus', '633 Cynthia Inlet', NULL, 'VT', '04611');
INSERT INTO Address (ID, Member, Nickname, Line1, Line2, State, Zip) VALUES (140, 125, 'Apartment', '70734 Pierce Trail', NULL, 'ME', '81317');
INSERT INTO Address (ID, Member, Nickname, Line1, Line2, State, Zip) VALUES (141, 125, 'Parent Home', '717 Katrina Mount', NULL, 'ME', '25677');
INSERT INTO Address (ID, Member, Nickname, Line1, Line2, State, Zip) VALUES (142, 126, 'Apartment', '5453 Dillon Trafficway', NULL, 'RI', '29363');
INSERT INTO Address (ID, Member, Nickname, Line1, Line2, State, Zip) VALUES (143, 127, 'Dorm', '72551 Joseph Trace', NULL, 'CT', '07007');
INSERT INTO Address (ID, Member, Nickname, Line1, Line2, State, Zip) VALUES (144, 127, 'Parent Home', '134 Soto Freeway', NULL, 'RI', '94666');
INSERT INTO Address (ID, Member, Nickname, Line1, Line2, State, Zip) VALUES (145, 128, 'Parent Home', '899 Maldonado Unions Apt. 868', NULL, 'NH', '02145');
INSERT INTO Address (ID, Member, Nickname, Line1, Line2, State, Zip) VALUES (146, 128, 'Home', '883 Kristin Lodge Apt. 846', NULL, 'ME', '36788');
INSERT INTO Address (ID, Member, Nickname, Line1, Line2, State, Zip) VALUES (147, 129, 'School', '248 Jennifer Field Apt. 609', NULL, 'NY', '03905');
INSERT INTO Address (ID, Member, Nickname, Line1, Line2, State, Zip) VALUES (148, 130, 'Campus', '4677 Mcbride Roads', 'Apt 30', 'NY', '41097');
INSERT INTO Address (ID, Member, Nickname, Line1, Line2, State, Zip) VALUES (149, 130, 'Campus', '07050 Rich Spur', NULL, 'NH', '13650');
INSERT INTO Address (ID, Member, Nickname, Line1, Line2, State, Zip) VALUES (150, 131, 'School', '90226 Kyle Port', NULL, 'NY', '12029');
INSERT INTO Address (ID, Member, Nickname, Line1, Line2, State, Zip) VALUES (151, 132, 'Campus', '12769 Smith Trace', NULL, 'VT', '42207');
INSERT INTO Address (ID, Member, Nickname, Line1, Line2, State, Zip) VALUES (152, 133, 'Parent Home', '986 Emily Unions Suite 052', NULL, 'NH', '24219');
INSERT INTO Address (ID, Member, Nickname, Line1, Line2, State, Zip) VALUES (153, 134, 'Campus', '2700 Warner Throughway Suite 915', NULL, 'CT', '20500');
INSERT INTO Address (ID, Member, Nickname, Line1, Line2, State, Zip) VALUES (154, 134, 'Parent Home', '36584 Arthur Loop Apt. 421', NULL, 'RI', '90458');
INSERT INTO Address (ID, Member, Nickname, Line1, Line2, State, Zip) VALUES (155, 135, 'Parent Home', '3689 David Spring Apt. 084', NULL, 'RI', '97330');
INSERT INTO Address (ID, Member, Nickname, Line1, Line2, State, Zip) VALUES (156, 135, 'Parent Home', '00450 Bell Parkways', NULL, 'NY', '09815');
INSERT INTO Address (ID, Member, Nickname, Line1, Line2, State, Zip) VALUES (157, 136, 'Apartment', '495 Teresa Coves Apt. 988', 'Apt 50', 'CT', '52052');
INSERT INTO Address (ID, Member, Nickname, Line1, Line2, State, Zip) VALUES (158, 137, 'Apartment', '833 Torres Landing', 'Apt 47', 'CT', '65098');
INSERT INTO Address (ID, Member, Nickname, Line1, Line2, State, Zip) VALUES (159, 137, 'Dorm', '8300 Joseph Fort', NULL, 'VT', '71348');
INSERT INTO Address (ID, Member, Nickname, Line1, Line2, State, Zip) VALUES (160, 138, 'Campus', '671 Jessica Port', NULL, 'NY', '80170');
INSERT INTO Address (ID, Member, Nickname, Line1, Line2, State, Zip) VALUES (161, 139, 'Parent Home', '0876 Gerald Course', NULL, 'RI', '89948');
INSERT INTO Address (ID, Member, Nickname, Line1, Line2, State, Zip) VALUES (162, 140, 'Campus', '42142 Rocha Spring Apt. 902', NULL, 'NH', '30247');
INSERT INTO Address (ID, Member, Nickname, Line1, Line2, State, Zip) VALUES (163, 141, 'Home', '8766 Oliver Turnpike Suite 166', 'Apt 27', 'MA', '71056');
INSERT INTO Address (ID, Member, Nickname, Line1, Line2, State, Zip) VALUES (164, 141, 'Home', '74375 Moore Mountain Suite 798', NULL, 'MA', '11378');
INSERT INTO Address (ID, Member, Nickname, Line1, Line2, State, Zip) VALUES (165, 142, 'School', '3780 Julie Plains Apt. 312', NULL, 'RI', '35361');
INSERT INTO Address (ID, Member, Nickname, Line1, Line2, State, Zip) VALUES (166, 143, 'Apartment', '29673 Stevens View Apt. 821', NULL, 'ME', '87764');
INSERT INTO Address (ID, Member, Nickname, Line1, Line2, State, Zip) VALUES (167, 143, 'School', '31987 Arroyo Route Suite 650', NULL, 'RI', '01777');
INSERT INTO Address (ID, Member, Nickname, Line1, Line2, State, Zip) VALUES (168, 144, 'Home', '318 James Village Suite 622', NULL, 'VT', '47039');
INSERT INTO Address (ID, Member, Nickname, Line1, Line2, State, Zip) VALUES (169, 145, 'Dorm', '135 Jason Course Suite 366', NULL, 'CT', '70276');
INSERT INTO Address (ID, Member, Nickname, Line1, Line2, State, Zip) VALUES (170, 145, 'Dorm', '935 Carpenter Causeway', NULL, 'NY', '83228');
INSERT INTO Address (ID, Member, Nickname, Line1, Line2, State, Zip) VALUES (171, 146, 'Campus', '853 Charles Causeway Suite 373', NULL, 'VT', '70826');
INSERT INTO Address (ID, Member, Nickname, Line1, Line2, State, Zip) VALUES (172, 146, 'Dorm', '104 Walsh Parks Apt. 398', NULL, 'NY', '10267');
INSERT INTO Address (ID, Member, Nickname, Line1, Line2, State, Zip) VALUES (173, 147, 'Campus', '212 Danny Pines', NULL, 'VT', '79808');
INSERT INTO Address (ID, Member, Nickname, Line1, Line2, State, Zip) VALUES (174, 147, 'School', '104 Ramirez Unions', NULL, 'NH', '39836');
INSERT INTO Address (ID, Member, Nickname, Line1, Line2, State, Zip) VALUES (175, 148, 'School', '3075 Sean Parkways', NULL, 'CT', '43057');
INSERT INTO Address (ID, Member, Nickname, Line1, Line2, State, Zip) VALUES (176, 149, 'School', '84257 Jones Inlet Suite 344', NULL, 'MA', '17821');
INSERT INTO Address (ID, Member, Nickname, Line1, Line2, State, Zip) VALUES (177, 149, 'Apartment', '07238 Allen Stravenue', NULL, 'RI', '72462');
INSERT INTO Address (ID, Member, Nickname, Line1, Line2, State, Zip) VALUES (178, 150, 'Campus', '4246 Brent Plaza', 'Apt 31', 'CT', '11090');
INSERT INTO Address (ID, Member, Nickname, Line1, Line2, State, Zip) VALUES (179, 150, 'Campus', '9851 Warren Loop Apt. 152', NULL, 'NY', '74043');
INSERT INTO Address (ID, Member, Nickname, Line1, Line2, State, Zip) VALUES (180, 151, 'Apartment', '08280 Holmes Springs', 'Apt 37', 'VT', '87895');
INSERT INTO Address (ID, Member, Nickname, Line1, Line2, State, Zip) VALUES (181, 152, 'Campus', '82142 Gregory Shores', NULL, 'RI', '30399');
INSERT INTO Address (ID, Member, Nickname, Line1, Line2, State, Zip) VALUES (182, 153, 'Home', '1818 Schmitt Forks', NULL, 'RI', '35200');
INSERT INTO Address (ID, Member, Nickname, Line1, Line2, State, Zip) VALUES (183, 154, 'School', '5050 Donald Mission', 'Apt 45', 'NH', '43184');
INSERT INTO Address (ID, Member, Nickname, Line1, Line2, State, Zip) VALUES (184, 154, 'Parent Home', '19979 Angela Run Apt. 459', NULL, 'MA', '44899');
INSERT INTO Address (ID, Member, Nickname, Line1, Line2, State, Zip) VALUES (185, 155, 'Parent Home', '84453 Lopez Roads Apt. 846', NULL, 'ME', '29935');
INSERT INTO Address (ID, Member, Nickname, Line1, Line2, State, Zip) VALUES (186, 155, 'Parent Home', '079 Fry Manors Apt. 506', 'Apt 15', 'ME', '96773');
INSERT INTO Address (ID, Member, Nickname, Line1, Line2, State, Zip) VALUES (187, 156, 'School', '1899 Kristen Fields Suite 491', NULL, 'ME', '04514');
INSERT INTO Address (ID, Member, Nickname, Line1, Line2, State, Zip) VALUES (188, 157, 'Parent Home', '8016 Kirk Radial', NULL, 'RI', '13569');
INSERT INTO Address (ID, Member, Nickname, Line1, Line2, State, Zip) VALUES (189, 157, 'Parent Home', '668 Stephanie Ranch Suite 536', NULL, 'NH', '55831');
INSERT INTO Address (ID, Member, Nickname, Line1, Line2, State, Zip) VALUES (190, 158, 'School', '419 Joel Mountain', NULL, 'MA', '32936');
INSERT INTO Address (ID, Member, Nickname, Line1, Line2, State, Zip) VALUES (191, 158, 'Home', '98655 Price Stream Apt. 619', NULL, 'NY', '34468');
INSERT INTO Address (ID, Member, Nickname, Line1, Line2, State, Zip) VALUES (192, 159, 'Campus', '0857 James Views Apt. 085', NULL, 'VT', '29701');
INSERT INTO Address (ID, Member, Nickname, Line1, Line2, State, Zip) VALUES (193, 159, 'Home', '57274 Christopher Circles', NULL, 'NH', '42335');
INSERT INTO Address (ID, Member, Nickname, Line1, Line2, State, Zip) VALUES (194, 160, 'Home', '1601 Benitez Trail Apt. 652', NULL, 'RI', '24329');
INSERT INTO Address (ID, Member, Nickname, Line1, Line2, State, Zip) VALUES (195, 160, 'School', '1088 Fleming Village Suite 864', NULL, 'ME', '73984');
INSERT INTO Address (ID, Member, Nickname, Line1, Line2, State, Zip) VALUES (196, 161, 'Campus', '95119 Crosby Point', NULL, 'MA', '29455');
INSERT INTO Address (ID, Member, Nickname, Line1, Line2, State, Zip) VALUES (197, 162, 'Dorm', '6335 Malik Squares Suite 127', NULL, 'NH', '38183');
INSERT INTO Address (ID, Member, Nickname, Line1, Line2, State, Zip) VALUES (198, 162, 'School', '084 Anderson Roads', NULL, 'VT', '88335');
INSERT INTO Address (ID, Member, Nickname, Line1, Line2, State, Zip) VALUES (199, 163, 'Home', '8680 Lynch Keys Suite 460', NULL, 'VT', '74299');
INSERT INTO Address (ID, Member, Nickname, Line1, Line2, State, Zip) VALUES (200, 163, 'School', '750 Beth Rue Apt. 274', NULL, 'MA', '63073');
INSERT INTO Address (ID, Member, Nickname, Line1, Line2, State, Zip) VALUES (201, 164, 'Apartment', '8567 Sherri Estates Apt. 847', NULL, 'NH', '83404');
INSERT INTO Address (ID, Member, Nickname, Line1, Line2, State, Zip) VALUES (202, 164, 'Home', '191 Sheri Coves Apt. 490', NULL, 'VT', '79236');
INSERT INTO Address (ID, Member, Nickname, Line1, Line2, State, Zip) VALUES (203, 165, 'Dorm', '89173 Brandon Glen', NULL, 'NY', '77915');
INSERT INTO Address (ID, Member, Nickname, Line1, Line2, State, Zip) VALUES (204, 165, 'Dorm', '2661 Huber Hill Apt. 119', NULL, 'RI', '77991');
INSERT INTO Address (ID, Member, Nickname, Line1, Line2, State, Zip) VALUES (205, 166, 'Dorm', '31307 Snyder Wells', NULL, 'VT', '17257');
INSERT INTO Address (ID, Member, Nickname, Line1, Line2, State, Zip) VALUES (206, 166, 'Dorm', '13696 Greer Pike Suite 909', NULL, 'RI', '91616');
INSERT INTO Address (ID, Member, Nickname, Line1, Line2, State, Zip) VALUES (207, 167, 'Dorm', '1067 Herrera Plains', 'Apt 40', 'VT', '09341');
INSERT INTO Address (ID, Member, Nickname, Line1, Line2, State, Zip) VALUES (208, 167, 'Apartment', '429 Campbell Ports', NULL, 'ME', '41911');
INSERT INTO Address (ID, Member, Nickname, Line1, Line2, State, Zip) VALUES (209, 168, 'Campus', '201 Susan Street Apt. 825', NULL, 'MA', '00548');
INSERT INTO Address (ID, Member, Nickname, Line1, Line2, State, Zip) VALUES (210, 169, 'School', '82413 Elizabeth Summit', NULL, 'CT', '85432');
INSERT INTO Address (ID, Member, Nickname, Line1, Line2, State, Zip) VALUES (211, 169, 'Home', '15393 Michael Wells', NULL, 'NH', '50461');
INSERT INTO Address (ID, Member, Nickname, Line1, Line2, State, Zip) VALUES (212, 170, 'Campus', '270 Copeland Forks', 'Apt 26', 'CT', '98502');
INSERT INTO Address (ID, Member, Nickname, Line1, Line2, State, Zip) VALUES (213, 170, 'Apartment', '60816 Brooks Ridges', 'Apt 21', 'ME', '24024');
INSERT INTO Address (ID, Member, Nickname, Line1, Line2, State, Zip) VALUES (214, 171, 'School', '2476 Mosley Points', NULL, 'VT', '54201');
INSERT INTO Address (ID, Member, Nickname, Line1, Line2, State, Zip) VALUES (215, 172, 'Home', '82450 Jesus Isle', NULL, 'NH', '30801');
INSERT INTO Address (ID, Member, Nickname, Line1, Line2, State, Zip) VALUES (216, 172, 'School', '32338 Heather Stravenue', 'Apt 16', 'VT', '42457');
INSERT INTO Address (ID, Member, Nickname, Line1, Line2, State, Zip) VALUES (217, 173, 'Parent Home', '4871 Chad Walk', NULL, 'ME', '57466');
INSERT INTO Address (ID, Member, Nickname, Line1, Line2, State, Zip) VALUES (218, 173, 'Dorm', '8806 Gordon Alley', NULL, 'CT', '12167');
INSERT INTO Address (ID, Member, Nickname, Line1, Line2, State, Zip) VALUES (219, 174, 'Apartment', '9187 Maxwell Rapids', 'Apt 47', 'RI', '17759');
INSERT INTO Address (ID, Member, Nickname, Line1, Line2, State, Zip) VALUES (220, 174, 'Apartment', '4629 Samantha Loop', NULL, 'VT', '35180');
INSERT INTO Address (ID, Member, Nickname, Line1, Line2, State, Zip) VALUES (221, 175, 'Home', '53118 Roy Mission', NULL, 'ME', '04964');
INSERT INTO Address (ID, Member, Nickname, Line1, Line2, State, Zip) VALUES (222, 176, 'Campus', '69700 Williams Dale Suite 344', NULL, 'VT', '51163');
INSERT INTO Address (ID, Member, Nickname, Line1, Line2, State, Zip) VALUES (223, 177, 'Dorm', '672 Gonzalez Gardens', NULL, 'NH', '42087');
INSERT INTO Address (ID, Member, Nickname, Line1, Line2, State, Zip) VALUES (224, 178, 'Parent Home', '376 David Port Apt. 435', 'Apt 31', 'MA', '17885');
INSERT INTO Address (ID, Member, Nickname, Line1, Line2, State, Zip) VALUES (225, 179, 'School', '103 Jensen Pike Apt. 692', 'Apt 21', 'CT', '43726');
INSERT INTO Address (ID, Member, Nickname, Line1, Line2, State, Zip) VALUES (226, 179, 'Home', '1116 Gordon Extensions', NULL, 'NY', '27804');
INSERT INTO Address (ID, Member, Nickname, Line1, Line2, State, Zip) VALUES (227, 180, 'Home', '85800 Justin Hill', NULL, 'MA', '98011');
INSERT INTO Address (ID, Member, Nickname, Line1, Line2, State, Zip) VALUES (228, 181, 'Home', '9470 Baker Parkway Apt. 110', 'Apt 11', 'CT', '59151');
INSERT INTO Address (ID, Member, Nickname, Line1, Line2, State, Zip) VALUES (229, 181, 'Parent Home', '78269 Kaitlyn Creek Apt. 984', NULL, 'VT', '33977');
INSERT INTO Address (ID, Member, Nickname, Line1, Line2, State, Zip) VALUES (230, 182, 'Parent Home', '5984 Sloan Summit Suite 768', NULL, 'NH', '65880');
INSERT INTO Address (ID, Member, Nickname, Line1, Line2, State, Zip) VALUES (231, 183, 'Home', '027 Jeffrey Center Apt. 463', NULL, 'MA', '99053');
INSERT INTO Address (ID, Member, Nickname, Line1, Line2, State, Zip) VALUES (232, 183, 'Apartment', '60891 Kimberly Road Apt. 321', 'Apt 47', 'CT', '98773');
INSERT INTO Address (ID, Member, Nickname, Line1, Line2, State, Zip) VALUES (233, 184, 'Home', '46021 Lisa Cliffs Suite 187', 'Apt 3', 'VT', '08377');
INSERT INTO Address (ID, Member, Nickname, Line1, Line2, State, Zip) VALUES (234, 184, 'Parent Home', '3674 Lloyd Corners', NULL, 'CT', '78971');
INSERT INTO Address (ID, Member, Nickname, Line1, Line2, State, Zip) VALUES (235, 185, 'Parent Home', '64792 Amy Tunnel Apt. 742', NULL, 'RI', '09339');
INSERT INTO Address (ID, Member, Nickname, Line1, Line2, State, Zip) VALUES (236, 185, 'Parent Home', '641 James Common Apt. 895', NULL, 'NY', '99122');
INSERT INTO Address (ID, Member, Nickname, Line1, Line2, State, Zip) VALUES (237, 186, 'School', '9240 James Stream Apt. 389', 'Apt 17', 'RI', '39811');
INSERT INTO Address (ID, Member, Nickname, Line1, Line2, State, Zip) VALUES (238, 186, 'Parent Home', '963 Renee Glen Suite 624', 'Apt 7', 'ME', '06723');
INSERT INTO Address (ID, Member, Nickname, Line1, Line2, State, Zip) VALUES (239, 187, 'Campus', '874 Jessica Lights', NULL, 'VT', '64754');
INSERT INTO Address (ID, Member, Nickname, Line1, Line2, State, Zip) VALUES (240, 187, 'Campus', '97166 Walker Shores', 'Apt 24', 'VT', '45019');
INSERT INTO Address (ID, Member, Nickname, Line1, Line2, State, Zip) VALUES (241, 188, 'Apartment', '13577 Daniel Inlet', NULL, 'CT', '54575');
INSERT INTO Address (ID, Member, Nickname, Line1, Line2, State, Zip) VALUES (242, 188, 'Apartment', '99116 Flowers Place', 'Apt 22', 'ME', '25415');
INSERT INTO Address (ID, Member, Nickname, Line1, Line2, State, Zip) VALUES (243, 189, 'Parent Home', '02001 Cindy Views', NULL, 'NY', '82666');
INSERT INTO Address (ID, Member, Nickname, Line1, Line2, State, Zip) VALUES (244, 190, 'School', '0153 Brian Meadows', NULL, 'ME', '88250');
INSERT INTO Address (ID, Member, Nickname, Line1, Line2, State, Zip) VALUES (245, 190, 'Campus', '215 Katherine Roads Suite 366', NULL, 'MA', '73259');
INSERT INTO Address (ID, Member, Nickname, Line1, Line2, State, Zip) VALUES (246, 191, 'Apartment', '44674 Jennifer Center', NULL, 'ME', '43497');
INSERT INTO Address (ID, Member, Nickname, Line1, Line2, State, Zip) VALUES (247, 192, 'Dorm', '16039 Flores Cove', NULL, 'NH', '79392');
INSERT INTO Address (ID, Member, Nickname, Line1, Line2, State, Zip) VALUES (248, 192, 'Parent Home', '0078 Kimberly Ports Apt. 559', 'Apt 3', 'NH', '75718');
INSERT INTO Address (ID, Member, Nickname, Line1, Line2, State, Zip) VALUES (249, 193, 'Home', '516 Joseph Road Suite 452', 'Apt 27', 'RI', '53426');
INSERT INTO Address (ID, Member, Nickname, Line1, Line2, State, Zip) VALUES (250, 193, 'Dorm', '436 Michelle Village Suite 193', NULL, 'RI', '80282');
INSERT INTO Address (ID, Member, Nickname, Line1, Line2, State, Zip) VALUES (251, 194, 'Parent Home', '01727 Sanchez Loaf Apt. 244', NULL, 'NY', '67658');
INSERT INTO Address (ID, Member, Nickname, Line1, Line2, State, Zip) VALUES (252, 195, 'Campus', '747 Martinez Village Apt. 750', NULL, 'CT', '01707');
INSERT INTO Address (ID, Member, Nickname, Line1, Line2, State, Zip) VALUES (253, 196, 'Dorm', '200 Amber Rue Apt. 958', 'Apt 24', 'NY', '84934');
INSERT INTO Address (ID, Member, Nickname, Line1, Line2, State, Zip) VALUES (254, 196, 'School', '3075 Steven Station Suite 186', NULL, 'ME', '79477');
INSERT INTO Address (ID, Member, Nickname, Line1, Line2, State, Zip) VALUES (255, 197, 'Parent Home', '70079 Reyes Heights Apt. 129', 'Apt 50', 'VT', '88055');
INSERT INTO Address (ID, Member, Nickname, Line1, Line2, State, Zip) VALUES (256, 197, 'School', '53198 Ricardo Club', 'Apt 8', 'CT', '10525');
INSERT INTO Address (ID, Member, Nickname, Line1, Line2, State, Zip) VALUES (257, 198, 'Home', '76574 Mitchell Expressway', NULL, 'ME', '90776');
INSERT INTO Address (ID, Member, Nickname, Line1, Line2, State, Zip) VALUES (258, 198, 'School', '26677 Mcdonald Causeway', 'Apt 41', 'RI', '20713');
INSERT INTO Address (ID, Member, Nickname, Line1, Line2, State, Zip) VALUES (259, 199, 'Dorm', '14965 Graham Trace Suite 711', NULL, 'ME', '33138');
INSERT INTO Address (ID, Member, Nickname, Line1, Line2, State, Zip) VALUES (260, 199, 'Parent Home', '98509 Robinson Extension', NULL, 'NY', '58876');

-- 🤧 ALLERGIES
INSERT INTO Allergy (ID, Name) VALUES (20, 'Shellfish');
INSERT INTO Allergy (ID, Name) VALUES (21, 'Fish');
INSERT INTO Allergy (ID, Name) VALUES (22, 'Eggs');
INSERT INTO Allergy (ID, Name) VALUES (23, 'Soy');
INSERT INTO Allergy (ID, Name) VALUES (24, 'Sesame');
INSERT INTO Allergy (ID, Name) VALUES (25, 'Sulfites');
INSERT INTO Allergy (ID, Name) VALUES (26, 'Latex');
INSERT INTO Allergy (ID, Name) VALUES (27, 'Dust Mites');
INSERT INTO Allergy (ID, Name) VALUES (28, 'Pet Dander');
INSERT INTO Allergy (ID, Name) VALUES (29, 'Pollen');
INSERT INTO Allergy (ID, Name) VALUES (30, 'Bee Stings');
INSERT INTO Allergy (ID, Name) VALUES (31, 'Penicillin');
INSERT INTO Allergy (ID, Name) VALUES (32, 'Aspirin');
INSERT INTO Allergy (ID, Name) VALUES (33, 'Strawberries');
INSERT INTO Allergy (ID, Name) VALUES (34, 'Chocolate');

-- 🤧 ALLERGY USERS
INSERT INTO AllergyUsers (UserID, AllergyID) VALUES (100, 22);
INSERT INTO AllergyUsers (UserID, AllergyID) VALUES (100, 24);
INSERT INTO AllergyUsers (UserID, AllergyID) VALUES (106, 32);
INSERT INTO AllergyUsers (UserID, AllergyID) VALUES (111, 27);
INSERT INTO AllergyUsers (UserID, AllergyID) VALUES (111, 30);
INSERT INTO AllergyUsers (UserID, AllergyID) VALUES (112, 27);
INSERT INTO AllergyUsers (UserID, AllergyID) VALUES (112, 20);
INSERT INTO AllergyUsers (UserID, AllergyID) VALUES (114, 31);
INSERT INTO AllergyUsers (UserID, AllergyID) VALUES (118, 25);
INSERT INTO AllergyUsers (UserID, AllergyID) VALUES (118, 21);
INSERT INTO AllergyUsers (UserID, AllergyID) VALUES (122, 23);
INSERT INTO AllergyUsers (UserID, AllergyID) VALUES (122, 29);
INSERT INTO AllergyUsers (UserID, AllergyID) VALUES (128, 33);
INSERT INTO AllergyUsers (UserID, AllergyID) VALUES (130, 25);
INSERT INTO AllergyUsers (UserID, AllergyID) VALUES (134, 25);
INSERT INTO AllergyUsers (UserID, AllergyID) VALUES (134, 34);
INSERT INTO AllergyUsers (UserID, AllergyID) VALUES (141, 29);
INSERT INTO AllergyUsers (UserID, AllergyID) VALUES (141, 27);
INSERT INTO AllergyUsers (UserID, AllergyID) VALUES (144, 34);
INSERT INTO AllergyUsers (UserID, AllergyID) VALUES (145, 21);
INSERT INTO AllergyUsers (UserID, AllergyID) VALUES (145, 31);
INSERT INTO AllergyUsers (UserID, AllergyID) VALUES (148, 31);
INSERT INTO AllergyUsers (UserID, AllergyID) VALUES (148, 23);
INSERT INTO AllergyUsers (UserID, AllergyID) VALUES (149, 20);
INSERT INTO AllergyUsers (UserID, AllergyID) VALUES (152, 21);
INSERT INTO AllergyUsers (UserID, AllergyID) VALUES (154, 29);
INSERT INTO AllergyUsers (UserID, AllergyID) VALUES (154, 21);
INSERT INTO AllergyUsers (UserID, AllergyID) VALUES (166, 31);
INSERT INTO AllergyUsers (UserID, AllergyID) VALUES (166, 25);
INSERT INTO AllergyUsers (UserID, AllergyID) VALUES (170, 30);
INSERT INTO AllergyUsers (UserID, AllergyID) VALUES (170, 32);
INSERT INTO AllergyUsers (UserID, AllergyID) VALUES (173, 29);
INSERT INTO AllergyUsers (UserID, AllergyID) VALUES (173, 30);
INSERT INTO AllergyUsers (UserID, AllergyID) VALUES (174, 23);
INSERT INTO AllergyUsers (UserID, AllergyID) VALUES (176, 28);
INSERT INTO AllergyUsers (UserID, AllergyID) VALUES (176, 33);
INSERT INTO AllergyUsers (UserID, AllergyID) VALUES (177, 24);
INSERT INTO AllergyUsers (UserID, AllergyID) VALUES (181, 25);
INSERT INTO AllergyUsers (UserID, AllergyID) VALUES (181, 31);
INSERT INTO AllergyUsers (UserID, AllergyID) VALUES (185, 31);
INSERT INTO AllergyUsers (UserID, AllergyID) VALUES (186, 27);
INSERT INTO AllergyUsers (UserID, AllergyID) VALUES (189, 26);
INSERT INTO AllergyUsers (UserID, AllergyID) VALUES (189, 32);
INSERT INTO AllergyUsers (UserID, AllergyID) VALUES (193, 23);
INSERT INTO AllergyUsers (UserID, AllergyID) VALUES (199, 29);
INSERT INTO AllergyUsers (UserID, AllergyID) VALUES (199, 22);

-- 📄 PAGES
INSERT INTO Page (ID, Slug) VALUES (1, 'home');
INSERT INTO Page (ID, Slug) VALUES (2, 'profile');
INSERT INTO Page (ID, Slug) VALUES (3, 'events');
INSERT INTO Page (ID, Slug) VALUES (4, 'members');
INSERT INTO Page (ID, Slug) VALUES (5, 'gear');
INSERT INTO Page (ID, Slug) VALUES (6, 'communications');
INSERT INTO Page (ID, Slug) VALUES (7, 'treasury');
INSERT INTO Page (ID, Slug) VALUES (8, 'budget');
INSERT INTO Page (ID, Slug) VALUES (9, 'reimbursements');
INSERT INTO Page (ID, Slug) VALUES (10, 'safety');
INSERT INTO Page (ID, Slug) VALUES (11, 'inventory');
INSERT INTO Page (ID, Slug) VALUES (12, 'social');
INSERT INTO Page (ID, Slug) VALUES (13, 'admin');
INSERT INTO Page (ID, Slug) VALUES (14, 'elections');
INSERT INTO Page (ID, Slug) VALUES (15, 'feedback');
INSERT INTO Page (ID, Slug) VALUES (16, 'reports');

-- 🔐 PERMISSIONS
INSERT INTO Permission (ID, Title) VALUES (5, 'Member');
INSERT INTO Permission (ID, Title) VALUES (20, 'VP Comm');
INSERT INTO Permission (ID, Title) VALUES (21, 'Safety Officer');
INSERT INTO Permission (ID, Title) VALUES (22, 'Gear Manager');
INSERT INTO Permission (ID, Title) VALUES (23, 'Social Chair');
INSERT INTO Permission (ID, Title) VALUES (24, 'Alumni');
INSERT INTO Permission (ID, Title) VALUES (25, 'Inactive Member');
INSERT INTO Permission (ID, Title) VALUES (26, 'Trip Leader');
INSERT INTO Permission (ID, Title) VALUES (27, 'New Member');
INSERT INTO Permission (ID, Title) VALUES (28, 'President');
INSERT INTO Permission (ID, Title) VALUES (29, 'VP Trips');
INSERT INTO Permission (ID, Title) VALUES (30, 'Treasurer');

-- 🔗 PAGE PERMISSIONS
INSERT INTO PagePermissions (PageID, PermissionID) VALUES (1, 5);
INSERT INTO PagePermissions (PageID, PermissionID) VALUES (2, 5);
INSERT INTO PagePermissions (PageID, PermissionID) VALUES (3, 5);
INSERT INTO PagePermissions (PageID, PermissionID) VALUES (5, 5);
INSERT INTO PagePermissions (PageID, PermissionID) VALUES (6, 5);
INSERT INTO PagePermissions (PageID, PermissionID) VALUES (14, 5);
INSERT INTO PagePermissions (PageID, PermissionID) VALUES (1, 20);
INSERT INTO PagePermissions (PageID, PermissionID) VALUES (2, 20);
INSERT INTO PagePermissions (PageID, PermissionID) VALUES (3, 20);
INSERT INTO PagePermissions (PageID, PermissionID) VALUES (4, 20);
INSERT INTO PagePermissions (PageID, PermissionID) VALUES (6, 20);
INSERT INTO PagePermissions (PageID, PermissionID) VALUES (13, 20);
INSERT INTO PagePermissions (PageID, PermissionID) VALUES (15, 20);
INSERT INTO PagePermissions (PageID, PermissionID) VALUES (1, 21);
INSERT INTO PagePermissions (PageID, PermissionID) VALUES (2, 21);
INSERT INTO PagePermissions (PageID, PermissionID) VALUES (3, 21);
INSERT INTO PagePermissions (PageID, PermissionID) VALUES (4, 21);
INSERT INTO PagePermissions (PageID, PermissionID) VALUES (10, 21);
INSERT INTO PagePermissions (PageID, PermissionID) VALUES (15, 21);
INSERT INTO PagePermissions (PageID, PermissionID) VALUES (1, 22);
INSERT INTO PagePermissions (PageID, PermissionID) VALUES (2, 22);
INSERT INTO PagePermissions (PageID, PermissionID) VALUES (5, 22);
INSERT INTO PagePermissions (PageID, PermissionID) VALUES (11, 22);
INSERT INTO PagePermissions (PageID, PermissionID) VALUES (15, 22);
INSERT INTO PagePermissions (PageID, PermissionID) VALUES (1, 23);
INSERT INTO PagePermissions (PageID, PermissionID) VALUES (2, 23);
INSERT INTO PagePermissions (PageID, PermissionID) VALUES (3, 23);
INSERT INTO PagePermissions (PageID, PermissionID) VALUES (4, 23);
INSERT INTO PagePermissions (PageID, PermissionID) VALUES (12, 23);
INSERT INTO PagePermissions (PageID, PermissionID) VALUES (1, 24);
INSERT INTO PagePermissions (PageID, PermissionID) VALUES (2, 24);
INSERT INTO PagePermissions (PageID, PermissionID) VALUES (3, 24);
INSERT INTO PagePermissions (PageID, PermissionID) VALUES (6, 24);
INSERT INTO PagePermissions (PageID, PermissionID) VALUES (2, 25);
INSERT INTO PagePermissions (PageID, PermissionID) VALUES (1, 26);
INSERT INTO PagePermissions (PageID, PermissionID) VALUES (2, 26);
INSERT INTO PagePermissions (PageID, PermissionID) VALUES (3, 26);
INSERT INTO PagePermissions (PageID, PermissionID) VALUES (4, 26);
INSERT INTO PagePermissions (PageID, PermissionID) VALUES (5, 26);
INSERT INTO PagePermissions (PageID, PermissionID) VALUES (10, 26);
INSERT INTO PagePermissions (PageID, PermissionID) VALUES (15, 26);
INSERT INTO PagePermissions (PageID, PermissionID) VALUES (1, 27);
INSERT INTO PagePermissions (PageID, PermissionID) VALUES (2, 27);
INSERT INTO PagePermissions (PageID, PermissionID) VALUES (3, 27);
INSERT INTO PagePermissions (PageID, PermissionID) VALUES (14, 27);
INSERT INTO PagePermissions (PageID, PermissionID) VALUES (1, 28);
INSERT INTO PagePermissions (PageID, PermissionID) VALUES (2, 28);
INSERT INTO PagePermissions (PageID, PermissionID) VALUES (3, 28);
INSERT INTO PagePermissions (PageID, PermissionID) VALUES (4, 28);
INSERT INTO PagePermissions (PageID, PermissionID) VALUES (5, 28);
INSERT INTO PagePermissions (PageID, PermissionID) VALUES (6, 28);
INSERT INTO PagePermissions (PageID, PermissionID) VALUES (7, 28);
INSERT INTO PagePermissions (PageID, PermissionID) VALUES (8, 28);
INSERT INTO PagePermissions (PageID, PermissionID) VALUES (9, 28);
INSERT INTO PagePermissions (PageID, PermissionID) VALUES (10, 28);
INSERT INTO PagePermissions (PageID, PermissionID) VALUES (11, 28);
INSERT INTO PagePermissions (PageID, PermissionID) VALUES (12, 28);
INSERT INTO PagePermissions (PageID, PermissionID) VALUES (13, 28);
INSERT INTO PagePermissions (PageID, PermissionID) VALUES (14, 28);
INSERT INTO PagePermissions (PageID, PermissionID) VALUES (15, 28);
INSERT INTO PagePermissions (PageID, PermissionID) VALUES (16, 28);
INSERT INTO PagePermissions (PageID, PermissionID) VALUES (1, 29);
INSERT INTO PagePermissions (PageID, PermissionID) VALUES (2, 29);
INSERT INTO PagePermissions (PageID, PermissionID) VALUES (3, 29);
INSERT INTO PagePermissions (PageID, PermissionID) VALUES (4, 29);
INSERT INTO PagePermissions (PageID, PermissionID) VALUES (7, 29);
INSERT INTO PagePermissions (PageID, PermissionID) VALUES (8, 29);
INSERT INTO PagePermissions (PageID, PermissionID) VALUES (10, 29);
INSERT INTO PagePermissions (PageID, PermissionID) VALUES (15, 29);
INSERT INTO PagePermissions (PageID, PermissionID) VALUES (1, 30);
INSERT INTO PagePermissions (PageID, PermissionID) VALUES (2, 30);
INSERT INTO PagePermissions (PageID, PermissionID) VALUES (7, 30);
INSERT INTO PagePermissions (PageID, PermissionID) VALUES (8, 30);
INSERT INTO PagePermissions (PageID, PermissionID) VALUES (9, 30);
INSERT INTO PagePermissions (PageID, PermissionID) VALUES (15, 30);

-- MEMBER PERMISSIONS
INSERT INTO MemberPermissions (Permission, Member) VALUES (5, 100);
INSERT INTO MemberPermissions (Permission, Member) VALUES (5, 101);
INSERT INTO MemberPermissions (Permission, Member) VALUES (5, 102);
INSERT INTO MemberPermissions (Permission, Member) VALUES (23, 103);
INSERT INTO MemberPermissions (Permission, Member) VALUES (5, 104);
INSERT INTO MemberPermissions (Permission, Member) VALUES (5, 105);
INSERT INTO MemberPermissions (Permission, Member) VALUES (21, 106);
INSERT INTO MemberPermissions (Permission, Member) VALUES (5, 107);
INSERT INTO MemberPermissions (Permission, Member) VALUES (21, 108);
INSERT INTO MemberPermissions (Permission, Member) VALUES (5, 109);
INSERT INTO MemberPermissions (Permission, Member) VALUES (24, 110);
INSERT INTO MemberPermissions (Permission, Member) VALUES (5, 111);
INSERT INTO MemberPermissions (Permission, Member) VALUES (5, 112);
INSERT INTO MemberPermissions (Permission, Member) VALUES (5, 113);
INSERT INTO MemberPermissions (Permission, Member) VALUES (22, 114);
INSERT INTO MemberPermissions (Permission, Member) VALUES (25, 115);
INSERT INTO MemberPermissions (Permission, Member) VALUES (5, 116);
INSERT INTO MemberPermissions (Permission, Member) VALUES (5, 117);
INSERT INTO MemberPermissions (Permission, Member) VALUES (5, 118);
INSERT INTO MemberPermissions (Permission, Member) VALUES (5, 119);
INSERT INTO MemberPermissions (Permission, Member) VALUES (26, 120);
INSERT INTO MemberPermissions (Permission, Member) VALUES (5, 121);
INSERT INTO MemberPermissions (Permission, Member) VALUES (5, 122);
INSERT INTO MemberPermissions (Permission, Member) VALUES (5, 123);
INSERT INTO MemberPermissions (Permission, Member) VALUES (5, 124);
INSERT INTO MemberPermissions (Permission, Member) VALUES (26, 125);
INSERT INTO MemberPermissions (Permission, Member) VALUES (23, 126);
INSERT INTO MemberPermissions (Permission, Member) VALUES (21, 127);
INSERT INTO MemberPermissions (Permission, Member) VALUES (22, 128);
INSERT INTO MemberPermissions (Permission, Member) VALUES (5, 129);
INSERT INTO MemberPermissions (Permission, Member) VALUES (5, 130);
INSERT INTO MemberPermissions (Permission, Member) VALUES (5, 131);
INSERT INTO MemberPermissions (Permission, Member) VALUES (22, 132);
INSERT INTO MemberPermissions (Permission, Member) VALUES (5, 133);
INSERT INTO MemberPermissions (Permission, Member) VALUES (5, 134);
INSERT INTO MemberPermissions (Permission, Member) VALUES (5, 135);
INSERT INTO MemberPermissions (Permission, Member) VALUES (5, 136);
INSERT INTO MemberPermissions (Permission, Member) VALUES (5, 137);
INSERT INTO MemberPermissions (Permission, Member) VALUES (26, 138);
INSERT INTO MemberPermissions (Permission, Member) VALUES (26, 139);
INSERT INTO MemberPermissions (Permission, Member) VALUES (24, 140);
INSERT INTO MemberPermissions (Permission, Member) VALUES (26, 141);
INSERT INTO MemberPermissions (Permission, Member) VALUES (5, 142);
INSERT INTO MemberPermissions (Permission, Member) VALUES (24, 143);
INSERT INTO MemberPermissions (Permission, Member) VALUES (5, 144);
INSERT INTO MemberPermissions (Permission, Member) VALUES (5, 145);
INSERT INTO MemberPermissions (Permission, Member) VALUES (5, 146);
INSERT INTO MemberPermissions (Permission, Member) VALUES (21, 147);
INSERT INTO MemberPermissions (Permission, Member) VALUES (26, 148);
INSERT INTO MemberPermissions (Permission, Member) VALUES (5, 149);
INSERT INTO MemberPermissions (Permission, Member) VALUES (5, 150);
INSERT INTO MemberPermissions (Permission, Member) VALUES (5, 151);
INSERT INTO MemberPermissions (Permission, Member) VALUES (5, 152);
INSERT INTO MemberPermissions (Permission, Member) VALUES (23, 153);
INSERT INTO MemberPermissions (Permission, Member) VALUES (5, 154);
INSERT INTO MemberPermissions (Permission, Member) VALUES (5, 155);
INSERT INTO MemberPermissions (Permission, Member) VALUES (5, 156);
INSERT INTO MemberPermissions (Permission, Member) VALUES (5, 157);
INSERT INTO MemberPermissions (Permission, Member) VALUES (5, 158);
INSERT INTO MemberPermissions (Permission, Member) VALUES (5, 159);
INSERT INTO MemberPermissions (Permission, Member) VALUES (27, 160);
INSERT INTO MemberPermissions (Permission, Member) VALUES (5, 161);
INSERT INTO MemberPermissions (Permission, Member) VALUES (26, 162);
INSERT INTO MemberPermissions (Permission, Member) VALUES (29, 163);
INSERT INTO MemberPermissions (Permission, Member) VALUES (5, 164);
INSERT INTO MemberPermissions (Permission, Member) VALUES (5, 165);
INSERT INTO MemberPermissions (Permission, Member) VALUES (5, 166);
INSERT INTO MemberPermissions (Permission, Member) VALUES (5, 167);
INSERT INTO MemberPermissions (Permission, Member) VALUES (5, 168);
INSERT INTO MemberPermissions (Permission, Member) VALUES (5, 169);
INSERT INTO MemberPermissions (Permission, Member) VALUES (21, 170);
INSERT INTO MemberPermissions (Permission, Member) VALUES (5, 171);
INSERT INTO MemberPermissions (Permission, Member) VALUES (24, 172);
INSERT INTO MemberPermissions (Permission, Member) VALUES (5, 173);
INSERT INTO MemberPermissions (Permission, Member) VALUES (5, 174);
INSERT INTO MemberPermissions (Permission, Member) VALUES (26, 175);
INSERT INTO MemberPermissions (Permission, Member) VALUES (5, 176);
INSERT INTO MemberPermissions (Permission, Member) VALUES (5, 177);
INSERT INTO MemberPermissions (Permission, Member) VALUES (5, 178);
INSERT INTO MemberPermissions (Permission, Member) VALUES (5, 179);
INSERT INTO MemberPermissions (Permission, Member) VALUES (5, 180);
INSERT INTO MemberPermissions (Permission, Member) VALUES (5, 181);
INSERT INTO MemberPermissions (Permission, Member) VALUES (26, 182);
INSERT INTO MemberPermissions (Permission, Member) VALUES (5, 183);
INSERT INTO MemberPermissions (Permission, Member) VALUES (5, 184);
INSERT INTO MemberPermissions (Permission, Member) VALUES (5, 185);
INSERT INTO MemberPermissions (Permission, Member) VALUES (5, 186);
INSERT INTO MemberPermissions (Permission, Member) VALUES (5, 187);
INSERT INTO MemberPermissions (Permission, Member) VALUES (27, 188);
INSERT INTO MemberPermissions (Permission, Member) VALUES (26, 189);
INSERT INTO MemberPermissions (Permission, Member) VALUES (21, 190);
INSERT INTO MemberPermissions (Permission, Member) VALUES (22, 191);
INSERT INTO MemberPermissions (Permission, Member) VALUES (5, 192);
INSERT INTO MemberPermissions (Permission, Member) VALUES (5, 193);
INSERT INTO MemberPermissions (Permission, Member) VALUES (5, 194);
INSERT INTO MemberPermissions (Permission, Member) VALUES (5, 195);
INSERT INTO MemberPermissions (Permission, Member) VALUES (26, 196);
INSERT INTO MemberPermissions (Permission, Member) VALUES (26, 197);
INSERT INTO MemberPermissions (Permission, Member) VALUES (24, 198);
INSERT INTO MemberPermissions (Permission, Member) VALUES (5, 199);

-- 🎪 EVENTS
INSERT INTO Event (ID, Author, PartySize, MaxSize, EventLoc, Randomized, Name, Description, MeetLoc, LeadOrg, EventType, RecItems, Picture, EventDate) VALUES (100, 173, 13, 27, 'White Mountains NH', FALSE, 'Beginner Rock Climbing', 'Learn admit reduce them realize resource simple. She use specific room.', 'Curry Student Center', 'Safety Committee', 'Meeting', 'notebook, pen, enthusiasm', 'beginner_rock_climbing.jpg', '2025-09-15');
INSERT INTO Event (ID, Author, PartySize, MaxSize, EventLoc, Randomized, Name, Description, MeetLoc, LeadOrg, EventType, RecItems, Picture, EventDate) VALUES (101, 121, 22, 32, 'Loj', FALSE, 'Advanced Mountaineering', 'Unit drug fire medical region.
Whatever tax of. Any get organization whether so. Cause road indicate world spring decision city.', 'Ruggles Station', 'Climbing Committee', 'Meeting', 'hiking boots, water, snacks', 'advanced_mountaineering.jpg', '2025-11-04');
INSERT INTO Event (ID, Author, PartySize, MaxSize, EventLoc, Randomized, Name, Description, MeetLoc, LeadOrg, EventType, RecItems, Picture, EventDate) VALUES (102, 148, 17, 27, 'Centennial', FALSE, 'Trail Maintenance Day', 'Doctor yes ground example him coach fact language. When describe consider write case economy.', 'Back Bay Station', 'Social Committee', 'Competition', 'hiking boots, water, snacks', 'trail_maintenance_day.jpg', '2025-08-23');
INSERT INTO Event (ID, Author, PartySize, MaxSize, EventLoc, Randomized, Name, Description, MeetLoc, LeadOrg, EventType, RecItems, Picture, EventDate) VALUES (103, 188, 13, 32, 'White Mountains NH', TRUE, 'Leave No Trace Training', 'Word seat tree health back. Method say writer read.
Respond religious finish behavior. Hour social there management threat think together.', 'Curry Student Center', 'Hiking Committee', 'Educational', 'notebook, pen, enthusiasm', 'leave_no_trace_training.jpg', '2025-10-21');
INSERT INTO Event (ID, Author, PartySize, MaxSize, EventLoc, Randomized, Name, Description, MeetLoc, LeadOrg, EventType, RecItems, Picture, EventDate) VALUES (104, 182, 5, 19, 'Campus', TRUE, 'Knot Tying Workshop', 'Position serve speech order most. Themselves government cover agree serve manager beyond. Most environmental maintain project realize window series.', 'Ruggles Station', 'Safety Committee', 'Training', 'climbing shoes, harness, helmet', 'knot_tying_workshop.jpg', '2025-11-07');
INSERT INTO Event (ID, Author, PartySize, MaxSize, EventLoc, Randomized, Name, Description, MeetLoc, LeadOrg, EventType, RecItems, Picture, EventDate) VALUES (105, 152, 20, 27, 'Gear Room', FALSE, 'White Mountain Day Hike', 'Heart measure herself evening plant fly together.
Information probably will soldier major face. Hear within your son ahead grow car.', 'Campus Quad', 'Social Committee', 'Meeting', 'sleeping bag, tent, camp stove', 'white_mountain_day_hike.jpg', '2025-10-10');
INSERT INTO Event (ID, Author, PartySize, MaxSize, EventLoc, Randomized, Name, Description, MeetLoc, LeadOrg, EventType, RecItems, Picture, EventDate) VALUES (106, 185, 30, 42, 'Gear Room', FALSE, 'Ice Climbing Introduction', 'Degree road final picture into bill later. My position also we radio decide family listen.', 'Marino Center', 'Social Committee', 'Competition', 'notebook, pen, enthusiasm', 'ice_climbing_introduction.jpg', '2025-09-23');
INSERT INTO Event (ID, Author, PartySize, MaxSize, EventLoc, Randomized, Name, Description, MeetLoc, LeadOrg, EventType, RecItems, Picture, EventDate) VALUES (107, 128, 21, 34, 'Marino Center', TRUE, 'Sunrise Photography Hike', 'Animal stock night nor. Same clear improve friend. Chair usually Republican history what piece.', 'Curry Student Center', 'Social Committee', 'Training', 'climbing shoes, harness, helmet', 'sunrise_photography_hike.jpg', '2025-09-26');
INSERT INTO Event (ID, Author, PartySize, MaxSize, EventLoc, Randomized, Name, Description, MeetLoc, LeadOrg, EventType, RecItems, Picture, EventDate) VALUES (108, 100, 26, 42, 'Loj', FALSE, 'Camping Fundamentals', 'American husband protect a. Amount town front people. Save where life but will second wear. Factor account spend among popular.', 'Ruggles Station', 'Hiking Committee', 'Training', 'warm layers, headlamp, map', 'camping_fundamentals.jpg', '2025-09-28');
INSERT INTO Event (ID, Author, PartySize, MaxSize, EventLoc, Randomized, Name, Description, MeetLoc, LeadOrg, EventType, RecItems, Picture, EventDate) VALUES (109, 106, 30, 47, 'Campus', TRUE, 'Officer Elections', 'Game truth through. Analysis throw minute. Talk safe attack.
Lose property quality as station guy. Manage wish mean. Few increase at then event.', 'Ruggles Station', 'Hiking Committee', 'Meeting', 'hiking boots, water, snacks', 'officer_elections.jpg', '2025-08-22');
INSERT INTO Event (ID, Author, PartySize, MaxSize, EventLoc, Randomized, Name, Description, MeetLoc, LeadOrg, EventType, RecItems, Picture, EventDate) VALUES (110, 197, 18, 35, 'Gear Room', FALSE, 'Winter Camping Prep', 'Home before grow sport painting. Life always blood month. Tonight poor politics theory. Edge food skill like remember election partner a.', 'Marino Center', 'Climbing Committee', 'Outdoor', 'warm layers, headlamp, map', 'winter_camping_prep.jpg', '2025-10-01');
INSERT INTO Event (ID, Author, PartySize, MaxSize, EventLoc, Randomized, Name, Description, MeetLoc, LeadOrg, EventType, RecItems, Picture, EventDate) VALUES (111, 123, 26, 43, 'Gear Room', FALSE, 'Ice Climbing Introduction', 'Some most network development.
Food enter site side wrong chair these agent. Century traditional child main card no site.', 'Back Bay Station', 'Safety Committee', 'Social', 'first aid kit, whistle, compass', 'ice_climbing_introduction.jpg', '2025-10-27');
INSERT INTO Event (ID, Author, PartySize, MaxSize, EventLoc, Randomized, Name, Description, MeetLoc, LeadOrg, EventType, RecItems, Picture, EventDate) VALUES (112, 118, 25, 32, 'Local Crag', FALSE, 'Peak Bagging Challenge', 'Everyone risk and explain. Dark price cost offer some cost where born.', 'Back Bay Station', 'Hiking Committee', 'Training', 'hiking boots, water, snacks', 'peak_bagging_challenge.jpg', '2025-09-16');
INSERT INTO Event (ID, Author, PartySize, MaxSize, EventLoc, Randomized, Name, Description, MeetLoc, LeadOrg, EventType, RecItems, Picture, EventDate) VALUES (113, 194, 10, 21, 'Centennial', TRUE, 'Gear Maintenance Session', 'Meet own part fear despite.
Truth early stop art. Difference history better give live. Least identify on help our.', 'Ruggles Station', 'Climbing Committee', 'Social', 'climbing shoes, harness, helmet', 'gear_maintenance_session.jpg', '2025-09-09');
INSERT INTO Event (ID, Author, PartySize, MaxSize, EventLoc, Randomized, Name, Description, MeetLoc, LeadOrg, EventType, RecItems, Picture, EventDate) VALUES (114, 142, 10, 28, 'White Mountains NH', FALSE, 'Monthly Social Dinner', 'Later glass behind. He situation sure friend poor professional everyone.', 'Ruggles Station', 'Hiking Committee', 'Training', 'notebook, pen, enthusiasm', 'monthly_social_dinner.jpg', '2025-10-05');
INSERT INTO Event (ID, Author, PartySize, MaxSize, EventLoc, Randomized, Name, Description, MeetLoc, LeadOrg, EventType, RecItems, Picture, EventDate) VALUES (115, 123, 25, 43, 'Loj', FALSE, 'Ice Climbing Introduction', 'But send reach weight. Camera land young maybe wait none work. Large old mouth sound.', 'Marino Center', 'Safety Committee', 'Competition', 'notebook, pen, enthusiasm', 'ice_climbing_introduction.jpg', '2025-10-21');
INSERT INTO Event (ID, Author, PartySize, MaxSize, EventLoc, Randomized, Name, Description, MeetLoc, LeadOrg, EventType, RecItems, Picture, EventDate) VALUES (116, 139, 9, 19, 'Local Crag', FALSE, 'Sunrise Photography Hike', 'Their thank anyone across imagine image film. Congress budget least week. Apply over staff part.
Free serve type. Rich reveal build parent lay line.', 'Ruggles Station', 'Safety Committee', 'Training', 'sleeping bag, tent, camp stove', 'sunrise_photography_hike.jpg', '2025-08-24');
INSERT INTO Event (ID, Author, PartySize, MaxSize, EventLoc, Randomized, Name, Description, MeetLoc, LeadOrg, EventType, RecItems, Picture, EventDate) VALUES (117, 176, 27, 33, 'Loj', FALSE, 'Officer Elections', 'Rise upon realize four century. Mouth adult against fine.
Leader live majority toward yeah want. Such his book.', 'Marino Center', 'Social Committee', 'Training', 'notebook, pen, enthusiasm', 'officer_elections.jpg', '2025-10-06');
INSERT INTO Event (ID, Author, PartySize, MaxSize, EventLoc, Randomized, Name, Description, MeetLoc, LeadOrg, EventType, RecItems, Picture, EventDate) VALUES (118, 164, 30, 41, 'Centennial', FALSE, 'Map and Compass Workshop', 'Crime establish imagine. Fly present morning conference name crime claim.
Pick per somebody. Speak although his travel particularly local the idea.', 'Campus Quad', 'Safety Committee', 'Competition', 'notebook, pen, enthusiasm', 'map_and_compass_workshop.jpg', '2025-09-20');
INSERT INTO Event (ID, Author, PartySize, MaxSize, EventLoc, Randomized, Name, Description, MeetLoc, LeadOrg, EventType, RecItems, Picture, EventDate) VALUES (119, 183, 15, 30, 'Centennial', FALSE, 'Advanced Mountaineering', 'Despite conference history likely arrive until best. Natural sign this age response central. Performance hold me then pattern.', 'Curry Student Center', 'Climbing Committee', 'Social', 'first aid kit, whistle, compass', 'advanced_mountaineering.jpg', '2025-10-13');
INSERT INTO Event (ID, Author, PartySize, MaxSize, EventLoc, Randomized, Name, Description, MeetLoc, LeadOrg, EventType, RecItems, Picture, EventDate) VALUES (120, 112, 25, 40, 'White Mountains NH', FALSE, 'Officer Elections', 'He speech half floor. Production popular line traditional.
Whatever start performance this. Strategy resource activity government half she.', 'Curry Student Center', 'Hiking Committee', 'Outdoor', 'climbing shoes, harness, helmet', 'officer_elections.jpg', '2025-11-03');
INSERT INTO Event (ID, Author, PartySize, MaxSize, EventLoc, Randomized, Name, Description, MeetLoc, LeadOrg, EventType, RecItems, Picture, EventDate) VALUES (121, 162, 22, 40, 'Loj', FALSE, 'Ice Climbing Introduction', 'Year example serious practice significant. Century figure cost benefit son trip player.', 'Back Bay Station', 'Safety Committee', 'Training', 'warm layers, headlamp, map', 'ice_climbing_introduction.jpg', '2025-08-16');
INSERT INTO Event (ID, Author, PartySize, MaxSize, EventLoc, Randomized, Name, Description, MeetLoc, LeadOrg, EventType, RecItems, Picture, EventDate) VALUES (122, 103, 8, 24, 'Marino Center', TRUE, 'Wilderness First Aid', 'Create follow factor important. Success per number argue accept attack arrive. Campaign else lot institution suggest information.', 'Curry Student Center', 'Safety Committee', 'Educational', 'climbing shoes, harness, helmet', 'wilderness_first_aid.jpg', '2025-11-08');
INSERT INTO Event (ID, Author, PartySize, MaxSize, EventLoc, Randomized, Name, Description, MeetLoc, LeadOrg, EventType, RecItems, Picture, EventDate) VALUES (123, 148, 8, 16, 'Pub', FALSE, 'Wilderness First Aid', 'Arrive fact matter any. Listen relationship but check real toward situation everyone. Scientist discuss road give.', 'Ruggles Station', 'Hiking Committee', 'Competition', 'warm layers, headlamp, map', 'wilderness_first_aid.jpg', '2025-09-29');
INSERT INTO Event (ID, Author, PartySize, MaxSize, EventLoc, Randomized, Name, Description, MeetLoc, LeadOrg, EventType, RecItems, Picture, EventDate) VALUES (124, 153, 18, 23, 'Local Crag', FALSE, 'Wilderness First Aid', 'Democratic wife baby. Part television phone responsibility.
Fine throughout yard will rise want represent. Else cause run free purpose issue.', 'Marino Center', 'Social Committee', 'Social', 'climbing shoes, harness, helmet', 'wilderness_first_aid.jpg', '2025-09-19');
INSERT INTO Event (ID, Author, PartySize, MaxSize, EventLoc, Randomized, Name, Description, MeetLoc, LeadOrg, EventType, RecItems, Picture, EventDate) VALUES (125, 166, 6, 13, 'Loj', FALSE, 'Monthly Social Dinner', 'Hit successful top ready. Agreement side seem audience property.
Yet house wish clear. Personal nearly hold staff.', 'Ruggles Station', 'Hiking Committee', 'Social', 'notebook, pen, enthusiasm', 'monthly_social_dinner.jpg', '2025-08-15');
INSERT INTO Event (ID, Author, PartySize, MaxSize, EventLoc, Randomized, Name, Description, MeetLoc, LeadOrg, EventType, RecItems, Picture, EventDate) VALUES (126, 171, 14, 32, 'Gear Room', FALSE, 'Gear Maintenance Session', 'Entire father bad not debate. Note program catch high. Might share suggest happen.', 'Ruggles Station', 'Hiking Committee', 'Educational', 'notebook, pen, enthusiasm', 'gear_maintenance_session.jpg', '2025-08-25');
INSERT INTO Event (ID, Author, PartySize, MaxSize, EventLoc, Randomized, Name, Description, MeetLoc, LeadOrg, EventType, RecItems, Picture, EventDate) VALUES (127, 105, 27, 40, 'Gear Room', FALSE, 'Club Fair Booth', 'Study sing quite show actually nor car bank. For discussion method else difference reduce.', 'Back Bay Station', 'Membership Committee', 'Outdoor', 'first aid kit, whistle, compass', 'club_fair_booth.jpg', '2025-10-31');
INSERT INTO Event (ID, Author, PartySize, MaxSize, EventLoc, Randomized, Name, Description, MeetLoc, LeadOrg, EventType, RecItems, Picture, EventDate) VALUES (128, 165, 15, 20, 'White Mountains NH', FALSE, 'Budget Planning Meeting', 'Impact guess argue perform. Record degree campaign anyone radio final produce.
Small time summer.', 'Back Bay Station', 'Climbing Committee', 'Meeting', 'climbing shoes, harness, helmet', 'budget_planning_meeting.jpg', '2025-09-05');
INSERT INTO Event (ID, Author, PartySize, MaxSize, EventLoc, Randomized, Name, Description, MeetLoc, LeadOrg, EventType, RecItems, Picture, EventDate) VALUES (129, 116, 25, 42, 'Centennial', FALSE, 'Avalanche Safety Course', 'Wall grow risk defense fly. Soldier single however all trouble billion her. Newspaper door since before consumer opportunity car.', 'Ruggles Station', 'Membership Committee', 'Meeting', 'climbing shoes, harness, helmet', 'avalanche_safety_course.jpg', '2025-10-20');
INSERT INTO Event (ID, Author, PartySize, MaxSize, EventLoc, Randomized, Name, Description, MeetLoc, LeadOrg, EventType, RecItems, Picture, EventDate) VALUES (130, 180, 20, 40, 'Marino Center', FALSE, 'New Member BBQ', 'Onto doctor often. Late thousand finally real soldier yes. Speech strong magazine answer.', 'Ruggles Station', 'Hiking Committee', 'Meeting', 'sleeping bag, tent, camp stove', 'new_member_bbq.jpg', '2025-10-06');
INSERT INTO Event (ID, Author, PartySize, MaxSize, EventLoc, Randomized, Name, Description, MeetLoc, LeadOrg, EventType, RecItems, Picture, EventDate) VALUES (131, 178, 30, 47, 'Gear Room', TRUE, 'Monthly Social Dinner', 'Also begin bad chance example choice should message. Make mention like magazine recognize really. Hard like man.', 'Marino Center', 'Hiking Committee', 'Meeting', 'sleeping bag, tent, camp stove', 'monthly_social_dinner.jpg', '2025-09-26');
INSERT INTO Event (ID, Author, PartySize, MaxSize, EventLoc, Randomized, Name, Description, MeetLoc, LeadOrg, EventType, RecItems, Picture, EventDate) VALUES (132, 103, 10, 29, 'Loj', FALSE, 'Peak Bagging Challenge', 'Fear evidence yourself realize add successful.
Want same simply end history case. Story pick son technology.', 'Campus Quad', 'Climbing Committee', 'Educational', 'climbing shoes, harness, helmet', 'peak_bagging_challenge.jpg', '2025-10-10');
INSERT INTO Event (ID, Author, PartySize, MaxSize, EventLoc, Randomized, Name, Description, MeetLoc, LeadOrg, EventType, RecItems, Picture, EventDate) VALUES (133, 101, 27, 37, 'Local Crag', FALSE, 'Winter Camping Prep', 'Structure magazine decision old adult similar.
Explain success PM charge stand tough.', 'Ruggles Station', 'Climbing Committee', 'Educational', 'hiking boots, water, snacks', 'winter_camping_prep.jpg', '2025-10-27');
INSERT INTO Event (ID, Author, PartySize, MaxSize, EventLoc, Randomized, Name, Description, MeetLoc, LeadOrg, EventType, RecItems, Picture, EventDate) VALUES (134, 195, 13, 33, 'Gear Room', TRUE, 'Camping Fundamentals', 'General rate member image happy final detail. During reduce product middle baby. Go hotel interview fund.', 'Back Bay Station', 'Climbing Committee', 'Meeting', 'first aid kit, whistle, compass', 'camping_fundamentals.jpg', '2025-11-10');
INSERT INTO Event (ID, Author, PartySize, MaxSize, EventLoc, Randomized, Name, Description, MeetLoc, LeadOrg, EventType, RecItems, Picture, EventDate) VALUES (135, 152, 17, 24, 'White Mountains NH', FALSE, 'Gear Sale Event', 'Result security recent add continue personal. Visit visit discover word avoid talk stop.', 'Curry Student Center', 'Social Committee', 'Outdoor', 'climbing shoes, harness, helmet', 'gear_sale_event.jpg', '2025-09-03');
INSERT INTO Event (ID, Author, PartySize, MaxSize, EventLoc, Randomized, Name, Description, MeetLoc, LeadOrg, EventType, RecItems, Picture, EventDate) VALUES (136, 119, 8, 19, 'White Mountains NH', FALSE, 'Budget Planning Meeting', 'Buy hit simply family left. Sell dinner do growth.
Land per today compare. Wear tax police production necessary.', 'Marino Center', 'Climbing Committee', 'Educational', 'warm layers, headlamp, map', 'budget_planning_meeting.jpg', '2025-09-11');
INSERT INTO Event (ID, Author, PartySize, MaxSize, EventLoc, Randomized, Name, Description, MeetLoc, LeadOrg, EventType, RecItems, Picture, EventDate) VALUES (137, 123, 17, 36, 'Local Crag', FALSE, 'Monthly Social Dinner', 'Back fast attorney. Drive pay candidate have since agent.
Always century impact Congress we. Pattern improve woman nor visit rich maintain.', 'Ruggles Station', 'Safety Committee', 'Outdoor', 'notebook, pen, enthusiasm', 'monthly_social_dinner.jpg', '2025-08-19');
INSERT INTO Event (ID, Author, PartySize, MaxSize, EventLoc, Randomized, Name, Description, MeetLoc, LeadOrg, EventType, RecItems, Picture, EventDate) VALUES (138, 183, 17, 24, 'Local Crag', FALSE, 'Safety Committee Meeting', 'Military daughter prepare guy dream oil. Can billion American represent. Garden particularly out travel. Usually white he expert respond anyone.', 'Back Bay Station', 'Membership Committee', 'Competition', 'sleeping bag, tent, camp stove', 'safety_committee_meeting.jpg', '2025-09-06');
INSERT INTO Event (ID, Author, PartySize, MaxSize, EventLoc, Randomized, Name, Description, MeetLoc, LeadOrg, EventType, RecItems, Picture, EventDate) VALUES (139, 164, 19, 29, 'Campus', FALSE, 'Film Night: Mountain Movies', 'Production drug professor large sense. Phone a stock painting ready. Minute pattern his identify worry.', 'Curry Student Center', 'Safety Committee', 'Educational', 'sleeping bag, tent, camp stove', 'film_night_mountain_movies.jpg', '2025-08-16');
INSERT INTO Event (ID, Author, PartySize, MaxSize, EventLoc, Randomized, Name, Description, MeetLoc, LeadOrg, EventType, RecItems, Picture, EventDate) VALUES (140, 125, 12, 18, 'Pub', TRUE, 'Winter Camping Prep', 'Over interview middle left address modern. Quite teach run feel economy commercial. No continue provide mouth.', 'Marino Center', 'Safety Committee', 'Competition', 'notebook, pen, enthusiasm', 'winter_camping_prep.jpg', '2025-08-21');
INSERT INTO Event (ID, Author, PartySize, MaxSize, EventLoc, Randomized, Name, Description, MeetLoc, LeadOrg, EventType, RecItems, Picture, EventDate) VALUES (141, 135, 10, 22, 'Marino Center', FALSE, 'Monthly Social Dinner', 'Box produce huge ahead. West society specific. Wife particular rock ok physical. Medical war here both approach week.', 'Curry Student Center', 'Membership Committee', 'Social', 'sleeping bag, tent, camp stove', 'monthly_social_dinner.jpg', '2025-08-17');
INSERT INTO Event (ID, Author, PartySize, MaxSize, EventLoc, Randomized, Name, Description, MeetLoc, LeadOrg, EventType, RecItems, Picture, EventDate) VALUES (142, 159, 21, 38, 'Campus', FALSE, 'Weekend Backpacking', 'Increase practice project agency treat difficult modern. Picture seven husband image list contain eight.', 'Campus Quad', 'Social Committee', 'Educational', 'sleeping bag, tent, camp stove', 'weekend_backpacking.jpg', '2025-11-07');
INSERT INTO Event (ID, Author, PartySize, MaxSize, EventLoc, Randomized, Name, Description, MeetLoc, LeadOrg, EventType, RecItems, Picture, EventDate) VALUES (143, 181, 20, 38, 'Gear Room', FALSE, 'Ice Climbing Introduction', 'Game operation style part audience security similar.
Big budget catch walk financial letter. Step few bag. Thing big that detail.', 'Marino Center', 'Social Committee', 'Educational', 'first aid kit, whistle, compass', 'ice_climbing_introduction.jpg', '2025-09-01');
INSERT INTO Event (ID, Author, PartySize, MaxSize, EventLoc, Randomized, Name, Description, MeetLoc, LeadOrg, EventType, RecItems, Picture, EventDate) VALUES (144, 108, 21, 37, 'Centennial', TRUE, 'Winter Camping Prep', 'Reduce bring option. Those eight seek out eat beautiful by.', 'Campus Quad', 'Social Committee', 'Outdoor', 'hiking boots, water, snacks', 'winter_camping_prep.jpg', '2025-08-25');
INSERT INTO Event (ID, Author, PartySize, MaxSize, EventLoc, Randomized, Name, Description, MeetLoc, LeadOrg, EventType, RecItems, Picture, EventDate) VALUES (145, 180, 30, 44, 'Marino Center', TRUE, 'Ice Climbing Introduction', 'Campaign wide common. Republican address air product collection.', 'Back Bay Station', 'Climbing Committee', 'Social', 'first aid kit, whistle, compass', 'ice_climbing_introduction.jpg', '2025-08-18');
INSERT INTO Event (ID, Author, PartySize, MaxSize, EventLoc, Randomized, Name, Description, MeetLoc, LeadOrg, EventType, RecItems, Picture, EventDate) VALUES (146, 133, 5, 18, 'Pub', FALSE, 'Ice Climbing Introduction', 'Represent face talk necessary community. Federal trip also central. Race personal foot various school.', 'Campus Quad', 'Safety Committee', 'Social', 'hiking boots, water, snacks', 'ice_climbing_introduction.jpg', '2025-09-27');
INSERT INTO Event (ID, Author, PartySize, MaxSize, EventLoc, Randomized, Name, Description, MeetLoc, LeadOrg, EventType, RecItems, Picture, EventDate) VALUES (147, 122, 11, 27, 'Marino Center', FALSE, 'White Mountain Day Hike', 'Box without movement free approach. Build ahead product summer choose. Summer door letter back store.', 'Back Bay Station', 'Membership Committee', 'Educational', 'first aid kit, whistle, compass', 'white_mountain_day_hike.jpg', '2025-09-07');
INSERT INTO Event (ID, Author, PartySize, MaxSize, EventLoc, Randomized, Name, Description, MeetLoc, LeadOrg, EventType, RecItems, Picture, EventDate) VALUES (148, 109, 7, 21, 'Campus', FALSE, 'New Member BBQ', 'Air arm brother significant house. Side nation shoulder page position performance particular. Range beautiful seat need Republican central home.', 'Campus Quad', 'Hiking Committee', 'Training', 'hiking boots, water, snacks', 'new_member_bbq.jpg', '2025-10-19');
INSERT INTO Event (ID, Author, PartySize, MaxSize, EventLoc, Randomized, Name, Description, MeetLoc, LeadOrg, EventType, RecItems, Picture, EventDate) VALUES (149, 195, 24, 31, 'White Mountains NH', FALSE, 'Sunrise Photography Hike', 'Cell dog in look. Explain generation add one event we blood. Those will natural pressure some light nation.', 'Marino Center', 'Hiking Committee', 'Outdoor', 'sleeping bag, tent, camp stove', 'sunrise_photography_hike.jpg', '2025-10-28');

-- 📋 EVENT ROSTER
INSERT INTO EventRoster (ID, Event, Member, DateRegistered, Waitlisted) VALUES (100, 100, 130, '2025-07-24 09:28:16', FALSE);
INSERT INTO EventRoster (ID, Event, Member, DateRegistered, Waitlisted) VALUES (101, 100, 182, '2025-07-25 12:58:38', FALSE);
INSERT INTO EventRoster (ID, Event, Member, DateRegistered, Waitlisted) VALUES (102, 100, 121, '2025-07-17 13:35:43', FALSE);
INSERT INTO EventRoster (ID, Event, Member, DateRegistered, Waitlisted) VALUES (103, 100, 151, '2025-08-02 15:51:24', FALSE);
INSERT INTO EventRoster (ID, Event, Member, DateRegistered, Waitlisted) VALUES (104, 100, 167, '2025-07-19 09:43:47', FALSE);
INSERT INTO EventRoster (ID, Event, Member, DateRegistered, Waitlisted) VALUES (105, 100, 195, '2025-08-01 17:21:20', FALSE);
INSERT INTO EventRoster (ID, Event, Member, DateRegistered, Waitlisted) VALUES (106, 100, 126, '2025-08-05 22:33:00', FALSE);
INSERT INTO EventRoster (ID, Event, Member, DateRegistered, Waitlisted) VALUES (107, 100, 125, '2025-08-10 07:06:09', FALSE);
INSERT INTO EventRoster (ID, Event, Member, DateRegistered, Waitlisted) VALUES (108, 100, 170, '2025-07-15 02:38:14', TRUE);
INSERT INTO EventRoster (ID, Event, Member, DateRegistered, Waitlisted) VALUES (109, 100, 133, '2025-07-20 17:00:57', FALSE);
INSERT INTO EventRoster (ID, Event, Member, DateRegistered, Waitlisted) VALUES (110, 100, 120, '2025-07-28 03:12:54', FALSE);
INSERT INTO EventRoster (ID, Event, Member, DateRegistered, Waitlisted) VALUES (111, 100, 145, '2025-08-06 20:35:36', FALSE);
INSERT INTO EventRoster (ID, Event, Member, DateRegistered, Waitlisted) VALUES (112, 100, 124, '2025-08-09 22:17:02', FALSE);
INSERT INTO EventRoster (ID, Event, Member, DateRegistered, Waitlisted) VALUES (113, 100, 164, '2025-08-06 12:45:34', FALSE);
INSERT INTO EventRoster (ID, Event, Member, DateRegistered, Waitlisted) VALUES (114, 100, 104, '2025-07-26 17:40:37', FALSE);
INSERT INTO EventRoster (ID, Event, Member, DateRegistered, Waitlisted) VALUES (115, 100, 109, '2025-08-05 14:04:51', TRUE);
INSERT INTO EventRoster (ID, Event, Member, DateRegistered, Waitlisted) VALUES (116, 100, 199, '2025-08-11 13:51:29', FALSE);
INSERT INTO EventRoster (ID, Event, Member, DateRegistered, Waitlisted) VALUES (117, 100, 156, '2025-07-31 13:19:34', TRUE);
INSERT INTO EventRoster (ID, Event, Member, DateRegistered, Waitlisted) VALUES (118, 100, 185, '2025-08-10 08:20:30', FALSE);
INSERT INTO EventRoster (ID, Event, Member, DateRegistered, Waitlisted) VALUES (119, 100, 135, '2025-08-12 08:16:57', FALSE);
INSERT INTO EventRoster (ID, Event, Member, DateRegistered, Waitlisted) VALUES (120, 100, 100, '2025-07-24 11:26:06', TRUE);
INSERT INTO EventRoster (ID, Event, Member, DateRegistered, Waitlisted) VALUES (121, 100, 174, '2025-07-27 19:20:11', FALSE);
INSERT INTO EventRoster (ID, Event, Member, DateRegistered, Waitlisted) VALUES (122, 100, 114, '2025-08-01 18:39:39', FALSE);
INSERT INTO EventRoster (ID, Event, Member, DateRegistered, Waitlisted) VALUES (123, 100, 138, '2025-08-03 04:52:01', FALSE);
INSERT INTO EventRoster (ID, Event, Member, DateRegistered, Waitlisted) VALUES (124, 100, 102, '2025-07-17 21:08:59', FALSE);
INSERT INTO EventRoster (ID, Event, Member, DateRegistered, Waitlisted) VALUES (125, 100, 106, '2025-08-01 14:04:15', FALSE);
INSERT INTO EventRoster (ID, Event, Member, DateRegistered, Waitlisted) VALUES (126, 100, 155, '2025-07-28 21:47:46', FALSE);
INSERT INTO EventRoster (ID, Event, Member, DateRegistered, Waitlisted) VALUES (127, 100, 136, '2025-07-27 23:32:37', FALSE);
INSERT INTO EventRoster (ID, Event, Member, DateRegistered, Waitlisted) VALUES (128, 100, 154, '2025-07-30 07:33:16', FALSE);
INSERT INTO EventRoster (ID, Event, Member, DateRegistered, Waitlisted) VALUES (129, 100, 118, '2025-08-04 21:30:30', FALSE);
INSERT INTO EventRoster (ID, Event, Member, DateRegistered, Waitlisted) VALUES (130, 100, 177, '2025-08-01 23:23:44', FALSE);
INSERT INTO EventRoster (ID, Event, Member, DateRegistered, Waitlisted) VALUES (131, 100, 196, '2025-07-26 19:17:24', FALSE);
INSERT INTO EventRoster (ID, Event, Member, DateRegistered, Waitlisted) VALUES (132, 101, 188, '2025-07-27 04:21:51', FALSE);
INSERT INTO EventRoster (ID, Event, Member, DateRegistered, Waitlisted) VALUES (133, 101, 179, '2025-07-19 21:24:36', FALSE);
INSERT INTO EventRoster (ID, Event, Member, DateRegistered, Waitlisted) VALUES (134, 101, 107, '2025-07-15 05:40:54', FALSE);
INSERT INTO EventRoster (ID, Event, Member, DateRegistered, Waitlisted) VALUES (135, 101, 184, '2025-07-24 04:50:58', FALSE);
INSERT INTO EventRoster (ID, Event, Member, DateRegistered, Waitlisted) VALUES (136, 101, 197, '2025-07-28 19:21:28', FALSE);
INSERT INTO EventRoster (ID, Event, Member, DateRegistered, Waitlisted) VALUES (137, 101, 135, '2025-08-04 19:38:58', FALSE);
INSERT INTO EventRoster (ID, Event, Member, DateRegistered, Waitlisted) VALUES (138, 101, 124, '2025-08-07 19:09:43', FALSE);
INSERT INTO EventRoster (ID, Event, Member, DateRegistered, Waitlisted) VALUES (139, 101, 110, '2025-07-28 12:13:11', TRUE);
INSERT INTO EventRoster (ID, Event, Member, DateRegistered, Waitlisted) VALUES (140, 101, 114, '2025-07-29 20:09:45', FALSE);
INSERT INTO EventRoster (ID, Event, Member, DateRegistered, Waitlisted) VALUES (141, 101, 167, '2025-08-04 07:18:41', FALSE);
INSERT INTO EventRoster (ID, Event, Member, DateRegistered, Waitlisted) VALUES (142, 101, 196, '2025-08-10 19:01:52', FALSE);
INSERT INTO EventRoster (ID, Event, Member, DateRegistered, Waitlisted) VALUES (143, 101, 131, '2025-07-22 06:56:24', FALSE);
INSERT INTO EventRoster (ID, Event, Member, DateRegistered, Waitlisted) VALUES (144, 101, 144, '2025-08-10 16:36:29', FALSE);
INSERT INTO EventRoster (ID, Event, Member, DateRegistered, Waitlisted) VALUES (145, 102, 197, '2025-07-14 23:47:11', FALSE);
INSERT INTO EventRoster (ID, Event, Member, DateRegistered, Waitlisted) VALUES (146, 102, 166, '2025-07-27 23:41:32', FALSE);
INSERT INTO EventRoster (ID, Event, Member, DateRegistered, Waitlisted) VALUES (147, 102, 146, '2025-08-04 01:28:52', FALSE);
INSERT INTO EventRoster (ID, Event, Member, DateRegistered, Waitlisted) VALUES (148, 102, 137, '2025-07-30 07:38:35', FALSE);
INSERT INTO EventRoster (ID, Event, Member, DateRegistered, Waitlisted) VALUES (149, 102, 189, '2025-08-12 01:53:43', FALSE);
INSERT INTO EventRoster (ID, Event, Member, DateRegistered, Waitlisted) VALUES (150, 102, 120, '2025-07-27 23:41:59', FALSE);
INSERT INTO EventRoster (ID, Event, Member, DateRegistered, Waitlisted) VALUES (151, 102, 133, '2025-08-05 08:57:32', FALSE);
INSERT INTO EventRoster (ID, Event, Member, DateRegistered, Waitlisted) VALUES (152, 102, 191, '2025-08-01 11:20:19', FALSE);
INSERT INTO EventRoster (ID, Event, Member, DateRegistered, Waitlisted) VALUES (153, 102, 115, '2025-08-09 03:36:34', FALSE);
INSERT INTO EventRoster (ID, Event, Member, DateRegistered, Waitlisted) VALUES (154, 102, 165, '2025-07-25 02:39:40', FALSE);
INSERT INTO EventRoster (ID, Event, Member, DateRegistered, Waitlisted) VALUES (155, 102, 135, '2025-08-04 02:28:53', TRUE);
INSERT INTO EventRoster (ID, Event, Member, DateRegistered, Waitlisted) VALUES (156, 102, 187, '2025-07-22 04:53:01', FALSE);
INSERT INTO EventRoster (ID, Event, Member, DateRegistered, Waitlisted) VALUES (157, 102, 186, '2025-08-07 12:00:51', FALSE);
INSERT INTO EventRoster (ID, Event, Member, DateRegistered, Waitlisted) VALUES (158, 102, 172, '2025-08-10 10:39:47', FALSE);
INSERT INTO EventRoster (ID, Event, Member, DateRegistered, Waitlisted) VALUES (159, 103, 128, '2025-07-29 04:41:59', TRUE);
INSERT INTO EventRoster (ID, Event, Member, DateRegistered, Waitlisted) VALUES (160, 103, 122, '2025-08-06 07:15:39', FALSE);
INSERT INTO EventRoster (ID, Event, Member, DateRegistered, Waitlisted) VALUES (161, 103, 132, '2025-07-15 16:40:52', TRUE);
INSERT INTO EventRoster (ID, Event, Member, DateRegistered, Waitlisted) VALUES (162, 103, 123, '2025-07-20 06:18:02', FALSE);
INSERT INTO EventRoster (ID, Event, Member, DateRegistered, Waitlisted) VALUES (163, 103, 139, '2025-08-11 21:49:21', FALSE);
INSERT INTO EventRoster (ID, Event, Member, DateRegistered, Waitlisted) VALUES (164, 103, 148, '2025-07-26 22:59:12', FALSE);
INSERT INTO EventRoster (ID, Event, Member, DateRegistered, Waitlisted) VALUES (165, 103, 121, '2025-08-04 03:43:29', TRUE);
INSERT INTO EventRoster (ID, Event, Member, DateRegistered, Waitlisted) VALUES (166, 103, 174, '2025-07-24 05:01:04', FALSE);
INSERT INTO EventRoster (ID, Event, Member, DateRegistered, Waitlisted) VALUES (167, 103, 156, '2025-07-28 00:10:41', TRUE);
INSERT INTO EventRoster (ID, Event, Member, DateRegistered, Waitlisted) VALUES (168, 103, 199, '2025-07-27 20:39:23', FALSE);
INSERT INTO EventRoster (ID, Event, Member, DateRegistered, Waitlisted) VALUES (169, 103, 140, '2025-07-31 13:44:48', FALSE);
INSERT INTO EventRoster (ID, Event, Member, DateRegistered, Waitlisted) VALUES (170, 103, 150, '2025-07-30 18:06:34', FALSE);
INSERT INTO EventRoster (ID, Event, Member, DateRegistered, Waitlisted) VALUES (171, 103, 143, '2025-08-03 16:48:13', FALSE);
INSERT INTO EventRoster (ID, Event, Member, DateRegistered, Waitlisted) VALUES (172, 103, 155, '2025-07-16 15:03:39', FALSE);
INSERT INTO EventRoster (ID, Event, Member, DateRegistered, Waitlisted) VALUES (173, 103, 111, '2025-07-16 14:03:55', FALSE);
INSERT INTO EventRoster (ID, Event, Member, DateRegistered, Waitlisted) VALUES (174, 103, 103, '2025-07-21 16:05:58', FALSE);
INSERT INTO EventRoster (ID, Event, Member, DateRegistered, Waitlisted) VALUES (175, 103, 181, '2025-08-07 18:45:06', FALSE);
INSERT INTO EventRoster (ID, Event, Member, DateRegistered, Waitlisted) VALUES (176, 103, 107, '2025-08-11 00:44:33', FALSE);
INSERT INTO EventRoster (ID, Event, Member, DateRegistered, Waitlisted) VALUES (177, 103, 177, '2025-08-03 11:16:42', FALSE);
INSERT INTO EventRoster (ID, Event, Member, DateRegistered, Waitlisted) VALUES (178, 103, 191, '2025-07-30 06:25:51', FALSE);
INSERT INTO EventRoster (ID, Event, Member, DateRegistered, Waitlisted) VALUES (179, 104, 119, '2025-08-08 20:30:54', TRUE);
INSERT INTO EventRoster (ID, Event, Member, DateRegistered, Waitlisted) VALUES (180, 104, 178, '2025-08-05 22:43:33', FALSE);
INSERT INTO EventRoster (ID, Event, Member, DateRegistered, Waitlisted) VALUES (181, 104, 153, '2025-08-12 10:39:10', FALSE);
INSERT INTO EventRoster (ID, Event, Member, DateRegistered, Waitlisted) VALUES (182, 104, 195, '2025-07-24 04:34:54', FALSE);
INSERT INTO EventRoster (ID, Event, Member, DateRegistered, Waitlisted) VALUES (183, 104, 192, '2025-07-15 01:20:24', FALSE);
INSERT INTO EventRoster (ID, Event, Member, DateRegistered, Waitlisted) VALUES (184, 104, 159, '2025-08-05 20:15:38', FALSE);
INSERT INTO EventRoster (ID, Event, Member, DateRegistered, Waitlisted) VALUES (185, 104, 198, '2025-07-26 01:52:05', FALSE);
INSERT INTO EventRoster (ID, Event, Member, DateRegistered, Waitlisted) VALUES (186, 104, 154, '2025-08-10 19:54:53', FALSE);
INSERT INTO EventRoster (ID, Event, Member, DateRegistered, Waitlisted) VALUES (187, 104, 173, '2025-08-05 22:27:19', FALSE);
INSERT INTO EventRoster (ID, Event, Member, DateRegistered, Waitlisted) VALUES (188, 104, 130, '2025-07-31 20:10:35', FALSE);
INSERT INTO EventRoster (ID, Event, Member, DateRegistered, Waitlisted) VALUES (189, 104, 106, '2025-07-18 23:12:59', FALSE);
INSERT INTO EventRoster (ID, Event, Member, DateRegistered, Waitlisted) VALUES (190, 104, 105, '2025-07-31 11:12:48', FALSE);
INSERT INTO EventRoster (ID, Event, Member, DateRegistered, Waitlisted) VALUES (191, 104, 150, '2025-08-07 05:41:12', FALSE);
INSERT INTO EventRoster (ID, Event, Member, DateRegistered, Waitlisted) VALUES (192, 104, 117, '2025-07-20 20:27:20', FALSE);
INSERT INTO EventRoster (ID, Event, Member, DateRegistered, Waitlisted) VALUES (193, 104, 191, '2025-07-21 03:51:42', FALSE);
INSERT INTO EventRoster (ID, Event, Member, DateRegistered, Waitlisted) VALUES (194, 104, 181, '2025-08-01 20:41:10', FALSE);
INSERT INTO EventRoster (ID, Event, Member, DateRegistered, Waitlisted) VALUES (195, 104, 121, '2025-07-18 15:16:54', FALSE);
INSERT INTO EventRoster (ID, Event, Member, DateRegistered, Waitlisted) VALUES (196, 104, 163, '2025-08-05 22:29:46', FALSE);
INSERT INTO EventRoster (ID, Event, Member, DateRegistered, Waitlisted) VALUES (197, 104, 144, '2025-07-22 14:01:59', FALSE);
INSERT INTO EventRoster (ID, Event, Member, DateRegistered, Waitlisted) VALUES (198, 104, 124, '2025-07-29 06:33:24', FALSE);
INSERT INTO EventRoster (ID, Event, Member, DateRegistered, Waitlisted) VALUES (199, 104, 128, '2025-08-07 21:15:19', FALSE);
INSERT INTO EventRoster (ID, Event, Member, DateRegistered, Waitlisted) VALUES (200, 104, 157, '2025-08-02 22:33:56', FALSE);
INSERT INTO EventRoster (ID, Event, Member, DateRegistered, Waitlisted) VALUES (201, 104, 162, '2025-08-02 10:22:19', FALSE);
INSERT INTO EventRoster (ID, Event, Member, DateRegistered, Waitlisted) VALUES (202, 104, 197, '2025-08-07 03:18:39', FALSE);
INSERT INTO EventRoster (ID, Event, Member, DateRegistered, Waitlisted) VALUES (203, 104, 127, '2025-07-16 17:18:54', FALSE);
INSERT INTO EventRoster (ID, Event, Member, DateRegistered, Waitlisted) VALUES (204, 104, 129, '2025-08-10 12:12:39', FALSE);
INSERT INTO EventRoster (ID, Event, Member, DateRegistered, Waitlisted) VALUES (205, 104, 135, '2025-07-15 08:24:27', FALSE);
INSERT INTO EventRoster (ID, Event, Member, DateRegistered, Waitlisted) VALUES (206, 104, 102, '2025-08-01 19:45:41', FALSE);
INSERT INTO EventRoster (ID, Event, Member, DateRegistered, Waitlisted) VALUES (207, 105, 152, '2025-08-12 06:35:28', FALSE);
INSERT INTO EventRoster (ID, Event, Member, DateRegistered, Waitlisted) VALUES (208, 105, 193, '2025-07-18 03:41:05', FALSE);
INSERT INTO EventRoster (ID, Event, Member, DateRegistered, Waitlisted) VALUES (209, 105, 178, '2025-07-25 02:39:46', FALSE);
INSERT INTO EventRoster (ID, Event, Member, DateRegistered, Waitlisted) VALUES (210, 105, 157, '2025-08-09 18:50:37', FALSE);
INSERT INTO EventRoster (ID, Event, Member, DateRegistered, Waitlisted) VALUES (211, 105, 129, '2025-08-01 23:14:19', FALSE);
INSERT INTO EventRoster (ID, Event, Member, DateRegistered, Waitlisted) VALUES (212, 105, 116, '2025-07-23 00:19:42', FALSE);
INSERT INTO EventRoster (ID, Event, Member, DateRegistered, Waitlisted) VALUES (213, 105, 147, '2025-08-09 13:32:15', FALSE);
INSERT INTO EventRoster (ID, Event, Member, DateRegistered, Waitlisted) VALUES (214, 105, 175, '2025-07-26 13:20:14', FALSE);
INSERT INTO EventRoster (ID, Event, Member, DateRegistered, Waitlisted) VALUES (215, 105, 133, '2025-08-12 18:34:55', FALSE);
INSERT INTO EventRoster (ID, Event, Member, DateRegistered, Waitlisted) VALUES (216, 105, 112, '2025-07-17 11:48:37', FALSE);
INSERT INTO EventRoster (ID, Event, Member, DateRegistered, Waitlisted) VALUES (217, 105, 161, '2025-08-03 19:52:23', FALSE);
INSERT INTO EventRoster (ID, Event, Member, DateRegistered, Waitlisted) VALUES (218, 105, 117, '2025-07-25 01:38:50', FALSE);
INSERT INTO EventRoster (ID, Event, Member, DateRegistered, Waitlisted) VALUES (219, 106, 124, '2025-07-31 04:36:00', FALSE);
INSERT INTO EventRoster (ID, Event, Member, DateRegistered, Waitlisted) VALUES (220, 106, 160, '2025-08-11 10:51:08', FALSE);
INSERT INTO EventRoster (ID, Event, Member, DateRegistered, Waitlisted) VALUES (221, 106, 120, '2025-08-01 23:22:14', FALSE);
INSERT INTO EventRoster (ID, Event, Member, DateRegistered, Waitlisted) VALUES (222, 106, 127, '2025-07-24 05:34:38', FALSE);
INSERT INTO EventRoster (ID, Event, Member, DateRegistered, Waitlisted) VALUES (223, 106, 169, '2025-07-29 23:45:50', FALSE);
INSERT INTO EventRoster (ID, Event, Member, DateRegistered, Waitlisted) VALUES (224, 106, 129, '2025-08-02 23:53:43', TRUE);
INSERT INTO EventRoster (ID, Event, Member, DateRegistered, Waitlisted) VALUES (225, 106, 104, '2025-08-12 22:39:26', FALSE);
INSERT INTO EventRoster (ID, Event, Member, DateRegistered, Waitlisted) VALUES (226, 106, 186, '2025-07-20 07:47:50', FALSE);
INSERT INTO EventRoster (ID, Event, Member, DateRegistered, Waitlisted) VALUES (227, 106, 190, '2025-07-31 21:48:10', FALSE);
INSERT INTO EventRoster (ID, Event, Member, DateRegistered, Waitlisted) VALUES (228, 106, 198, '2025-08-02 11:11:10', FALSE);
INSERT INTO EventRoster (ID, Event, Member, DateRegistered, Waitlisted) VALUES (229, 106, 116, '2025-07-14 15:55:19', FALSE);
INSERT INTO EventRoster (ID, Event, Member, DateRegistered, Waitlisted) VALUES (230, 106, 138, '2025-07-21 11:21:25', FALSE);
INSERT INTO EventRoster (ID, Event, Member, DateRegistered, Waitlisted) VALUES (231, 106, 191, '2025-07-17 09:11:17', FALSE);
INSERT INTO EventRoster (ID, Event, Member, DateRegistered, Waitlisted) VALUES (232, 106, 128, '2025-07-29 08:03:00', FALSE);
INSERT INTO EventRoster (ID, Event, Member, DateRegistered, Waitlisted) VALUES (233, 107, 143, '2025-07-20 00:41:07', FALSE);
INSERT INTO EventRoster (ID, Event, Member, DateRegistered, Waitlisted) VALUES (234, 107, 116, '2025-08-10 16:35:24', FALSE);
INSERT INTO EventRoster (ID, Event, Member, DateRegistered, Waitlisted) VALUES (235, 107, 114, '2025-08-08 22:39:08', FALSE);
INSERT INTO EventRoster (ID, Event, Member, DateRegistered, Waitlisted) VALUES (236, 107, 120, '2025-07-24 10:35:48', FALSE);
INSERT INTO EventRoster (ID, Event, Member, DateRegistered, Waitlisted) VALUES (237, 107, 176, '2025-07-24 22:11:17', FALSE);
INSERT INTO EventRoster (ID, Event, Member, DateRegistered, Waitlisted) VALUES (238, 107, 183, '2025-07-25 04:00:17', FALSE);
INSERT INTO EventRoster (ID, Event, Member, DateRegistered, Waitlisted) VALUES (239, 107, 155, '2025-08-09 10:09:57', FALSE);
INSERT INTO EventRoster (ID, Event, Member, DateRegistered, Waitlisted) VALUES (240, 107, 136, '2025-08-07 03:18:05', FALSE);
INSERT INTO EventRoster (ID, Event, Member, DateRegistered, Waitlisted) VALUES (241, 107, 134, '2025-08-04 11:00:06', FALSE);
INSERT INTO EventRoster (ID, Event, Member, DateRegistered, Waitlisted) VALUES (242, 107, 119, '2025-08-02 18:02:05', FALSE);
INSERT INTO EventRoster (ID, Event, Member, DateRegistered, Waitlisted) VALUES (243, 107, 129, '2025-07-19 21:06:55', FALSE);
INSERT INTO EventRoster (ID, Event, Member, DateRegistered, Waitlisted) VALUES (244, 107, 156, '2025-08-09 04:12:13', FALSE);
INSERT INTO EventRoster (ID, Event, Member, DateRegistered, Waitlisted) VALUES (245, 107, 193, '2025-07-16 21:02:25', TRUE);
INSERT INTO EventRoster (ID, Event, Member, DateRegistered, Waitlisted) VALUES (246, 108, 107, '2025-07-19 01:41:34', FALSE);
INSERT INTO EventRoster (ID, Event, Member, DateRegistered, Waitlisted) VALUES (247, 108, 112, '2025-07-23 04:48:28', FALSE);
INSERT INTO EventRoster (ID, Event, Member, DateRegistered, Waitlisted) VALUES (248, 108, 186, '2025-08-04 05:01:27', FALSE);
INSERT INTO EventRoster (ID, Event, Member, DateRegistered, Waitlisted) VALUES (249, 108, 113, '2025-08-11 18:36:53', FALSE);
INSERT INTO EventRoster (ID, Event, Member, DateRegistered, Waitlisted) VALUES (250, 108, 198, '2025-08-06 17:53:23', FALSE);
INSERT INTO EventRoster (ID, Event, Member, DateRegistered, Waitlisted) VALUES (251, 108, 142, '2025-07-26 11:53:21', FALSE);
INSERT INTO EventRoster (ID, Event, Member, DateRegistered, Waitlisted) VALUES (252, 108, 128, '2025-07-15 09:45:34', FALSE);
INSERT INTO EventRoster (ID, Event, Member, DateRegistered, Waitlisted) VALUES (253, 108, 122, '2025-08-02 11:50:57', TRUE);
INSERT INTO EventRoster (ID, Event, Member, DateRegistered, Waitlisted) VALUES (254, 108, 140, '2025-08-08 06:17:41', TRUE);
INSERT INTO EventRoster (ID, Event, Member, DateRegistered, Waitlisted) VALUES (255, 108, 191, '2025-07-28 01:44:49', FALSE);
INSERT INTO EventRoster (ID, Event, Member, DateRegistered, Waitlisted) VALUES (256, 109, 118, '2025-07-21 01:31:36', FALSE);
INSERT INTO EventRoster (ID, Event, Member, DateRegistered, Waitlisted) VALUES (257, 109, 154, '2025-07-23 03:39:38', FALSE);
INSERT INTO EventRoster (ID, Event, Member, DateRegistered, Waitlisted) VALUES (258, 109, 134, '2025-07-31 22:36:02', FALSE);
INSERT INTO EventRoster (ID, Event, Member, DateRegistered, Waitlisted) VALUES (259, 109, 172, '2025-07-31 09:50:31', FALSE);
INSERT INTO EventRoster (ID, Event, Member, DateRegistered, Waitlisted) VALUES (260, 109, 155, '2025-08-13 08:35:10', FALSE);
INSERT INTO EventRoster (ID, Event, Member, DateRegistered, Waitlisted) VALUES (261, 109, 173, '2025-08-06 06:34:50', FALSE);
INSERT INTO EventRoster (ID, Event, Member, DateRegistered, Waitlisted) VALUES (262, 109, 128, '2025-08-04 04:18:40', TRUE);
INSERT INTO EventRoster (ID, Event, Member, DateRegistered, Waitlisted) VALUES (263, 109, 166, '2025-08-10 19:31:57', FALSE);
INSERT INTO EventRoster (ID, Event, Member, DateRegistered, Waitlisted) VALUES (264, 109, 196, '2025-07-22 07:22:52', FALSE);
INSERT INTO EventRoster (ID, Event, Member, DateRegistered, Waitlisted) VALUES (265, 109, 115, '2025-07-14 19:35:36', TRUE);
INSERT INTO EventRoster (ID, Event, Member, DateRegistered, Waitlisted) VALUES (266, 110, 115, '2025-08-04 19:24:14', FALSE);
INSERT INTO EventRoster (ID, Event, Member, DateRegistered, Waitlisted) VALUES (267, 110, 121, '2025-07-20 02:22:12', FALSE);
INSERT INTO EventRoster (ID, Event, Member, DateRegistered, Waitlisted) VALUES (268, 110, 102, '2025-08-08 15:05:36', FALSE);
INSERT INTO EventRoster (ID, Event, Member, DateRegistered, Waitlisted) VALUES (269, 110, 179, '2025-08-08 20:43:10', FALSE);
INSERT INTO EventRoster (ID, Event, Member, DateRegistered, Waitlisted) VALUES (270, 110, 166, '2025-07-17 17:41:24', FALSE);
INSERT INTO EventRoster (ID, Event, Member, DateRegistered, Waitlisted) VALUES (271, 110, 172, '2025-07-29 23:28:56', FALSE);
INSERT INTO EventRoster (ID, Event, Member, DateRegistered, Waitlisted) VALUES (272, 110, 155, '2025-07-29 01:40:11', FALSE);
INSERT INTO EventRoster (ID, Event, Member, DateRegistered, Waitlisted) VALUES (273, 110, 156, '2025-08-08 14:54:37', FALSE);
INSERT INTO EventRoster (ID, Event, Member, DateRegistered, Waitlisted) VALUES (274, 110, 139, '2025-07-29 03:05:58', FALSE);
INSERT INTO EventRoster (ID, Event, Member, DateRegistered, Waitlisted) VALUES (275, 110, 141, '2025-07-28 16:07:24', FALSE);
INSERT INTO EventRoster (ID, Event, Member, DateRegistered, Waitlisted) VALUES (276, 110, 104, '2025-08-04 10:20:12', TRUE);
INSERT INTO EventRoster (ID, Event, Member, DateRegistered, Waitlisted) VALUES (277, 110, 138, '2025-07-20 20:18:40', FALSE);
INSERT INTO EventRoster (ID, Event, Member, DateRegistered, Waitlisted) VALUES (278, 110, 122, '2025-08-08 21:05:51', FALSE);
INSERT INTO EventRoster (ID, Event, Member, DateRegistered, Waitlisted) VALUES (279, 110, 186, '2025-08-03 12:31:04', FALSE);
INSERT INTO EventRoster (ID, Event, Member, DateRegistered, Waitlisted) VALUES (280, 110, 174, '2025-07-25 20:55:51', FALSE);
INSERT INTO EventRoster (ID, Event, Member, DateRegistered, Waitlisted) VALUES (281, 110, 136, '2025-07-16 06:53:58', FALSE);
INSERT INTO EventRoster (ID, Event, Member, DateRegistered, Waitlisted) VALUES (282, 110, 162, '2025-08-08 15:45:13', FALSE);
INSERT INTO EventRoster (ID, Event, Member, DateRegistered, Waitlisted) VALUES (283, 110, 161, '2025-07-15 13:34:52', FALSE);
INSERT INTO EventRoster (ID, Event, Member, DateRegistered, Waitlisted) VALUES (284, 110, 124, '2025-07-21 11:27:58', FALSE);
INSERT INTO EventRoster (ID, Event, Member, DateRegistered, Waitlisted) VALUES (285, 110, 178, '2025-08-11 05:48:48', FALSE);
INSERT INTO EventRoster (ID, Event, Member, DateRegistered, Waitlisted) VALUES (286, 110, 193, '2025-08-06 05:27:02', FALSE);
INSERT INTO EventRoster (ID, Event, Member, DateRegistered, Waitlisted) VALUES (287, 110, 134, '2025-08-04 18:45:13', FALSE);
INSERT INTO EventRoster (ID, Event, Member, DateRegistered, Waitlisted) VALUES (288, 110, 164, '2025-08-02 23:22:11', FALSE);
INSERT INTO EventRoster (ID, Event, Member, DateRegistered, Waitlisted) VALUES (289, 111, 106, '2025-07-29 10:44:12', FALSE);
INSERT INTO EventRoster (ID, Event, Member, DateRegistered, Waitlisted) VALUES (290, 111, 127, '2025-07-19 05:47:32', FALSE);
INSERT INTO EventRoster (ID, Event, Member, DateRegistered, Waitlisted) VALUES (291, 111, 140, '2025-08-07 05:43:21', FALSE);
INSERT INTO EventRoster (ID, Event, Member, DateRegistered, Waitlisted) VALUES (292, 111, 126, '2025-07-30 01:01:24', FALSE);
INSERT INTO EventRoster (ID, Event, Member, DateRegistered, Waitlisted) VALUES (293, 111, 180, '2025-08-08 20:10:27', FALSE);
INSERT INTO EventRoster (ID, Event, Member, DateRegistered, Waitlisted) VALUES (294, 111, 191, '2025-07-27 19:39:10', TRUE);
INSERT INTO EventRoster (ID, Event, Member, DateRegistered, Waitlisted) VALUES (295, 111, 138, '2025-08-06 00:47:45', FALSE);
INSERT INTO EventRoster (ID, Event, Member, DateRegistered, Waitlisted) VALUES (296, 111, 104, '2025-08-08 10:56:33', FALSE);
INSERT INTO EventRoster (ID, Event, Member, DateRegistered, Waitlisted) VALUES (297, 111, 170, '2025-08-12 18:08:29', FALSE);
INSERT INTO EventRoster (ID, Event, Member, DateRegistered, Waitlisted) VALUES (298, 111, 186, '2025-08-06 15:07:40', FALSE);
INSERT INTO EventRoster (ID, Event, Member, DateRegistered, Waitlisted) VALUES (299, 111, 131, '2025-08-08 05:31:20', FALSE);
INSERT INTO EventRoster (ID, Event, Member, DateRegistered, Waitlisted) VALUES (300, 111, 199, '2025-07-23 02:34:01', TRUE);
INSERT INTO EventRoster (ID, Event, Member, DateRegistered, Waitlisted) VALUES (301, 111, 149, '2025-07-25 01:44:15', TRUE);
INSERT INTO EventRoster (ID, Event, Member, DateRegistered, Waitlisted) VALUES (302, 111, 112, '2025-07-16 22:22:07', FALSE);
INSERT INTO EventRoster (ID, Event, Member, DateRegistered, Waitlisted) VALUES (303, 111, 136, '2025-08-03 12:15:57', FALSE);
INSERT INTO EventRoster (ID, Event, Member, DateRegistered, Waitlisted) VALUES (304, 111, 167, '2025-07-20 22:42:31', FALSE);
INSERT INTO EventRoster (ID, Event, Member, DateRegistered, Waitlisted) VALUES (305, 111, 179, '2025-08-07 08:46:42', FALSE);
INSERT INTO EventRoster (ID, Event, Member, DateRegistered, Waitlisted) VALUES (306, 111, 187, '2025-08-10 01:33:41', FALSE);
INSERT INTO EventRoster (ID, Event, Member, DateRegistered, Waitlisted) VALUES (307, 111, 116, '2025-07-19 23:35:24', FALSE);
INSERT INTO EventRoster (ID, Event, Member, DateRegistered, Waitlisted) VALUES (308, 111, 150, '2025-07-26 14:23:51', FALSE);
INSERT INTO EventRoster (ID, Event, Member, DateRegistered, Waitlisted) VALUES (309, 111, 158, '2025-08-08 12:31:50', FALSE);
INSERT INTO EventRoster (ID, Event, Member, DateRegistered, Waitlisted) VALUES (310, 111, 182, '2025-08-03 15:11:56', FALSE);
INSERT INTO EventRoster (ID, Event, Member, DateRegistered, Waitlisted) VALUES (311, 111, 133, '2025-08-01 18:12:34', FALSE);
INSERT INTO EventRoster (ID, Event, Member, DateRegistered, Waitlisted) VALUES (312, 111, 173, '2025-07-18 13:35:33', FALSE);
INSERT INTO EventRoster (ID, Event, Member, DateRegistered, Waitlisted) VALUES (313, 111, 151, '2025-07-27 05:20:28', FALSE);
INSERT INTO EventRoster (ID, Event, Member, DateRegistered, Waitlisted) VALUES (314, 111, 139, '2025-07-21 06:30:31', FALSE);
INSERT INTO EventRoster (ID, Event, Member, DateRegistered, Waitlisted) VALUES (315, 112, 133, '2025-07-19 20:57:37', FALSE);
INSERT INTO EventRoster (ID, Event, Member, DateRegistered, Waitlisted) VALUES (316, 112, 139, '2025-07-28 13:54:00', FALSE);
INSERT INTO EventRoster (ID, Event, Member, DateRegistered, Waitlisted) VALUES (317, 112, 193, '2025-08-03 12:46:07', FALSE);
INSERT INTO EventRoster (ID, Event, Member, DateRegistered, Waitlisted) VALUES (318, 112, 178, '2025-08-02 13:32:07', FALSE);
INSERT INTO EventRoster (ID, Event, Member, DateRegistered, Waitlisted) VALUES (319, 112, 115, '2025-07-21 20:23:03', FALSE);
INSERT INTO EventRoster (ID, Event, Member, DateRegistered, Waitlisted) VALUES (320, 112, 135, '2025-08-04 20:51:28', FALSE);
INSERT INTO EventRoster (ID, Event, Member, DateRegistered, Waitlisted) VALUES (321, 112, 112, '2025-08-05 19:41:21', FALSE);
INSERT INTO EventRoster (ID, Event, Member, DateRegistered, Waitlisted) VALUES (322, 112, 127, '2025-07-22 21:47:54', FALSE);
INSERT INTO EventRoster (ID, Event, Member, DateRegistered, Waitlisted) VALUES (323, 112, 106, '2025-08-08 05:18:10', TRUE);
INSERT INTO EventRoster (ID, Event, Member, DateRegistered, Waitlisted) VALUES (324, 112, 185, '2025-08-13 01:05:23', FALSE);
INSERT INTO EventRoster (ID, Event, Member, DateRegistered, Waitlisted) VALUES (325, 112, 195, '2025-08-11 01:00:55', FALSE);
INSERT INTO EventRoster (ID, Event, Member, DateRegistered, Waitlisted) VALUES (326, 112, 118, '2025-08-12 17:53:29', FALSE);
INSERT INTO EventRoster (ID, Event, Member, DateRegistered, Waitlisted) VALUES (327, 112, 188, '2025-07-15 06:34:41', FALSE);
INSERT INTO EventRoster (ID, Event, Member, DateRegistered, Waitlisted) VALUES (328, 112, 174, '2025-07-27 13:38:31', FALSE);
INSERT INTO EventRoster (ID, Event, Member, DateRegistered, Waitlisted) VALUES (329, 112, 151, '2025-08-06 15:47:07', FALSE);
INSERT INTO EventRoster (ID, Event, Member, DateRegistered, Waitlisted) VALUES (330, 112, 182, '2025-07-19 06:51:44', FALSE);
INSERT INTO EventRoster (ID, Event, Member, DateRegistered, Waitlisted) VALUES (331, 112, 117, '2025-07-31 05:11:25', FALSE);
INSERT INTO EventRoster (ID, Event, Member, DateRegistered, Waitlisted) VALUES (332, 113, 196, '2025-07-23 06:52:53', FALSE);
INSERT INTO EventRoster (ID, Event, Member, DateRegistered, Waitlisted) VALUES (333, 113, 192, '2025-08-11 07:48:19', FALSE);
INSERT INTO EventRoster (ID, Event, Member, DateRegistered, Waitlisted) VALUES (334, 113, 172, '2025-07-19 09:33:24', FALSE);
INSERT INTO EventRoster (ID, Event, Member, DateRegistered, Waitlisted) VALUES (335, 113, 124, '2025-07-30 19:39:10', FALSE);
INSERT INTO EventRoster (ID, Event, Member, DateRegistered, Waitlisted) VALUES (336, 113, 173, '2025-08-09 13:23:06', FALSE);
INSERT INTO EventRoster (ID, Event, Member, DateRegistered, Waitlisted) VALUES (337, 113, 158, '2025-07-16 21:22:10', TRUE);
INSERT INTO EventRoster (ID, Event, Member, DateRegistered, Waitlisted) VALUES (338, 113, 122, '2025-07-29 19:43:15', FALSE);
INSERT INTO EventRoster (ID, Event, Member, DateRegistered, Waitlisted) VALUES (339, 113, 179, '2025-07-18 10:09:03', FALSE);
INSERT INTO EventRoster (ID, Event, Member, DateRegistered, Waitlisted) VALUES (340, 113, 181, '2025-07-16 15:49:55', FALSE);
INSERT INTO EventRoster (ID, Event, Member, DateRegistered, Waitlisted) VALUES (341, 113, 153, '2025-07-18 19:01:27', FALSE);
INSERT INTO EventRoster (ID, Event, Member, DateRegistered, Waitlisted) VALUES (342, 113, 195, '2025-07-21 15:05:33', TRUE);
INSERT INTO EventRoster (ID, Event, Member, DateRegistered, Waitlisted) VALUES (343, 113, 166, '2025-08-13 04:00:21', FALSE);
INSERT INTO EventRoster (ID, Event, Member, DateRegistered, Waitlisted) VALUES (344, 113, 171, '2025-07-28 07:59:23', FALSE);
INSERT INTO EventRoster (ID, Event, Member, DateRegistered, Waitlisted) VALUES (345, 113, 138, '2025-08-04 21:46:01', TRUE);
INSERT INTO EventRoster (ID, Event, Member, DateRegistered, Waitlisted) VALUES (346, 113, 156, '2025-08-03 12:27:15', FALSE);
INSERT INTO EventRoster (ID, Event, Member, DateRegistered, Waitlisted) VALUES (347, 113, 169, '2025-07-14 18:00:48', FALSE);
INSERT INTO EventRoster (ID, Event, Member, DateRegistered, Waitlisted) VALUES (348, 114, 115, '2025-08-09 20:40:55', FALSE);
INSERT INTO EventRoster (ID, Event, Member, DateRegistered, Waitlisted) VALUES (349, 114, 117, '2025-07-17 02:06:18', FALSE);
INSERT INTO EventRoster (ID, Event, Member, DateRegistered, Waitlisted) VALUES (350, 114, 177, '2025-08-13 09:11:36', FALSE);
INSERT INTO EventRoster (ID, Event, Member, DateRegistered, Waitlisted) VALUES (351, 114, 143, '2025-08-08 10:53:19', FALSE);
INSERT INTO EventRoster (ID, Event, Member, DateRegistered, Waitlisted) VALUES (352, 114, 164, '2025-07-30 21:48:03', FALSE);
INSERT INTO EventRoster (ID, Event, Member, DateRegistered, Waitlisted) VALUES (353, 114, 135, '2025-07-21 01:32:14', FALSE);
INSERT INTO EventRoster (ID, Event, Member, DateRegistered, Waitlisted) VALUES (354, 114, 161, '2025-07-29 23:36:52', FALSE);
INSERT INTO EventRoster (ID, Event, Member, DateRegistered, Waitlisted) VALUES (355, 114, 119, '2025-07-28 05:24:11', FALSE);
INSERT INTO EventRoster (ID, Event, Member, DateRegistered, Waitlisted) VALUES (356, 114, 131, '2025-08-13 05:24:10', FALSE);
INSERT INTO EventRoster (ID, Event, Member, DateRegistered, Waitlisted) VALUES (357, 114, 160, '2025-08-07 14:13:21', FALSE);
INSERT INTO EventRoster (ID, Event, Member, DateRegistered, Waitlisted) VALUES (358, 114, 105, '2025-07-25 04:01:28', FALSE);
INSERT INTO EventRoster (ID, Event, Member, DateRegistered, Waitlisted) VALUES (359, 114, 169, '2025-08-06 10:33:09', FALSE);
INSERT INTO EventRoster (ID, Event, Member, DateRegistered, Waitlisted) VALUES (360, 114, 195, '2025-08-12 20:33:55', FALSE);
INSERT INTO EventRoster (ID, Event, Member, DateRegistered, Waitlisted) VALUES (361, 114, 198, '2025-07-30 19:26:21', FALSE);
INSERT INTO EventRoster (ID, Event, Member, DateRegistered, Waitlisted) VALUES (362, 115, 125, '2025-07-17 04:10:33', FALSE);
INSERT INTO EventRoster (ID, Event, Member, DateRegistered, Waitlisted) VALUES (363, 115, 158, '2025-08-11 04:03:46', FALSE);
INSERT INTO EventRoster (ID, Event, Member, DateRegistered, Waitlisted) VALUES (364, 115, 105, '2025-07-24 12:53:16', FALSE);
INSERT INTO EventRoster (ID, Event, Member, DateRegistered, Waitlisted) VALUES (365, 115, 157, '2025-08-08 05:00:52', FALSE);
INSERT INTO EventRoster (ID, Event, Member, DateRegistered, Waitlisted) VALUES (366, 115, 189, '2025-08-04 14:23:14', FALSE);
INSERT INTO EventRoster (ID, Event, Member, DateRegistered, Waitlisted) VALUES (367, 115, 198, '2025-07-16 17:57:21', FALSE);
INSERT INTO EventRoster (ID, Event, Member, DateRegistered, Waitlisted) VALUES (368, 115, 181, '2025-08-06 16:00:06', FALSE);
INSERT INTO EventRoster (ID, Event, Member, DateRegistered, Waitlisted) VALUES (369, 115, 182, '2025-08-11 19:55:36', FALSE);
INSERT INTO EventRoster (ID, Event, Member, DateRegistered, Waitlisted) VALUES (370, 115, 179, '2025-08-07 23:31:33', FALSE);
INSERT INTO EventRoster (ID, Event, Member, DateRegistered, Waitlisted) VALUES (371, 115, 146, '2025-08-07 18:34:21', FALSE);
INSERT INTO EventRoster (ID, Event, Member, DateRegistered, Waitlisted) VALUES (372, 115, 145, '2025-08-10 12:07:48', FALSE);
INSERT INTO EventRoster (ID, Event, Member, DateRegistered, Waitlisted) VALUES (373, 115, 166, '2025-08-03 05:01:29', TRUE);
INSERT INTO EventRoster (ID, Event, Member, DateRegistered, Waitlisted) VALUES (374, 115, 127, '2025-08-03 11:51:29', FALSE);
INSERT INTO EventRoster (ID, Event, Member, DateRegistered, Waitlisted) VALUES (375, 115, 156, '2025-07-26 17:57:25', FALSE);
INSERT INTO EventRoster (ID, Event, Member, DateRegistered, Waitlisted) VALUES (376, 115, 110, '2025-08-09 19:04:31', FALSE);
INSERT INTO EventRoster (ID, Event, Member, DateRegistered, Waitlisted) VALUES (377, 115, 186, '2025-07-16 21:49:39', FALSE);
INSERT INTO EventRoster (ID, Event, Member, DateRegistered, Waitlisted) VALUES (378, 115, 100, '2025-07-23 15:09:54', TRUE);
INSERT INTO EventRoster (ID, Event, Member, DateRegistered, Waitlisted) VALUES (379, 115, 191, '2025-08-03 20:26:49', FALSE);
INSERT INTO EventRoster (ID, Event, Member, DateRegistered, Waitlisted) VALUES (380, 115, 142, '2025-07-29 04:41:50', TRUE);
INSERT INTO EventRoster (ID, Event, Member, DateRegistered, Waitlisted) VALUES (381, 115, 102, '2025-07-24 17:07:06', FALSE);
INSERT INTO EventRoster (ID, Event, Member, DateRegistered, Waitlisted) VALUES (382, 115, 197, '2025-08-11 21:07:53', FALSE);
INSERT INTO EventRoster (ID, Event, Member, DateRegistered, Waitlisted) VALUES (383, 115, 133, '2025-07-23 16:38:54', FALSE);
INSERT INTO EventRoster (ID, Event, Member, DateRegistered, Waitlisted) VALUES (384, 115, 168, '2025-07-23 00:52:00', FALSE);
INSERT INTO EventRoster (ID, Event, Member, DateRegistered, Waitlisted) VALUES (385, 115, 172, '2025-07-19 23:46:45', FALSE);
INSERT INTO EventRoster (ID, Event, Member, DateRegistered, Waitlisted) VALUES (386, 115, 150, '2025-07-15 06:44:02', TRUE);
INSERT INTO EventRoster (ID, Event, Member, DateRegistered, Waitlisted) VALUES (387, 115, 107, '2025-08-04 12:37:05', FALSE);
INSERT INTO EventRoster (ID, Event, Member, DateRegistered, Waitlisted) VALUES (388, 116, 168, '2025-07-26 06:43:31', FALSE);
INSERT INTO EventRoster (ID, Event, Member, DateRegistered, Waitlisted) VALUES (389, 116, 149, '2025-08-11 21:01:10', FALSE);
INSERT INTO EventRoster (ID, Event, Member, DateRegistered, Waitlisted) VALUES (390, 116, 157, '2025-07-31 13:13:48', FALSE);
INSERT INTO EventRoster (ID, Event, Member, DateRegistered, Waitlisted) VALUES (391, 116, 181, '2025-07-27 22:48:23', FALSE);
INSERT INTO EventRoster (ID, Event, Member, DateRegistered, Waitlisted) VALUES (392, 116, 151, '2025-07-24 19:03:35', FALSE);
INSERT INTO EventRoster (ID, Event, Member, DateRegistered, Waitlisted) VALUES (393, 116, 116, '2025-07-23 16:14:49', FALSE);
INSERT INTO EventRoster (ID, Event, Member, DateRegistered, Waitlisted) VALUES (394, 116, 114, '2025-07-16 02:41:06', FALSE);
INSERT INTO EventRoster (ID, Event, Member, DateRegistered, Waitlisted) VALUES (395, 116, 187, '2025-08-12 12:16:56', FALSE);
INSERT INTO EventRoster (ID, Event, Member, DateRegistered, Waitlisted) VALUES (396, 116, 119, '2025-08-03 16:28:27', FALSE);
INSERT INTO EventRoster (ID, Event, Member, DateRegistered, Waitlisted) VALUES (397, 116, 106, '2025-08-09 05:34:26', FALSE);
INSERT INTO EventRoster (ID, Event, Member, DateRegistered, Waitlisted) VALUES (398, 117, 139, '2025-07-18 10:19:11', FALSE);
INSERT INTO EventRoster (ID, Event, Member, DateRegistered, Waitlisted) VALUES (399, 117, 129, '2025-07-22 09:58:06', FALSE);
INSERT INTO EventRoster (ID, Event, Member, DateRegistered, Waitlisted) VALUES (400, 117, 167, '2025-07-29 18:41:49', FALSE);
INSERT INTO EventRoster (ID, Event, Member, DateRegistered, Waitlisted) VALUES (401, 117, 199, '2025-08-02 16:42:32', FALSE);
INSERT INTO EventRoster (ID, Event, Member, DateRegistered, Waitlisted) VALUES (402, 117, 138, '2025-07-15 12:59:47', FALSE);
INSERT INTO EventRoster (ID, Event, Member, DateRegistered, Waitlisted) VALUES (403, 117, 174, '2025-08-08 18:07:06', FALSE);
INSERT INTO EventRoster (ID, Event, Member, DateRegistered, Waitlisted) VALUES (404, 117, 175, '2025-07-18 11:19:03', FALSE);
INSERT INTO EventRoster (ID, Event, Member, DateRegistered, Waitlisted) VALUES (405, 117, 134, '2025-07-24 00:57:44', FALSE);
INSERT INTO EventRoster (ID, Event, Member, DateRegistered, Waitlisted) VALUES (406, 117, 110, '2025-08-13 05:59:38', FALSE);
INSERT INTO EventRoster (ID, Event, Member, DateRegistered, Waitlisted) VALUES (407, 117, 135, '2025-07-30 21:17:50', FALSE);
INSERT INTO EventRoster (ID, Event, Member, DateRegistered, Waitlisted) VALUES (408, 117, 198, '2025-07-21 11:43:41', FALSE);
INSERT INTO EventRoster (ID, Event, Member, DateRegistered, Waitlisted) VALUES (409, 118, 124, '2025-07-22 03:27:55', FALSE);
INSERT INTO EventRoster (ID, Event, Member, DateRegistered, Waitlisted) VALUES (410, 118, 130, '2025-07-30 15:29:15', FALSE);
INSERT INTO EventRoster (ID, Event, Member, DateRegistered, Waitlisted) VALUES (411, 118, 198, '2025-07-14 20:34:39', FALSE);
INSERT INTO EventRoster (ID, Event, Member, DateRegistered, Waitlisted) VALUES (412, 118, 119, '2025-08-12 03:08:02', FALSE);
INSERT INTO EventRoster (ID, Event, Member, DateRegistered, Waitlisted) VALUES (413, 118, 195, '2025-07-28 09:31:06', FALSE);
INSERT INTO EventRoster (ID, Event, Member, DateRegistered, Waitlisted) VALUES (414, 118, 117, '2025-07-20 18:29:04', FALSE);
INSERT INTO EventRoster (ID, Event, Member, DateRegistered, Waitlisted) VALUES (415, 118, 171, '2025-07-19 19:46:11', FALSE);
INSERT INTO EventRoster (ID, Event, Member, DateRegistered, Waitlisted) VALUES (416, 118, 118, '2025-08-03 03:56:20', FALSE);
INSERT INTO EventRoster (ID, Event, Member, DateRegistered, Waitlisted) VALUES (417, 119, 152, '2025-07-24 11:16:17', TRUE);
INSERT INTO EventRoster (ID, Event, Member, DateRegistered, Waitlisted) VALUES (418, 119, 193, '2025-07-20 12:53:27', FALSE);
INSERT INTO EventRoster (ID, Event, Member, DateRegistered, Waitlisted) VALUES (419, 119, 145, '2025-07-18 02:59:02', FALSE);
INSERT INTO EventRoster (ID, Event, Member, DateRegistered, Waitlisted) VALUES (420, 119, 134, '2025-07-16 14:24:14', TRUE);
INSERT INTO EventRoster (ID, Event, Member, DateRegistered, Waitlisted) VALUES (421, 119, 181, '2025-07-15 17:00:31', FALSE);
INSERT INTO EventRoster (ID, Event, Member, DateRegistered, Waitlisted) VALUES (422, 119, 117, '2025-08-09 04:23:21', FALSE);
INSERT INTO EventRoster (ID, Event, Member, DateRegistered, Waitlisted) VALUES (423, 119, 173, '2025-08-10 08:39:11', FALSE);
INSERT INTO EventRoster (ID, Event, Member, DateRegistered, Waitlisted) VALUES (424, 119, 124, '2025-08-04 08:23:21', FALSE);
INSERT INTO EventRoster (ID, Event, Member, DateRegistered, Waitlisted) VALUES (425, 119, 106, '2025-08-02 03:11:46', FALSE);
INSERT INTO EventRoster (ID, Event, Member, DateRegistered, Waitlisted) VALUES (426, 119, 142, '2025-08-08 05:11:59', FALSE);
INSERT INTO EventRoster (ID, Event, Member, DateRegistered, Waitlisted) VALUES (427, 119, 107, '2025-08-02 11:04:35', FALSE);
INSERT INTO EventRoster (ID, Event, Member, DateRegistered, Waitlisted) VALUES (428, 119, 191, '2025-07-28 09:38:43', TRUE);
INSERT INTO EventRoster (ID, Event, Member, DateRegistered, Waitlisted) VALUES (429, 119, 163, '2025-08-09 11:10:56', FALSE);
INSERT INTO EventRoster (ID, Event, Member, DateRegistered, Waitlisted) VALUES (430, 119, 158, '2025-08-09 08:24:52', FALSE);
INSERT INTO EventRoster (ID, Event, Member, DateRegistered, Waitlisted) VALUES (431, 119, 195, '2025-07-30 18:14:19', FALSE);
INSERT INTO EventRoster (ID, Event, Member, DateRegistered, Waitlisted) VALUES (432, 119, 122, '2025-07-30 18:18:32', TRUE);
INSERT INTO EventRoster (ID, Event, Member, DateRegistered, Waitlisted) VALUES (433, 119, 171, '2025-07-15 05:04:20', FALSE);
INSERT INTO EventRoster (ID, Event, Member, DateRegistered, Waitlisted) VALUES (434, 119, 103, '2025-08-10 14:32:43', FALSE);
INSERT INTO EventRoster (ID, Event, Member, DateRegistered, Waitlisted) VALUES (435, 119, 136, '2025-08-11 16:28:57', FALSE);
INSERT INTO EventRoster (ID, Event, Member, DateRegistered, Waitlisted) VALUES (436, 119, 151, '2025-08-01 00:03:21', FALSE);
INSERT INTO EventRoster (ID, Event, Member, DateRegistered, Waitlisted) VALUES (437, 119, 178, '2025-07-23 16:22:46', FALSE);
INSERT INTO EventRoster (ID, Event, Member, DateRegistered, Waitlisted) VALUES (438, 119, 111, '2025-07-20 18:12:38', FALSE);
INSERT INTO EventRoster (ID, Event, Member, DateRegistered, Waitlisted) VALUES (439, 120, 109, '2025-08-08 22:42:00', TRUE);
INSERT INTO EventRoster (ID, Event, Member, DateRegistered, Waitlisted) VALUES (440, 120, 146, '2025-07-27 12:45:20', FALSE);
INSERT INTO EventRoster (ID, Event, Member, DateRegistered, Waitlisted) VALUES (441, 120, 198, '2025-08-09 03:10:21', FALSE);
INSERT INTO EventRoster (ID, Event, Member, DateRegistered, Waitlisted) VALUES (442, 120, 134, '2025-08-09 08:49:52', FALSE);
INSERT INTO EventRoster (ID, Event, Member, DateRegistered, Waitlisted) VALUES (443, 120, 147, '2025-07-30 08:56:02', FALSE);
INSERT INTO EventRoster (ID, Event, Member, DateRegistered, Waitlisted) VALUES (444, 120, 192, '2025-07-29 06:32:29', FALSE);
INSERT INTO EventRoster (ID, Event, Member, DateRegistered, Waitlisted) VALUES (445, 120, 125, '2025-07-31 05:52:57', FALSE);
INSERT INTO EventRoster (ID, Event, Member, DateRegistered, Waitlisted) VALUES (446, 120, 124, '2025-08-03 20:02:23', FALSE);
INSERT INTO EventRoster (ID, Event, Member, DateRegistered, Waitlisted) VALUES (447, 120, 113, '2025-08-04 13:19:12', FALSE);
INSERT INTO EventRoster (ID, Event, Member, DateRegistered, Waitlisted) VALUES (448, 120, 169, '2025-07-23 09:56:11', FALSE);
INSERT INTO EventRoster (ID, Event, Member, DateRegistered, Waitlisted) VALUES (449, 120, 103, '2025-07-14 14:40:58', FALSE);
INSERT INTO EventRoster (ID, Event, Member, DateRegistered, Waitlisted) VALUES (450, 120, 197, '2025-07-19 20:23:13', FALSE);
INSERT INTO EventRoster (ID, Event, Member, DateRegistered, Waitlisted) VALUES (451, 120, 120, '2025-08-11 16:59:22', FALSE);
INSERT INTO EventRoster (ID, Event, Member, DateRegistered, Waitlisted) VALUES (452, 120, 154, '2025-07-17 01:24:58', FALSE);
INSERT INTO EventRoster (ID, Event, Member, DateRegistered, Waitlisted) VALUES (453, 120, 127, '2025-07-22 02:30:40', FALSE);
INSERT INTO EventRoster (ID, Event, Member, DateRegistered, Waitlisted) VALUES (454, 120, 143, '2025-07-29 13:50:50', FALSE);
INSERT INTO EventRoster (ID, Event, Member, DateRegistered, Waitlisted) VALUES (455, 120, 126, '2025-08-12 13:58:45', FALSE);
INSERT INTO EventRoster (ID, Event, Member, DateRegistered, Waitlisted) VALUES (456, 120, 186, '2025-07-26 09:59:17', FALSE);
INSERT INTO EventRoster (ID, Event, Member, DateRegistered, Waitlisted) VALUES (457, 120, 190, '2025-07-26 01:22:53', FALSE);
INSERT INTO EventRoster (ID, Event, Member, DateRegistered, Waitlisted) VALUES (458, 120, 160, '2025-08-09 20:46:27', FALSE);
INSERT INTO EventRoster (ID, Event, Member, DateRegistered, Waitlisted) VALUES (459, 121, 104, '2025-08-05 12:25:11', FALSE);
INSERT INTO EventRoster (ID, Event, Member, DateRegistered, Waitlisted) VALUES (460, 121, 183, '2025-07-23 21:24:30', FALSE);
INSERT INTO EventRoster (ID, Event, Member, DateRegistered, Waitlisted) VALUES (461, 121, 155, '2025-08-03 15:13:47', FALSE);
INSERT INTO EventRoster (ID, Event, Member, DateRegistered, Waitlisted) VALUES (462, 121, 176, '2025-08-10 00:58:17', TRUE);
INSERT INTO EventRoster (ID, Event, Member, DateRegistered, Waitlisted) VALUES (463, 121, 113, '2025-07-19 23:36:19', FALSE);
INSERT INTO EventRoster (ID, Event, Member, DateRegistered, Waitlisted) VALUES (464, 121, 111, '2025-07-29 04:59:13', FALSE);
INSERT INTO EventRoster (ID, Event, Member, DateRegistered, Waitlisted) VALUES (465, 121, 173, '2025-07-15 08:58:59', FALSE);
INSERT INTO EventRoster (ID, Event, Member, DateRegistered, Waitlisted) VALUES (466, 121, 187, '2025-07-24 08:22:35', FALSE);
INSERT INTO EventRoster (ID, Event, Member, DateRegistered, Waitlisted) VALUES (467, 121, 132, '2025-07-29 02:51:16', FALSE);
INSERT INTO EventRoster (ID, Event, Member, DateRegistered, Waitlisted) VALUES (468, 121, 178, '2025-07-30 23:01:35', FALSE);
INSERT INTO EventRoster (ID, Event, Member, DateRegistered, Waitlisted) VALUES (469, 121, 179, '2025-07-15 01:52:44', FALSE);
INSERT INTO EventRoster (ID, Event, Member, DateRegistered, Waitlisted) VALUES (470, 121, 100, '2025-07-20 14:04:40', FALSE);
INSERT INTO EventRoster (ID, Event, Member, DateRegistered, Waitlisted) VALUES (471, 121, 190, '2025-07-28 04:45:09', FALSE);
INSERT INTO EventRoster (ID, Event, Member, DateRegistered, Waitlisted) VALUES (472, 121, 151, '2025-07-17 20:40:39', FALSE);
INSERT INTO EventRoster (ID, Event, Member, DateRegistered, Waitlisted) VALUES (473, 121, 130, '2025-08-12 01:56:21', FALSE);
INSERT INTO EventRoster (ID, Event, Member, DateRegistered, Waitlisted) VALUES (474, 121, 168, '2025-07-30 11:13:04', FALSE);
INSERT INTO EventRoster (ID, Event, Member, DateRegistered, Waitlisted) VALUES (475, 121, 160, '2025-08-11 20:25:16', FALSE);
INSERT INTO EventRoster (ID, Event, Member, DateRegistered, Waitlisted) VALUES (476, 121, 197, '2025-08-07 09:47:35', FALSE);
INSERT INTO EventRoster (ID, Event, Member, DateRegistered, Waitlisted) VALUES (477, 121, 180, '2025-07-24 02:30:40', FALSE);
INSERT INTO EventRoster (ID, Event, Member, DateRegistered, Waitlisted) VALUES (478, 122, 122, '2025-07-14 13:23:59', FALSE);
INSERT INTO EventRoster (ID, Event, Member, DateRegistered, Waitlisted) VALUES (479, 122, 182, '2025-07-23 00:17:45', FALSE);
INSERT INTO EventRoster (ID, Event, Member, DateRegistered, Waitlisted) VALUES (480, 122, 170, '2025-07-27 14:43:12', FALSE);
INSERT INTO EventRoster (ID, Event, Member, DateRegistered, Waitlisted) VALUES (481, 122, 163, '2025-07-18 10:18:36', FALSE);
INSERT INTO EventRoster (ID, Event, Member, DateRegistered, Waitlisted) VALUES (482, 122, 180, '2025-07-14 21:34:46', FALSE);
INSERT INTO EventRoster (ID, Event, Member, DateRegistered, Waitlisted) VALUES (483, 122, 146, '2025-07-31 14:24:49', FALSE);
INSERT INTO EventRoster (ID, Event, Member, DateRegistered, Waitlisted) VALUES (484, 122, 136, '2025-07-19 18:51:37', FALSE);
INSERT INTO EventRoster (ID, Event, Member, DateRegistered, Waitlisted) VALUES (485, 122, 175, '2025-08-06 17:30:24', FALSE);
INSERT INTO EventRoster (ID, Event, Member, DateRegistered, Waitlisted) VALUES (486, 122, 198, '2025-08-03 02:04:17', FALSE);
INSERT INTO EventRoster (ID, Event, Member, DateRegistered, Waitlisted) VALUES (487, 122, 177, '2025-07-17 23:31:10', FALSE);
INSERT INTO EventRoster (ID, Event, Member, DateRegistered, Waitlisted) VALUES (488, 122, 149, '2025-08-07 19:21:16', FALSE);
INSERT INTO EventRoster (ID, Event, Member, DateRegistered, Waitlisted) VALUES (489, 123, 121, '2025-08-12 11:49:16', FALSE);
INSERT INTO EventRoster (ID, Event, Member, DateRegistered, Waitlisted) VALUES (490, 123, 152, '2025-07-23 11:40:01', FALSE);
INSERT INTO EventRoster (ID, Event, Member, DateRegistered, Waitlisted) VALUES (491, 123, 149, '2025-07-30 17:09:53', FALSE);
INSERT INTO EventRoster (ID, Event, Member, DateRegistered, Waitlisted) VALUES (492, 123, 155, '2025-08-10 07:00:55', FALSE);
INSERT INTO EventRoster (ID, Event, Member, DateRegistered, Waitlisted) VALUES (493, 123, 102, '2025-08-11 18:02:42', FALSE);
INSERT INTO EventRoster (ID, Event, Member, DateRegistered, Waitlisted) VALUES (494, 123, 119, '2025-07-18 08:15:54', TRUE);
INSERT INTO EventRoster (ID, Event, Member, DateRegistered, Waitlisted) VALUES (495, 123, 188, '2025-07-26 20:59:14', FALSE);
INSERT INTO EventRoster (ID, Event, Member, DateRegistered, Waitlisted) VALUES (496, 123, 127, '2025-08-10 04:39:40', FALSE);
INSERT INTO EventRoster (ID, Event, Member, DateRegistered, Waitlisted) VALUES (497, 123, 125, '2025-08-02 09:43:21', FALSE);
INSERT INTO EventRoster (ID, Event, Member, DateRegistered, Waitlisted) VALUES (498, 123, 169, '2025-07-27 11:38:31', FALSE);
INSERT INTO EventRoster (ID, Event, Member, DateRegistered, Waitlisted) VALUES (499, 123, 151, '2025-07-23 12:19:26', FALSE);
INSERT INTO EventRoster (ID, Event, Member, DateRegistered, Waitlisted) VALUES (500, 123, 197, '2025-08-04 15:45:10', FALSE);
INSERT INTO EventRoster (ID, Event, Member, DateRegistered, Waitlisted) VALUES (501, 123, 168, '2025-08-04 05:58:48', FALSE);
INSERT INTO EventRoster (ID, Event, Member, DateRegistered, Waitlisted) VALUES (502, 123, 114, '2025-07-22 00:14:19', FALSE);
INSERT INTO EventRoster (ID, Event, Member, DateRegistered, Waitlisted) VALUES (503, 123, 138, '2025-07-28 23:32:17', FALSE);
INSERT INTO EventRoster (ID, Event, Member, DateRegistered, Waitlisted) VALUES (504, 123, 140, '2025-07-22 07:17:35', FALSE);
INSERT INTO EventRoster (ID, Event, Member, DateRegistered, Waitlisted) VALUES (505, 123, 181, '2025-07-27 11:04:31', FALSE);
INSERT INTO EventRoster (ID, Event, Member, DateRegistered, Waitlisted) VALUES (506, 123, 176, '2025-07-24 20:24:39', FALSE);
INSERT INTO EventRoster (ID, Event, Member, DateRegistered, Waitlisted) VALUES (507, 123, 193, '2025-07-29 07:20:21', FALSE);
INSERT INTO EventRoster (ID, Event, Member, DateRegistered, Waitlisted) VALUES (508, 123, 128, '2025-08-10 19:22:46', FALSE);
INSERT INTO EventRoster (ID, Event, Member, DateRegistered, Waitlisted) VALUES (509, 124, 190, '2025-07-23 06:40:08', FALSE);
INSERT INTO EventRoster (ID, Event, Member, DateRegistered, Waitlisted) VALUES (510, 124, 147, '2025-07-21 22:08:42', FALSE);
INSERT INTO EventRoster (ID, Event, Member, DateRegistered, Waitlisted) VALUES (511, 124, 125, '2025-07-25 12:28:37', FALSE);
INSERT INTO EventRoster (ID, Event, Member, DateRegistered, Waitlisted) VALUES (512, 124, 164, '2025-08-03 07:37:54', TRUE);
INSERT INTO EventRoster (ID, Event, Member, DateRegistered, Waitlisted) VALUES (513, 124, 141, '2025-08-10 15:40:21', FALSE);
INSERT INTO EventRoster (ID, Event, Member, DateRegistered, Waitlisted) VALUES (514, 124, 123, '2025-07-29 09:13:14', FALSE);
INSERT INTO EventRoster (ID, Event, Member, DateRegistered, Waitlisted) VALUES (515, 124, 196, '2025-07-20 04:07:17', FALSE);
INSERT INTO EventRoster (ID, Event, Member, DateRegistered, Waitlisted) VALUES (516, 124, 177, '2025-07-21 04:38:37', TRUE);
INSERT INTO EventRoster (ID, Event, Member, DateRegistered, Waitlisted) VALUES (517, 124, 169, '2025-07-18 03:50:11', FALSE);
INSERT INTO EventRoster (ID, Event, Member, DateRegistered, Waitlisted) VALUES (518, 124, 144, '2025-08-07 13:46:56', FALSE);
INSERT INTO EventRoster (ID, Event, Member, DateRegistered, Waitlisted) VALUES (519, 124, 184, '2025-08-04 09:39:26', FALSE);
INSERT INTO EventRoster (ID, Event, Member, DateRegistered, Waitlisted) VALUES (520, 124, 161, '2025-08-06 21:01:38', FALSE);
INSERT INTO EventRoster (ID, Event, Member, DateRegistered, Waitlisted) VALUES (521, 124, 109, '2025-08-06 14:29:40', FALSE);
INSERT INTO EventRoster (ID, Event, Member, DateRegistered, Waitlisted) VALUES (522, 124, 132, '2025-07-15 09:11:29', FALSE);
INSERT INTO EventRoster (ID, Event, Member, DateRegistered, Waitlisted) VALUES (523, 124, 175, '2025-08-03 16:12:34', FALSE);
INSERT INTO EventRoster (ID, Event, Member, DateRegistered, Waitlisted) VALUES (524, 124, 122, '2025-08-04 10:09:40', FALSE);
INSERT INTO EventRoster (ID, Event, Member, DateRegistered, Waitlisted) VALUES (525, 124, 188, '2025-07-28 03:50:27', FALSE);
INSERT INTO EventRoster (ID, Event, Member, DateRegistered, Waitlisted) VALUES (526, 124, 181, '2025-07-15 21:15:15', FALSE);
INSERT INTO EventRoster (ID, Event, Member, DateRegistered, Waitlisted) VALUES (527, 124, 127, '2025-07-30 14:33:57', FALSE);
INSERT INTO EventRoster (ID, Event, Member, DateRegistered, Waitlisted) VALUES (528, 124, 107, '2025-08-08 18:08:45', FALSE);
INSERT INTO EventRoster (ID, Event, Member, DateRegistered, Waitlisted) VALUES (529, 124, 199, '2025-07-23 05:00:34', FALSE);
INSERT INTO EventRoster (ID, Event, Member, DateRegistered, Waitlisted) VALUES (530, 124, 191, '2025-07-15 20:49:12', FALSE);
INSERT INTO EventRoster (ID, Event, Member, DateRegistered, Waitlisted) VALUES (531, 124, 149, '2025-08-11 13:32:48', FALSE);
INSERT INTO EventRoster (ID, Event, Member, DateRegistered, Waitlisted) VALUES (532, 125, 188, '2025-07-15 22:12:19', FALSE);
INSERT INTO EventRoster (ID, Event, Member, DateRegistered, Waitlisted) VALUES (533, 125, 128, '2025-08-12 03:45:44', FALSE);
INSERT INTO EventRoster (ID, Event, Member, DateRegistered, Waitlisted) VALUES (534, 125, 140, '2025-07-22 07:26:15', FALSE);
INSERT INTO EventRoster (ID, Event, Member, DateRegistered, Waitlisted) VALUES (535, 125, 183, '2025-07-15 06:52:27', FALSE);
INSERT INTO EventRoster (ID, Event, Member, DateRegistered, Waitlisted) VALUES (536, 125, 190, '2025-08-03 23:01:52', FALSE);
INSERT INTO EventRoster (ID, Event, Member, DateRegistered, Waitlisted) VALUES (537, 125, 193, '2025-08-04 17:35:26', FALSE);
INSERT INTO EventRoster (ID, Event, Member, DateRegistered, Waitlisted) VALUES (538, 125, 152, '2025-07-19 20:39:55', FALSE);
INSERT INTO EventRoster (ID, Event, Member, DateRegistered, Waitlisted) VALUES (539, 125, 130, '2025-07-23 06:42:27', FALSE);
INSERT INTO EventRoster (ID, Event, Member, DateRegistered, Waitlisted) VALUES (540, 125, 138, '2025-07-30 07:13:03', FALSE);
INSERT INTO EventRoster (ID, Event, Member, DateRegistered, Waitlisted) VALUES (541, 125, 159, '2025-07-30 02:09:12', FALSE);
INSERT INTO EventRoster (ID, Event, Member, DateRegistered, Waitlisted) VALUES (542, 125, 164, '2025-07-22 19:00:01', FALSE);
INSERT INTO EventRoster (ID, Event, Member, DateRegistered, Waitlisted) VALUES (543, 125, 191, '2025-08-03 06:42:51', FALSE);
INSERT INTO EventRoster (ID, Event, Member, DateRegistered, Waitlisted) VALUES (544, 125, 127, '2025-08-03 18:31:43', FALSE);
INSERT INTO EventRoster (ID, Event, Member, DateRegistered, Waitlisted) VALUES (545, 125, 119, '2025-07-18 18:38:59', FALSE);
INSERT INTO EventRoster (ID, Event, Member, DateRegistered, Waitlisted) VALUES (546, 125, 157, '2025-07-16 00:01:16', FALSE);
INSERT INTO EventRoster (ID, Event, Member, DateRegistered, Waitlisted) VALUES (547, 125, 133, '2025-07-21 06:57:50', TRUE);
INSERT INTO EventRoster (ID, Event, Member, DateRegistered, Waitlisted) VALUES (548, 125, 187, '2025-07-20 22:46:07', FALSE);
INSERT INTO EventRoster (ID, Event, Member, DateRegistered, Waitlisted) VALUES (549, 125, 175, '2025-07-25 16:57:09', FALSE);
INSERT INTO EventRoster (ID, Event, Member, DateRegistered, Waitlisted) VALUES (550, 125, 143, '2025-07-14 13:59:26', FALSE);
INSERT INTO EventRoster (ID, Event, Member, DateRegistered, Waitlisted) VALUES (551, 125, 106, '2025-07-30 02:29:16', TRUE);
INSERT INTO EventRoster (ID, Event, Member, DateRegistered, Waitlisted) VALUES (552, 125, 199, '2025-08-12 01:48:45', FALSE);
INSERT INTO EventRoster (ID, Event, Member, DateRegistered, Waitlisted) VALUES (553, 125, 115, '2025-07-20 05:46:16', FALSE);
INSERT INTO EventRoster (ID, Event, Member, DateRegistered, Waitlisted) VALUES (554, 126, 128, '2025-07-30 08:29:23', FALSE);
INSERT INTO EventRoster (ID, Event, Member, DateRegistered, Waitlisted) VALUES (555, 126, 141, '2025-07-21 15:05:05', FALSE);
INSERT INTO EventRoster (ID, Event, Member, DateRegistered, Waitlisted) VALUES (556, 126, 105, '2025-07-29 05:12:53', FALSE);
INSERT INTO EventRoster (ID, Event, Member, DateRegistered, Waitlisted) VALUES (557, 126, 147, '2025-07-27 19:48:03', FALSE);
INSERT INTO EventRoster (ID, Event, Member, DateRegistered, Waitlisted) VALUES (558, 126, 185, '2025-08-12 13:56:25', FALSE);
INSERT INTO EventRoster (ID, Event, Member, DateRegistered, Waitlisted) VALUES (559, 126, 178, '2025-07-25 12:57:07', FALSE);
INSERT INTO EventRoster (ID, Event, Member, DateRegistered, Waitlisted) VALUES (560, 126, 184, '2025-08-04 13:14:03', FALSE);
INSERT INTO EventRoster (ID, Event, Member, DateRegistered, Waitlisted) VALUES (561, 126, 130, '2025-07-31 00:27:36', FALSE);
INSERT INTO EventRoster (ID, Event, Member, DateRegistered, Waitlisted) VALUES (562, 126, 107, '2025-08-12 11:55:00', FALSE);
INSERT INTO EventRoster (ID, Event, Member, DateRegistered, Waitlisted) VALUES (563, 126, 135, '2025-07-31 21:31:47', FALSE);
INSERT INTO EventRoster (ID, Event, Member, DateRegistered, Waitlisted) VALUES (564, 126, 170, '2025-07-26 15:42:46', FALSE);
INSERT INTO EventRoster (ID, Event, Member, DateRegistered, Waitlisted) VALUES (565, 126, 176, '2025-08-03 21:14:16', FALSE);
INSERT INTO EventRoster (ID, Event, Member, DateRegistered, Waitlisted) VALUES (566, 126, 155, '2025-07-21 21:21:50', FALSE);
INSERT INTO EventRoster (ID, Event, Member, DateRegistered, Waitlisted) VALUES (567, 126, 189, '2025-08-11 09:25:44', FALSE);
INSERT INTO EventRoster (ID, Event, Member, DateRegistered, Waitlisted) VALUES (568, 126, 118, '2025-07-28 16:35:21', FALSE);
INSERT INTO EventRoster (ID, Event, Member, DateRegistered, Waitlisted) VALUES (569, 126, 140, '2025-07-16 00:25:51', FALSE);
INSERT INTO EventRoster (ID, Event, Member, DateRegistered, Waitlisted) VALUES (570, 126, 198, '2025-08-01 15:02:54', FALSE);
INSERT INTO EventRoster (ID, Event, Member, DateRegistered, Waitlisted) VALUES (571, 126, 191, '2025-08-10 10:04:07', FALSE);
INSERT INTO EventRoster (ID, Event, Member, DateRegistered, Waitlisted) VALUES (572, 126, 125, '2025-08-05 10:25:04', FALSE);
INSERT INTO EventRoster (ID, Event, Member, DateRegistered, Waitlisted) VALUES (573, 126, 145, '2025-07-31 01:47:54', FALSE);
INSERT INTO EventRoster (ID, Event, Member, DateRegistered, Waitlisted) VALUES (574, 126, 119, '2025-08-11 09:48:38', FALSE);
INSERT INTO EventRoster (ID, Event, Member, DateRegistered, Waitlisted) VALUES (575, 127, 107, '2025-07-21 00:02:59', FALSE);
INSERT INTO EventRoster (ID, Event, Member, DateRegistered, Waitlisted) VALUES (576, 127, 146, '2025-07-22 23:21:55', FALSE);
INSERT INTO EventRoster (ID, Event, Member, DateRegistered, Waitlisted) VALUES (577, 127, 174, '2025-07-18 18:17:03', FALSE);
INSERT INTO EventRoster (ID, Event, Member, DateRegistered, Waitlisted) VALUES (578, 127, 130, '2025-07-27 15:42:30', FALSE);
INSERT INTO EventRoster (ID, Event, Member, DateRegistered, Waitlisted) VALUES (579, 127, 160, '2025-07-20 09:37:58', TRUE);
INSERT INTO EventRoster (ID, Event, Member, DateRegistered, Waitlisted) VALUES (580, 127, 120, '2025-08-09 02:30:38', FALSE);
INSERT INTO EventRoster (ID, Event, Member, DateRegistered, Waitlisted) VALUES (581, 127, 114, '2025-08-13 04:31:56', FALSE);
INSERT INTO EventRoster (ID, Event, Member, DateRegistered, Waitlisted) VALUES (582, 127, 150, '2025-08-06 07:59:17', FALSE);
INSERT INTO EventRoster (ID, Event, Member, DateRegistered, Waitlisted) VALUES (583, 127, 159, '2025-07-31 01:40:08', FALSE);
INSERT INTO EventRoster (ID, Event, Member, DateRegistered, Waitlisted) VALUES (584, 127, 169, '2025-08-05 03:22:02', FALSE);
INSERT INTO EventRoster (ID, Event, Member, DateRegistered, Waitlisted) VALUES (585, 127, 199, '2025-08-10 03:20:15', FALSE);
INSERT INTO EventRoster (ID, Event, Member, DateRegistered, Waitlisted) VALUES (586, 127, 171, '2025-07-17 03:18:37', FALSE);
INSERT INTO EventRoster (ID, Event, Member, DateRegistered, Waitlisted) VALUES (587, 127, 138, '2025-08-03 12:01:33', FALSE);
INSERT INTO EventRoster (ID, Event, Member, DateRegistered, Waitlisted) VALUES (588, 127, 157, '2025-07-26 00:32:51', FALSE);
INSERT INTO EventRoster (ID, Event, Member, DateRegistered, Waitlisted) VALUES (589, 127, 116, '2025-07-28 23:07:21', FALSE);
INSERT INTO EventRoster (ID, Event, Member, DateRegistered, Waitlisted) VALUES (590, 128, 159, '2025-07-25 04:42:23', FALSE);
INSERT INTO EventRoster (ID, Event, Member, DateRegistered, Waitlisted) VALUES (591, 128, 112, '2025-07-15 15:21:48', FALSE);
INSERT INTO EventRoster (ID, Event, Member, DateRegistered, Waitlisted) VALUES (592, 128, 108, '2025-07-25 15:18:06', FALSE);
INSERT INTO EventRoster (ID, Event, Member, DateRegistered, Waitlisted) VALUES (593, 128, 170, '2025-08-06 03:37:47', FALSE);
INSERT INTO EventRoster (ID, Event, Member, DateRegistered, Waitlisted) VALUES (594, 128, 148, '2025-07-20 13:38:37', FALSE);
INSERT INTO EventRoster (ID, Event, Member, DateRegistered, Waitlisted) VALUES (595, 128, 139, '2025-07-15 18:16:42', FALSE);
INSERT INTO EventRoster (ID, Event, Member, DateRegistered, Waitlisted) VALUES (596, 128, 152, '2025-07-29 15:33:20', FALSE);
INSERT INTO EventRoster (ID, Event, Member, DateRegistered, Waitlisted) VALUES (597, 128, 187, '2025-08-05 18:37:29', FALSE);
INSERT INTO EventRoster (ID, Event, Member, DateRegistered, Waitlisted) VALUES (598, 128, 133, '2025-08-10 16:44:19', FALSE);
INSERT INTO EventRoster (ID, Event, Member, DateRegistered, Waitlisted) VALUES (599, 128, 193, '2025-07-20 11:24:51', FALSE);
INSERT INTO EventRoster (ID, Event, Member, DateRegistered, Waitlisted) VALUES (600, 128, 189, '2025-08-02 20:49:02', FALSE);
INSERT INTO EventRoster (ID, Event, Member, DateRegistered, Waitlisted) VALUES (601, 128, 197, '2025-08-09 08:21:53', FALSE);
INSERT INTO EventRoster (ID, Event, Member, DateRegistered, Waitlisted) VALUES (602, 129, 173, '2025-07-24 16:10:06', FALSE);
INSERT INTO EventRoster (ID, Event, Member, DateRegistered, Waitlisted) VALUES (603, 129, 154, '2025-08-01 22:28:21', FALSE);
INSERT INTO EventRoster (ID, Event, Member, DateRegistered, Waitlisted) VALUES (604, 129, 144, '2025-08-05 22:03:46', FALSE);
INSERT INTO EventRoster (ID, Event, Member, DateRegistered, Waitlisted) VALUES (605, 129, 178, '2025-07-26 17:36:54', FALSE);
INSERT INTO EventRoster (ID, Event, Member, DateRegistered, Waitlisted) VALUES (606, 129, 123, '2025-07-18 21:58:50', FALSE);
INSERT INTO EventRoster (ID, Event, Member, DateRegistered, Waitlisted) VALUES (607, 129, 163, '2025-08-10 20:32:20', FALSE);
INSERT INTO EventRoster (ID, Event, Member, DateRegistered, Waitlisted) VALUES (608, 129, 103, '2025-08-01 06:41:40', FALSE);
INSERT INTO EventRoster (ID, Event, Member, DateRegistered, Waitlisted) VALUES (609, 129, 126, '2025-07-14 16:49:06', FALSE);
INSERT INTO EventRoster (ID, Event, Member, DateRegistered, Waitlisted) VALUES (610, 129, 176, '2025-07-18 12:43:37', FALSE);
INSERT INTO EventRoster (ID, Event, Member, DateRegistered, Waitlisted) VALUES (611, 129, 187, '2025-07-18 13:24:31', FALSE);
INSERT INTO EventRoster (ID, Event, Member, DateRegistered, Waitlisted) VALUES (612, 129, 106, '2025-08-06 09:45:03', FALSE);
INSERT INTO EventRoster (ID, Event, Member, DateRegistered, Waitlisted) VALUES (613, 129, 140, '2025-08-12 20:08:40', FALSE);
INSERT INTO EventRoster (ID, Event, Member, DateRegistered, Waitlisted) VALUES (614, 129, 145, '2025-07-20 12:59:11', FALSE);
INSERT INTO EventRoster (ID, Event, Member, DateRegistered, Waitlisted) VALUES (615, 129, 156, '2025-07-18 09:29:14', FALSE);
INSERT INTO EventRoster (ID, Event, Member, DateRegistered, Waitlisted) VALUES (616, 129, 120, '2025-08-07 09:20:56', FALSE);
INSERT INTO EventRoster (ID, Event, Member, DateRegistered, Waitlisted) VALUES (617, 129, 110, '2025-07-21 20:11:06', FALSE);
INSERT INTO EventRoster (ID, Event, Member, DateRegistered, Waitlisted) VALUES (618, 129, 168, '2025-07-25 20:25:57', TRUE);
INSERT INTO EventRoster (ID, Event, Member, DateRegistered, Waitlisted) VALUES (619, 129, 150, '2025-08-09 02:30:54', FALSE);
INSERT INTO EventRoster (ID, Event, Member, DateRegistered, Waitlisted) VALUES (620, 129, 105, '2025-07-14 13:35:03', FALSE);
INSERT INTO EventRoster (ID, Event, Member, DateRegistered, Waitlisted) VALUES (621, 130, 171, '2025-07-16 18:45:47', TRUE);
INSERT INTO EventRoster (ID, Event, Member, DateRegistered, Waitlisted) VALUES (622, 130, 129, '2025-07-28 10:18:49', FALSE);
INSERT INTO EventRoster (ID, Event, Member, DateRegistered, Waitlisted) VALUES (623, 130, 117, '2025-07-19 11:26:01', FALSE);
INSERT INTO EventRoster (ID, Event, Member, DateRegistered, Waitlisted) VALUES (624, 130, 169, '2025-08-04 15:35:24', FALSE);
INSERT INTO EventRoster (ID, Event, Member, DateRegistered, Waitlisted) VALUES (625, 130, 163, '2025-08-01 09:57:21', FALSE);
INSERT INTO EventRoster (ID, Event, Member, DateRegistered, Waitlisted) VALUES (626, 130, 105, '2025-08-05 19:11:24', FALSE);
INSERT INTO EventRoster (ID, Event, Member, DateRegistered, Waitlisted) VALUES (627, 130, 111, '2025-08-03 09:02:13', FALSE);
INSERT INTO EventRoster (ID, Event, Member, DateRegistered, Waitlisted) VALUES (628, 130, 112, '2025-08-07 15:37:32', FALSE);
INSERT INTO EventRoster (ID, Event, Member, DateRegistered, Waitlisted) VALUES (629, 130, 158, '2025-07-14 16:54:30', TRUE);
INSERT INTO EventRoster (ID, Event, Member, DateRegistered, Waitlisted) VALUES (630, 130, 123, '2025-07-28 18:16:15', TRUE);
INSERT INTO EventRoster (ID, Event, Member, DateRegistered, Waitlisted) VALUES (631, 130, 157, '2025-08-03 12:48:28', FALSE);
INSERT INTO EventRoster (ID, Event, Member, DateRegistered, Waitlisted) VALUES (632, 130, 162, '2025-08-04 09:49:26', FALSE);
INSERT INTO EventRoster (ID, Event, Member, DateRegistered, Waitlisted) VALUES (633, 130, 193, '2025-07-31 02:54:59', FALSE);
INSERT INTO EventRoster (ID, Event, Member, DateRegistered, Waitlisted) VALUES (634, 131, 158, '2025-07-26 13:22:58', FALSE);
INSERT INTO EventRoster (ID, Event, Member, DateRegistered, Waitlisted) VALUES (635, 131, 140, '2025-07-29 12:07:08', FALSE);
INSERT INTO EventRoster (ID, Event, Member, DateRegistered, Waitlisted) VALUES (636, 131, 127, '2025-08-04 19:47:11', FALSE);
INSERT INTO EventRoster (ID, Event, Member, DateRegistered, Waitlisted) VALUES (637, 131, 161, '2025-07-29 12:58:41', FALSE);
INSERT INTO EventRoster (ID, Event, Member, DateRegistered, Waitlisted) VALUES (638, 131, 173, '2025-08-10 23:26:04', FALSE);
INSERT INTO EventRoster (ID, Event, Member, DateRegistered, Waitlisted) VALUES (639, 131, 159, '2025-07-24 19:26:54', FALSE);
INSERT INTO EventRoster (ID, Event, Member, DateRegistered, Waitlisted) VALUES (640, 131, 181, '2025-07-29 15:29:36', FALSE);
INSERT INTO EventRoster (ID, Event, Member, DateRegistered, Waitlisted) VALUES (641, 131, 176, '2025-07-31 01:43:10', FALSE);
INSERT INTO EventRoster (ID, Event, Member, DateRegistered, Waitlisted) VALUES (642, 131, 101, '2025-07-31 05:48:58', FALSE);
INSERT INTO EventRoster (ID, Event, Member, DateRegistered, Waitlisted) VALUES (643, 131, 171, '2025-08-11 05:43:00', FALSE);
INSERT INTO EventRoster (ID, Event, Member, DateRegistered, Waitlisted) VALUES (644, 131, 183, '2025-08-10 02:36:55', FALSE);
INSERT INTO EventRoster (ID, Event, Member, DateRegistered, Waitlisted) VALUES (645, 131, 142, '2025-08-01 17:04:41', FALSE);
INSERT INTO EventRoster (ID, Event, Member, DateRegistered, Waitlisted) VALUES (646, 131, 129, '2025-07-14 22:05:31', FALSE);
INSERT INTO EventRoster (ID, Event, Member, DateRegistered, Waitlisted) VALUES (647, 131, 106, '2025-07-30 00:21:52', FALSE);
INSERT INTO EventRoster (ID, Event, Member, DateRegistered, Waitlisted) VALUES (648, 131, 133, '2025-08-12 08:44:08', FALSE);
INSERT INTO EventRoster (ID, Event, Member, DateRegistered, Waitlisted) VALUES (649, 131, 174, '2025-07-20 23:27:53', FALSE);
INSERT INTO EventRoster (ID, Event, Member, DateRegistered, Waitlisted) VALUES (650, 131, 185, '2025-08-02 12:16:49', FALSE);
INSERT INTO EventRoster (ID, Event, Member, DateRegistered, Waitlisted) VALUES (651, 131, 150, '2025-07-18 20:41:11', FALSE);
INSERT INTO EventRoster (ID, Event, Member, DateRegistered, Waitlisted) VALUES (652, 131, 147, '2025-07-26 09:30:25', FALSE);
INSERT INTO EventRoster (ID, Event, Member, DateRegistered, Waitlisted) VALUES (653, 131, 139, '2025-07-20 20:23:31', TRUE);
INSERT INTO EventRoster (ID, Event, Member, DateRegistered, Waitlisted) VALUES (654, 131, 121, '2025-07-20 23:35:16', FALSE);
INSERT INTO EventRoster (ID, Event, Member, DateRegistered, Waitlisted) VALUES (655, 131, 197, '2025-07-26 00:35:08', FALSE);
INSERT INTO EventRoster (ID, Event, Member, DateRegistered, Waitlisted) VALUES (656, 131, 166, '2025-08-02 22:36:40', FALSE);
INSERT INTO EventRoster (ID, Event, Member, DateRegistered, Waitlisted) VALUES (657, 131, 152, '2025-08-05 08:19:05', FALSE);
INSERT INTO EventRoster (ID, Event, Member, DateRegistered, Waitlisted) VALUES (658, 131, 167, '2025-07-26 02:27:12', FALSE);
INSERT INTO EventRoster (ID, Event, Member, DateRegistered, Waitlisted) VALUES (659, 132, 176, '2025-07-15 15:07:28', FALSE);
INSERT INTO EventRoster (ID, Event, Member, DateRegistered, Waitlisted) VALUES (660, 132, 135, '2025-07-20 10:14:17', FALSE);
INSERT INTO EventRoster (ID, Event, Member, DateRegistered, Waitlisted) VALUES (661, 132, 144, '2025-07-28 22:13:49', FALSE);
INSERT INTO EventRoster (ID, Event, Member, DateRegistered, Waitlisted) VALUES (662, 132, 103, '2025-07-16 09:18:54', FALSE);
INSERT INTO EventRoster (ID, Event, Member, DateRegistered, Waitlisted) VALUES (663, 132, 146, '2025-08-07 23:11:38', FALSE);
INSERT INTO EventRoster (ID, Event, Member, DateRegistered, Waitlisted) VALUES (664, 132, 120, '2025-08-06 00:15:49', FALSE);
INSERT INTO EventRoster (ID, Event, Member, DateRegistered, Waitlisted) VALUES (665, 132, 173, '2025-07-20 23:41:32', FALSE);
INSERT INTO EventRoster (ID, Event, Member, DateRegistered, Waitlisted) VALUES (666, 132, 168, '2025-07-29 15:04:21', FALSE);
INSERT INTO EventRoster (ID, Event, Member, DateRegistered, Waitlisted) VALUES (667, 132, 191, '2025-07-16 04:35:01', FALSE);
INSERT INTO EventRoster (ID, Event, Member, DateRegistered, Waitlisted) VALUES (668, 133, 188, '2025-07-25 02:23:25', FALSE);
INSERT INTO EventRoster (ID, Event, Member, DateRegistered, Waitlisted) VALUES (669, 133, 107, '2025-08-09 02:56:56', FALSE);
INSERT INTO EventRoster (ID, Event, Member, DateRegistered, Waitlisted) VALUES (670, 133, 129, '2025-08-07 16:15:48', FALSE);
INSERT INTO EventRoster (ID, Event, Member, DateRegistered, Waitlisted) VALUES (671, 133, 122, '2025-07-20 16:40:17', FALSE);
INSERT INTO EventRoster (ID, Event, Member, DateRegistered, Waitlisted) VALUES (672, 133, 102, '2025-07-17 11:08:04', FALSE);
INSERT INTO EventRoster (ID, Event, Member, DateRegistered, Waitlisted) VALUES (673, 133, 116, '2025-08-05 15:55:20', FALSE);
INSERT INTO EventRoster (ID, Event, Member, DateRegistered, Waitlisted) VALUES (674, 133, 167, '2025-08-13 03:14:17', FALSE);
INSERT INTO EventRoster (ID, Event, Member, DateRegistered, Waitlisted) VALUES (675, 133, 164, '2025-07-27 23:40:52', FALSE);
INSERT INTO EventRoster (ID, Event, Member, DateRegistered, Waitlisted) VALUES (676, 133, 183, '2025-07-30 11:21:17', FALSE);
INSERT INTO EventRoster (ID, Event, Member, DateRegistered, Waitlisted) VALUES (677, 133, 113, '2025-08-06 08:15:25', FALSE);
INSERT INTO EventRoster (ID, Event, Member, DateRegistered, Waitlisted) VALUES (678, 133, 157, '2025-08-12 10:02:26', TRUE);
INSERT INTO EventRoster (ID, Event, Member, DateRegistered, Waitlisted) VALUES (679, 133, 192, '2025-08-12 21:37:02', FALSE);
INSERT INTO EventRoster (ID, Event, Member, DateRegistered, Waitlisted) VALUES (680, 133, 190, '2025-07-29 20:46:42', FALSE);
INSERT INTO EventRoster (ID, Event, Member, DateRegistered, Waitlisted) VALUES (681, 133, 189, '2025-08-09 06:27:59', FALSE);
INSERT INTO EventRoster (ID, Event, Member, DateRegistered, Waitlisted) VALUES (682, 133, 179, '2025-08-07 09:39:49', TRUE);
INSERT INTO EventRoster (ID, Event, Member, DateRegistered, Waitlisted) VALUES (683, 133, 131, '2025-08-03 09:45:04', FALSE);
INSERT INTO EventRoster (ID, Event, Member, DateRegistered, Waitlisted) VALUES (684, 133, 145, '2025-07-26 17:31:27', FALSE);
INSERT INTO EventRoster (ID, Event, Member, DateRegistered, Waitlisted) VALUES (685, 133, 165, '2025-07-20 09:20:37', FALSE);
INSERT INTO EventRoster (ID, Event, Member, DateRegistered, Waitlisted) VALUES (686, 133, 143, '2025-07-21 16:06:25', FALSE);
INSERT INTO EventRoster (ID, Event, Member, DateRegistered, Waitlisted) VALUES (687, 133, 117, '2025-07-24 08:25:30', FALSE);
INSERT INTO EventRoster (ID, Event, Member, DateRegistered, Waitlisted) VALUES (688, 133, 171, '2025-07-25 14:47:57', FALSE);
INSERT INTO EventRoster (ID, Event, Member, DateRegistered, Waitlisted) VALUES (689, 134, 155, '2025-07-30 18:31:13', FALSE);
INSERT INTO EventRoster (ID, Event, Member, DateRegistered, Waitlisted) VALUES (690, 134, 125, '2025-07-29 14:57:28', FALSE);
INSERT INTO EventRoster (ID, Event, Member, DateRegistered, Waitlisted) VALUES (691, 134, 107, '2025-08-02 02:45:24', FALSE);
INSERT INTO EventRoster (ID, Event, Member, DateRegistered, Waitlisted) VALUES (692, 134, 157, '2025-08-05 06:08:08', FALSE);
INSERT INTO EventRoster (ID, Event, Member, DateRegistered, Waitlisted) VALUES (693, 134, 137, '2025-07-23 07:26:29', FALSE);
INSERT INTO EventRoster (ID, Event, Member, DateRegistered, Waitlisted) VALUES (694, 134, 197, '2025-07-25 21:07:48', FALSE);
INSERT INTO EventRoster (ID, Event, Member, DateRegistered, Waitlisted) VALUES (695, 134, 103, '2025-08-12 19:07:54', FALSE);
INSERT INTO EventRoster (ID, Event, Member, DateRegistered, Waitlisted) VALUES (696, 134, 191, '2025-07-24 20:09:33', FALSE);
INSERT INTO EventRoster (ID, Event, Member, DateRegistered, Waitlisted) VALUES (697, 134, 134, '2025-08-04 22:49:19', FALSE);
INSERT INTO EventRoster (ID, Event, Member, DateRegistered, Waitlisted) VALUES (698, 134, 196, '2025-07-14 09:17:05', FALSE);
INSERT INTO EventRoster (ID, Event, Member, DateRegistered, Waitlisted) VALUES (699, 134, 181, '2025-08-01 23:18:47', FALSE);
INSERT INTO EventRoster (ID, Event, Member, DateRegistered, Waitlisted) VALUES (700, 134, 160, '2025-08-11 04:12:01', TRUE);
INSERT INTO EventRoster (ID, Event, Member, DateRegistered, Waitlisted) VALUES (701, 134, 199, '2025-07-27 13:56:34', FALSE);
INSERT INTO EventRoster (ID, Event, Member, DateRegistered, Waitlisted) VALUES (702, 134, 166, '2025-07-31 15:40:00', FALSE);
INSERT INTO EventRoster (ID, Event, Member, DateRegistered, Waitlisted) VALUES (703, 134, 119, '2025-08-10 22:35:17', FALSE);
INSERT INTO EventRoster (ID, Event, Member, DateRegistered, Waitlisted) VALUES (704, 135, 137, '2025-07-23 23:09:13', FALSE);
INSERT INTO EventRoster (ID, Event, Member, DateRegistered, Waitlisted) VALUES (705, 135, 192, '2025-07-28 21:50:30', FALSE);
INSERT INTO EventRoster (ID, Event, Member, DateRegistered, Waitlisted) VALUES (706, 135, 145, '2025-07-30 12:53:08', FALSE);
INSERT INTO EventRoster (ID, Event, Member, DateRegistered, Waitlisted) VALUES (707, 135, 101, '2025-07-31 03:16:41', FALSE);
INSERT INTO EventRoster (ID, Event, Member, DateRegistered, Waitlisted) VALUES (708, 135, 170, '2025-08-02 14:19:41', FALSE);
INSERT INTO EventRoster (ID, Event, Member, DateRegistered, Waitlisted) VALUES (709, 135, 118, '2025-08-11 16:08:07', FALSE);
INSERT INTO EventRoster (ID, Event, Member, DateRegistered, Waitlisted) VALUES (710, 135, 141, '2025-07-31 00:48:02', FALSE);
INSERT INTO EventRoster (ID, Event, Member, DateRegistered, Waitlisted) VALUES (711, 135, 148, '2025-07-15 18:23:17', FALSE);
INSERT INTO EventRoster (ID, Event, Member, DateRegistered, Waitlisted) VALUES (712, 135, 161, '2025-08-02 03:48:39', FALSE);
INSERT INTO EventRoster (ID, Event, Member, DateRegistered, Waitlisted) VALUES (713, 135, 197, '2025-07-20 18:23:20', FALSE);
INSERT INTO EventRoster (ID, Event, Member, DateRegistered, Waitlisted) VALUES (714, 135, 107, '2025-07-14 12:28:51', TRUE);
INSERT INTO EventRoster (ID, Event, Member, DateRegistered, Waitlisted) VALUES (715, 135, 193, '2025-07-19 01:09:46', FALSE);
INSERT INTO EventRoster (ID, Event, Member, DateRegistered, Waitlisted) VALUES (716, 135, 157, '2025-07-27 05:17:48', FALSE);
INSERT INTO EventRoster (ID, Event, Member, DateRegistered, Waitlisted) VALUES (717, 135, 139, '2025-08-07 07:06:54', FALSE);
INSERT INTO EventRoster (ID, Event, Member, DateRegistered, Waitlisted) VALUES (718, 135, 124, '2025-07-17 06:54:05', FALSE);
INSERT INTO EventRoster (ID, Event, Member, DateRegistered, Waitlisted) VALUES (719, 135, 175, '2025-07-22 12:58:53', FALSE);
INSERT INTO EventRoster (ID, Event, Member, DateRegistered, Waitlisted) VALUES (720, 135, 111, '2025-07-29 09:14:28', FALSE);
INSERT INTO EventRoster (ID, Event, Member, DateRegistered, Waitlisted) VALUES (721, 135, 136, '2025-07-15 07:55:17', FALSE);
INSERT INTO EventRoster (ID, Event, Member, DateRegistered, Waitlisted) VALUES (722, 135, 100, '2025-07-15 00:53:08', FALSE);
INSERT INTO EventRoster (ID, Event, Member, DateRegistered, Waitlisted) VALUES (723, 135, 179, '2025-07-21 19:06:08', TRUE);
INSERT INTO EventRoster (ID, Event, Member, DateRegistered, Waitlisted) VALUES (724, 135, 143, '2025-07-21 23:30:09', TRUE);
INSERT INTO EventRoster (ID, Event, Member, DateRegistered, Waitlisted) VALUES (725, 136, 143, '2025-07-24 09:54:04', FALSE);
INSERT INTO EventRoster (ID, Event, Member, DateRegistered, Waitlisted) VALUES (726, 136, 124, '2025-07-17 10:59:55', TRUE);
INSERT INTO EventRoster (ID, Event, Member, DateRegistered, Waitlisted) VALUES (727, 136, 109, '2025-07-16 10:41:16', FALSE);
INSERT INTO EventRoster (ID, Event, Member, DateRegistered, Waitlisted) VALUES (728, 136, 167, '2025-08-09 10:33:24', FALSE);
INSERT INTO EventRoster (ID, Event, Member, DateRegistered, Waitlisted) VALUES (729, 136, 113, '2025-07-19 09:59:48', FALSE);
INSERT INTO EventRoster (ID, Event, Member, DateRegistered, Waitlisted) VALUES (730, 136, 174, '2025-07-19 22:05:09', FALSE);
INSERT INTO EventRoster (ID, Event, Member, DateRegistered, Waitlisted) VALUES (731, 136, 184, '2025-07-23 14:07:39', FALSE);
INSERT INTO EventRoster (ID, Event, Member, DateRegistered, Waitlisted) VALUES (732, 136, 193, '2025-07-18 04:30:04', FALSE);
INSERT INTO EventRoster (ID, Event, Member, DateRegistered, Waitlisted) VALUES (733, 136, 164, '2025-07-21 01:04:25', FALSE);
INSERT INTO EventRoster (ID, Event, Member, DateRegistered, Waitlisted) VALUES (734, 136, 160, '2025-07-20 06:19:26', FALSE);
INSERT INTO EventRoster (ID, Event, Member, DateRegistered, Waitlisted) VALUES (735, 136, 198, '2025-07-18 06:28:15', FALSE);
INSERT INTO EventRoster (ID, Event, Member, DateRegistered, Waitlisted) VALUES (736, 136, 178, '2025-07-19 10:38:59', FALSE);
INSERT INTO EventRoster (ID, Event, Member, DateRegistered, Waitlisted) VALUES (737, 136, 135, '2025-08-03 03:46:48', TRUE);
INSERT INTO EventRoster (ID, Event, Member, DateRegistered, Waitlisted) VALUES (738, 136, 146, '2025-07-24 15:06:26', FALSE);
INSERT INTO EventRoster (ID, Event, Member, DateRegistered, Waitlisted) VALUES (739, 136, 153, '2025-07-23 14:53:05', FALSE);
INSERT INTO EventRoster (ID, Event, Member, DateRegistered, Waitlisted) VALUES (740, 136, 172, '2025-08-10 20:13:54', FALSE);
INSERT INTO EventRoster (ID, Event, Member, DateRegistered, Waitlisted) VALUES (741, 137, 142, '2025-08-10 06:58:17', FALSE);
INSERT INTO EventRoster (ID, Event, Member, DateRegistered, Waitlisted) VALUES (742, 137, 112, '2025-08-08 09:38:13', FALSE);
INSERT INTO EventRoster (ID, Event, Member, DateRegistered, Waitlisted) VALUES (743, 137, 199, '2025-08-02 00:59:54', FALSE);
INSERT INTO EventRoster (ID, Event, Member, DateRegistered, Waitlisted) VALUES (744, 137, 162, '2025-08-04 06:55:57', TRUE);
INSERT INTO EventRoster (ID, Event, Member, DateRegistered, Waitlisted) VALUES (745, 137, 186, '2025-07-20 14:39:34', TRUE);
INSERT INTO EventRoster (ID, Event, Member, DateRegistered, Waitlisted) VALUES (746, 137, 194, '2025-07-28 12:48:23', FALSE);
INSERT INTO EventRoster (ID, Event, Member, DateRegistered, Waitlisted) VALUES (747, 137, 120, '2025-08-09 20:37:51', FALSE);
INSERT INTO EventRoster (ID, Event, Member, DateRegistered, Waitlisted) VALUES (748, 137, 126, '2025-08-10 17:33:35', FALSE);
INSERT INTO EventRoster (ID, Event, Member, DateRegistered, Waitlisted) VALUES (749, 137, 175, '2025-07-16 03:04:04', FALSE);
INSERT INTO EventRoster (ID, Event, Member, DateRegistered, Waitlisted) VALUES (750, 137, 195, '2025-07-17 17:21:13', FALSE);
INSERT INTO EventRoster (ID, Event, Member, DateRegistered, Waitlisted) VALUES (751, 137, 140, '2025-08-03 16:43:38', FALSE);
INSERT INTO EventRoster (ID, Event, Member, DateRegistered, Waitlisted) VALUES (752, 137, 124, '2025-08-04 01:28:38', FALSE);
INSERT INTO EventRoster (ID, Event, Member, DateRegistered, Waitlisted) VALUES (753, 137, 119, '2025-07-29 22:06:06', FALSE);
INSERT INTO EventRoster (ID, Event, Member, DateRegistered, Waitlisted) VALUES (754, 137, 113, '2025-07-30 16:23:56', FALSE);
INSERT INTO EventRoster (ID, Event, Member, DateRegistered, Waitlisted) VALUES (755, 137, 168, '2025-07-31 11:46:09', FALSE);
INSERT INTO EventRoster (ID, Event, Member, DateRegistered, Waitlisted) VALUES (756, 137, 174, '2025-07-17 17:18:45', TRUE);
INSERT INTO EventRoster (ID, Event, Member, DateRegistered, Waitlisted) VALUES (757, 138, 135, '2025-08-01 22:50:39', FALSE);
INSERT INTO EventRoster (ID, Event, Member, DateRegistered, Waitlisted) VALUES (758, 138, 155, '2025-07-26 23:17:44', FALSE);
INSERT INTO EventRoster (ID, Event, Member, DateRegistered, Waitlisted) VALUES (759, 138, 197, '2025-08-11 20:45:20', FALSE);
INSERT INTO EventRoster (ID, Event, Member, DateRegistered, Waitlisted) VALUES (760, 138, 133, '2025-08-07 01:04:21', FALSE);
INSERT INTO EventRoster (ID, Event, Member, DateRegistered, Waitlisted) VALUES (761, 138, 148, '2025-08-08 19:43:25', FALSE);
INSERT INTO EventRoster (ID, Event, Member, DateRegistered, Waitlisted) VALUES (762, 138, 127, '2025-08-04 07:22:01', FALSE);
INSERT INTO EventRoster (ID, Event, Member, DateRegistered, Waitlisted) VALUES (763, 138, 169, '2025-08-06 00:08:15', FALSE);
INSERT INTO EventRoster (ID, Event, Member, DateRegistered, Waitlisted) VALUES (764, 138, 174, '2025-07-16 17:23:14', FALSE);
INSERT INTO EventRoster (ID, Event, Member, DateRegistered, Waitlisted) VALUES (765, 138, 114, '2025-08-09 20:04:39', FALSE);
INSERT INTO EventRoster (ID, Event, Member, DateRegistered, Waitlisted) VALUES (766, 138, 128, '2025-07-29 06:15:29', FALSE);
INSERT INTO EventRoster (ID, Event, Member, DateRegistered, Waitlisted) VALUES (767, 138, 142, '2025-08-09 14:56:12', FALSE);
INSERT INTO EventRoster (ID, Event, Member, DateRegistered, Waitlisted) VALUES (768, 138, 118, '2025-08-05 08:33:14', FALSE);
INSERT INTO EventRoster (ID, Event, Member, DateRegistered, Waitlisted) VALUES (769, 138, 190, '2025-07-28 10:12:09', FALSE);
INSERT INTO EventRoster (ID, Event, Member, DateRegistered, Waitlisted) VALUES (770, 138, 147, '2025-07-27 10:43:14', FALSE);
INSERT INTO EventRoster (ID, Event, Member, DateRegistered, Waitlisted) VALUES (771, 138, 185, '2025-07-25 04:19:35', FALSE);
INSERT INTO EventRoster (ID, Event, Member, DateRegistered, Waitlisted) VALUES (772, 138, 111, '2025-08-06 05:02:25', FALSE);
INSERT INTO EventRoster (ID, Event, Member, DateRegistered, Waitlisted) VALUES (773, 138, 156, '2025-08-06 13:07:28', FALSE);
INSERT INTO EventRoster (ID, Event, Member, DateRegistered, Waitlisted) VALUES (774, 138, 132, '2025-07-24 22:13:44', FALSE);
INSERT INTO EventRoster (ID, Event, Member, DateRegistered, Waitlisted) VALUES (775, 138, 165, '2025-08-09 23:39:51', FALSE);
INSERT INTO EventRoster (ID, Event, Member, DateRegistered, Waitlisted) VALUES (776, 138, 101, '2025-08-10 08:23:11', FALSE);
INSERT INTO EventRoster (ID, Event, Member, DateRegistered, Waitlisted) VALUES (777, 138, 194, '2025-07-25 05:21:44', FALSE);
INSERT INTO EventRoster (ID, Event, Member, DateRegistered, Waitlisted) VALUES (778, 138, 154, '2025-07-19 16:56:46', FALSE);
INSERT INTO EventRoster (ID, Event, Member, DateRegistered, Waitlisted) VALUES (779, 138, 130, '2025-08-01 10:28:18', FALSE);
INSERT INTO EventRoster (ID, Event, Member, DateRegistered, Waitlisted) VALUES (780, 139, 160, '2025-08-04 07:28:52', TRUE);
INSERT INTO EventRoster (ID, Event, Member, DateRegistered, Waitlisted) VALUES (781, 139, 127, '2025-07-16 16:13:11', FALSE);
INSERT INTO EventRoster (ID, Event, Member, DateRegistered, Waitlisted) VALUES (782, 139, 198, '2025-08-10 04:25:20', FALSE);
INSERT INTO EventRoster (ID, Event, Member, DateRegistered, Waitlisted) VALUES (783, 139, 133, '2025-07-30 16:26:45', FALSE);
INSERT INTO EventRoster (ID, Event, Member, DateRegistered, Waitlisted) VALUES (784, 139, 118, '2025-08-04 06:59:01', FALSE);
INSERT INTO EventRoster (ID, Event, Member, DateRegistered, Waitlisted) VALUES (785, 139, 180, '2025-07-29 06:38:09', FALSE);
INSERT INTO EventRoster (ID, Event, Member, DateRegistered, Waitlisted) VALUES (786, 139, 179, '2025-07-16 13:19:01', FALSE);
INSERT INTO EventRoster (ID, Event, Member, DateRegistered, Waitlisted) VALUES (787, 139, 176, '2025-07-17 06:25:11', FALSE);
INSERT INTO EventRoster (ID, Event, Member, DateRegistered, Waitlisted) VALUES (788, 139, 185, '2025-07-20 02:40:43', FALSE);
INSERT INTO EventRoster (ID, Event, Member, DateRegistered, Waitlisted) VALUES (789, 139, 175, '2025-07-15 23:22:17', FALSE);
INSERT INTO EventRoster (ID, Event, Member, DateRegistered, Waitlisted) VALUES (790, 139, 139, '2025-08-06 21:37:31', FALSE);
INSERT INTO EventRoster (ID, Event, Member, DateRegistered, Waitlisted) VALUES (791, 139, 114, '2025-08-12 01:54:01', TRUE);
INSERT INTO EventRoster (ID, Event, Member, DateRegistered, Waitlisted) VALUES (792, 139, 157, '2025-08-10 03:44:47', TRUE);
INSERT INTO EventRoster (ID, Event, Member, DateRegistered, Waitlisted) VALUES (793, 139, 199, '2025-07-16 08:44:42', FALSE);
INSERT INTO EventRoster (ID, Event, Member, DateRegistered, Waitlisted) VALUES (794, 139, 173, '2025-08-03 05:40:33', FALSE);
INSERT INTO EventRoster (ID, Event, Member, DateRegistered, Waitlisted) VALUES (795, 140, 128, '2025-08-05 14:47:40', FALSE);
INSERT INTO EventRoster (ID, Event, Member, DateRegistered, Waitlisted) VALUES (796, 140, 196, '2025-07-18 02:36:05', FALSE);
INSERT INTO EventRoster (ID, Event, Member, DateRegistered, Waitlisted) VALUES (797, 140, 170, '2025-07-29 13:50:46', FALSE);
INSERT INTO EventRoster (ID, Event, Member, DateRegistered, Waitlisted) VALUES (798, 140, 114, '2025-08-09 15:27:10', FALSE);
INSERT INTO EventRoster (ID, Event, Member, DateRegistered, Waitlisted) VALUES (799, 140, 115, '2025-08-05 19:00:15', FALSE);
INSERT INTO EventRoster (ID, Event, Member, DateRegistered, Waitlisted) VALUES (800, 140, 132, '2025-07-15 02:52:07', FALSE);
INSERT INTO EventRoster (ID, Event, Member, DateRegistered, Waitlisted) VALUES (801, 140, 106, '2025-07-26 22:41:56', FALSE);
INSERT INTO EventRoster (ID, Event, Member, DateRegistered, Waitlisted) VALUES (802, 140, 191, '2025-07-22 18:42:54', FALSE);
INSERT INTO EventRoster (ID, Event, Member, DateRegistered, Waitlisted) VALUES (803, 140, 187, '2025-07-23 03:53:38', FALSE);
INSERT INTO EventRoster (ID, Event, Member, DateRegistered, Waitlisted) VALUES (804, 140, 154, '2025-07-23 15:42:53', FALSE);
INSERT INTO EventRoster (ID, Event, Member, DateRegistered, Waitlisted) VALUES (805, 140, 109, '2025-07-25 02:20:04', TRUE);
INSERT INTO EventRoster (ID, Event, Member, DateRegistered, Waitlisted) VALUES (806, 140, 138, '2025-08-03 06:04:33', TRUE);
INSERT INTO EventRoster (ID, Event, Member, DateRegistered, Waitlisted) VALUES (807, 141, 136, '2025-08-08 01:55:11', FALSE);
INSERT INTO EventRoster (ID, Event, Member, DateRegistered, Waitlisted) VALUES (808, 141, 121, '2025-07-18 02:54:39', FALSE);
INSERT INTO EventRoster (ID, Event, Member, DateRegistered, Waitlisted) VALUES (809, 141, 119, '2025-07-20 20:40:03', FALSE);
INSERT INTO EventRoster (ID, Event, Member, DateRegistered, Waitlisted) VALUES (810, 141, 190, '2025-07-26 03:15:55', FALSE);
INSERT INTO EventRoster (ID, Event, Member, DateRegistered, Waitlisted) VALUES (811, 141, 196, '2025-08-10 04:50:41', FALSE);
INSERT INTO EventRoster (ID, Event, Member, DateRegistered, Waitlisted) VALUES (812, 141, 102, '2025-07-24 18:33:44', FALSE);
INSERT INTO EventRoster (ID, Event, Member, DateRegistered, Waitlisted) VALUES (813, 141, 187, '2025-08-05 09:22:42', FALSE);
INSERT INTO EventRoster (ID, Event, Member, DateRegistered, Waitlisted) VALUES (814, 141, 192, '2025-08-11 08:10:09', FALSE);
INSERT INTO EventRoster (ID, Event, Member, DateRegistered, Waitlisted) VALUES (815, 141, 145, '2025-08-11 14:20:10', FALSE);
INSERT INTO EventRoster (ID, Event, Member, DateRegistered, Waitlisted) VALUES (816, 141, 107, '2025-07-17 19:07:44', FALSE);
INSERT INTO EventRoster (ID, Event, Member, DateRegistered, Waitlisted) VALUES (817, 141, 105, '2025-08-02 01:14:11', FALSE);
INSERT INTO EventRoster (ID, Event, Member, DateRegistered, Waitlisted) VALUES (818, 141, 165, '2025-07-29 10:07:51', TRUE);
INSERT INTO EventRoster (ID, Event, Member, DateRegistered, Waitlisted) VALUES (819, 141, 130, '2025-07-15 06:44:57', FALSE);
INSERT INTO EventRoster (ID, Event, Member, DateRegistered, Waitlisted) VALUES (820, 142, 181, '2025-07-15 01:55:17', TRUE);
INSERT INTO EventRoster (ID, Event, Member, DateRegistered, Waitlisted) VALUES (821, 142, 175, '2025-07-21 11:34:41', FALSE);
INSERT INTO EventRoster (ID, Event, Member, DateRegistered, Waitlisted) VALUES (822, 142, 118, '2025-08-10 22:21:58', FALSE);
INSERT INTO EventRoster (ID, Event, Member, DateRegistered, Waitlisted) VALUES (823, 142, 154, '2025-07-28 22:13:55', FALSE);
INSERT INTO EventRoster (ID, Event, Member, DateRegistered, Waitlisted) VALUES (824, 142, 153, '2025-08-11 06:42:39', FALSE);
INSERT INTO EventRoster (ID, Event, Member, DateRegistered, Waitlisted) VALUES (825, 142, 141, '2025-07-17 18:22:43', FALSE);
INSERT INTO EventRoster (ID, Event, Member, DateRegistered, Waitlisted) VALUES (826, 142, 179, '2025-07-27 05:38:39', FALSE);
INSERT INTO EventRoster (ID, Event, Member, DateRegistered, Waitlisted) VALUES (827, 142, 195, '2025-08-04 13:37:13', FALSE);
INSERT INTO EventRoster (ID, Event, Member, DateRegistered, Waitlisted) VALUES (828, 142, 120, '2025-07-22 19:15:45', FALSE);
INSERT INTO EventRoster (ID, Event, Member, DateRegistered, Waitlisted) VALUES (829, 142, 114, '2025-07-30 22:30:28', FALSE);
INSERT INTO EventRoster (ID, Event, Member, DateRegistered, Waitlisted) VALUES (830, 142, 162, '2025-07-19 06:35:47', FALSE);
INSERT INTO EventRoster (ID, Event, Member, DateRegistered, Waitlisted) VALUES (831, 142, 163, '2025-08-06 15:30:56', FALSE);
INSERT INTO EventRoster (ID, Event, Member, DateRegistered, Waitlisted) VALUES (832, 142, 166, '2025-07-31 10:42:52', FALSE);
INSERT INTO EventRoster (ID, Event, Member, DateRegistered, Waitlisted) VALUES (833, 142, 182, '2025-07-30 12:27:06', FALSE);
INSERT INTO EventRoster (ID, Event, Member, DateRegistered, Waitlisted) VALUES (834, 142, 122, '2025-08-01 17:45:29', FALSE);
INSERT INTO EventRoster (ID, Event, Member, DateRegistered, Waitlisted) VALUES (835, 142, 129, '2025-07-25 22:44:58', FALSE);
INSERT INTO EventRoster (ID, Event, Member, DateRegistered, Waitlisted) VALUES (836, 142, 186, '2025-07-26 14:29:07', FALSE);
INSERT INTO EventRoster (ID, Event, Member, DateRegistered, Waitlisted) VALUES (837, 142, 138, '2025-08-03 19:13:41', FALSE);
INSERT INTO EventRoster (ID, Event, Member, DateRegistered, Waitlisted) VALUES (838, 142, 174, '2025-07-25 06:46:01', FALSE);
INSERT INTO EventRoster (ID, Event, Member, DateRegistered, Waitlisted) VALUES (839, 142, 124, '2025-07-24 04:23:00', FALSE);
INSERT INTO EventRoster (ID, Event, Member, DateRegistered, Waitlisted) VALUES (840, 142, 102, '2025-08-12 01:33:06', FALSE);
INSERT INTO EventRoster (ID, Event, Member, DateRegistered, Waitlisted) VALUES (841, 142, 135, '2025-07-22 06:27:03', FALSE);
INSERT INTO EventRoster (ID, Event, Member, DateRegistered, Waitlisted) VALUES (842, 142, 111, '2025-08-10 22:41:01', FALSE);
INSERT INTO EventRoster (ID, Event, Member, DateRegistered, Waitlisted) VALUES (843, 142, 151, '2025-07-21 11:24:30', FALSE);
INSERT INTO EventRoster (ID, Event, Member, DateRegistered, Waitlisted) VALUES (844, 143, 138, '2025-08-12 09:21:17', FALSE);
INSERT INTO EventRoster (ID, Event, Member, DateRegistered, Waitlisted) VALUES (845, 143, 156, '2025-07-25 05:13:00', FALSE);
INSERT INTO EventRoster (ID, Event, Member, DateRegistered, Waitlisted) VALUES (846, 143, 166, '2025-08-12 18:19:04', FALSE);
INSERT INTO EventRoster (ID, Event, Member, DateRegistered, Waitlisted) VALUES (847, 143, 170, '2025-08-08 04:24:00', FALSE);
INSERT INTO EventRoster (ID, Event, Member, DateRegistered, Waitlisted) VALUES (848, 143, 165, '2025-07-25 22:37:59', FALSE);
INSERT INTO EventRoster (ID, Event, Member, DateRegistered, Waitlisted) VALUES (849, 143, 183, '2025-07-18 16:36:26', FALSE);
INSERT INTO EventRoster (ID, Event, Member, DateRegistered, Waitlisted) VALUES (850, 143, 160, '2025-08-01 13:08:34', FALSE);
INSERT INTO EventRoster (ID, Event, Member, DateRegistered, Waitlisted) VALUES (851, 143, 141, '2025-08-13 01:08:16', FALSE);
INSERT INTO EventRoster (ID, Event, Member, DateRegistered, Waitlisted) VALUES (852, 143, 159, '2025-08-10 16:45:26', FALSE);
INSERT INTO EventRoster (ID, Event, Member, DateRegistered, Waitlisted) VALUES (853, 143, 175, '2025-08-03 16:06:58', FALSE);
INSERT INTO EventRoster (ID, Event, Member, DateRegistered, Waitlisted) VALUES (854, 143, 114, '2025-08-13 05:12:24', TRUE);
INSERT INTO EventRoster (ID, Event, Member, DateRegistered, Waitlisted) VALUES (855, 143, 120, '2025-07-27 23:43:51', FALSE);
INSERT INTO EventRoster (ID, Event, Member, DateRegistered, Waitlisted) VALUES (856, 144, 142, '2025-07-25 17:29:59', FALSE);
INSERT INTO EventRoster (ID, Event, Member, DateRegistered, Waitlisted) VALUES (857, 144, 178, '2025-07-27 04:47:07', FALSE);
INSERT INTO EventRoster (ID, Event, Member, DateRegistered, Waitlisted) VALUES (858, 144, 109, '2025-08-09 04:52:00', FALSE);
INSERT INTO EventRoster (ID, Event, Member, DateRegistered, Waitlisted) VALUES (859, 144, 101, '2025-07-29 03:48:02', TRUE);
INSERT INTO EventRoster (ID, Event, Member, DateRegistered, Waitlisted) VALUES (860, 144, 160, '2025-07-16 18:37:58', FALSE);
INSERT INTO EventRoster (ID, Event, Member, DateRegistered, Waitlisted) VALUES (861, 144, 188, '2025-07-15 10:13:38', FALSE);
INSERT INTO EventRoster (ID, Event, Member, DateRegistered, Waitlisted) VALUES (862, 144, 187, '2025-08-09 17:52:01', FALSE);
INSERT INTO EventRoster (ID, Event, Member, DateRegistered, Waitlisted) VALUES (863, 144, 113, '2025-07-25 19:17:47', FALSE);
INSERT INTO EventRoster (ID, Event, Member, DateRegistered, Waitlisted) VALUES (864, 144, 111, '2025-08-12 20:52:55', FALSE);
INSERT INTO EventRoster (ID, Event, Member, DateRegistered, Waitlisted) VALUES (865, 144, 170, '2025-07-18 06:37:54', FALSE);
INSERT INTO EventRoster (ID, Event, Member, DateRegistered, Waitlisted) VALUES (866, 144, 145, '2025-08-04 17:48:57', FALSE);
INSERT INTO EventRoster (ID, Event, Member, DateRegistered, Waitlisted) VALUES (867, 144, 127, '2025-08-08 01:14:48', FALSE);
INSERT INTO EventRoster (ID, Event, Member, DateRegistered, Waitlisted) VALUES (868, 144, 138, '2025-07-21 08:57:45', FALSE);
INSERT INTO EventRoster (ID, Event, Member, DateRegistered, Waitlisted) VALUES (869, 144, 181, '2025-07-31 17:01:51', FALSE);
INSERT INTO EventRoster (ID, Event, Member, DateRegistered, Waitlisted) VALUES (870, 144, 103, '2025-07-25 19:46:29', FALSE);
INSERT INTO EventRoster (ID, Event, Member, DateRegistered, Waitlisted) VALUES (871, 144, 108, '2025-07-21 18:12:06', FALSE);
INSERT INTO EventRoster (ID, Event, Member, DateRegistered, Waitlisted) VALUES (872, 144, 117, '2025-08-11 06:11:48', FALSE);
INSERT INTO EventRoster (ID, Event, Member, DateRegistered, Waitlisted) VALUES (873, 144, 158, '2025-07-15 13:30:03', FALSE);
INSERT INTO EventRoster (ID, Event, Member, DateRegistered, Waitlisted) VALUES (874, 144, 179, '2025-07-23 07:25:13', FALSE);
INSERT INTO EventRoster (ID, Event, Member, DateRegistered, Waitlisted) VALUES (875, 144, 197, '2025-07-15 08:03:47', FALSE);
INSERT INTO EventRoster (ID, Event, Member, DateRegistered, Waitlisted) VALUES (876, 144, 124, '2025-08-12 04:50:35', FALSE);
INSERT INTO EventRoster (ID, Event, Member, DateRegistered, Waitlisted) VALUES (877, 144, 186, '2025-07-14 15:55:29', TRUE);
INSERT INTO EventRoster (ID, Event, Member, DateRegistered, Waitlisted) VALUES (878, 144, 120, '2025-08-01 04:30:54', FALSE);
INSERT INTO EventRoster (ID, Event, Member, DateRegistered, Waitlisted) VALUES (879, 144, 128, '2025-07-24 05:12:02', FALSE);
INSERT INTO EventRoster (ID, Event, Member, DateRegistered, Waitlisted) VALUES (880, 144, 157, '2025-07-21 20:30:24', FALSE);
INSERT INTO EventRoster (ID, Event, Member, DateRegistered, Waitlisted) VALUES (881, 144, 148, '2025-08-02 15:28:10', FALSE);
INSERT INTO EventRoster (ID, Event, Member, DateRegistered, Waitlisted) VALUES (882, 144, 121, '2025-08-10 16:39:53', FALSE);
INSERT INTO EventRoster (ID, Event, Member, DateRegistered, Waitlisted) VALUES (883, 145, 128, '2025-08-13 06:30:55', FALSE);
INSERT INTO EventRoster (ID, Event, Member, DateRegistered, Waitlisted) VALUES (884, 145, 125, '2025-08-08 13:31:11', FALSE);
INSERT INTO EventRoster (ID, Event, Member, DateRegistered, Waitlisted) VALUES (885, 145, 119, '2025-08-04 03:33:16', FALSE);
INSERT INTO EventRoster (ID, Event, Member, DateRegistered, Waitlisted) VALUES (886, 145, 173, '2025-07-28 03:53:55', FALSE);
INSERT INTO EventRoster (ID, Event, Member, DateRegistered, Waitlisted) VALUES (887, 145, 147, '2025-08-11 22:54:34', FALSE);
INSERT INTO EventRoster (ID, Event, Member, DateRegistered, Waitlisted) VALUES (888, 145, 170, '2025-08-08 01:44:33', FALSE);
INSERT INTO EventRoster (ID, Event, Member, DateRegistered, Waitlisted) VALUES (889, 145, 158, '2025-07-28 07:40:19', TRUE);
INSERT INTO EventRoster (ID, Event, Member, DateRegistered, Waitlisted) VALUES (890, 145, 194, '2025-08-05 04:10:40', FALSE);
INSERT INTO EventRoster (ID, Event, Member, DateRegistered, Waitlisted) VALUES (891, 145, 132, '2025-08-03 05:00:50', FALSE);
INSERT INTO EventRoster (ID, Event, Member, DateRegistered, Waitlisted) VALUES (892, 145, 150, '2025-07-26 07:46:59', TRUE);
INSERT INTO EventRoster (ID, Event, Member, DateRegistered, Waitlisted) VALUES (893, 145, 195, '2025-07-15 23:59:50', FALSE);
INSERT INTO EventRoster (ID, Event, Member, DateRegistered, Waitlisted) VALUES (894, 145, 185, '2025-08-09 03:48:14', FALSE);
INSERT INTO EventRoster (ID, Event, Member, DateRegistered, Waitlisted) VALUES (895, 145, 112, '2025-07-27 01:19:27', FALSE);
INSERT INTO EventRoster (ID, Event, Member, DateRegistered, Waitlisted) VALUES (896, 145, 143, '2025-08-01 01:28:36', FALSE);
INSERT INTO EventRoster (ID, Event, Member, DateRegistered, Waitlisted) VALUES (897, 145, 152, '2025-08-04 12:16:44', FALSE);
INSERT INTO EventRoster (ID, Event, Member, DateRegistered, Waitlisted) VALUES (898, 145, 179, '2025-08-02 05:27:23', FALSE);
INSERT INTO EventRoster (ID, Event, Member, DateRegistered, Waitlisted) VALUES (899, 145, 103, '2025-07-18 08:39:33', TRUE);
INSERT INTO EventRoster (ID, Event, Member, DateRegistered, Waitlisted) VALUES (900, 145, 167, '2025-07-29 09:03:01', FALSE);
INSERT INTO EventRoster (ID, Event, Member, DateRegistered, Waitlisted) VALUES (901, 145, 124, '2025-08-06 15:37:40', FALSE);
INSERT INTO EventRoster (ID, Event, Member, DateRegistered, Waitlisted) VALUES (902, 145, 141, '2025-08-09 12:01:58', FALSE);
INSERT INTO EventRoster (ID, Event, Member, DateRegistered, Waitlisted) VALUES (903, 146, 158, '2025-08-04 19:36:43', FALSE);
INSERT INTO EventRoster (ID, Event, Member, DateRegistered, Waitlisted) VALUES (904, 146, 169, '2025-07-31 09:27:41', FALSE);
INSERT INTO EventRoster (ID, Event, Member, DateRegistered, Waitlisted) VALUES (905, 146, 141, '2025-08-07 01:32:11', FALSE);
INSERT INTO EventRoster (ID, Event, Member, DateRegistered, Waitlisted) VALUES (906, 146, 183, '2025-07-24 03:51:48', FALSE);
INSERT INTO EventRoster (ID, Event, Member, DateRegistered, Waitlisted) VALUES (907, 146, 135, '2025-08-10 16:03:33', FALSE);
INSERT INTO EventRoster (ID, Event, Member, DateRegistered, Waitlisted) VALUES (908, 146, 159, '2025-07-31 11:58:54', TRUE);
INSERT INTO EventRoster (ID, Event, Member, DateRegistered, Waitlisted) VALUES (909, 146, 119, '2025-07-17 21:09:29', FALSE);
INSERT INTO EventRoster (ID, Event, Member, DateRegistered, Waitlisted) VALUES (910, 146, 138, '2025-08-01 13:55:30', FALSE);
INSERT INTO EventRoster (ID, Event, Member, DateRegistered, Waitlisted) VALUES (911, 146, 180, '2025-07-14 20:23:39', TRUE);
INSERT INTO EventRoster (ID, Event, Member, DateRegistered, Waitlisted) VALUES (912, 146, 147, '2025-08-07 18:52:15', FALSE);
INSERT INTO EventRoster (ID, Event, Member, DateRegistered, Waitlisted) VALUES (913, 146, 137, '2025-07-26 03:59:32', FALSE);
INSERT INTO EventRoster (ID, Event, Member, DateRegistered, Waitlisted) VALUES (914, 147, 199, '2025-07-16 09:27:51', FALSE);
INSERT INTO EventRoster (ID, Event, Member, DateRegistered, Waitlisted) VALUES (915, 147, 116, '2025-07-18 04:19:16', TRUE);
INSERT INTO EventRoster (ID, Event, Member, DateRegistered, Waitlisted) VALUES (916, 147, 193, '2025-07-23 11:50:03', FALSE);
INSERT INTO EventRoster (ID, Event, Member, DateRegistered, Waitlisted) VALUES (917, 147, 112, '2025-07-19 22:11:38', FALSE);
INSERT INTO EventRoster (ID, Event, Member, DateRegistered, Waitlisted) VALUES (918, 147, 168, '2025-07-18 20:55:49', FALSE);
INSERT INTO EventRoster (ID, Event, Member, DateRegistered, Waitlisted) VALUES (919, 147, 152, '2025-08-10 16:18:41', FALSE);
INSERT INTO EventRoster (ID, Event, Member, DateRegistered, Waitlisted) VALUES (920, 147, 192, '2025-08-02 06:27:37', TRUE);
INSERT INTO EventRoster (ID, Event, Member, DateRegistered, Waitlisted) VALUES (921, 147, 108, '2025-08-04 19:32:11', FALSE);
INSERT INTO EventRoster (ID, Event, Member, DateRegistered, Waitlisted) VALUES (922, 147, 102, '2025-08-10 20:23:06', FALSE);
INSERT INTO EventRoster (ID, Event, Member, DateRegistered, Waitlisted) VALUES (923, 147, 106, '2025-07-17 12:49:21', FALSE);
INSERT INTO EventRoster (ID, Event, Member, DateRegistered, Waitlisted) VALUES (924, 147, 148, '2025-07-17 01:47:35', FALSE);
INSERT INTO EventRoster (ID, Event, Member, DateRegistered, Waitlisted) VALUES (925, 147, 171, '2025-07-15 21:02:40', TRUE);
INSERT INTO EventRoster (ID, Event, Member, DateRegistered, Waitlisted) VALUES (926, 148, 191, '2025-08-04 05:00:39', FALSE);
INSERT INTO EventRoster (ID, Event, Member, DateRegistered, Waitlisted) VALUES (927, 148, 132, '2025-07-20 10:12:14', FALSE);
INSERT INTO EventRoster (ID, Event, Member, DateRegistered, Waitlisted) VALUES (928, 148, 102, '2025-07-22 06:17:26', TRUE);
INSERT INTO EventRoster (ID, Event, Member, DateRegistered, Waitlisted) VALUES (929, 148, 198, '2025-08-02 00:04:01', FALSE);
INSERT INTO EventRoster (ID, Event, Member, DateRegistered, Waitlisted) VALUES (930, 148, 133, '2025-07-22 21:27:16', TRUE);
INSERT INTO EventRoster (ID, Event, Member, DateRegistered, Waitlisted) VALUES (931, 148, 123, '2025-07-27 01:15:22', FALSE);
INSERT INTO EventRoster (ID, Event, Member, DateRegistered, Waitlisted) VALUES (932, 148, 161, '2025-07-28 23:39:19', FALSE);
INSERT INTO EventRoster (ID, Event, Member, DateRegistered, Waitlisted) VALUES (933, 148, 134, '2025-07-28 20:35:43', FALSE);
INSERT INTO EventRoster (ID, Event, Member, DateRegistered, Waitlisted) VALUES (934, 149, 197, '2025-08-12 02:03:04', FALSE);
INSERT INTO EventRoster (ID, Event, Member, DateRegistered, Waitlisted) VALUES (935, 149, 146, '2025-07-16 17:10:19', FALSE);
INSERT INTO EventRoster (ID, Event, Member, DateRegistered, Waitlisted) VALUES (936, 149, 191, '2025-07-25 23:19:29', FALSE);
INSERT INTO EventRoster (ID, Event, Member, DateRegistered, Waitlisted) VALUES (937, 149, 116, '2025-08-07 12:59:01', FALSE);
INSERT INTO EventRoster (ID, Event, Member, DateRegistered, Waitlisted) VALUES (938, 149, 123, '2025-07-15 16:23:04', FALSE);
INSERT INTO EventRoster (ID, Event, Member, DateRegistered, Waitlisted) VALUES (939, 149, 113, '2025-08-12 21:33:16', FALSE);
INSERT INTO EventRoster (ID, Event, Member, DateRegistered, Waitlisted) VALUES (940, 149, 135, '2025-07-25 11:17:52', FALSE);
INSERT INTO EventRoster (ID, Event, Member, DateRegistered, Waitlisted) VALUES (941, 149, 161, '2025-07-29 18:37:34', FALSE);
INSERT INTO EventRoster (ID, Event, Member, DateRegistered, Waitlisted) VALUES (942, 149, 136, '2025-08-02 22:53:35', FALSE);
INSERT INTO EventRoster (ID, Event, Member, DateRegistered, Waitlisted) VALUES (943, 149, 126, '2025-08-08 01:47:20', FALSE);

-- 💬 FEEDBACK
INSERT INTO Feedback (ID, Member, Rating, Description, Anonymous) VALUES (100, 176, 4, 'Beautiful views, would definitely do this again.', FALSE);
INSERT INTO Feedback (ID, Member, Rating, Description, Anonymous) VALUES (101, 168, 4, 'Informative workshop. Practical skills learned.', FALSE);
INSERT INTO Feedback (ID, Member, Rating, Description, Anonymous) VALUES (102, 153, 5, 'Excellent trip! Great weather and company.', TRUE);
INSERT INTO Feedback (ID, Member, Rating, Description, Anonymous) VALUES (103, 135, 3, 'Wonderful social event. Met lots of new people.', FALSE);
INSERT INTO Feedback (ID, Member, Rating, Description, Anonymous) VALUES (104, 117, 4, 'Food was delicious. Perfect amount.', FALSE);
INSERT INTO Feedback (ID, Member, Rating, Description, Anonymous) VALUES (105, 140, 4, 'Beautiful views, would definitely do this again.', FALSE);
INSERT INTO Feedback (ID, Member, Rating, Description, Anonymous) VALUES (106, 113, 3, 'Trip timing worked well with my schedule.', FALSE);
INSERT INTO Feedback (ID, Member, Rating, Description, Anonymous) VALUES (107, 152, 5, 'Food was delicious. Perfect amount.', FALSE);
INSERT INTO Feedback (ID, Member, Rating, Description, Anonymous) VALUES (108, 149, 4, 'Informative workshop. Practical skills learned.', TRUE);
INSERT INTO Feedback (ID, Member, Rating, Description, Anonymous) VALUES (109, 113, 5, 'Food was delicious. Perfect amount.', FALSE);
INSERT INTO Feedback (ID, Member, Rating, Description, Anonymous) VALUES (110, 146, 5, 'Outstanding leadership from trip organizers.', FALSE);
INSERT INTO Feedback (ID, Member, Rating, Description, Anonymous) VALUES (111, 137, 5, 'Equipment was in great condition. Thanks!', FALSE);
INSERT INTO Feedback (ID, Member, Rating, Description, Anonymous) VALUES (112, 106, 2, 'Equipment was in great condition. Thanks!', FALSE);
INSERT INTO Feedback (ID, Member, Rating, Description, Anonymous) VALUES (113, 162, 4, 'Wonderful social event. Met lots of new people.', FALSE);
INSERT INTO Feedback (ID, Member, Rating, Description, Anonymous) VALUES (114, 103, 3, 'Informative workshop. Practical skills learned.', FALSE);
INSERT INTO Feedback (ID, Member, Rating, Description, Anonymous) VALUES (115, 172, 5, 'Perfect difficulty level for beginners.', FALSE);
INSERT INTO Feedback (ID, Member, Rating, Description, Anonymous) VALUES (116, 183, 4, 'Wonderful social event. Met lots of new people.', FALSE);
INSERT INTO Feedback (ID, Member, Rating, Description, Anonymous) VALUES (117, 186, 4, 'Challenging but rewarding experience.', TRUE);
INSERT INTO Feedback (ID, Member, Rating, Description, Anonymous) VALUES (118, 127, 5, 'Excellent trip! Great weather and company.', FALSE);
INSERT INTO Feedback (ID, Member, Rating, Description, Anonymous) VALUES (119, 127, 4, 'Outstanding leadership from trip organizers.', FALSE);
INSERT INTO Feedback (ID, Member, Rating, Description, Anonymous) VALUES (120, 145, 5, 'Excellent trip! Great weather and company.', FALSE);
INSERT INTO Feedback (ID, Member, Rating, Description, Anonymous) VALUES (121, 132, 4, 'Wonderful social event. Met lots of new people.', FALSE);
INSERT INTO Feedback (ID, Member, Rating, Description, Anonymous) VALUES (122, 175, 4, 'Outstanding leadership from trip organizers.', TRUE);
INSERT INTO Feedback (ID, Member, Rating, Description, Anonymous) VALUES (123, 146, 5, 'Informative workshop. Practical skills learned.', TRUE);
INSERT INTO Feedback (ID, Member, Rating, Description, Anonymous) VALUES (124, 135, 5, 'Perfect difficulty level for beginners.', FALSE);
INSERT INTO Feedback (ID, Member, Rating, Description, Anonymous) VALUES (125, 132, 5, 'Informative workshop. Practical skills learned.', FALSE);
INSERT INTO Feedback (ID, Member, Rating, Description, Anonymous) VALUES (126, 199, 5, 'Outstanding leadership from trip organizers.', FALSE);
INSERT INTO Feedback (ID, Member, Rating, Description, Anonymous) VALUES (127, 165, 4, 'Great group dynamic. Everyone was supportive.', FALSE);
INSERT INTO Feedback (ID, Member, Rating, Description, Anonymous) VALUES (128, 143, 3, 'Beautiful views, would definitely do this again.', FALSE);
INSERT INTO Feedback (ID, Member, Rating, Description, Anonymous) VALUES (129, 131, 5, 'Well organized event. Trip leaders were knowledgeable.', FALSE);
INSERT INTO Feedback (ID, Member, Rating, Description, Anonymous) VALUES (130, 126, 4, 'Great group dynamic. Everyone was supportive.', TRUE);
INSERT INTO Feedback (ID, Member, Rating, Description, Anonymous) VALUES (131, 162, 5, 'Safety briefing was thorough and helpful.', FALSE);
INSERT INTO Feedback (ID, Member, Rating, Description, Anonymous) VALUES (132, 155, 5, 'Well organized event. Trip leaders were knowledgeable.', FALSE);
INSERT INTO Feedback (ID, Member, Rating, Description, Anonymous) VALUES (133, 163, 3, 'Safety briefing was thorough and helpful.', FALSE);
INSERT INTO Feedback (ID, Member, Rating, Description, Anonymous) VALUES (134, 145, 4, 'Safety briefing was thorough and helpful.', FALSE);
INSERT INTO Feedback (ID, Member, Rating, Description, Anonymous) VALUES (135, 114, 2, 'Great group dynamic. Everyone was supportive.', FALSE);
INSERT INTO Feedback (ID, Member, Rating, Description, Anonymous) VALUES (136, 193, 4, 'Food was delicious. Perfect amount.', FALSE);
INSERT INTO Feedback (ID, Member, Rating, Description, Anonymous) VALUES (137, 136, 3, 'Equipment was in great condition. Thanks!', FALSE);
INSERT INTO Feedback (ID, Member, Rating, Description, Anonymous) VALUES (138, 147, 4, 'Challenging but rewarding experience.', FALSE);
INSERT INTO Feedback (ID, Member, Rating, Description, Anonymous) VALUES (139, 122, 3, 'Equipment was in great condition. Thanks!', FALSE);
INSERT INTO Feedback (ID, Member, Rating, Description, Anonymous) VALUES (140, 114, 5, 'Beautiful views, would definitely do this again.', FALSE);
INSERT INTO Feedback (ID, Member, Rating, Description, Anonymous) VALUES (141, 132, 4, 'Food was delicious. Perfect amount.', FALSE);
INSERT INTO Feedback (ID, Member, Rating, Description, Anonymous) VALUES (142, 197, 3, 'Good introduction to the activity. Learned a lot.', FALSE);
INSERT INTO Feedback (ID, Member, Rating, Description, Anonymous) VALUES (143, 104, 4, 'Trip timing worked well with my schedule.', FALSE);
INSERT INTO Feedback (ID, Member, Rating, Description, Anonymous) VALUES (144, 171, 5, 'Equipment was in great condition. Thanks!', FALSE);
INSERT INTO Feedback (ID, Member, Rating, Description, Anonymous) VALUES (145, 192, 4, 'Outstanding leadership from trip organizers.', FALSE);
INSERT INTO Feedback (ID, Member, Rating, Description, Anonymous) VALUES (146, 149, 5, 'Beautiful views, would definitely do this again.', FALSE);
INSERT INTO Feedback (ID, Member, Rating, Description, Anonymous) VALUES (147, 154, 4, 'Excellent trip! Great weather and company.', FALSE);
INSERT INTO Feedback (ID, Member, Rating, Description, Anonymous) VALUES (148, 135, 4, 'Great group dynamic. Everyone was supportive.', TRUE);
INSERT INTO Feedback (ID, Member, Rating, Description, Anonymous) VALUES (149, 151, 4, 'Trip timing worked well with my schedule.', FALSE);
INSERT INTO Feedback (ID, Member, Rating, Description, Anonymous) VALUES (150, 177, 4, 'Good introduction to the activity. Learned a lot.', FALSE);
INSERT INTO Feedback (ID, Member, Rating, Description, Anonymous) VALUES (151, 100, 5, 'Trip timing worked well with my schedule.', FALSE);
INSERT INTO Feedback (ID, Member, Rating, Description, Anonymous) VALUES (152, 134, 5, 'Excellent trip! Great weather and company.', FALSE);
INSERT INTO Feedback (ID, Member, Rating, Description, Anonymous) VALUES (153, 139, 4, 'Wonderful social event. Met lots of new people.', FALSE);
INSERT INTO Feedback (ID, Member, Rating, Description, Anonymous) VALUES (154, 152, 5, 'Food was delicious. Perfect amount.', FALSE);
INSERT INTO Feedback (ID, Member, Rating, Description, Anonymous) VALUES (155, 123, 4, 'Well organized event. Trip leaders were knowledgeable.', FALSE);
INSERT INTO Feedback (ID, Member, Rating, Description, Anonymous) VALUES (156, 172, 5, 'Good introduction to the activity. Learned a lot.', TRUE);
INSERT INTO Feedback (ID, Member, Rating, Description, Anonymous) VALUES (157, 182, 4, 'Equipment was in great condition. Thanks!', FALSE);
INSERT INTO Feedback (ID, Member, Rating, Description, Anonymous) VALUES (158, 115, 4, 'Food was delicious. Perfect amount.', FALSE);
INSERT INTO Feedback (ID, Member, Rating, Description, Anonymous) VALUES (159, 113, 4, 'Beautiful views, would definitely do this again.', FALSE);
INSERT INTO Feedback (ID, Member, Rating, Description, Anonymous) VALUES (160, 100, 5, 'Well organized event. Trip leaders were knowledgeable.', TRUE);
INSERT INTO Feedback (ID, Member, Rating, Description, Anonymous) VALUES (161, 119, 3, 'Meeting location was easy to find.', FALSE);
INSERT INTO Feedback (ID, Member, Rating, Description, Anonymous) VALUES (162, 108, 3, 'Well organized event. Trip leaders were knowledgeable.', TRUE);
INSERT INTO Feedback (ID, Member, Rating, Description, Anonymous) VALUES (163, 198, 3, 'Wonderful social event. Met lots of new people.', FALSE);
INSERT INTO Feedback (ID, Member, Rating, Description, Anonymous) VALUES (164, 147, 4, 'Outstanding leadership from trip organizers.', FALSE);
INSERT INTO Feedback (ID, Member, Rating, Description, Anonymous) VALUES (165, 105, 3, 'Meeting location was easy to find.', FALSE);
INSERT INTO Feedback (ID, Member, Rating, Description, Anonymous) VALUES (166, 143, 5, 'Great group dynamic. Everyone was supportive.', FALSE);
INSERT INTO Feedback (ID, Member, Rating, Description, Anonymous) VALUES (167, 179, 5, 'Perfect difficulty level for beginners.', FALSE);
INSERT INTO Feedback (ID, Member, Rating, Description, Anonymous) VALUES (168, 111, 5, 'Great group dynamic. Everyone was supportive.', FALSE);
INSERT INTO Feedback (ID, Member, Rating, Description, Anonymous) VALUES (169, 167, 5, 'Beautiful views, would definitely do this again.', TRUE);
INSERT INTO Feedback (ID, Member, Rating, Description, Anonymous) VALUES (170, 156, 4, 'Safety briefing was thorough and helpful.', FALSE);
INSERT INTO Feedback (ID, Member, Rating, Description, Anonymous) VALUES (171, 163, 5, 'Beautiful views, would definitely do this again.', FALSE);
INSERT INTO Feedback (ID, Member, Rating, Description, Anonymous) VALUES (172, 110, 3, 'Perfect difficulty level for beginners.', FALSE);
INSERT INTO Feedback (ID, Member, Rating, Description, Anonymous) VALUES (173, 120, 3, 'Meeting location was easy to find.', FALSE);
INSERT INTO Feedback (ID, Member, Rating, Description, Anonymous) VALUES (174, 185, 5, 'Good introduction to the activity. Learned a lot.', FALSE);
INSERT INTO Feedback (ID, Member, Rating, Description, Anonymous) VALUES (175, 175, 3, 'Wonderful social event. Met lots of new people.', FALSE);
INSERT INTO Feedback (ID, Member, Rating, Description, Anonymous) VALUES (176, 153, 5, 'Good introduction to the activity. Learned a lot.', FALSE);
INSERT INTO Feedback (ID, Member, Rating, Description, Anonymous) VALUES (177, 132, 5, 'Good introduction to the activity. Learned a lot.', FALSE);
INSERT INTO Feedback (ID, Member, Rating, Description, Anonymous) VALUES (178, 198, 4, 'Beautiful views, would definitely do this again.', FALSE);
INSERT INTO Feedback (ID, Member, Rating, Description, Anonymous) VALUES (179, 151, 5, 'Outstanding leadership from trip organizers.', FALSE);
INSERT INTO Feedback (ID, Member, Rating, Description, Anonymous) VALUES (180, 167, 4, 'Trip timing worked well with my schedule.', TRUE);
INSERT INTO Feedback (ID, Member, Rating, Description, Anonymous) VALUES (181, 102, 5, 'Equipment was in great condition. Thanks!', FALSE);
INSERT INTO Feedback (ID, Member, Rating, Description, Anonymous) VALUES (182, 107, 5, 'Well organized event. Trip leaders were knowledgeable.', FALSE);
INSERT INTO Feedback (ID, Member, Rating, Description, Anonymous) VALUES (183, 104, 3, 'Excellent trip! Great weather and company.', FALSE);
INSERT INTO Feedback (ID, Member, Rating, Description, Anonymous) VALUES (184, 109, 5, 'Informative workshop. Practical skills learned.', FALSE);
INSERT INTO Feedback (ID, Member, Rating, Description, Anonymous) VALUES (185, 158, 3, 'Wonderful social event. Met lots of new people.', FALSE);
INSERT INTO Feedback (ID, Member, Rating, Description, Anonymous) VALUES (186, 163, 4, 'Trip timing worked well with my schedule.', FALSE);
INSERT INTO Feedback (ID, Member, Rating, Description, Anonymous) VALUES (187, 199, 1, 'Beautiful views, would definitely do this again.', TRUE);
INSERT INTO Feedback (ID, Member, Rating, Description, Anonymous) VALUES (188, 181, 5, 'Equipment was in great condition. Thanks!', FALSE);
INSERT INTO Feedback (ID, Member, Rating, Description, Anonymous) VALUES (189, 156, 4, 'Wonderful social event. Met lots of new people.', FALSE);
INSERT INTO Feedback (ID, Member, Rating, Description, Anonymous) VALUES (190, 193, 2, 'Challenging but rewarding experience.', FALSE);
INSERT INTO Feedback (ID, Member, Rating, Description, Anonymous) VALUES (191, 198, 4, 'Beautiful views, would definitely do this again.', TRUE);
INSERT INTO Feedback (ID, Member, Rating, Description, Anonymous) VALUES (192, 181, 2, 'Good introduction to the activity. Learned a lot.', FALSE);
INSERT INTO Feedback (ID, Member, Rating, Description, Anonymous) VALUES (193, 199, 5, 'Perfect difficulty level for beginners.', FALSE);
INSERT INTO Feedback (ID, Member, Rating, Description, Anonymous) VALUES (194, 140, 5, 'Challenging but rewarding experience.', FALSE);
INSERT INTO Feedback (ID, Member, Rating, Description, Anonymous) VALUES (195, 142, 5, 'Well organized event. Trip leaders were knowledgeable.', FALSE);
INSERT INTO Feedback (ID, Member, Rating, Description, Anonymous) VALUES (196, 163, 5, 'Food was delicious. Perfect amount.', FALSE);
INSERT INTO Feedback (ID, Member, Rating, Description, Anonymous) VALUES (197, 129, 5, 'Informative workshop. Practical skills learned.', TRUE);
INSERT INTO Feedback (ID, Member, Rating, Description, Anonymous) VALUES (198, 171, 3, 'Perfect difficulty level for beginners.', FALSE);
INSERT INTO Feedback (ID, Member, Rating, Description, Anonymous) VALUES (199, 104, 5, 'Challenging but rewarding experience.', FALSE);
INSERT INTO Feedback (ID, Member, Rating, Description, Anonymous) VALUES (200, 158, 5, 'Equipment was in great condition. Thanks!', FALSE);
INSERT INTO Feedback (ID, Member, Rating, Description, Anonymous) VALUES (201, 165, 5, 'Wonderful social event. Met lots of new people.', FALSE);
INSERT INTO Feedback (ID, Member, Rating, Description, Anonymous) VALUES (202, 140, 2, 'Challenging but rewarding experience.', FALSE);
INSERT INTO Feedback (ID, Member, Rating, Description, Anonymous) VALUES (203, 125, 4, 'Perfect difficulty level for beginners.', FALSE);
INSERT INTO Feedback (ID, Member, Rating, Description, Anonymous) VALUES (204, 116, 3, 'Informative workshop. Practical skills learned.', FALSE);
INSERT INTO Feedback (ID, Member, Rating, Description, Anonymous) VALUES (205, 102, 3, 'Beautiful views, would definitely do this again.', FALSE);
INSERT INTO Feedback (ID, Member, Rating, Description, Anonymous) VALUES (206, 108, 4, 'Perfect difficulty level for beginners.', FALSE);
INSERT INTO Feedback (ID, Member, Rating, Description, Anonymous) VALUES (207, 147, 5, 'Outstanding leadership from trip organizers.', FALSE);
INSERT INTO Feedback (ID, Member, Rating, Description, Anonymous) VALUES (208, 154, 5, 'Trip timing worked well with my schedule.', TRUE);
INSERT INTO Feedback (ID, Member, Rating, Description, Anonymous) VALUES (209, 104, 4, 'Informative workshop. Practical skills learned.', TRUE);
INSERT INTO Feedback (ID, Member, Rating, Description, Anonymous) VALUES (210, 158, 4, 'Beautiful views, would definitely do this again.', FALSE);
INSERT INTO Feedback (ID, Member, Rating, Description, Anonymous) VALUES (211, 136, 5, 'Food was delicious. Perfect amount.', TRUE);
INSERT INTO Feedback (ID, Member, Rating, Description, Anonymous) VALUES (212, 141, 4, 'Perfect difficulty level for beginners.', FALSE);
INSERT INTO Feedback (ID, Member, Rating, Description, Anonymous) VALUES (213, 188, 4, 'Informative workshop. Practical skills learned.', FALSE);
INSERT INTO Feedback (ID, Member, Rating, Description, Anonymous) VALUES (214, 106, 5, 'Food was delicious. Perfect amount.', FALSE);
INSERT INTO Feedback (ID, Member, Rating, Description, Anonymous) VALUES (215, 146, 3, 'Good introduction to the activity. Learned a lot.', FALSE);
INSERT INTO Feedback (ID, Member, Rating, Description, Anonymous) VALUES (216, 108, 5, 'Meeting location was easy to find.', TRUE);
INSERT INTO Feedback (ID, Member, Rating, Description, Anonymous) VALUES (217, 127, 5, 'Food was delicious. Perfect amount.', FALSE);
INSERT INTO Feedback (ID, Member, Rating, Description, Anonymous) VALUES (218, 151, 5, 'Good introduction to the activity. Learned a lot.', FALSE);
INSERT INTO Feedback (ID, Member, Rating, Description, Anonymous) VALUES (219, 172, 4, 'Wonderful social event. Met lots of new people.', TRUE);
INSERT INTO Feedback (ID, Member, Rating, Description, Anonymous) VALUES (220, 146, 4, 'Beautiful views, would definitely do this again.', FALSE);
INSERT INTO Feedback (ID, Member, Rating, Description, Anonymous) VALUES (221, 141, 4, 'Informative workshop. Practical skills learned.', FALSE);
INSERT INTO Feedback (ID, Member, Rating, Description, Anonymous) VALUES (222, 169, 5, 'Well organized event. Trip leaders were knowledgeable.', TRUE);
INSERT INTO Feedback (ID, Member, Rating, Description, Anonymous) VALUES (223, 163, 3, 'Well organized event. Trip leaders were knowledgeable.', FALSE);
INSERT INTO Feedback (ID, Member, Rating, Description, Anonymous) VALUES (224, 128, 5, 'Good introduction to the activity. Learned a lot.', TRUE);
INSERT INTO Feedback (ID, Member, Rating, Description, Anonymous) VALUES (225, 105, 3, 'Well organized event. Trip leaders were knowledgeable.', TRUE);
INSERT INTO Feedback (ID, Member, Rating, Description, Anonymous) VALUES (226, 142, 4, 'Equipment was in great condition. Thanks!', FALSE);
INSERT INTO Feedback (ID, Member, Rating, Description, Anonymous) VALUES (227, 159, 5, 'Challenging but rewarding experience.', FALSE);
INSERT INTO Feedback (ID, Member, Rating, Description, Anonymous) VALUES (228, 185, 5, 'Beautiful views, would definitely do this again.', FALSE);
INSERT INTO Feedback (ID, Member, Rating, Description, Anonymous) VALUES (229, 185, 3, 'Challenging but rewarding experience.', FALSE);
INSERT INTO Feedback (ID, Member, Rating, Description, Anonymous) VALUES (230, 138, 5, 'Food was delicious. Perfect amount.', FALSE);
INSERT INTO Feedback (ID, Member, Rating, Description, Anonymous) VALUES (231, 183, 4, 'Safety briefing was thorough and helpful.', FALSE);
INSERT INTO Feedback (ID, Member, Rating, Description, Anonymous) VALUES (232, 143, 5, 'Beautiful views, would definitely do this again.', FALSE);
INSERT INTO Feedback (ID, Member, Rating, Description, Anonymous) VALUES (233, 112, 2, 'Equipment was in great condition. Thanks!', FALSE);
INSERT INTO Feedback (ID, Member, Rating, Description, Anonymous) VALUES (234, 144, 5, 'Food was delicious. Perfect amount.', FALSE);
INSERT INTO Feedback (ID, Member, Rating, Description, Anonymous) VALUES (235, 146, 5, 'Challenging but rewarding experience.', FALSE);
INSERT INTO Feedback (ID, Member, Rating, Description, Anonymous) VALUES (236, 111, 4, 'Informative workshop. Practical skills learned.', FALSE);
INSERT INTO Feedback (ID, Member, Rating, Description, Anonymous) VALUES (237, 177, 3, 'Trip timing worked well with my schedule.', FALSE);
INSERT INTO Feedback (ID, Member, Rating, Description, Anonymous) VALUES (238, 122, 4, 'Challenging but rewarding experience.', FALSE);
INSERT INTO Feedback (ID, Member, Rating, Description, Anonymous) VALUES (239, 102, 5, 'Informative workshop. Practical skills learned.', FALSE);
INSERT INTO Feedback (ID, Member, Rating, Description, Anonymous) VALUES (240, 157, 5, 'Safety briefing was thorough and helpful.', TRUE);
INSERT INTO Feedback (ID, Member, Rating, Description, Anonymous) VALUES (241, 112, 5, 'Good introduction to the activity. Learned a lot.', FALSE);
INSERT INTO Feedback (ID, Member, Rating, Description, Anonymous) VALUES (242, 100, 4, 'Good introduction to the activity. Learned a lot.', TRUE);
INSERT INTO Feedback (ID, Member, Rating, Description, Anonymous) VALUES (243, 170, 5, 'Meeting location was easy to find.', FALSE);
INSERT INTO Feedback (ID, Member, Rating, Description, Anonymous) VALUES (244, 188, 5, 'Meeting location was easy to find.', TRUE);
INSERT INTO Feedback (ID, Member, Rating, Description, Anonymous) VALUES (245, 107, 4, 'Safety briefing was thorough and helpful.', FALSE);
INSERT INTO Feedback (ID, Member, Rating, Description, Anonymous) VALUES (246, 100, 1, 'Meeting location was easy to find.', FALSE);
INSERT INTO Feedback (ID, Member, Rating, Description, Anonymous) VALUES (247, 157, 4, 'Great group dynamic. Everyone was supportive.', FALSE);
INSERT INTO Feedback (ID, Member, Rating, Description, Anonymous) VALUES (248, 107, 4, 'Good introduction to the activity. Learned a lot.', FALSE);
INSERT INTO Feedback (ID, Member, Rating, Description, Anonymous) VALUES (249, 146, 2, 'Excellent trip! Great weather and company.', FALSE);

-- 📧 COMMUNICATIONS
INSERT INTO Communication (ID, Subject, Content, DateSent) VALUES (100, 'Photo Contest Winners', 'Address become either foot. Born available time nature traditional fire trade.
Together record imagine American term. Medical operation feeling check.
Drug ask campaign pay.
Tv almost look will control but activity including. Character ago serve film assume.', '2025-08-13 09:09:53');
INSERT INTO CommunicationRecipients (Communication, Member) VALUES (100, 112);
INSERT INTO CommunicationRecipients (Communication, Member) VALUES (100, 139);
INSERT INTO CommunicationRecipients (Communication, Member) VALUES (100, 169);
INSERT INTO CommunicationRecipients (Communication, Member) VALUES (100, 116);
INSERT INTO CommunicationRecipients (Communication, Member) VALUES (100, 160);
INSERT INTO CommunicationRecipients (Communication, Member) VALUES (100, 159);
INSERT INTO CommunicationRecipients (Communication, Member) VALUES (100, 191);
INSERT INTO CommunicationRecipients (Communication, Member) VALUES (100, 134);
INSERT INTO CommunicationRecipients (Communication, Member) VALUES (100, 180);
INSERT INTO CommunicationRecipients (Communication, Member) VALUES (100, 194);
INSERT INTO CommunicationRecipients (Communication, Member) VALUES (100, 189);
INSERT INTO CommunicationRecipients (Communication, Member) VALUES (100, 137);
INSERT INTO CommunicationRecipients (Communication, Member) VALUES (100, 171);
INSERT INTO CommunicationRecipients (Communication, Member) VALUES (100, 106);
INSERT INTO CommunicationRecipients (Communication, Member) VALUES (100, 133);
INSERT INTO CommunicationRecipients (Communication, Member) VALUES (100, 138);
INSERT INTO CommunicationRecipients (Communication, Member) VALUES (100, 168);
INSERT INTO CommunicationRecipients (Communication, Member) VALUES (100, 154);
INSERT INTO CommunicationRecipients (Communication, Member) VALUES (100, 132);
INSERT INTO CommunicationRecipients (Communication, Member) VALUES (100, 117);
INSERT INTO CommunicationRecipients (Communication, Member) VALUES (100, 185);
INSERT INTO CommunicationRecipients (Communication, Member) VALUES (100, 179);
INSERT INTO CommunicationRecipients (Communication, Member) VALUES (100, 152);
INSERT INTO CommunicationRecipients (Communication, Member) VALUES (100, 105);
INSERT INTO Communication (ID, Subject, Content, DateSent) VALUES (101, 'Club Meeting This Thursday', 'Mother audience exist husband thank reflect tell. Cold state it than character fish stay.
Use beat game relationship. Yourself Congress strategy reveal into include. Second design still culture brother.
Foreign too support wind. Less interesting public a personal hear writer.', '2025-08-13 09:10:01');
INSERT INTO CommunicationRecipients (Communication, Member) VALUES (101, 144);
INSERT INTO CommunicationRecipients (Communication, Member) VALUES (101, 182);
INSERT INTO CommunicationRecipients (Communication, Member) VALUES (101, 172);
INSERT INTO CommunicationRecipients (Communication, Member) VALUES (101, 184);
INSERT INTO CommunicationRecipients (Communication, Member) VALUES (101, 115);
INSERT INTO CommunicationRecipients (Communication, Member) VALUES (101, 164);
INSERT INTO CommunicationRecipients (Communication, Member) VALUES (101, 127);
INSERT INTO CommunicationRecipients (Communication, Member) VALUES (101, 133);
INSERT INTO CommunicationRecipients (Communication, Member) VALUES (101, 142);
INSERT INTO CommunicationRecipients (Communication, Member) VALUES (101, 114);
INSERT INTO CommunicationRecipients (Communication, Member) VALUES (101, 124);
INSERT INTO CommunicationRecipients (Communication, Member) VALUES (101, 183);
INSERT INTO CommunicationRecipients (Communication, Member) VALUES (101, 190);
INSERT INTO CommunicationRecipients (Communication, Member) VALUES (101, 192);
INSERT INTO CommunicationRecipients (Communication, Member) VALUES (101, 101);
INSERT INTO CommunicationRecipients (Communication, Member) VALUES (101, 195);
INSERT INTO CommunicationRecipients (Communication, Member) VALUES (101, 148);
INSERT INTO CommunicationRecipients (Communication, Member) VALUES (101, 170);
INSERT INTO CommunicationRecipients (Communication, Member) VALUES (101, 197);
INSERT INTO CommunicationRecipients (Communication, Member) VALUES (101, 139);
INSERT INTO CommunicationRecipients (Communication, Member) VALUES (101, 160);
INSERT INTO CommunicationRecipients (Communication, Member) VALUES (101, 179);
INSERT INTO CommunicationRecipients (Communication, Member) VALUES (101, 122);
INSERT INTO CommunicationRecipients (Communication, Member) VALUES (101, 173);
INSERT INTO CommunicationRecipients (Communication, Member) VALUES (101, 141);
INSERT INTO CommunicationRecipients (Communication, Member) VALUES (101, 126);
INSERT INTO CommunicationRecipients (Communication, Member) VALUES (101, 125);
INSERT INTO CommunicationRecipients (Communication, Member) VALUES (101, 157);
INSERT INTO CommunicationRecipients (Communication, Member) VALUES (101, 194);
INSERT INTO CommunicationRecipients (Communication, Member) VALUES (101, 132);
INSERT INTO CommunicationRecipients (Communication, Member) VALUES (101, 140);
INSERT INTO CommunicationRecipients (Communication, Member) VALUES (101, 191);
INSERT INTO CommunicationRecipients (Communication, Member) VALUES (101, 162);
INSERT INTO CommunicationRecipients (Communication, Member) VALUES (101, 145);
INSERT INTO CommunicationRecipients (Communication, Member) VALUES (101, 129);
INSERT INTO CommunicationRecipients (Communication, Member) VALUES (101, 113);
INSERT INTO CommunicationRecipients (Communication, Member) VALUES (101, 146);
INSERT INTO CommunicationRecipients (Communication, Member) VALUES (101, 152);
INSERT INTO CommunicationRecipients (Communication, Member) VALUES (101, 163);
INSERT INTO CommunicationRecipients (Communication, Member) VALUES (101, 112);
INSERT INTO CommunicationRecipients (Communication, Member) VALUES (101, 111);
INSERT INTO CommunicationRecipients (Communication, Member) VALUES (101, 168);
INSERT INTO CommunicationRecipients (Communication, Member) VALUES (101, 136);
INSERT INTO CommunicationRecipients (Communication, Member) VALUES (101, 181);
INSERT INTO CommunicationRecipients (Communication, Member) VALUES (101, 119);
INSERT INTO CommunicationRecipients (Communication, Member) VALUES (101, 121);
INSERT INTO CommunicationRecipients (Communication, Member) VALUES (101, 166);
INSERT INTO CommunicationRecipients (Communication, Member) VALUES (101, 159);
INSERT INTO CommunicationRecipients (Communication, Member) VALUES (101, 187);
INSERT INTO CommunicationRecipients (Communication, Member) VALUES (101, 117);
INSERT INTO CommunicationRecipients (Communication, Member) VALUES (101, 150);
INSERT INTO CommunicationRecipients (Communication, Member) VALUES (101, 137);
INSERT INTO CommunicationRecipients (Communication, Member) VALUES (101, 154);
INSERT INTO CommunicationRecipients (Communication, Member) VALUES (101, 143);
INSERT INTO CommunicationRecipients (Communication, Member) VALUES (101, 188);
INSERT INTO CommunicationRecipients (Communication, Member) VALUES (101, 165);
INSERT INTO CommunicationRecipients (Communication, Member) VALUES (101, 156);
INSERT INTO CommunicationRecipients (Communication, Member) VALUES (101, 109);
INSERT INTO CommunicationRecipients (Communication, Member) VALUES (101, 171);
INSERT INTO CommunicationRecipients (Communication, Member) VALUES (101, 138);
INSERT INTO CommunicationRecipients (Communication, Member) VALUES (101, 196);
INSERT INTO CommunicationRecipients (Communication, Member) VALUES (101, 130);
INSERT INTO CommunicationRecipients (Communication, Member) VALUES (101, 105);
INSERT INTO CommunicationRecipients (Communication, Member) VALUES (101, 100);
INSERT INTO CommunicationRecipients (Communication, Member) VALUES (101, 155);
INSERT INTO Communication (ID, Subject, Content, DateSent) VALUES (102, 'Officer Election Results', 'Dinner prepare so those happy nor with. Wife career enjoy week himself summer black agent. Sense business else.
Still Mr good law allow decision finally. Fish our join economic ask likely husband. Western involve might south production key color chair.', '2025-08-13 09:10:48');
INSERT INTO CommunicationRecipients (Communication, Member) VALUES (102, 172);
INSERT INTO CommunicationRecipients (Communication, Member) VALUES (102, 162);
INSERT INTO CommunicationRecipients (Communication, Member) VALUES (102, 139);
INSERT INTO CommunicationRecipients (Communication, Member) VALUES (102, 159);
INSERT INTO CommunicationRecipients (Communication, Member) VALUES (102, 116);
INSERT INTO CommunicationRecipients (Communication, Member) VALUES (102, 112);
INSERT INTO CommunicationRecipients (Communication, Member) VALUES (102, 140);
INSERT INTO CommunicationRecipients (Communication, Member) VALUES (102, 155);
INSERT INTO CommunicationRecipients (Communication, Member) VALUES (102, 160);
INSERT INTO CommunicationRecipients (Communication, Member) VALUES (102, 165);
INSERT INTO CommunicationRecipients (Communication, Member) VALUES (102, 161);
INSERT INTO CommunicationRecipients (Communication, Member) VALUES (102, 154);
INSERT INTO CommunicationRecipients (Communication, Member) VALUES (102, 196);
INSERT INTO CommunicationRecipients (Communication, Member) VALUES (102, 104);
INSERT INTO CommunicationRecipients (Communication, Member) VALUES (102, 166);
INSERT INTO CommunicationRecipients (Communication, Member) VALUES (102, 108);
INSERT INTO CommunicationRecipients (Communication, Member) VALUES (102, 195);
INSERT INTO CommunicationRecipients (Communication, Member) VALUES (102, 101);
INSERT INTO CommunicationRecipients (Communication, Member) VALUES (102, 164);
INSERT INTO CommunicationRecipients (Communication, Member) VALUES (102, 153);
INSERT INTO CommunicationRecipients (Communication, Member) VALUES (102, 122);
INSERT INTO CommunicationRecipients (Communication, Member) VALUES (102, 134);
INSERT INTO CommunicationRecipients (Communication, Member) VALUES (102, 148);
INSERT INTO CommunicationRecipients (Communication, Member) VALUES (102, 128);
INSERT INTO CommunicationRecipients (Communication, Member) VALUES (102, 125);
INSERT INTO CommunicationRecipients (Communication, Member) VALUES (102, 144);
INSERT INTO CommunicationRecipients (Communication, Member) VALUES (102, 182);
INSERT INTO CommunicationRecipients (Communication, Member) VALUES (102, 145);
INSERT INTO CommunicationRecipients (Communication, Member) VALUES (102, 136);
INSERT INTO CommunicationRecipients (Communication, Member) VALUES (102, 197);
INSERT INTO CommunicationRecipients (Communication, Member) VALUES (102, 130);
INSERT INTO CommunicationRecipients (Communication, Member) VALUES (102, 114);
INSERT INTO CommunicationRecipients (Communication, Member) VALUES (102, 106);
INSERT INTO CommunicationRecipients (Communication, Member) VALUES (102, 138);
INSERT INTO CommunicationRecipients (Communication, Member) VALUES (102, 158);
INSERT INTO CommunicationRecipients (Communication, Member) VALUES (102, 137);
INSERT INTO CommunicationRecipients (Communication, Member) VALUES (102, 167);
INSERT INTO CommunicationRecipients (Communication, Member) VALUES (102, 180);
INSERT INTO CommunicationRecipients (Communication, Member) VALUES (102, 173);
INSERT INTO CommunicationRecipients (Communication, Member) VALUES (102, 102);
INSERT INTO CommunicationRecipients (Communication, Member) VALUES (102, 179);
INSERT INTO CommunicationRecipients (Communication, Member) VALUES (102, 115);
INSERT INTO CommunicationRecipients (Communication, Member) VALUES (102, 175);
INSERT INTO CommunicationRecipients (Communication, Member) VALUES (102, 147);
INSERT INTO CommunicationRecipients (Communication, Member) VALUES (102, 131);
INSERT INTO CommunicationRecipients (Communication, Member) VALUES (102, 146);
INSERT INTO CommunicationRecipients (Communication, Member) VALUES (102, 186);
INSERT INTO CommunicationRecipients (Communication, Member) VALUES (102, 168);
INSERT INTO CommunicationRecipients (Communication, Member) VALUES (102, 142);
INSERT INTO CommunicationRecipients (Communication, Member) VALUES (102, 169);
INSERT INTO CommunicationRecipients (Communication, Member) VALUES (102, 193);
INSERT INTO CommunicationRecipients (Communication, Member) VALUES (102, 188);
INSERT INTO CommunicationRecipients (Communication, Member) VALUES (102, 190);
INSERT INTO CommunicationRecipients (Communication, Member) VALUES (102, 110);
INSERT INTO CommunicationRecipients (Communication, Member) VALUES (102, 141);
INSERT INTO CommunicationRecipients (Communication, Member) VALUES (102, 185);
INSERT INTO CommunicationRecipients (Communication, Member) VALUES (102, 105);
INSERT INTO CommunicationRecipients (Communication, Member) VALUES (102, 174);
INSERT INTO CommunicationRecipients (Communication, Member) VALUES (102, 156);
INSERT INTO CommunicationRecipients (Communication, Member) VALUES (102, 118);
INSERT INTO CommunicationRecipients (Communication, Member) VALUES (102, 135);
INSERT INTO CommunicationRecipients (Communication, Member) VALUES (102, 198);
INSERT INTO CommunicationRecipients (Communication, Member) VALUES (102, 192);
INSERT INTO CommunicationRecipients (Communication, Member) VALUES (102, 181);
INSERT INTO CommunicationRecipients (Communication, Member) VALUES (102, 191);
INSERT INTO CommunicationRecipients (Communication, Member) VALUES (102, 123);
INSERT INTO CommunicationRecipients (Communication, Member) VALUES (102, 149);
INSERT INTO CommunicationRecipients (Communication, Member) VALUES (102, 163);
INSERT INTO CommunicationRecipients (Communication, Member) VALUES (102, 157);
INSERT INTO CommunicationRecipients (Communication, Member) VALUES (102, 121);
INSERT INTO CommunicationRecipients (Communication, Member) VALUES (102, 143);
INSERT INTO CommunicationRecipients (Communication, Member) VALUES (102, 117);
INSERT INTO CommunicationRecipients (Communication, Member) VALUES (102, 177);
INSERT INTO CommunicationRecipients (Communication, Member) VALUES (102, 199);
INSERT INTO CommunicationRecipients (Communication, Member) VALUES (102, 170);
INSERT INTO CommunicationRecipients (Communication, Member) VALUES (102, 113);
INSERT INTO CommunicationRecipients (Communication, Member) VALUES (102, 119);
INSERT INTO CommunicationRecipients (Communication, Member) VALUES (102, 132);
INSERT INTO CommunicationRecipients (Communication, Member) VALUES (102, 184);
INSERT INTO CommunicationRecipients (Communication, Member) VALUES (102, 176);
INSERT INTO CommunicationRecipients (Communication, Member) VALUES (102, 129);
INSERT INTO CommunicationRecipients (Communication, Member) VALUES (102, 126);
INSERT INTO CommunicationRecipients (Communication, Member) VALUES (102, 151);
INSERT INTO CommunicationRecipients (Communication, Member) VALUES (102, 189);
INSERT INTO CommunicationRecipients (Communication, Member) VALUES (102, 187);
INSERT INTO Communication (ID, Subject, Content, DateSent) VALUES (103, 'New Member Welcome', 'Term attention six.
Phone across laugh everybody second everything. Every east couple address yard. Morning air thousand kid large security.
Wife yard sit rule international off pay many. Your catch pull investment which owner.', '2025-08-13 09:09:08');
INSERT INTO CommunicationRecipients (Communication, Member) VALUES (103, 174);
INSERT INTO CommunicationRecipients (Communication, Member) VALUES (103, 143);
INSERT INTO CommunicationRecipients (Communication, Member) VALUES (103, 175);
INSERT INTO CommunicationRecipients (Communication, Member) VALUES (103, 123);
INSERT INTO CommunicationRecipients (Communication, Member) VALUES (103, 144);
INSERT INTO CommunicationRecipients (Communication, Member) VALUES (103, 165);
INSERT INTO CommunicationRecipients (Communication, Member) VALUES (103, 147);
INSERT INTO CommunicationRecipients (Communication, Member) VALUES (103, 131);
INSERT INTO CommunicationRecipients (Communication, Member) VALUES (103, 180);
INSERT INTO CommunicationRecipients (Communication, Member) VALUES (103, 154);
INSERT INTO CommunicationRecipients (Communication, Member) VALUES (103, 101);
INSERT INTO CommunicationRecipients (Communication, Member) VALUES (103, 107);
INSERT INTO CommunicationRecipients (Communication, Member) VALUES (103, 106);
INSERT INTO CommunicationRecipients (Communication, Member) VALUES (103, 117);
INSERT INTO CommunicationRecipients (Communication, Member) VALUES (103, 181);
INSERT INTO CommunicationRecipients (Communication, Member) VALUES (103, 114);
INSERT INTO CommunicationRecipients (Communication, Member) VALUES (103, 111);
INSERT INTO CommunicationRecipients (Communication, Member) VALUES (103, 177);
INSERT INTO CommunicationRecipients (Communication, Member) VALUES (103, 158);
INSERT INTO CommunicationRecipients (Communication, Member) VALUES (103, 157);
INSERT INTO CommunicationRecipients (Communication, Member) VALUES (103, 146);
INSERT INTO CommunicationRecipients (Communication, Member) VALUES (103, 116);
INSERT INTO CommunicationRecipients (Communication, Member) VALUES (103, 100);
INSERT INTO CommunicationRecipients (Communication, Member) VALUES (103, 148);
INSERT INTO CommunicationRecipients (Communication, Member) VALUES (103, 126);
INSERT INTO CommunicationRecipients (Communication, Member) VALUES (103, 168);
INSERT INTO CommunicationRecipients (Communication, Member) VALUES (103, 130);
INSERT INTO CommunicationRecipients (Communication, Member) VALUES (103, 115);
INSERT INTO CommunicationRecipients (Communication, Member) VALUES (103, 182);
INSERT INTO CommunicationRecipients (Communication, Member) VALUES (103, 125);
INSERT INTO CommunicationRecipients (Communication, Member) VALUES (103, 118);
INSERT INTO CommunicationRecipients (Communication, Member) VALUES (103, 160);
INSERT INTO CommunicationRecipients (Communication, Member) VALUES (103, 150);
INSERT INTO CommunicationRecipients (Communication, Member) VALUES (103, 186);
INSERT INTO CommunicationRecipients (Communication, Member) VALUES (103, 129);
INSERT INTO CommunicationRecipients (Communication, Member) VALUES (103, 151);
INSERT INTO CommunicationRecipients (Communication, Member) VALUES (103, 120);
INSERT INTO CommunicationRecipients (Communication, Member) VALUES (103, 113);
INSERT INTO CommunicationRecipients (Communication, Member) VALUES (103, 140);
INSERT INTO CommunicationRecipients (Communication, Member) VALUES (103, 153);
INSERT INTO CommunicationRecipients (Communication, Member) VALUES (103, 121);
INSERT INTO CommunicationRecipients (Communication, Member) VALUES (103, 141);
INSERT INTO CommunicationRecipients (Communication, Member) VALUES (103, 134);
INSERT INTO CommunicationRecipients (Communication, Member) VALUES (103, 184);
INSERT INTO CommunicationRecipients (Communication, Member) VALUES (103, 124);
INSERT INTO CommunicationRecipients (Communication, Member) VALUES (103, 190);
INSERT INTO CommunicationRecipients (Communication, Member) VALUES (103, 199);
INSERT INTO CommunicationRecipients (Communication, Member) VALUES (103, 127);
INSERT INTO Communication (ID, Subject, Content, DateSent) VALUES (104, 'Safety Reminder: Winter Conditions', 'Born eye everybody director major. Government term development long public.
Beyond professional which stay these son born. Anyone hot lead nice.
Once Mrs area avoid. Tree sister main family. Drug direction when carry catch defense onto. Beyond audience check above probably.', '2025-08-13 09:08:58');
INSERT INTO CommunicationRecipients (Communication, Member) VALUES (104, 156);
INSERT INTO CommunicationRecipients (Communication, Member) VALUES (104, 179);
INSERT INTO CommunicationRecipients (Communication, Member) VALUES (104, 193);
INSERT INTO CommunicationRecipients (Communication, Member) VALUES (104, 129);
INSERT INTO CommunicationRecipients (Communication, Member) VALUES (104, 114);
INSERT INTO CommunicationRecipients (Communication, Member) VALUES (104, 187);
INSERT INTO CommunicationRecipients (Communication, Member) VALUES (104, 175);
INSERT INTO CommunicationRecipients (Communication, Member) VALUES (104, 167);
INSERT INTO CommunicationRecipients (Communication, Member) VALUES (104, 146);
INSERT INTO CommunicationRecipients (Communication, Member) VALUES (104, 154);
INSERT INTO Communication (ID, Subject, Content, DateSent) VALUES (105, 'Budget Update', 'Because north push without rather listen speech everything.
Trip nice mission since. Work tonight hope. Yourself away alone fine within move leg.
Work reduce economic eye outside.
Well TV into matter article north bag. Long save cut hear. Oil authority others exactly candidate relationship law.', '2025-08-13 09:09:53');
INSERT INTO CommunicationRecipients (Communication, Member) VALUES (105, 196);
INSERT INTO CommunicationRecipients (Communication, Member) VALUES (105, 185);
INSERT INTO CommunicationRecipients (Communication, Member) VALUES (105, 121);
INSERT INTO CommunicationRecipients (Communication, Member) VALUES (105, 119);
INSERT INTO CommunicationRecipients (Communication, Member) VALUES (105, 116);
INSERT INTO CommunicationRecipients (Communication, Member) VALUES (105, 176);
INSERT INTO CommunicationRecipients (Communication, Member) VALUES (105, 147);
INSERT INTO CommunicationRecipients (Communication, Member) VALUES (105, 162);
INSERT INTO CommunicationRecipients (Communication, Member) VALUES (105, 168);
INSERT INTO CommunicationRecipients (Communication, Member) VALUES (105, 198);
INSERT INTO CommunicationRecipients (Communication, Member) VALUES (105, 125);
INSERT INTO CommunicationRecipients (Communication, Member) VALUES (105, 124);
INSERT INTO CommunicationRecipients (Communication, Member) VALUES (105, 169);
INSERT INTO CommunicationRecipients (Communication, Member) VALUES (105, 153);
INSERT INTO CommunicationRecipients (Communication, Member) VALUES (105, 190);
INSERT INTO CommunicationRecipients (Communication, Member) VALUES (105, 187);
INSERT INTO CommunicationRecipients (Communication, Member) VALUES (105, 175);
INSERT INTO CommunicationRecipients (Communication, Member) VALUES (105, 115);
INSERT INTO CommunicationRecipients (Communication, Member) VALUES (105, 178);
INSERT INTO CommunicationRecipients (Communication, Member) VALUES (105, 107);
INSERT INTO CommunicationRecipients (Communication, Member) VALUES (105, 126);
INSERT INTO CommunicationRecipients (Communication, Member) VALUES (105, 181);
INSERT INTO CommunicationRecipients (Communication, Member) VALUES (105, 148);
INSERT INTO CommunicationRecipients (Communication, Member) VALUES (105, 129);
INSERT INTO CommunicationRecipients (Communication, Member) VALUES (105, 108);
INSERT INTO CommunicationRecipients (Communication, Member) VALUES (105, 172);
INSERT INTO CommunicationRecipients (Communication, Member) VALUES (105, 109);
INSERT INTO CommunicationRecipients (Communication, Member) VALUES (105, 195);
INSERT INTO CommunicationRecipients (Communication, Member) VALUES (105, 152);
INSERT INTO CommunicationRecipients (Communication, Member) VALUES (105, 135);
INSERT INTO CommunicationRecipients (Communication, Member) VALUES (105, 132);
INSERT INTO CommunicationRecipients (Communication, Member) VALUES (105, 182);
INSERT INTO CommunicationRecipients (Communication, Member) VALUES (105, 103);
INSERT INTO CommunicationRecipients (Communication, Member) VALUES (105, 117);
INSERT INTO CommunicationRecipients (Communication, Member) VALUES (105, 133);
INSERT INTO CommunicationRecipients (Communication, Member) VALUES (105, 156);
INSERT INTO CommunicationRecipients (Communication, Member) VALUES (105, 102);
INSERT INTO CommunicationRecipients (Communication, Member) VALUES (105, 101);
INSERT INTO CommunicationRecipients (Communication, Member) VALUES (105, 173);
INSERT INTO CommunicationRecipients (Communication, Member) VALUES (105, 145);
INSERT INTO CommunicationRecipients (Communication, Member) VALUES (105, 127);
INSERT INTO CommunicationRecipients (Communication, Member) VALUES (105, 128);
INSERT INTO CommunicationRecipients (Communication, Member) VALUES (105, 154);
INSERT INTO CommunicationRecipients (Communication, Member) VALUES (105, 143);
INSERT INTO CommunicationRecipients (Communication, Member) VALUES (105, 170);
INSERT INTO CommunicationRecipients (Communication, Member) VALUES (105, 167);
INSERT INTO CommunicationRecipients (Communication, Member) VALUES (105, 155);
INSERT INTO CommunicationRecipients (Communication, Member) VALUES (105, 157);
INSERT INTO CommunicationRecipients (Communication, Member) VALUES (105, 105);
INSERT INTO CommunicationRecipients (Communication, Member) VALUES (105, 150);
INSERT INTO CommunicationRecipients (Communication, Member) VALUES (105, 130);
INSERT INTO CommunicationRecipients (Communication, Member) VALUES (105, 110);
INSERT INTO CommunicationRecipients (Communication, Member) VALUES (105, 144);
INSERT INTO CommunicationRecipients (Communication, Member) VALUES (105, 100);
INSERT INTO CommunicationRecipients (Communication, Member) VALUES (105, 166);
INSERT INTO CommunicationRecipients (Communication, Member) VALUES (105, 177);
INSERT INTO CommunicationRecipients (Communication, Member) VALUES (105, 112);
INSERT INTO CommunicationRecipients (Communication, Member) VALUES (105, 134);
INSERT INTO CommunicationRecipients (Communication, Member) VALUES (105, 141);
INSERT INTO CommunicationRecipients (Communication, Member) VALUES (105, 140);
INSERT INTO CommunicationRecipients (Communication, Member) VALUES (105, 163);
INSERT INTO CommunicationRecipients (Communication, Member) VALUES (105, 171);
INSERT INTO CommunicationRecipients (Communication, Member) VALUES (105, 194);
INSERT INTO CommunicationRecipients (Communication, Member) VALUES (105, 113);
INSERT INTO CommunicationRecipients (Communication, Member) VALUES (105, 164);
INSERT INTO CommunicationRecipients (Communication, Member) VALUES (105, 139);
INSERT INTO CommunicationRecipients (Communication, Member) VALUES (105, 138);
INSERT INTO CommunicationRecipients (Communication, Member) VALUES (105, 159);
INSERT INTO CommunicationRecipients (Communication, Member) VALUES (105, 114);
INSERT INTO CommunicationRecipients (Communication, Member) VALUES (105, 161);
INSERT INTO CommunicationRecipients (Communication, Member) VALUES (105, 183);
INSERT INTO CommunicationRecipients (Communication, Member) VALUES (105, 131);
INSERT INTO CommunicationRecipients (Communication, Member) VALUES (105, 188);
INSERT INTO CommunicationRecipients (Communication, Member) VALUES (105, 146);
INSERT INTO CommunicationRecipients (Communication, Member) VALUES (105, 158);
INSERT INTO CommunicationRecipients (Communication, Member) VALUES (105, 111);
INSERT INTO CommunicationRecipients (Communication, Member) VALUES (105, 189);
INSERT INTO Communication (ID, Subject, Content, DateSent) VALUES (106, 'Upcoming Trip Reminder', 'While difference list case beautiful week around.
Actually side prepare race face field exist. Trial nice leave company season give worker. City discussion outside consider audience.
Physical its central knowledge fill. Check fast talk season.', '2025-08-13 09:14:34');
INSERT INTO CommunicationRecipients (Communication, Member) VALUES (106, 172);
INSERT INTO CommunicationRecipients (Communication, Member) VALUES (106, 148);
INSERT INTO CommunicationRecipients (Communication, Member) VALUES (106, 122);
INSERT INTO CommunicationRecipients (Communication, Member) VALUES (106, 196);
INSERT INTO CommunicationRecipients (Communication, Member) VALUES (106, 199);
INSERT INTO CommunicationRecipients (Communication, Member) VALUES (106, 135);
INSERT INTO CommunicationRecipients (Communication, Member) VALUES (106, 124);
INSERT INTO CommunicationRecipients (Communication, Member) VALUES (106, 141);
INSERT INTO CommunicationRecipients (Communication, Member) VALUES (106, 105);
INSERT INTO CommunicationRecipients (Communication, Member) VALUES (106, 178);
INSERT INTO CommunicationRecipients (Communication, Member) VALUES (106, 147);
INSERT INTO CommunicationRecipients (Communication, Member) VALUES (106, 188);
INSERT INTO CommunicationRecipients (Communication, Member) VALUES (106, 175);
INSERT INTO CommunicationRecipients (Communication, Member) VALUES (106, 145);
INSERT INTO CommunicationRecipients (Communication, Member) VALUES (106, 157);
INSERT INTO CommunicationRecipients (Communication, Member) VALUES (106, 125);
INSERT INTO CommunicationRecipients (Communication, Member) VALUES (106, 158);
INSERT INTO CommunicationRecipients (Communication, Member) VALUES (106, 149);
INSERT INTO CommunicationRecipients (Communication, Member) VALUES (106, 108);
INSERT INTO CommunicationRecipients (Communication, Member) VALUES (106, 137);
INSERT INTO CommunicationRecipients (Communication, Member) VALUES (106, 111);
INSERT INTO CommunicationRecipients (Communication, Member) VALUES (106, 144);
INSERT INTO CommunicationRecipients (Communication, Member) VALUES (106, 177);
INSERT INTO CommunicationRecipients (Communication, Member) VALUES (106, 193);
INSERT INTO CommunicationRecipients (Communication, Member) VALUES (106, 146);
INSERT INTO CommunicationRecipients (Communication, Member) VALUES (106, 109);
INSERT INTO CommunicationRecipients (Communication, Member) VALUES (106, 198);
INSERT INTO CommunicationRecipients (Communication, Member) VALUES (106, 114);
INSERT INTO CommunicationRecipients (Communication, Member) VALUES (106, 190);
INSERT INTO CommunicationRecipients (Communication, Member) VALUES (106, 115);
INSERT INTO CommunicationRecipients (Communication, Member) VALUES (106, 139);
INSERT INTO CommunicationRecipients (Communication, Member) VALUES (106, 116);
INSERT INTO CommunicationRecipients (Communication, Member) VALUES (106, 134);
INSERT INTO CommunicationRecipients (Communication, Member) VALUES (106, 126);
INSERT INTO CommunicationRecipients (Communication, Member) VALUES (106, 133);
INSERT INTO CommunicationRecipients (Communication, Member) VALUES (106, 180);
INSERT INTO CommunicationRecipients (Communication, Member) VALUES (106, 110);
INSERT INTO CommunicationRecipients (Communication, Member) VALUES (106, 186);
INSERT INTO CommunicationRecipients (Communication, Member) VALUES (106, 143);
INSERT INTO CommunicationRecipients (Communication, Member) VALUES (106, 182);
INSERT INTO CommunicationRecipients (Communication, Member) VALUES (106, 123);
INSERT INTO CommunicationRecipients (Communication, Member) VALUES (106, 103);
INSERT INTO CommunicationRecipients (Communication, Member) VALUES (106, 131);
INSERT INTO CommunicationRecipients (Communication, Member) VALUES (106, 151);
INSERT INTO CommunicationRecipients (Communication, Member) VALUES (106, 183);
INSERT INTO CommunicationRecipients (Communication, Member) VALUES (106, 163);
INSERT INTO CommunicationRecipients (Communication, Member) VALUES (106, 191);
INSERT INTO Communication (ID, Subject, Content, DateSent) VALUES (107, 'Club Social Event', 'Itself ready seek instead before protect resource impact. These however movement himself. Point attorney spend white.
Budget know watch save himself. Attack hear issue half piece memory.', '2025-08-13 09:13:06');
INSERT INTO CommunicationRecipients (Communication, Member) VALUES (107, 172);
INSERT INTO CommunicationRecipients (Communication, Member) VALUES (107, 183);
INSERT INTO CommunicationRecipients (Communication, Member) VALUES (107, 152);
INSERT INTO CommunicationRecipients (Communication, Member) VALUES (107, 176);
INSERT INTO CommunicationRecipients (Communication, Member) VALUES (107, 163);
INSERT INTO CommunicationRecipients (Communication, Member) VALUES (107, 112);
INSERT INTO CommunicationRecipients (Communication, Member) VALUES (107, 184);
INSERT INTO CommunicationRecipients (Communication, Member) VALUES (107, 131);
INSERT INTO CommunicationRecipients (Communication, Member) VALUES (107, 179);
INSERT INTO CommunicationRecipients (Communication, Member) VALUES (107, 150);
INSERT INTO CommunicationRecipients (Communication, Member) VALUES (107, 156);
INSERT INTO CommunicationRecipients (Communication, Member) VALUES (107, 196);
INSERT INTO CommunicationRecipients (Communication, Member) VALUES (107, 106);
INSERT INTO CommunicationRecipients (Communication, Member) VALUES (107, 105);
INSERT INTO CommunicationRecipients (Communication, Member) VALUES (107, 149);
INSERT INTO CommunicationRecipients (Communication, Member) VALUES (107, 159);
INSERT INTO CommunicationRecipients (Communication, Member) VALUES (107, 120);
INSERT INTO CommunicationRecipients (Communication, Member) VALUES (107, 119);
INSERT INTO CommunicationRecipients (Communication, Member) VALUES (107, 139);
INSERT INTO Communication (ID, Subject, Content, DateSent) VALUES (108, 'Safety Reminder: Winter Conditions', 'Usually thing short huge politics. Vote off change become memory.
Red full the. White note technology over five trade.
Probably write structure avoid almost off. Mrs agreement bag man however federal that. Boy will lawyer price of risk final.', '2025-08-13 09:10:44');
INSERT INTO CommunicationRecipients (Communication, Member) VALUES (108, 199);
INSERT INTO CommunicationRecipients (Communication, Member) VALUES (108, 122);
INSERT INTO CommunicationRecipients (Communication, Member) VALUES (108, 124);
INSERT INTO CommunicationRecipients (Communication, Member) VALUES (108, 194);
INSERT INTO CommunicationRecipients (Communication, Member) VALUES (108, 127);
INSERT INTO CommunicationRecipients (Communication, Member) VALUES (108, 191);
INSERT INTO CommunicationRecipients (Communication, Member) VALUES (108, 107);
INSERT INTO CommunicationRecipients (Communication, Member) VALUES (108, 109);
INSERT INTO CommunicationRecipients (Communication, Member) VALUES (108, 196);
INSERT INTO CommunicationRecipients (Communication, Member) VALUES (108, 133);
INSERT INTO CommunicationRecipients (Communication, Member) VALUES (108, 150);
INSERT INTO CommunicationRecipients (Communication, Member) VALUES (108, 151);
INSERT INTO CommunicationRecipients (Communication, Member) VALUES (108, 155);
INSERT INTO CommunicationRecipients (Communication, Member) VALUES (108, 101);
INSERT INTO CommunicationRecipients (Communication, Member) VALUES (108, 156);
INSERT INTO CommunicationRecipients (Communication, Member) VALUES (108, 172);
INSERT INTO CommunicationRecipients (Communication, Member) VALUES (108, 179);
INSERT INTO CommunicationRecipients (Communication, Member) VALUES (108, 189);
INSERT INTO CommunicationRecipients (Communication, Member) VALUES (108, 181);
INSERT INTO CommunicationRecipients (Communication, Member) VALUES (108, 131);
INSERT INTO CommunicationRecipients (Communication, Member) VALUES (108, 186);
INSERT INTO CommunicationRecipients (Communication, Member) VALUES (108, 164);
INSERT INTO CommunicationRecipients (Communication, Member) VALUES (108, 187);
INSERT INTO CommunicationRecipients (Communication, Member) VALUES (108, 177);
INSERT INTO CommunicationRecipients (Communication, Member) VALUES (108, 128);
INSERT INTO CommunicationRecipients (Communication, Member) VALUES (108, 132);
INSERT INTO CommunicationRecipients (Communication, Member) VALUES (108, 106);
INSERT INTO CommunicationRecipients (Communication, Member) VALUES (108, 138);
INSERT INTO CommunicationRecipients (Communication, Member) VALUES (108, 185);
INSERT INTO CommunicationRecipients (Communication, Member) VALUES (108, 120);
INSERT INTO CommunicationRecipients (Communication, Member) VALUES (108, 171);
INSERT INTO CommunicationRecipients (Communication, Member) VALUES (108, 169);
INSERT INTO CommunicationRecipients (Communication, Member) VALUES (108, 193);
INSERT INTO CommunicationRecipients (Communication, Member) VALUES (108, 139);
INSERT INTO CommunicationRecipients (Communication, Member) VALUES (108, 125);
INSERT INTO CommunicationRecipients (Communication, Member) VALUES (108, 160);
INSERT INTO CommunicationRecipients (Communication, Member) VALUES (108, 154);
INSERT INTO CommunicationRecipients (Communication, Member) VALUES (108, 162);
INSERT INTO CommunicationRecipients (Communication, Member) VALUES (108, 166);
INSERT INTO CommunicationRecipients (Communication, Member) VALUES (108, 163);
INSERT INTO CommunicationRecipients (Communication, Member) VALUES (108, 130);
INSERT INTO CommunicationRecipients (Communication, Member) VALUES (108, 195);
INSERT INTO CommunicationRecipients (Communication, Member) VALUES (108, 159);
INSERT INTO CommunicationRecipients (Communication, Member) VALUES (108, 102);
INSERT INTO CommunicationRecipients (Communication, Member) VALUES (108, 180);
INSERT INTO CommunicationRecipients (Communication, Member) VALUES (108, 198);
INSERT INTO Communication (ID, Subject, Content, DateSent) VALUES (109, 'Training Workshop Available', 'Our ground attorney program whole hear bed. Chance eye local evening become prevent gun sister.
Determine energy will thing sing soldier spring. Lay talk city science administration establish late. Law husband feeling foot.', '2025-08-13 09:10:43');
INSERT INTO CommunicationRecipients (Communication, Member) VALUES (109, 124);
INSERT INTO CommunicationRecipients (Communication, Member) VALUES (109, 185);
INSERT INTO CommunicationRecipients (Communication, Member) VALUES (109, 180);
INSERT INTO CommunicationRecipients (Communication, Member) VALUES (109, 113);
INSERT INTO CommunicationRecipients (Communication, Member) VALUES (109, 157);
INSERT INTO CommunicationRecipients (Communication, Member) VALUES (109, 106);
INSERT INTO CommunicationRecipients (Communication, Member) VALUES (109, 143);
INSERT INTO CommunicationRecipients (Communication, Member) VALUES (109, 176);
INSERT INTO CommunicationRecipients (Communication, Member) VALUES (109, 130);
INSERT INTO CommunicationRecipients (Communication, Member) VALUES (109, 138);
INSERT INTO CommunicationRecipients (Communication, Member) VALUES (109, 151);
INSERT INTO CommunicationRecipients (Communication, Member) VALUES (109, 196);
INSERT INTO CommunicationRecipients (Communication, Member) VALUES (109, 192);
INSERT INTO CommunicationRecipients (Communication, Member) VALUES (109, 191);
INSERT INTO CommunicationRecipients (Communication, Member) VALUES (109, 181);
INSERT INTO CommunicationRecipients (Communication, Member) VALUES (109, 155);
INSERT INTO CommunicationRecipients (Communication, Member) VALUES (109, 134);
INSERT INTO CommunicationRecipients (Communication, Member) VALUES (109, 163);
INSERT INTO CommunicationRecipients (Communication, Member) VALUES (109, 171);
INSERT INTO CommunicationRecipients (Communication, Member) VALUES (109, 129);
INSERT INTO CommunicationRecipients (Communication, Member) VALUES (109, 132);
INSERT INTO CommunicationRecipients (Communication, Member) VALUES (109, 152);
INSERT INTO CommunicationRecipients (Communication, Member) VALUES (109, 140);
INSERT INTO CommunicationRecipients (Communication, Member) VALUES (109, 136);
INSERT INTO CommunicationRecipients (Communication, Member) VALUES (109, 125);
INSERT INTO CommunicationRecipients (Communication, Member) VALUES (109, 148);
INSERT INTO CommunicationRecipients (Communication, Member) VALUES (109, 128);
INSERT INTO CommunicationRecipients (Communication, Member) VALUES (109, 131);
INSERT INTO CommunicationRecipients (Communication, Member) VALUES (109, 107);
INSERT INTO CommunicationRecipients (Communication, Member) VALUES (109, 116);
INSERT INTO CommunicationRecipients (Communication, Member) VALUES (109, 139);
INSERT INTO CommunicationRecipients (Communication, Member) VALUES (109, 165);
INSERT INTO CommunicationRecipients (Communication, Member) VALUES (109, 100);
INSERT INTO CommunicationRecipients (Communication, Member) VALUES (109, 166);
INSERT INTO CommunicationRecipients (Communication, Member) VALUES (109, 187);
INSERT INTO CommunicationRecipients (Communication, Member) VALUES (109, 119);
INSERT INTO CommunicationRecipients (Communication, Member) VALUES (109, 126);
INSERT INTO CommunicationRecipients (Communication, Member) VALUES (109, 156);
INSERT INTO CommunicationRecipients (Communication, Member) VALUES (109, 154);
INSERT INTO CommunicationRecipients (Communication, Member) VALUES (109, 159);
INSERT INTO CommunicationRecipients (Communication, Member) VALUES (109, 195);
INSERT INTO CommunicationRecipients (Communication, Member) VALUES (109, 161);
INSERT INTO CommunicationRecipients (Communication, Member) VALUES (109, 144);
INSERT INTO CommunicationRecipients (Communication, Member) VALUES (109, 104);
INSERT INTO CommunicationRecipients (Communication, Member) VALUES (109, 193);
INSERT INTO CommunicationRecipients (Communication, Member) VALUES (109, 114);
INSERT INTO CommunicationRecipients (Communication, Member) VALUES (109, 168);
INSERT INTO CommunicationRecipients (Communication, Member) VALUES (109, 153);
INSERT INTO CommunicationRecipients (Communication, Member) VALUES (109, 188);
INSERT INTO CommunicationRecipients (Communication, Member) VALUES (109, 199);
INSERT INTO CommunicationRecipients (Communication, Member) VALUES (109, 145);
INSERT INTO CommunicationRecipients (Communication, Member) VALUES (109, 118);
INSERT INTO CommunicationRecipients (Communication, Member) VALUES (109, 160);
INSERT INTO CommunicationRecipients (Communication, Member) VALUES (109, 146);
INSERT INTO CommunicationRecipients (Communication, Member) VALUES (109, 158);
INSERT INTO CommunicationRecipients (Communication, Member) VALUES (109, 189);
INSERT INTO CommunicationRecipients (Communication, Member) VALUES (109, 184);
INSERT INTO CommunicationRecipients (Communication, Member) VALUES (109, 175);
INSERT INTO CommunicationRecipients (Communication, Member) VALUES (109, 135);
INSERT INTO CommunicationRecipients (Communication, Member) VALUES (109, 127);
INSERT INTO CommunicationRecipients (Communication, Member) VALUES (109, 109);
INSERT INTO Communication (ID, Subject, Content, DateSent) VALUES (110, 'Club Social Event', 'Coach wall whom real prevent. Without smile describe employee behavior.
Available successful big traditional. Two condition walk his.
Budget hard place control person probably. Year buy nor money PM far himself.
North ten glass. Buy a present along forget size.', '2025-08-13 09:10:26');
INSERT INTO CommunicationRecipients (Communication, Member) VALUES (110, 114);
INSERT INTO CommunicationRecipients (Communication, Member) VALUES (110, 170);
INSERT INTO CommunicationRecipients (Communication, Member) VALUES (110, 175);
INSERT INTO CommunicationRecipients (Communication, Member) VALUES (110, 116);
INSERT INTO CommunicationRecipients (Communication, Member) VALUES (110, 142);
INSERT INTO CommunicationRecipients (Communication, Member) VALUES (110, 134);
INSERT INTO CommunicationRecipients (Communication, Member) VALUES (110, 179);
INSERT INTO CommunicationRecipients (Communication, Member) VALUES (110, 187);
INSERT INTO CommunicationRecipients (Communication, Member) VALUES (110, 105);
INSERT INTO CommunicationRecipients (Communication, Member) VALUES (110, 183);
INSERT INTO CommunicationRecipients (Communication, Member) VALUES (110, 159);
INSERT INTO CommunicationRecipients (Communication, Member) VALUES (110, 120);
INSERT INTO CommunicationRecipients (Communication, Member) VALUES (110, 155);
INSERT INTO CommunicationRecipients (Communication, Member) VALUES (110, 184);
INSERT INTO CommunicationRecipients (Communication, Member) VALUES (110, 181);
INSERT INTO CommunicationRecipients (Communication, Member) VALUES (110, 199);
INSERT INTO CommunicationRecipients (Communication, Member) VALUES (110, 124);
INSERT INTO CommunicationRecipients (Communication, Member) VALUES (110, 157);
INSERT INTO CommunicationRecipients (Communication, Member) VALUES (110, 171);
INSERT INTO CommunicationRecipients (Communication, Member) VALUES (110, 148);
INSERT INTO CommunicationRecipients (Communication, Member) VALUES (110, 174);
INSERT INTO CommunicationRecipients (Communication, Member) VALUES (110, 169);
INSERT INTO CommunicationRecipients (Communication, Member) VALUES (110, 177);
INSERT INTO CommunicationRecipients (Communication, Member) VALUES (110, 172);
INSERT INTO CommunicationRecipients (Communication, Member) VALUES (110, 154);
INSERT INTO CommunicationRecipients (Communication, Member) VALUES (110, 191);
INSERT INTO CommunicationRecipients (Communication, Member) VALUES (110, 107);
INSERT INTO CommunicationRecipients (Communication, Member) VALUES (110, 121);
INSERT INTO CommunicationRecipients (Communication, Member) VALUES (110, 188);
INSERT INTO CommunicationRecipients (Communication, Member) VALUES (110, 167);
INSERT INTO CommunicationRecipients (Communication, Member) VALUES (110, 149);
INSERT INTO CommunicationRecipients (Communication, Member) VALUES (110, 132);
INSERT INTO CommunicationRecipients (Communication, Member) VALUES (110, 130);
INSERT INTO CommunicationRecipients (Communication, Member) VALUES (110, 110);
INSERT INTO CommunicationRecipients (Communication, Member) VALUES (110, 139);
INSERT INTO CommunicationRecipients (Communication, Member) VALUES (110, 111);
INSERT INTO CommunicationRecipients (Communication, Member) VALUES (110, 176);
INSERT INTO CommunicationRecipients (Communication, Member) VALUES (110, 161);
INSERT INTO CommunicationRecipients (Communication, Member) VALUES (110, 164);
INSERT INTO CommunicationRecipients (Communication, Member) VALUES (110, 135);
INSERT INTO CommunicationRecipients (Communication, Member) VALUES (110, 156);
INSERT INTO CommunicationRecipients (Communication, Member) VALUES (110, 137);
INSERT INTO CommunicationRecipients (Communication, Member) VALUES (110, 158);
INSERT INTO CommunicationRecipients (Communication, Member) VALUES (110, 165);
INSERT INTO CommunicationRecipients (Communication, Member) VALUES (110, 106);
INSERT INTO CommunicationRecipients (Communication, Member) VALUES (110, 122);
INSERT INTO CommunicationRecipients (Communication, Member) VALUES (110, 196);
INSERT INTO CommunicationRecipients (Communication, Member) VALUES (110, 146);
INSERT INTO CommunicationRecipients (Communication, Member) VALUES (110, 190);
INSERT INTO CommunicationRecipients (Communication, Member) VALUES (110, 145);
INSERT INTO CommunicationRecipients (Communication, Member) VALUES (110, 102);
INSERT INTO CommunicationRecipients (Communication, Member) VALUES (110, 125);
INSERT INTO CommunicationRecipients (Communication, Member) VALUES (110, 185);
INSERT INTO CommunicationRecipients (Communication, Member) VALUES (110, 100);
INSERT INTO CommunicationRecipients (Communication, Member) VALUES (110, 131);
INSERT INTO CommunicationRecipients (Communication, Member) VALUES (110, 108);
INSERT INTO CommunicationRecipients (Communication, Member) VALUES (110, 152);
INSERT INTO CommunicationRecipients (Communication, Member) VALUES (110, 112);
INSERT INTO CommunicationRecipients (Communication, Member) VALUES (110, 198);
INSERT INTO CommunicationRecipients (Communication, Member) VALUES (110, 173);
INSERT INTO CommunicationRecipients (Communication, Member) VALUES (110, 113);
INSERT INTO CommunicationRecipients (Communication, Member) VALUES (110, 103);
INSERT INTO Communication (ID, Subject, Content, DateSent) VALUES (111, 'Club Social Event', 'Threat natural cover really. Yard follow result dark other. Exactly point education never.
Member create arm down.
Minute compare wish always long. Describe special experience future dream action. Course quickly few return season girl dinner.', '2025-08-13 09:09:24');
INSERT INTO CommunicationRecipients (Communication, Member) VALUES (111, 128);
INSERT INTO CommunicationRecipients (Communication, Member) VALUES (111, 172);
INSERT INTO CommunicationRecipients (Communication, Member) VALUES (111, 178);
INSERT INTO CommunicationRecipients (Communication, Member) VALUES (111, 150);
INSERT INTO CommunicationRecipients (Communication, Member) VALUES (111, 199);
INSERT INTO CommunicationRecipients (Communication, Member) VALUES (111, 181);
INSERT INTO CommunicationRecipients (Communication, Member) VALUES (111, 109);
INSERT INTO CommunicationRecipients (Communication, Member) VALUES (111, 160);
INSERT INTO CommunicationRecipients (Communication, Member) VALUES (111, 114);
INSERT INTO CommunicationRecipients (Communication, Member) VALUES (111, 170);
INSERT INTO CommunicationRecipients (Communication, Member) VALUES (111, 108);
INSERT INTO CommunicationRecipients (Communication, Member) VALUES (111, 188);
INSERT INTO CommunicationRecipients (Communication, Member) VALUES (111, 166);
INSERT INTO CommunicationRecipients (Communication, Member) VALUES (111, 131);
INSERT INTO CommunicationRecipients (Communication, Member) VALUES (111, 196);
INSERT INTO CommunicationRecipients (Communication, Member) VALUES (111, 162);
INSERT INTO CommunicationRecipients (Communication, Member) VALUES (111, 115);
INSERT INTO CommunicationRecipients (Communication, Member) VALUES (111, 157);
INSERT INTO CommunicationRecipients (Communication, Member) VALUES (111, 163);
INSERT INTO CommunicationRecipients (Communication, Member) VALUES (111, 138);
INSERT INTO CommunicationRecipients (Communication, Member) VALUES (111, 142);
INSERT INTO CommunicationRecipients (Communication, Member) VALUES (111, 103);
INSERT INTO CommunicationRecipients (Communication, Member) VALUES (111, 134);
INSERT INTO CommunicationRecipients (Communication, Member) VALUES (111, 113);
INSERT INTO CommunicationRecipients (Communication, Member) VALUES (111, 173);
INSERT INTO CommunicationRecipients (Communication, Member) VALUES (111, 154);
INSERT INTO CommunicationRecipients (Communication, Member) VALUES (111, 126);
INSERT INTO CommunicationRecipients (Communication, Member) VALUES (111, 111);
INSERT INTO CommunicationRecipients (Communication, Member) VALUES (111, 158);
INSERT INTO CommunicationRecipients (Communication, Member) VALUES (111, 168);
INSERT INTO CommunicationRecipients (Communication, Member) VALUES (111, 197);
INSERT INTO CommunicationRecipients (Communication, Member) VALUES (111, 105);
INSERT INTO CommunicationRecipients (Communication, Member) VALUES (111, 148);
INSERT INTO CommunicationRecipients (Communication, Member) VALUES (111, 161);
INSERT INTO CommunicationRecipients (Communication, Member) VALUES (111, 147);
INSERT INTO CommunicationRecipients (Communication, Member) VALUES (111, 165);
INSERT INTO CommunicationRecipients (Communication, Member) VALUES (111, 164);
INSERT INTO CommunicationRecipients (Communication, Member) VALUES (111, 153);
INSERT INTO CommunicationRecipients (Communication, Member) VALUES (111, 144);
INSERT INTO CommunicationRecipients (Communication, Member) VALUES (111, 187);
INSERT INTO CommunicationRecipients (Communication, Member) VALUES (111, 136);
INSERT INTO CommunicationRecipients (Communication, Member) VALUES (111, 116);
INSERT INTO CommunicationRecipients (Communication, Member) VALUES (111, 110);
INSERT INTO CommunicationRecipients (Communication, Member) VALUES (111, 129);
INSERT INTO CommunicationRecipients (Communication, Member) VALUES (111, 194);
INSERT INTO CommunicationRecipients (Communication, Member) VALUES (111, 143);
INSERT INTO CommunicationRecipients (Communication, Member) VALUES (111, 141);
INSERT INTO CommunicationRecipients (Communication, Member) VALUES (111, 192);
INSERT INTO CommunicationRecipients (Communication, Member) VALUES (111, 184);
INSERT INTO CommunicationRecipients (Communication, Member) VALUES (111, 149);
INSERT INTO CommunicationRecipients (Communication, Member) VALUES (111, 185);
INSERT INTO CommunicationRecipients (Communication, Member) VALUES (111, 189);
INSERT INTO CommunicationRecipients (Communication, Member) VALUES (111, 135);
INSERT INTO CommunicationRecipients (Communication, Member) VALUES (111, 176);
INSERT INTO CommunicationRecipients (Communication, Member) VALUES (111, 152);
INSERT INTO CommunicationRecipients (Communication, Member) VALUES (111, 124);
INSERT INTO CommunicationRecipients (Communication, Member) VALUES (111, 155);
INSERT INTO CommunicationRecipients (Communication, Member) VALUES (111, 151);
INSERT INTO Communication (ID, Subject, Content, DateSent) VALUES (112, 'Club Meeting This Thursday', 'Within region factor laugh personal relate since. Which lawyer where difficult letter personal. Land officer option window style fact.
Have arm try mission. Who perhaps poor for from performance. Eye hand provide who.
Or evidence will remain ago. Security try science also clearly hot choice.', '2025-08-13 09:14:16');
INSERT INTO CommunicationRecipients (Communication, Member) VALUES (112, 118);
INSERT INTO CommunicationRecipients (Communication, Member) VALUES (112, 108);
INSERT INTO CommunicationRecipients (Communication, Member) VALUES (112, 169);
INSERT INTO CommunicationRecipients (Communication, Member) VALUES (112, 181);
INSERT INTO CommunicationRecipients (Communication, Member) VALUES (112, 186);
INSERT INTO CommunicationRecipients (Communication, Member) VALUES (112, 158);
INSERT INTO CommunicationRecipients (Communication, Member) VALUES (112, 150);
INSERT INTO CommunicationRecipients (Communication, Member) VALUES (112, 122);
INSERT INTO CommunicationRecipients (Communication, Member) VALUES (112, 104);
INSERT INTO CommunicationRecipients (Communication, Member) VALUES (112, 160);
INSERT INTO CommunicationRecipients (Communication, Member) VALUES (112, 193);
INSERT INTO CommunicationRecipients (Communication, Member) VALUES (112, 174);
INSERT INTO CommunicationRecipients (Communication, Member) VALUES (112, 178);
INSERT INTO CommunicationRecipients (Communication, Member) VALUES (112, 149);
INSERT INTO CommunicationRecipients (Communication, Member) VALUES (112, 120);
INSERT INTO CommunicationRecipients (Communication, Member) VALUES (112, 123);
INSERT INTO CommunicationRecipients (Communication, Member) VALUES (112, 100);
INSERT INTO CommunicationRecipients (Communication, Member) VALUES (112, 137);
INSERT INTO CommunicationRecipients (Communication, Member) VALUES (112, 132);
INSERT INTO CommunicationRecipients (Communication, Member) VALUES (112, 163);
INSERT INTO CommunicationRecipients (Communication, Member) VALUES (112, 184);
INSERT INTO CommunicationRecipients (Communication, Member) VALUES (112, 198);
INSERT INTO CommunicationRecipients (Communication, Member) VALUES (112, 162);
INSERT INTO CommunicationRecipients (Communication, Member) VALUES (112, 182);
INSERT INTO CommunicationRecipients (Communication, Member) VALUES (112, 128);
INSERT INTO CommunicationRecipients (Communication, Member) VALUES (112, 151);
INSERT INTO CommunicationRecipients (Communication, Member) VALUES (112, 142);
INSERT INTO CommunicationRecipients (Communication, Member) VALUES (112, 152);
INSERT INTO CommunicationRecipients (Communication, Member) VALUES (112, 116);
INSERT INTO CommunicationRecipients (Communication, Member) VALUES (112, 175);
INSERT INTO CommunicationRecipients (Communication, Member) VALUES (112, 187);
INSERT INTO CommunicationRecipients (Communication, Member) VALUES (112, 191);
INSERT INTO CommunicationRecipients (Communication, Member) VALUES (112, 161);
INSERT INTO CommunicationRecipients (Communication, Member) VALUES (112, 170);
INSERT INTO CommunicationRecipients (Communication, Member) VALUES (112, 164);
INSERT INTO CommunicationRecipients (Communication, Member) VALUES (112, 130);
INSERT INTO CommunicationRecipients (Communication, Member) VALUES (112, 177);
INSERT INTO CommunicationRecipients (Communication, Member) VALUES (112, 197);
INSERT INTO CommunicationRecipients (Communication, Member) VALUES (112, 144);
INSERT INTO CommunicationRecipients (Communication, Member) VALUES (112, 139);
INSERT INTO CommunicationRecipients (Communication, Member) VALUES (112, 133);
INSERT INTO CommunicationRecipients (Communication, Member) VALUES (112, 154);
INSERT INTO CommunicationRecipients (Communication, Member) VALUES (112, 156);
INSERT INTO CommunicationRecipients (Communication, Member) VALUES (112, 166);
INSERT INTO CommunicationRecipients (Communication, Member) VALUES (112, 131);
INSERT INTO CommunicationRecipients (Communication, Member) VALUES (112, 159);
INSERT INTO CommunicationRecipients (Communication, Member) VALUES (112, 117);
INSERT INTO CommunicationRecipients (Communication, Member) VALUES (112, 190);
INSERT INTO CommunicationRecipients (Communication, Member) VALUES (112, 168);
INSERT INTO CommunicationRecipients (Communication, Member) VALUES (112, 195);
INSERT INTO Communication (ID, Subject, Content, DateSent) VALUES (113, 'Photo Contest Winners', 'Best attack we individual.
Whole international could oil. Draw throw finish environment investment sometimes. Argue pressure increase above but we system. Sea myself occur conference special.
Defense against bit will huge become he. Rich across recently safe skill strong process.', '2025-08-13 09:14:32');
INSERT INTO CommunicationRecipients (Communication, Member) VALUES (113, 170);
INSERT INTO CommunicationRecipients (Communication, Member) VALUES (113, 173);
INSERT INTO CommunicationRecipients (Communication, Member) VALUES (113, 187);
INSERT INTO CommunicationRecipients (Communication, Member) VALUES (113, 125);
INSERT INTO CommunicationRecipients (Communication, Member) VALUES (113, 131);
INSERT INTO CommunicationRecipients (Communication, Member) VALUES (113, 184);
INSERT INTO CommunicationRecipients (Communication, Member) VALUES (113, 178);
INSERT INTO CommunicationRecipients (Communication, Member) VALUES (113, 143);
INSERT INTO CommunicationRecipients (Communication, Member) VALUES (113, 102);
INSERT INTO CommunicationRecipients (Communication, Member) VALUES (113, 189);
INSERT INTO CommunicationRecipients (Communication, Member) VALUES (113, 111);
INSERT INTO CommunicationRecipients (Communication, Member) VALUES (113, 154);
INSERT INTO CommunicationRecipients (Communication, Member) VALUES (113, 144);
INSERT INTO CommunicationRecipients (Communication, Member) VALUES (113, 116);
INSERT INTO CommunicationRecipients (Communication, Member) VALUES (113, 151);
INSERT INTO CommunicationRecipients (Communication, Member) VALUES (113, 117);
INSERT INTO CommunicationRecipients (Communication, Member) VALUES (113, 136);
INSERT INTO CommunicationRecipients (Communication, Member) VALUES (113, 134);
INSERT INTO CommunicationRecipients (Communication, Member) VALUES (113, 135);
INSERT INTO CommunicationRecipients (Communication, Member) VALUES (113, 159);
INSERT INTO CommunicationRecipients (Communication, Member) VALUES (113, 191);
INSERT INTO CommunicationRecipients (Communication, Member) VALUES (113, 146);
INSERT INTO CommunicationRecipients (Communication, Member) VALUES (113, 181);
INSERT INTO CommunicationRecipients (Communication, Member) VALUES (113, 128);
INSERT INTO CommunicationRecipients (Communication, Member) VALUES (113, 147);
INSERT INTO CommunicationRecipients (Communication, Member) VALUES (113, 114);
INSERT INTO CommunicationRecipients (Communication, Member) VALUES (113, 113);
INSERT INTO CommunicationRecipients (Communication, Member) VALUES (113, 166);
INSERT INTO CommunicationRecipients (Communication, Member) VALUES (113, 180);
INSERT INTO CommunicationRecipients (Communication, Member) VALUES (113, 101);
INSERT INTO CommunicationRecipients (Communication, Member) VALUES (113, 176);
INSERT INTO CommunicationRecipients (Communication, Member) VALUES (113, 105);
INSERT INTO CommunicationRecipients (Communication, Member) VALUES (113, 153);
INSERT INTO CommunicationRecipients (Communication, Member) VALUES (113, 139);
INSERT INTO CommunicationRecipients (Communication, Member) VALUES (113, 163);
INSERT INTO CommunicationRecipients (Communication, Member) VALUES (113, 148);
INSERT INTO CommunicationRecipients (Communication, Member) VALUES (113, 179);
INSERT INTO CommunicationRecipients (Communication, Member) VALUES (113, 150);
INSERT INTO CommunicationRecipients (Communication, Member) VALUES (113, 142);
INSERT INTO CommunicationRecipients (Communication, Member) VALUES (113, 149);
INSERT INTO CommunicationRecipients (Communication, Member) VALUES (113, 183);
INSERT INTO CommunicationRecipients (Communication, Member) VALUES (113, 145);
INSERT INTO CommunicationRecipients (Communication, Member) VALUES (113, 140);
INSERT INTO CommunicationRecipients (Communication, Member) VALUES (113, 155);
INSERT INTO CommunicationRecipients (Communication, Member) VALUES (113, 108);
INSERT INTO CommunicationRecipients (Communication, Member) VALUES (113, 174);
INSERT INTO Communication (ID, Subject, Content, DateSent) VALUES (114, 'Safety Reminder: Winter Conditions', 'Sort relationship major never alone rather computer. Crime strong strategy mention hundred. Stay read head this green. Pm case office consumer cell.
See low movie series investment natural. Bank claim at piece feeling huge. Fish parent attention travel.', '2025-08-13 09:11:53');
INSERT INTO CommunicationRecipients (Communication, Member) VALUES (114, 157);
INSERT INTO CommunicationRecipients (Communication, Member) VALUES (114, 128);
INSERT INTO CommunicationRecipients (Communication, Member) VALUES (114, 150);
INSERT INTO CommunicationRecipients (Communication, Member) VALUES (114, 194);
INSERT INTO CommunicationRecipients (Communication, Member) VALUES (114, 105);
INSERT INTO CommunicationRecipients (Communication, Member) VALUES (114, 191);
INSERT INTO CommunicationRecipients (Communication, Member) VALUES (114, 146);
INSERT INTO CommunicationRecipients (Communication, Member) VALUES (114, 102);
INSERT INTO CommunicationRecipients (Communication, Member) VALUES (114, 173);
INSERT INTO CommunicationRecipients (Communication, Member) VALUES (114, 118);
INSERT INTO CommunicationRecipients (Communication, Member) VALUES (114, 117);
INSERT INTO CommunicationRecipients (Communication, Member) VALUES (114, 180);
INSERT INTO CommunicationRecipients (Communication, Member) VALUES (114, 154);
INSERT INTO CommunicationRecipients (Communication, Member) VALUES (114, 124);
INSERT INTO CommunicationRecipients (Communication, Member) VALUES (114, 144);
INSERT INTO CommunicationRecipients (Communication, Member) VALUES (114, 155);
INSERT INTO CommunicationRecipients (Communication, Member) VALUES (114, 168);
INSERT INTO CommunicationRecipients (Communication, Member) VALUES (114, 195);
INSERT INTO CommunicationRecipients (Communication, Member) VALUES (114, 162);
INSERT INTO CommunicationRecipients (Communication, Member) VALUES (114, 130);
INSERT INTO CommunicationRecipients (Communication, Member) VALUES (114, 166);
INSERT INTO CommunicationRecipients (Communication, Member) VALUES (114, 123);
INSERT INTO CommunicationRecipients (Communication, Member) VALUES (114, 107);
INSERT INTO CommunicationRecipients (Communication, Member) VALUES (114, 187);
INSERT INTO CommunicationRecipients (Communication, Member) VALUES (114, 122);
INSERT INTO CommunicationRecipients (Communication, Member) VALUES (114, 129);
INSERT INTO CommunicationRecipients (Communication, Member) VALUES (114, 142);
INSERT INTO CommunicationRecipients (Communication, Member) VALUES (114, 149);
INSERT INTO CommunicationRecipients (Communication, Member) VALUES (114, 126);
INSERT INTO CommunicationRecipients (Communication, Member) VALUES (114, 193);
INSERT INTO CommunicationRecipients (Communication, Member) VALUES (114, 185);
INSERT INTO CommunicationRecipients (Communication, Member) VALUES (114, 114);
INSERT INTO CommunicationRecipients (Communication, Member) VALUES (114, 153);
INSERT INTO CommunicationRecipients (Communication, Member) VALUES (114, 169);
INSERT INTO CommunicationRecipients (Communication, Member) VALUES (114, 131);
INSERT INTO CommunicationRecipients (Communication, Member) VALUES (114, 159);
INSERT INTO CommunicationRecipients (Communication, Member) VALUES (114, 189);
INSERT INTO CommunicationRecipients (Communication, Member) VALUES (114, 184);
INSERT INTO CommunicationRecipients (Communication, Member) VALUES (114, 110);
INSERT INTO CommunicationRecipients (Communication, Member) VALUES (114, 104);
INSERT INTO CommunicationRecipients (Communication, Member) VALUES (114, 112);
INSERT INTO CommunicationRecipients (Communication, Member) VALUES (114, 120);
INSERT INTO CommunicationRecipients (Communication, Member) VALUES (114, 175);
INSERT INTO CommunicationRecipients (Communication, Member) VALUES (114, 176);
INSERT INTO CommunicationRecipients (Communication, Member) VALUES (114, 170);
INSERT INTO CommunicationRecipients (Communication, Member) VALUES (114, 198);
INSERT INTO CommunicationRecipients (Communication, Member) VALUES (114, 100);
INSERT INTO CommunicationRecipients (Communication, Member) VALUES (114, 188);
INSERT INTO CommunicationRecipients (Communication, Member) VALUES (114, 143);
INSERT INTO CommunicationRecipients (Communication, Member) VALUES (114, 106);
INSERT INTO CommunicationRecipients (Communication, Member) VALUES (114, 140);
INSERT INTO CommunicationRecipients (Communication, Member) VALUES (114, 181);
INSERT INTO CommunicationRecipients (Communication, Member) VALUES (114, 116);
INSERT INTO CommunicationRecipients (Communication, Member) VALUES (114, 113);
INSERT INTO CommunicationRecipients (Communication, Member) VALUES (114, 186);
INSERT INTO CommunicationRecipients (Communication, Member) VALUES (114, 156);
INSERT INTO CommunicationRecipients (Communication, Member) VALUES (114, 134);
INSERT INTO CommunicationRecipients (Communication, Member) VALUES (114, 171);
INSERT INTO CommunicationRecipients (Communication, Member) VALUES (114, 111);
INSERT INTO CommunicationRecipients (Communication, Member) VALUES (114, 148);
INSERT INTO CommunicationRecipients (Communication, Member) VALUES (114, 145);
INSERT INTO CommunicationRecipients (Communication, Member) VALUES (114, 147);
INSERT INTO CommunicationRecipients (Communication, Member) VALUES (114, 158);
INSERT INTO CommunicationRecipients (Communication, Member) VALUES (114, 151);
INSERT INTO CommunicationRecipients (Communication, Member) VALUES (114, 196);
INSERT INTO CommunicationRecipients (Communication, Member) VALUES (114, 177);
INSERT INTO CommunicationRecipients (Communication, Member) VALUES (114, 121);
INSERT INTO CommunicationRecipients (Communication, Member) VALUES (114, 192);
INSERT INTO CommunicationRecipients (Communication, Member) VALUES (114, 103);
INSERT INTO CommunicationRecipients (Communication, Member) VALUES (114, 172);
INSERT INTO CommunicationRecipients (Communication, Member) VALUES (114, 132);
INSERT INTO CommunicationRecipients (Communication, Member) VALUES (114, 178);
INSERT INTO CommunicationRecipients (Communication, Member) VALUES (114, 182);
INSERT INTO CommunicationRecipients (Communication, Member) VALUES (114, 179);
INSERT INTO CommunicationRecipients (Communication, Member) VALUES (114, 165);
INSERT INTO CommunicationRecipients (Communication, Member) VALUES (114, 125);
INSERT INTO CommunicationRecipients (Communication, Member) VALUES (114, 133);
INSERT INTO CommunicationRecipients (Communication, Member) VALUES (114, 197);
INSERT INTO CommunicationRecipients (Communication, Member) VALUES (114, 109);
INSERT INTO CommunicationRecipients (Communication, Member) VALUES (114, 135);
INSERT INTO CommunicationRecipients (Communication, Member) VALUES (114, 139);
INSERT INTO CommunicationRecipients (Communication, Member) VALUES (114, 199);
INSERT INTO CommunicationRecipients (Communication, Member) VALUES (114, 141);
INSERT INTO CommunicationRecipients (Communication, Member) VALUES (114, 136);
INSERT INTO CommunicationRecipients (Communication, Member) VALUES (114, 101);
INSERT INTO CommunicationRecipients (Communication, Member) VALUES (114, 127);
INSERT INTO CommunicationRecipients (Communication, Member) VALUES (114, 164);
INSERT INTO CommunicationRecipients (Communication, Member) VALUES (114, 160);
INSERT INTO CommunicationRecipients (Communication, Member) VALUES (114, 119);
INSERT INTO CommunicationRecipients (Communication, Member) VALUES (114, 115);
INSERT INTO CommunicationRecipients (Communication, Member) VALUES (114, 174);
INSERT INTO CommunicationRecipients (Communication, Member) VALUES (114, 190);
INSERT INTO CommunicationRecipients (Communication, Member) VALUES (114, 108);
INSERT INTO CommunicationRecipients (Communication, Member) VALUES (114, 152);
INSERT INTO Communication (ID, Subject, Content, DateSent) VALUES (115, 'New Member Welcome', 'State vote side improve surface this fire. Drug movement security hold federal machine. Perhaps growth still skill.
Film traditional ahead to with amount. Theory drive tax their source style since out. Story within lot person information soon rate.', '2025-08-13 09:13:11');
INSERT INTO CommunicationRecipients (Communication, Member) VALUES (115, 189);
INSERT INTO CommunicationRecipients (Communication, Member) VALUES (115, 153);
INSERT INTO CommunicationRecipients (Communication, Member) VALUES (115, 122);
INSERT INTO CommunicationRecipients (Communication, Member) VALUES (115, 117);
INSERT INTO CommunicationRecipients (Communication, Member) VALUES (115, 139);
INSERT INTO CommunicationRecipients (Communication, Member) VALUES (115, 154);
INSERT INTO CommunicationRecipients (Communication, Member) VALUES (115, 186);
INSERT INTO CommunicationRecipients (Communication, Member) VALUES (115, 101);
INSERT INTO CommunicationRecipients (Communication, Member) VALUES (115, 137);
INSERT INTO CommunicationRecipients (Communication, Member) VALUES (115, 152);
INSERT INTO CommunicationRecipients (Communication, Member) VALUES (115, 141);
INSERT INTO CommunicationRecipients (Communication, Member) VALUES (115, 182);
INSERT INTO CommunicationRecipients (Communication, Member) VALUES (115, 104);
INSERT INTO CommunicationRecipients (Communication, Member) VALUES (115, 119);
INSERT INTO CommunicationRecipients (Communication, Member) VALUES (115, 165);
INSERT INTO CommunicationRecipients (Communication, Member) VALUES (115, 127);
INSERT INTO CommunicationRecipients (Communication, Member) VALUES (115, 144);
INSERT INTO CommunicationRecipients (Communication, Member) VALUES (115, 171);
INSERT INTO CommunicationRecipients (Communication, Member) VALUES (115, 150);
INSERT INTO CommunicationRecipients (Communication, Member) VALUES (115, 134);
INSERT INTO CommunicationRecipients (Communication, Member) VALUES (115, 103);
INSERT INTO CommunicationRecipients (Communication, Member) VALUES (115, 193);
INSERT INTO CommunicationRecipients (Communication, Member) VALUES (115, 128);
INSERT INTO CommunicationRecipients (Communication, Member) VALUES (115, 114);
INSERT INTO CommunicationRecipients (Communication, Member) VALUES (115, 113);
INSERT INTO CommunicationRecipients (Communication, Member) VALUES (115, 175);
INSERT INTO CommunicationRecipients (Communication, Member) VALUES (115, 170);
INSERT INTO CommunicationRecipients (Communication, Member) VALUES (115, 126);
INSERT INTO CommunicationRecipients (Communication, Member) VALUES (115, 197);
INSERT INTO CommunicationRecipients (Communication, Member) VALUES (115, 133);
INSERT INTO CommunicationRecipients (Communication, Member) VALUES (115, 181);
INSERT INTO CommunicationRecipients (Communication, Member) VALUES (115, 162);
INSERT INTO Communication (ID, Subject, Content, DateSent) VALUES (116, 'New Member Welcome', 'Method identify mention sell. Soon describe leader head by. Ten social clearly child coach where.
Computer agent financial then per begin. Even star none course.
Station box because lay whether away. Pick by low size letter. His cell maybe style.', '2025-08-13 09:09:59');
INSERT INTO CommunicationRecipients (Communication, Member) VALUES (116, 124);
INSERT INTO CommunicationRecipients (Communication, Member) VALUES (116, 106);
INSERT INTO CommunicationRecipients (Communication, Member) VALUES (116, 137);
INSERT INTO CommunicationRecipients (Communication, Member) VALUES (116, 190);
INSERT INTO CommunicationRecipients (Communication, Member) VALUES (116, 149);
INSERT INTO CommunicationRecipients (Communication, Member) VALUES (116, 125);
INSERT INTO CommunicationRecipients (Communication, Member) VALUES (116, 199);
INSERT INTO CommunicationRecipients (Communication, Member) VALUES (116, 170);
INSERT INTO CommunicationRecipients (Communication, Member) VALUES (116, 108);
INSERT INTO CommunicationRecipients (Communication, Member) VALUES (116, 139);
INSERT INTO CommunicationRecipients (Communication, Member) VALUES (116, 143);
INSERT INTO CommunicationRecipients (Communication, Member) VALUES (116, 177);
INSERT INTO CommunicationRecipients (Communication, Member) VALUES (116, 135);
INSERT INTO CommunicationRecipients (Communication, Member) VALUES (116, 121);
INSERT INTO CommunicationRecipients (Communication, Member) VALUES (116, 187);
INSERT INTO CommunicationRecipients (Communication, Member) VALUES (116, 119);
INSERT INTO CommunicationRecipients (Communication, Member) VALUES (116, 103);
INSERT INTO CommunicationRecipients (Communication, Member) VALUES (116, 126);
INSERT INTO Communication (ID, Subject, Content, DateSent) VALUES (117, 'Training Workshop Available', 'Foreign friend time.
Father region say east care degree.
Meet relate the artist town executive. Give difficult hair Republican edge present.
Will social along on positive whom much. Front model project skill world economy your. Heart some stop degree work.', '2025-08-13 09:11:15');
INSERT INTO CommunicationRecipients (Communication, Member) VALUES (117, 130);
INSERT INTO CommunicationRecipients (Communication, Member) VALUES (117, 110);
INSERT INTO CommunicationRecipients (Communication, Member) VALUES (117, 101);
INSERT INTO CommunicationRecipients (Communication, Member) VALUES (117, 177);
INSERT INTO CommunicationRecipients (Communication, Member) VALUES (117, 136);
INSERT INTO CommunicationRecipients (Communication, Member) VALUES (117, 196);
INSERT INTO CommunicationRecipients (Communication, Member) VALUES (117, 147);
INSERT INTO CommunicationRecipients (Communication, Member) VALUES (117, 163);
INSERT INTO CommunicationRecipients (Communication, Member) VALUES (117, 126);
INSERT INTO CommunicationRecipients (Communication, Member) VALUES (117, 164);
INSERT INTO CommunicationRecipients (Communication, Member) VALUES (117, 144);
INSERT INTO CommunicationRecipients (Communication, Member) VALUES (117, 135);
INSERT INTO CommunicationRecipients (Communication, Member) VALUES (117, 148);
INSERT INTO CommunicationRecipients (Communication, Member) VALUES (117, 104);
INSERT INTO CommunicationRecipients (Communication, Member) VALUES (117, 183);
INSERT INTO CommunicationRecipients (Communication, Member) VALUES (117, 182);
INSERT INTO CommunicationRecipients (Communication, Member) VALUES (117, 169);
INSERT INTO Communication (ID, Subject, Content, DateSent) VALUES (118, 'Photo Contest Winners', 'Common ever enough conference question admit difference. Story information me season. Hour hour how everyone. Help clear enter take.
Market summer add blood far page. Establish along guess service son fall. Financial there study feel whatever according wall.', '2025-08-13 09:10:14');
INSERT INTO CommunicationRecipients (Communication, Member) VALUES (118, 127);
INSERT INTO CommunicationRecipients (Communication, Member) VALUES (118, 107);
INSERT INTO CommunicationRecipients (Communication, Member) VALUES (118, 109);
INSERT INTO CommunicationRecipients (Communication, Member) VALUES (118, 175);
INSERT INTO CommunicationRecipients (Communication, Member) VALUES (118, 198);
INSERT INTO CommunicationRecipients (Communication, Member) VALUES (118, 134);
INSERT INTO CommunicationRecipients (Communication, Member) VALUES (118, 163);
INSERT INTO CommunicationRecipients (Communication, Member) VALUES (118, 177);
INSERT INTO CommunicationRecipients (Communication, Member) VALUES (118, 172);
INSERT INTO CommunicationRecipients (Communication, Member) VALUES (118, 114);
INSERT INTO CommunicationRecipients (Communication, Member) VALUES (118, 161);
INSERT INTO CommunicationRecipients (Communication, Member) VALUES (118, 166);
INSERT INTO CommunicationRecipients (Communication, Member) VALUES (118, 118);
INSERT INTO CommunicationRecipients (Communication, Member) VALUES (118, 145);
INSERT INTO CommunicationRecipients (Communication, Member) VALUES (118, 106);
INSERT INTO CommunicationRecipients (Communication, Member) VALUES (118, 189);
INSERT INTO CommunicationRecipients (Communication, Member) VALUES (118, 111);
INSERT INTO CommunicationRecipients (Communication, Member) VALUES (118, 102);
INSERT INTO CommunicationRecipients (Communication, Member) VALUES (118, 103);
INSERT INTO CommunicationRecipients (Communication, Member) VALUES (118, 157);
INSERT INTO CommunicationRecipients (Communication, Member) VALUES (118, 199);
INSERT INTO CommunicationRecipients (Communication, Member) VALUES (118, 122);
INSERT INTO CommunicationRecipients (Communication, Member) VALUES (118, 155);
INSERT INTO CommunicationRecipients (Communication, Member) VALUES (118, 186);
INSERT INTO CommunicationRecipients (Communication, Member) VALUES (118, 141);
INSERT INTO CommunicationRecipients (Communication, Member) VALUES (118, 165);
INSERT INTO CommunicationRecipients (Communication, Member) VALUES (118, 192);
INSERT INTO CommunicationRecipients (Communication, Member) VALUES (118, 123);
INSERT INTO CommunicationRecipients (Communication, Member) VALUES (118, 113);
INSERT INTO CommunicationRecipients (Communication, Member) VALUES (118, 148);
INSERT INTO CommunicationRecipients (Communication, Member) VALUES (118, 170);
INSERT INTO CommunicationRecipients (Communication, Member) VALUES (118, 153);
INSERT INTO CommunicationRecipients (Communication, Member) VALUES (118, 137);
INSERT INTO CommunicationRecipients (Communication, Member) VALUES (118, 143);
INSERT INTO CommunicationRecipients (Communication, Member) VALUES (118, 190);
INSERT INTO CommunicationRecipients (Communication, Member) VALUES (118, 159);
INSERT INTO CommunicationRecipients (Communication, Member) VALUES (118, 124);
INSERT INTO CommunicationRecipients (Communication, Member) VALUES (118, 171);
INSERT INTO CommunicationRecipients (Communication, Member) VALUES (118, 152);
INSERT INTO CommunicationRecipients (Communication, Member) VALUES (118, 180);
INSERT INTO CommunicationRecipients (Communication, Member) VALUES (118, 185);
INSERT INTO CommunicationRecipients (Communication, Member) VALUES (118, 169);
INSERT INTO CommunicationRecipients (Communication, Member) VALUES (118, 162);
INSERT INTO CommunicationRecipients (Communication, Member) VALUES (118, 120);
INSERT INTO CommunicationRecipients (Communication, Member) VALUES (118, 112);
INSERT INTO CommunicationRecipients (Communication, Member) VALUES (118, 133);
INSERT INTO CommunicationRecipients (Communication, Member) VALUES (118, 194);
INSERT INTO CommunicationRecipients (Communication, Member) VALUES (118, 101);
INSERT INTO CommunicationRecipients (Communication, Member) VALUES (118, 195);
INSERT INTO CommunicationRecipients (Communication, Member) VALUES (118, 104);
INSERT INTO CommunicationRecipients (Communication, Member) VALUES (118, 108);
INSERT INTO CommunicationRecipients (Communication, Member) VALUES (118, 181);
INSERT INTO CommunicationRecipients (Communication, Member) VALUES (118, 151);
INSERT INTO CommunicationRecipients (Communication, Member) VALUES (118, 191);
INSERT INTO CommunicationRecipients (Communication, Member) VALUES (118, 115);
INSERT INTO CommunicationRecipients (Communication, Member) VALUES (118, 129);
INSERT INTO CommunicationRecipients (Communication, Member) VALUES (118, 128);
INSERT INTO CommunicationRecipients (Communication, Member) VALUES (118, 131);
INSERT INTO CommunicationRecipients (Communication, Member) VALUES (118, 167);
INSERT INTO CommunicationRecipients (Communication, Member) VALUES (118, 130);
INSERT INTO CommunicationRecipients (Communication, Member) VALUES (118, 160);
INSERT INTO CommunicationRecipients (Communication, Member) VALUES (118, 110);
INSERT INTO CommunicationRecipients (Communication, Member) VALUES (118, 149);
INSERT INTO CommunicationRecipients (Communication, Member) VALUES (118, 164);
INSERT INTO CommunicationRecipients (Communication, Member) VALUES (118, 146);
INSERT INTO CommunicationRecipients (Communication, Member) VALUES (118, 168);
INSERT INTO CommunicationRecipients (Communication, Member) VALUES (118, 144);
INSERT INTO CommunicationRecipients (Communication, Member) VALUES (118, 116);
INSERT INTO CommunicationRecipients (Communication, Member) VALUES (118, 156);
INSERT INTO CommunicationRecipients (Communication, Member) VALUES (118, 117);
INSERT INTO CommunicationRecipients (Communication, Member) VALUES (118, 119);
INSERT INTO CommunicationRecipients (Communication, Member) VALUES (118, 142);
INSERT INTO CommunicationRecipients (Communication, Member) VALUES (118, 196);
INSERT INTO CommunicationRecipients (Communication, Member) VALUES (118, 193);
INSERT INTO CommunicationRecipients (Communication, Member) VALUES (118, 197);
INSERT INTO CommunicationRecipients (Communication, Member) VALUES (118, 105);
INSERT INTO CommunicationRecipients (Communication, Member) VALUES (118, 136);
INSERT INTO CommunicationRecipients (Communication, Member) VALUES (118, 179);
INSERT INTO CommunicationRecipients (Communication, Member) VALUES (118, 100);
INSERT INTO CommunicationRecipients (Communication, Member) VALUES (118, 150);
INSERT INTO CommunicationRecipients (Communication, Member) VALUES (118, 187);
INSERT INTO CommunicationRecipients (Communication, Member) VALUES (118, 147);
INSERT INTO CommunicationRecipients (Communication, Member) VALUES (118, 182);
INSERT INTO CommunicationRecipients (Communication, Member) VALUES (118, 121);
INSERT INTO CommunicationRecipients (Communication, Member) VALUES (118, 158);
INSERT INTO CommunicationRecipients (Communication, Member) VALUES (118, 184);
INSERT INTO Communication (ID, Subject, Content, DateSent) VALUES (119, 'Officer Election Results', 'Hit give beyond. Spend mention now ago how nor suffer.
Play tonight who report natural successful go. She measure economy general everyone close.
Term term idea political few travel. Character represent capital table. Capital professor nature meeting eye address after.', '2025-08-13 09:14:44');
INSERT INTO CommunicationRecipients (Communication, Member) VALUES (119, 182);
INSERT INTO CommunicationRecipients (Communication, Member) VALUES (119, 121);
INSERT INTO CommunicationRecipients (Communication, Member) VALUES (119, 197);
INSERT INTO CommunicationRecipients (Communication, Member) VALUES (119, 187);
INSERT INTO CommunicationRecipients (Communication, Member) VALUES (119, 168);
INSERT INTO CommunicationRecipients (Communication, Member) VALUES (119, 123);
INSERT INTO CommunicationRecipients (Communication, Member) VALUES (119, 100);
INSERT INTO CommunicationRecipients (Communication, Member) VALUES (119, 126);
INSERT INTO CommunicationRecipients (Communication, Member) VALUES (119, 196);
INSERT INTO CommunicationRecipients (Communication, Member) VALUES (119, 185);
INSERT INTO CommunicationRecipients (Communication, Member) VALUES (119, 119);
INSERT INTO CommunicationRecipients (Communication, Member) VALUES (119, 178);
INSERT INTO CommunicationRecipients (Communication, Member) VALUES (119, 189);
INSERT INTO CommunicationRecipients (Communication, Member) VALUES (119, 120);
INSERT INTO CommunicationRecipients (Communication, Member) VALUES (119, 113);
INSERT INTO CommunicationRecipients (Communication, Member) VALUES (119, 151);
INSERT INTO CommunicationRecipients (Communication, Member) VALUES (119, 162);
INSERT INTO CommunicationRecipients (Communication, Member) VALUES (119, 166);
INSERT INTO CommunicationRecipients (Communication, Member) VALUES (119, 127);
INSERT INTO CommunicationRecipients (Communication, Member) VALUES (119, 101);
INSERT INTO CommunicationRecipients (Communication, Member) VALUES (119, 132);
INSERT INTO CommunicationRecipients (Communication, Member) VALUES (119, 109);
INSERT INTO CommunicationRecipients (Communication, Member) VALUES (119, 125);
INSERT INTO CommunicationRecipients (Communication, Member) VALUES (119, 170);
INSERT INTO CommunicationRecipients (Communication, Member) VALUES (119, 195);
INSERT INTO CommunicationRecipients (Communication, Member) VALUES (119, 137);
INSERT INTO CommunicationRecipients (Communication, Member) VALUES (119, 130);
INSERT INTO CommunicationRecipients (Communication, Member) VALUES (119, 198);
INSERT INTO CommunicationRecipients (Communication, Member) VALUES (119, 143);
INSERT INTO CommunicationRecipients (Communication, Member) VALUES (119, 106);
INSERT INTO CommunicationRecipients (Communication, Member) VALUES (119, 147);
INSERT INTO CommunicationRecipients (Communication, Member) VALUES (119, 161);
INSERT INTO CommunicationRecipients (Communication, Member) VALUES (119, 184);
INSERT INTO CommunicationRecipients (Communication, Member) VALUES (119, 152);
INSERT INTO CommunicationRecipients (Communication, Member) VALUES (119, 118);
INSERT INTO CommunicationRecipients (Communication, Member) VALUES (119, 165);
INSERT INTO CommunicationRecipients (Communication, Member) VALUES (119, 128);
INSERT INTO CommunicationRecipients (Communication, Member) VALUES (119, 199);
INSERT INTO CommunicationRecipients (Communication, Member) VALUES (119, 111);
INSERT INTO CommunicationRecipients (Communication, Member) VALUES (119, 190);
INSERT INTO CommunicationRecipients (Communication, Member) VALUES (119, 136);
INSERT INTO CommunicationRecipients (Communication, Member) VALUES (119, 102);
INSERT INTO CommunicationRecipients (Communication, Member) VALUES (119, 194);
INSERT INTO CommunicationRecipients (Communication, Member) VALUES (119, 181);
INSERT INTO CommunicationRecipients (Communication, Member) VALUES (119, 107);
INSERT INTO CommunicationRecipients (Communication, Member) VALUES (119, 173);
INSERT INTO CommunicationRecipients (Communication, Member) VALUES (119, 138);
INSERT INTO CommunicationRecipients (Communication, Member) VALUES (119, 142);
INSERT INTO CommunicationRecipients (Communication, Member) VALUES (119, 150);
INSERT INTO CommunicationRecipients (Communication, Member) VALUES (119, 133);
INSERT INTO CommunicationRecipients (Communication, Member) VALUES (119, 163);
INSERT INTO CommunicationRecipients (Communication, Member) VALUES (119, 135);
INSERT INTO CommunicationRecipients (Communication, Member) VALUES (119, 114);
INSERT INTO CommunicationRecipients (Communication, Member) VALUES (119, 172);
INSERT INTO CommunicationRecipients (Communication, Member) VALUES (119, 144);
INSERT INTO CommunicationRecipients (Communication, Member) VALUES (119, 188);
INSERT INTO CommunicationRecipients (Communication, Member) VALUES (119, 183);
INSERT INTO CommunicationRecipients (Communication, Member) VALUES (119, 115);
INSERT INTO CommunicationRecipients (Communication, Member) VALUES (119, 112);
INSERT INTO CommunicationRecipients (Communication, Member) VALUES (119, 153);
INSERT INTO CommunicationRecipients (Communication, Member) VALUES (119, 174);
INSERT INTO CommunicationRecipients (Communication, Member) VALUES (119, 116);
INSERT INTO CommunicationRecipients (Communication, Member) VALUES (119, 104);
INSERT INTO CommunicationRecipients (Communication, Member) VALUES (119, 134);
INSERT INTO CommunicationRecipients (Communication, Member) VALUES (119, 180);
INSERT INTO CommunicationRecipients (Communication, Member) VALUES (119, 157);
INSERT INTO CommunicationRecipients (Communication, Member) VALUES (119, 146);
INSERT INTO CommunicationRecipients (Communication, Member) VALUES (119, 164);
INSERT INTO CommunicationRecipients (Communication, Member) VALUES (119, 148);
INSERT INTO CommunicationRecipients (Communication, Member) VALUES (119, 103);
INSERT INTO CommunicationRecipients (Communication, Member) VALUES (119, 108);
INSERT INTO CommunicationRecipients (Communication, Member) VALUES (119, 156);
INSERT INTO CommunicationRecipients (Communication, Member) VALUES (119, 167);
INSERT INTO CommunicationRecipients (Communication, Member) VALUES (119, 175);
INSERT INTO CommunicationRecipients (Communication, Member) VALUES (119, 139);
INSERT INTO CommunicationRecipients (Communication, Member) VALUES (119, 122);
INSERT INTO CommunicationRecipients (Communication, Member) VALUES (119, 145);
INSERT INTO CommunicationRecipients (Communication, Member) VALUES (119, 159);
INSERT INTO CommunicationRecipients (Communication, Member) VALUES (119, 158);
INSERT INTO CommunicationRecipients (Communication, Member) VALUES (119, 154);
INSERT INTO CommunicationRecipients (Communication, Member) VALUES (119, 171);
INSERT INTO CommunicationRecipients (Communication, Member) VALUES (119, 193);
INSERT INTO CommunicationRecipients (Communication, Member) VALUES (119, 110);
INSERT INTO CommunicationRecipients (Communication, Member) VALUES (119, 117);
INSERT INTO CommunicationRecipients (Communication, Member) VALUES (119, 124);
INSERT INTO CommunicationRecipients (Communication, Member) VALUES (119, 131);
INSERT INTO CommunicationRecipients (Communication, Member) VALUES (119, 176);
INSERT INTO CommunicationRecipients (Communication, Member) VALUES (119, 160);
INSERT INTO CommunicationRecipients (Communication, Member) VALUES (119, 191);
INSERT INTO CommunicationRecipients (Communication, Member) VALUES (119, 149);
INSERT INTO CommunicationRecipients (Communication, Member) VALUES (119, 129);
INSERT INTO CommunicationRecipients (Communication, Member) VALUES (119, 140);
INSERT INTO CommunicationRecipients (Communication, Member) VALUES (119, 186);
INSERT INTO CommunicationRecipients (Communication, Member) VALUES (119, 177);
INSERT INTO CommunicationRecipients (Communication, Member) VALUES (119, 192);
INSERT INTO CommunicationRecipients (Communication, Member) VALUES (119, 141);
INSERT INTO CommunicationRecipients (Communication, Member) VALUES (119, 105);
INSERT INTO Communication (ID, Subject, Content, DateSent) VALUES (120, 'Gear Checkout Hours Update', 'Information wall bar teach history role just. Artist television size serve.
House focus may end many.
Since these truth tend. Drive music case size type. Of along Congress small theory.', '2025-08-13 09:08:58');
INSERT INTO CommunicationRecipients (Communication, Member) VALUES (120, 181);
INSERT INTO CommunicationRecipients (Communication, Member) VALUES (120, 114);
INSERT INTO CommunicationRecipients (Communication, Member) VALUES (120, 183);
INSERT INTO CommunicationRecipients (Communication, Member) VALUES (120, 106);
INSERT INTO CommunicationRecipients (Communication, Member) VALUES (120, 163);
INSERT INTO CommunicationRecipients (Communication, Member) VALUES (120, 128);
INSERT INTO CommunicationRecipients (Communication, Member) VALUES (120, 178);
INSERT INTO CommunicationRecipients (Communication, Member) VALUES (120, 113);
INSERT INTO CommunicationRecipients (Communication, Member) VALUES (120, 174);
INSERT INTO CommunicationRecipients (Communication, Member) VALUES (120, 109);
INSERT INTO CommunicationRecipients (Communication, Member) VALUES (120, 133);
INSERT INTO CommunicationRecipients (Communication, Member) VALUES (120, 125);
INSERT INTO CommunicationRecipients (Communication, Member) VALUES (120, 189);
INSERT INTO CommunicationRecipients (Communication, Member) VALUES (120, 121);
INSERT INTO CommunicationRecipients (Communication, Member) VALUES (120, 140);
INSERT INTO CommunicationRecipients (Communication, Member) VALUES (120, 173);
INSERT INTO CommunicationRecipients (Communication, Member) VALUES (120, 179);
INSERT INTO CommunicationRecipients (Communication, Member) VALUES (120, 103);
INSERT INTO CommunicationRecipients (Communication, Member) VALUES (120, 157);
INSERT INTO CommunicationRecipients (Communication, Member) VALUES (120, 110);
INSERT INTO CommunicationRecipients (Communication, Member) VALUES (120, 131);
INSERT INTO CommunicationRecipients (Communication, Member) VALUES (120, 119);
INSERT INTO CommunicationRecipients (Communication, Member) VALUES (120, 120);
INSERT INTO CommunicationRecipients (Communication, Member) VALUES (120, 151);
INSERT INTO CommunicationRecipients (Communication, Member) VALUES (120, 141);
INSERT INTO CommunicationRecipients (Communication, Member) VALUES (120, 176);
INSERT INTO CommunicationRecipients (Communication, Member) VALUES (120, 123);
INSERT INTO CommunicationRecipients (Communication, Member) VALUES (120, 146);
INSERT INTO CommunicationRecipients (Communication, Member) VALUES (120, 197);
INSERT INTO CommunicationRecipients (Communication, Member) VALUES (120, 196);
INSERT INTO CommunicationRecipients (Communication, Member) VALUES (120, 147);
INSERT INTO CommunicationRecipients (Communication, Member) VALUES (120, 159);
INSERT INTO CommunicationRecipients (Communication, Member) VALUES (120, 186);
INSERT INTO CommunicationRecipients (Communication, Member) VALUES (120, 134);
INSERT INTO CommunicationRecipients (Communication, Member) VALUES (120, 156);
INSERT INTO CommunicationRecipients (Communication, Member) VALUES (120, 177);
INSERT INTO CommunicationRecipients (Communication, Member) VALUES (120, 162);
INSERT INTO CommunicationRecipients (Communication, Member) VALUES (120, 117);
INSERT INTO CommunicationRecipients (Communication, Member) VALUES (120, 118);
INSERT INTO CommunicationRecipients (Communication, Member) VALUES (120, 171);
INSERT INTO CommunicationRecipients (Communication, Member) VALUES (120, 158);
INSERT INTO CommunicationRecipients (Communication, Member) VALUES (120, 193);
INSERT INTO CommunicationRecipients (Communication, Member) VALUES (120, 126);
INSERT INTO CommunicationRecipients (Communication, Member) VALUES (120, 135);
INSERT INTO CommunicationRecipients (Communication, Member) VALUES (120, 195);
INSERT INTO CommunicationRecipients (Communication, Member) VALUES (120, 185);
INSERT INTO CommunicationRecipients (Communication, Member) VALUES (120, 172);
INSERT INTO CommunicationRecipients (Communication, Member) VALUES (120, 143);
INSERT INTO CommunicationRecipients (Communication, Member) VALUES (120, 169);
INSERT INTO CommunicationRecipients (Communication, Member) VALUES (120, 144);
INSERT INTO CommunicationRecipients (Communication, Member) VALUES (120, 107);
INSERT INTO CommunicationRecipients (Communication, Member) VALUES (120, 105);
INSERT INTO CommunicationRecipients (Communication, Member) VALUES (120, 199);
INSERT INTO CommunicationRecipients (Communication, Member) VALUES (120, 149);
INSERT INTO CommunicationRecipients (Communication, Member) VALUES (120, 191);
INSERT INTO CommunicationRecipients (Communication, Member) VALUES (120, 112);
INSERT INTO CommunicationRecipients (Communication, Member) VALUES (120, 188);
INSERT INTO CommunicationRecipients (Communication, Member) VALUES (120, 129);
INSERT INTO CommunicationRecipients (Communication, Member) VALUES (120, 168);
INSERT INTO CommunicationRecipients (Communication, Member) VALUES (120, 192);
INSERT INTO CommunicationRecipients (Communication, Member) VALUES (120, 190);
INSERT INTO CommunicationRecipients (Communication, Member) VALUES (120, 108);
INSERT INTO CommunicationRecipients (Communication, Member) VALUES (120, 130);
INSERT INTO CommunicationRecipients (Communication, Member) VALUES (120, 187);
INSERT INTO CommunicationRecipients (Communication, Member) VALUES (120, 150);
INSERT INTO Communication (ID, Subject, Content, DateSent) VALUES (121, 'Upcoming Trip Reminder', 'Prove certainly lawyer. Direction billion sense side against project.
Rate adult time consumer budget become. Establish find always. Poor professor tree memory.
Space produce suggest generation pull. Billion pass rule generation painting tonight.', '2025-08-13 09:10:04');
INSERT INTO CommunicationRecipients (Communication, Member) VALUES (121, 118);
INSERT INTO CommunicationRecipients (Communication, Member) VALUES (121, 158);
INSERT INTO CommunicationRecipients (Communication, Member) VALUES (121, 108);
INSERT INTO CommunicationRecipients (Communication, Member) VALUES (121, 123);
INSERT INTO CommunicationRecipients (Communication, Member) VALUES (121, 199);
INSERT INTO CommunicationRecipients (Communication, Member) VALUES (121, 146);
INSERT INTO CommunicationRecipients (Communication, Member) VALUES (121, 105);
INSERT INTO CommunicationRecipients (Communication, Member) VALUES (121, 171);
INSERT INTO CommunicationRecipients (Communication, Member) VALUES (121, 152);
INSERT INTO CommunicationRecipients (Communication, Member) VALUES (121, 195);
INSERT INTO CommunicationRecipients (Communication, Member) VALUES (121, 135);
INSERT INTO CommunicationRecipients (Communication, Member) VALUES (121, 104);
INSERT INTO CommunicationRecipients (Communication, Member) VALUES (121, 131);
INSERT INTO CommunicationRecipients (Communication, Member) VALUES (121, 173);
INSERT INTO CommunicationRecipients (Communication, Member) VALUES (121, 188);
INSERT INTO CommunicationRecipients (Communication, Member) VALUES (121, 125);
INSERT INTO CommunicationRecipients (Communication, Member) VALUES (121, 179);
INSERT INTO CommunicationRecipients (Communication, Member) VALUES (121, 120);
INSERT INTO CommunicationRecipients (Communication, Member) VALUES (121, 119);
INSERT INTO CommunicationRecipients (Communication, Member) VALUES (121, 139);
INSERT INTO CommunicationRecipients (Communication, Member) VALUES (121, 172);
INSERT INTO CommunicationRecipients (Communication, Member) VALUES (121, 180);
INSERT INTO CommunicationRecipients (Communication, Member) VALUES (121, 103);
INSERT INTO CommunicationRecipients (Communication, Member) VALUES (121, 183);
INSERT INTO CommunicationRecipients (Communication, Member) VALUES (121, 155);
INSERT INTO CommunicationRecipients (Communication, Member) VALUES (121, 147);
INSERT INTO CommunicationRecipients (Communication, Member) VALUES (121, 116);
INSERT INTO CommunicationRecipients (Communication, Member) VALUES (121, 148);
INSERT INTO CommunicationRecipients (Communication, Member) VALUES (121, 177);
INSERT INTO CommunicationRecipients (Communication, Member) VALUES (121, 121);
INSERT INTO CommunicationRecipients (Communication, Member) VALUES (121, 193);
INSERT INTO CommunicationRecipients (Communication, Member) VALUES (121, 196);
INSERT INTO CommunicationRecipients (Communication, Member) VALUES (121, 107);
INSERT INTO CommunicationRecipients (Communication, Member) VALUES (121, 170);
INSERT INTO CommunicationRecipients (Communication, Member) VALUES (121, 159);
INSERT INTO CommunicationRecipients (Communication, Member) VALUES (121, 130);
INSERT INTO CommunicationRecipients (Communication, Member) VALUES (121, 141);
INSERT INTO CommunicationRecipients (Communication, Member) VALUES (121, 176);
INSERT INTO CommunicationRecipients (Communication, Member) VALUES (121, 157);
INSERT INTO CommunicationRecipients (Communication, Member) VALUES (121, 114);
INSERT INTO CommunicationRecipients (Communication, Member) VALUES (121, 145);
INSERT INTO CommunicationRecipients (Communication, Member) VALUES (121, 102);
INSERT INTO CommunicationRecipients (Communication, Member) VALUES (121, 198);
INSERT INTO CommunicationRecipients (Communication, Member) VALUES (121, 110);
INSERT INTO CommunicationRecipients (Communication, Member) VALUES (121, 100);
INSERT INTO CommunicationRecipients (Communication, Member) VALUES (121, 185);
INSERT INTO CommunicationRecipients (Communication, Member) VALUES (121, 189);
INSERT INTO CommunicationRecipients (Communication, Member) VALUES (121, 142);
INSERT INTO CommunicationRecipients (Communication, Member) VALUES (121, 126);
INSERT INTO CommunicationRecipients (Communication, Member) VALUES (121, 133);
INSERT INTO CommunicationRecipients (Communication, Member) VALUES (121, 190);
INSERT INTO CommunicationRecipients (Communication, Member) VALUES (121, 113);
INSERT INTO CommunicationRecipients (Communication, Member) VALUES (121, 166);
INSERT INTO CommunicationRecipients (Communication, Member) VALUES (121, 137);
INSERT INTO CommunicationRecipients (Communication, Member) VALUES (121, 175);
INSERT INTO CommunicationRecipients (Communication, Member) VALUES (121, 194);
INSERT INTO Communication (ID, Subject, Content, DateSent) VALUES (122, 'Safety Reminder: Winter Conditions', 'Option manage kitchen. Food read far huge. Ok design food first law.
Cost ability heart minute industry.
Friend develop fill important building assume performance. Activity computer husband mother include kind everyone. Plan better record method back chance community think.', '2025-08-13 09:09:13');
INSERT INTO CommunicationRecipients (Communication, Member) VALUES (122, 110);
INSERT INTO CommunicationRecipients (Communication, Member) VALUES (122, 156);
INSERT INTO CommunicationRecipients (Communication, Member) VALUES (122, 120);
INSERT INTO CommunicationRecipients (Communication, Member) VALUES (122, 158);
INSERT INTO CommunicationRecipients (Communication, Member) VALUES (122, 114);
INSERT INTO CommunicationRecipients (Communication, Member) VALUES (122, 177);
INSERT INTO CommunicationRecipients (Communication, Member) VALUES (122, 106);
INSERT INTO CommunicationRecipients (Communication, Member) VALUES (122, 148);
INSERT INTO CommunicationRecipients (Communication, Member) VALUES (122, 133);
INSERT INTO CommunicationRecipients (Communication, Member) VALUES (122, 189);
INSERT INTO CommunicationRecipients (Communication, Member) VALUES (122, 138);
INSERT INTO CommunicationRecipients (Communication, Member) VALUES (122, 143);
INSERT INTO CommunicationRecipients (Communication, Member) VALUES (122, 170);
INSERT INTO CommunicationRecipients (Communication, Member) VALUES (122, 134);
INSERT INTO CommunicationRecipients (Communication, Member) VALUES (122, 109);
INSERT INTO CommunicationRecipients (Communication, Member) VALUES (122, 146);
INSERT INTO CommunicationRecipients (Communication, Member) VALUES (122, 171);
INSERT INTO CommunicationRecipients (Communication, Member) VALUES (122, 181);
INSERT INTO CommunicationRecipients (Communication, Member) VALUES (122, 174);
INSERT INTO CommunicationRecipients (Communication, Member) VALUES (122, 149);
INSERT INTO CommunicationRecipients (Communication, Member) VALUES (122, 137);
INSERT INTO CommunicationRecipients (Communication, Member) VALUES (122, 126);
INSERT INTO CommunicationRecipients (Communication, Member) VALUES (122, 117);
INSERT INTO CommunicationRecipients (Communication, Member) VALUES (122, 168);
INSERT INTO CommunicationRecipients (Communication, Member) VALUES (122, 197);
INSERT INTO CommunicationRecipients (Communication, Member) VALUES (122, 108);
INSERT INTO CommunicationRecipients (Communication, Member) VALUES (122, 172);
INSERT INTO CommunicationRecipients (Communication, Member) VALUES (122, 155);
INSERT INTO CommunicationRecipients (Communication, Member) VALUES (122, 147);
INSERT INTO CommunicationRecipients (Communication, Member) VALUES (122, 185);
INSERT INTO CommunicationRecipients (Communication, Member) VALUES (122, 121);
INSERT INTO CommunicationRecipients (Communication, Member) VALUES (122, 182);
INSERT INTO CommunicationRecipients (Communication, Member) VALUES (122, 165);
INSERT INTO CommunicationRecipients (Communication, Member) VALUES (122, 183);
INSERT INTO CommunicationRecipients (Communication, Member) VALUES (122, 111);
INSERT INTO CommunicationRecipients (Communication, Member) VALUES (122, 132);
INSERT INTO CommunicationRecipients (Communication, Member) VALUES (122, 159);
INSERT INTO CommunicationRecipients (Communication, Member) VALUES (122, 186);
INSERT INTO CommunicationRecipients (Communication, Member) VALUES (122, 140);
INSERT INTO CommunicationRecipients (Communication, Member) VALUES (122, 145);
INSERT INTO CommunicationRecipients (Communication, Member) VALUES (122, 166);
INSERT INTO CommunicationRecipients (Communication, Member) VALUES (122, 176);
INSERT INTO CommunicationRecipients (Communication, Member) VALUES (122, 160);
INSERT INTO CommunicationRecipients (Communication, Member) VALUES (122, 196);
INSERT INTO CommunicationRecipients (Communication, Member) VALUES (122, 118);
INSERT INTO CommunicationRecipients (Communication, Member) VALUES (122, 122);
INSERT INTO CommunicationRecipients (Communication, Member) VALUES (122, 135);
INSERT INTO CommunicationRecipients (Communication, Member) VALUES (122, 105);
INSERT INTO CommunicationRecipients (Communication, Member) VALUES (122, 153);
INSERT INTO CommunicationRecipients (Communication, Member) VALUES (122, 167);
INSERT INTO CommunicationRecipients (Communication, Member) VALUES (122, 128);
INSERT INTO CommunicationRecipients (Communication, Member) VALUES (122, 180);
INSERT INTO CommunicationRecipients (Communication, Member) VALUES (122, 169);
INSERT INTO CommunicationRecipients (Communication, Member) VALUES (122, 116);
INSERT INTO CommunicationRecipients (Communication, Member) VALUES (122, 154);
INSERT INTO CommunicationRecipients (Communication, Member) VALUES (122, 124);
INSERT INTO CommunicationRecipients (Communication, Member) VALUES (122, 103);
INSERT INTO CommunicationRecipients (Communication, Member) VALUES (122, 150);
INSERT INTO CommunicationRecipients (Communication, Member) VALUES (122, 162);
INSERT INTO CommunicationRecipients (Communication, Member) VALUES (122, 139);
INSERT INTO CommunicationRecipients (Communication, Member) VALUES (122, 184);
INSERT INTO CommunicationRecipients (Communication, Member) VALUES (122, 123);
INSERT INTO CommunicationRecipients (Communication, Member) VALUES (122, 173);
INSERT INTO CommunicationRecipients (Communication, Member) VALUES (122, 192);
INSERT INTO CommunicationRecipients (Communication, Member) VALUES (122, 129);
INSERT INTO CommunicationRecipients (Communication, Member) VALUES (122, 179);
INSERT INTO CommunicationRecipients (Communication, Member) VALUES (122, 157);
INSERT INTO CommunicationRecipients (Communication, Member) VALUES (122, 194);
INSERT INTO CommunicationRecipients (Communication, Member) VALUES (122, 107);
INSERT INTO CommunicationRecipients (Communication, Member) VALUES (122, 178);
INSERT INTO CommunicationRecipients (Communication, Member) VALUES (122, 131);
INSERT INTO CommunicationRecipients (Communication, Member) VALUES (122, 193);
INSERT INTO CommunicationRecipients (Communication, Member) VALUES (122, 187);
INSERT INTO CommunicationRecipients (Communication, Member) VALUES (122, 127);
INSERT INTO CommunicationRecipients (Communication, Member) VALUES (122, 163);
INSERT INTO CommunicationRecipients (Communication, Member) VALUES (122, 102);
INSERT INTO CommunicationRecipients (Communication, Member) VALUES (122, 142);
INSERT INTO CommunicationRecipients (Communication, Member) VALUES (122, 144);
INSERT INTO CommunicationRecipients (Communication, Member) VALUES (122, 141);
INSERT INTO CommunicationRecipients (Communication, Member) VALUES (122, 198);
INSERT INTO CommunicationRecipients (Communication, Member) VALUES (122, 191);
INSERT INTO CommunicationRecipients (Communication, Member) VALUES (122, 195);
INSERT INTO CommunicationRecipients (Communication, Member) VALUES (122, 130);
INSERT INTO Communication (ID, Subject, Content, DateSent) VALUES (123, 'Gear Checkout Hours Update', 'Fine quickly me investment important policy. Important hand country improve indeed air edge probably.
Happen arm improve thus deep attack bar sort. Appear position ground light man discuss response.', '2025-08-13 09:12:37');
INSERT INTO CommunicationRecipients (Communication, Member) VALUES (123, 154);
INSERT INTO CommunicationRecipients (Communication, Member) VALUES (123, 167);
INSERT INTO CommunicationRecipients (Communication, Member) VALUES (123, 102);
INSERT INTO CommunicationRecipients (Communication, Member) VALUES (123, 124);
INSERT INTO CommunicationRecipients (Communication, Member) VALUES (123, 157);
INSERT INTO CommunicationRecipients (Communication, Member) VALUES (123, 180);
INSERT INTO CommunicationRecipients (Communication, Member) VALUES (123, 135);
INSERT INTO CommunicationRecipients (Communication, Member) VALUES (123, 159);
INSERT INTO CommunicationRecipients (Communication, Member) VALUES (123, 185);
INSERT INTO CommunicationRecipients (Communication, Member) VALUES (123, 151);
INSERT INTO CommunicationRecipients (Communication, Member) VALUES (123, 143);
INSERT INTO CommunicationRecipients (Communication, Member) VALUES (123, 193);
INSERT INTO CommunicationRecipients (Communication, Member) VALUES (123, 197);
INSERT INTO CommunicationRecipients (Communication, Member) VALUES (123, 123);
INSERT INTO CommunicationRecipients (Communication, Member) VALUES (123, 162);
INSERT INTO CommunicationRecipients (Communication, Member) VALUES (123, 187);
INSERT INTO CommunicationRecipients (Communication, Member) VALUES (123, 152);
INSERT INTO CommunicationRecipients (Communication, Member) VALUES (123, 115);
INSERT INTO CommunicationRecipients (Communication, Member) VALUES (123, 126);
INSERT INTO CommunicationRecipients (Communication, Member) VALUES (123, 171);
INSERT INTO CommunicationRecipients (Communication, Member) VALUES (123, 178);
INSERT INTO CommunicationRecipients (Communication, Member) VALUES (123, 192);
INSERT INTO CommunicationRecipients (Communication, Member) VALUES (123, 105);
INSERT INTO CommunicationRecipients (Communication, Member) VALUES (123, 104);
INSERT INTO CommunicationRecipients (Communication, Member) VALUES (123, 150);
INSERT INTO CommunicationRecipients (Communication, Member) VALUES (123, 177);
INSERT INTO CommunicationRecipients (Communication, Member) VALUES (123, 131);
INSERT INTO CommunicationRecipients (Communication, Member) VALUES (123, 198);
INSERT INTO CommunicationRecipients (Communication, Member) VALUES (123, 195);
INSERT INTO CommunicationRecipients (Communication, Member) VALUES (123, 182);
INSERT INTO CommunicationRecipients (Communication, Member) VALUES (123, 175);
INSERT INTO CommunicationRecipients (Communication, Member) VALUES (123, 128);
INSERT INTO CommunicationRecipients (Communication, Member) VALUES (123, 118);
INSERT INTO CommunicationRecipients (Communication, Member) VALUES (123, 148);
INSERT INTO CommunicationRecipients (Communication, Member) VALUES (123, 113);
INSERT INTO CommunicationRecipients (Communication, Member) VALUES (123, 199);
INSERT INTO CommunicationRecipients (Communication, Member) VALUES (123, 191);
INSERT INTO CommunicationRecipients (Communication, Member) VALUES (123, 172);
INSERT INTO CommunicationRecipients (Communication, Member) VALUES (123, 122);
INSERT INTO CommunicationRecipients (Communication, Member) VALUES (123, 146);
INSERT INTO CommunicationRecipients (Communication, Member) VALUES (123, 166);
INSERT INTO CommunicationRecipients (Communication, Member) VALUES (123, 137);
INSERT INTO CommunicationRecipients (Communication, Member) VALUES (123, 117);
INSERT INTO CommunicationRecipients (Communication, Member) VALUES (123, 116);
INSERT INTO CommunicationRecipients (Communication, Member) VALUES (123, 160);
INSERT INTO CommunicationRecipients (Communication, Member) VALUES (123, 130);
INSERT INTO CommunicationRecipients (Communication, Member) VALUES (123, 139);
INSERT INTO CommunicationRecipients (Communication, Member) VALUES (123, 106);
INSERT INTO CommunicationRecipients (Communication, Member) VALUES (123, 125);
INSERT INTO CommunicationRecipients (Communication, Member) VALUES (123, 188);
INSERT INTO CommunicationRecipients (Communication, Member) VALUES (123, 173);
INSERT INTO CommunicationRecipients (Communication, Member) VALUES (123, 138);
INSERT INTO CommunicationRecipients (Communication, Member) VALUES (123, 155);
INSERT INTO CommunicationRecipients (Communication, Member) VALUES (123, 176);
INSERT INTO CommunicationRecipients (Communication, Member) VALUES (123, 100);
INSERT INTO CommunicationRecipients (Communication, Member) VALUES (123, 111);
INSERT INTO Communication (ID, Subject, Content, DateSent) VALUES (124, 'Upcoming Trip Reminder', 'Exist no within there sort painting across. Improve different everyone player. Job animal table few.
Economic water discover key together resource hold. Material member family practice put.
Food free physical eye learn. Give represent management thought help. No whose radio challenge parent line.', '2025-08-13 09:14:13');
INSERT INTO CommunicationRecipients (Communication, Member) VALUES (124, 154);
INSERT INTO CommunicationRecipients (Communication, Member) VALUES (124, 195);
INSERT INTO CommunicationRecipients (Communication, Member) VALUES (124, 124);
INSERT INTO CommunicationRecipients (Communication, Member) VALUES (124, 134);
INSERT INTO CommunicationRecipients (Communication, Member) VALUES (124, 135);
INSERT INTO CommunicationRecipients (Communication, Member) VALUES (124, 125);
INSERT INTO CommunicationRecipients (Communication, Member) VALUES (124, 182);
INSERT INTO CommunicationRecipients (Communication, Member) VALUES (124, 100);
INSERT INTO CommunicationRecipients (Communication, Member) VALUES (124, 167);
INSERT INTO CommunicationRecipients (Communication, Member) VALUES (124, 110);
INSERT INTO CommunicationRecipients (Communication, Member) VALUES (124, 127);
INSERT INTO CommunicationRecipients (Communication, Member) VALUES (124, 148);
INSERT INTO CommunicationRecipients (Communication, Member) VALUES (124, 196);
INSERT INTO CommunicationRecipients (Communication, Member) VALUES (124, 138);
INSERT INTO CommunicationRecipients (Communication, Member) VALUES (124, 183);
INSERT INTO CommunicationRecipients (Communication, Member) VALUES (124, 189);
INSERT INTO CommunicationRecipients (Communication, Member) VALUES (124, 190);
INSERT INTO CommunicationRecipients (Communication, Member) VALUES (124, 186);
INSERT INTO CommunicationRecipients (Communication, Member) VALUES (124, 112);
INSERT INTO CommunicationRecipients (Communication, Member) VALUES (124, 187);
INSERT INTO CommunicationRecipients (Communication, Member) VALUES (124, 164);
INSERT INTO CommunicationRecipients (Communication, Member) VALUES (124, 113);
INSERT INTO CommunicationRecipients (Communication, Member) VALUES (124, 163);
INSERT INTO CommunicationRecipients (Communication, Member) VALUES (124, 140);
INSERT INTO CommunicationRecipients (Communication, Member) VALUES (124, 151);
INSERT INTO CommunicationRecipients (Communication, Member) VALUES (124, 159);
INSERT INTO CommunicationRecipients (Communication, Member) VALUES (124, 157);
INSERT INTO CommunicationRecipients (Communication, Member) VALUES (124, 149);
INSERT INTO CommunicationRecipients (Communication, Member) VALUES (124, 107);
INSERT INTO CommunicationRecipients (Communication, Member) VALUES (124, 178);
INSERT INTO CommunicationRecipients (Communication, Member) VALUES (124, 126);
INSERT INTO CommunicationRecipients (Communication, Member) VALUES (124, 161);
INSERT INTO CommunicationRecipients (Communication, Member) VALUES (124, 111);
INSERT INTO CommunicationRecipients (Communication, Member) VALUES (124, 155);
INSERT INTO CommunicationRecipients (Communication, Member) VALUES (124, 188);
INSERT INTO CommunicationRecipients (Communication, Member) VALUES (124, 171);
INSERT INTO CommunicationRecipients (Communication, Member) VALUES (124, 145);
INSERT INTO CommunicationRecipients (Communication, Member) VALUES (124, 114);
INSERT INTO CommunicationRecipients (Communication, Member) VALUES (124, 101);
INSERT INTO CommunicationRecipients (Communication, Member) VALUES (124, 146);
INSERT INTO CommunicationRecipients (Communication, Member) VALUES (124, 173);
INSERT INTO CommunicationRecipients (Communication, Member) VALUES (124, 102);
INSERT INTO CommunicationRecipients (Communication, Member) VALUES (124, 137);
INSERT INTO CommunicationRecipients (Communication, Member) VALUES (124, 176);
INSERT INTO CommunicationRecipients (Communication, Member) VALUES (124, 169);
INSERT INTO CommunicationRecipients (Communication, Member) VALUES (124, 160);
INSERT INTO CommunicationRecipients (Communication, Member) VALUES (124, 143);
INSERT INTO CommunicationRecipients (Communication, Member) VALUES (124, 130);
INSERT INTO CommunicationRecipients (Communication, Member) VALUES (124, 162);
INSERT INTO CommunicationRecipients (Communication, Member) VALUES (124, 185);
INSERT INTO CommunicationRecipients (Communication, Member) VALUES (124, 117);
INSERT INTO CommunicationRecipients (Communication, Member) VALUES (124, 170);
INSERT INTO CommunicationRecipients (Communication, Member) VALUES (124, 115);
INSERT INTO CommunicationRecipients (Communication, Member) VALUES (124, 191);
INSERT INTO CommunicationRecipients (Communication, Member) VALUES (124, 129);
INSERT INTO CommunicationRecipients (Communication, Member) VALUES (124, 139);
INSERT INTO CommunicationRecipients (Communication, Member) VALUES (124, 177);
INSERT INTO CommunicationRecipients (Communication, Member) VALUES (124, 168);
INSERT INTO CommunicationRecipients (Communication, Member) VALUES (124, 175);
INSERT INTO CommunicationRecipients (Communication, Member) VALUES (124, 142);
INSERT INTO CommunicationRecipients (Communication, Member) VALUES (124, 150);
INSERT INTO CommunicationRecipients (Communication, Member) VALUES (124, 174);

-- 💰 BUDGETS
INSERT INTO Budget (ID, ApprovedBy, Author, FiscalYear, Status) VALUES (20, 152, 130, 2023, 'SUBMITTED');
INSERT INTO Budget (ID, ApprovedBy, Author, FiscalYear, Status) VALUES (21, 139, 121, 2024, 'SUBMITTED');
INSERT INTO Budget (ID, ApprovedBy, Author, FiscalYear, Status) VALUES (22, 151, 157, 2025, 'APPROVED');
INSERT INTO Budget (ID, ApprovedBy, Author, FiscalYear, Status) VALUES (23, NULL, 154, 2026, 'PAST');

-- 💰 BUDGET ACCOUNTS
INSERT INTO BudgetAccount (ID, Budget, AcctCode, AcctTitle) VALUES (20, 20, 'FOOD715', 'Food & Catering');
INSERT INTO BudgetAccount (ID, Budget, AcctCode, AcctTitle) VALUES (21, 20, 'MAINT466', 'Maintenance & Repairs');
INSERT INTO BudgetAccount (ID, Budget, AcctCode, AcctTitle) VALUES (22, 20, 'INSUR732', 'Insurance');
INSERT INTO BudgetAccount (ID, Budget, AcctCode, AcctTitle) VALUES (23, 20, 'GEAR851', 'Equipment & Gear');
INSERT INTO BudgetAccount (ID, Budget, AcctCode, AcctTitle) VALUES (24, 21, 'EVENT642', 'Event Supplies');
INSERT INTO BudgetAccount (ID, Budget, AcctCode, AcctTitle) VALUES (25, 21, 'INSUR493', 'Insurance');
INSERT INTO BudgetAccount (ID, Budget, AcctCode, AcctTitle) VALUES (26, 21, 'ADMIN875', 'Administrative');
INSERT INTO BudgetAccount (ID, Budget, AcctCode, AcctTitle) VALUES (27, 21, 'GEAR115', 'Equipment & Gear');
INSERT INTO BudgetAccount (ID, Budget, AcctCode, AcctTitle) VALUES (28, 21, 'MAINT267', 'Maintenance & Repairs');
INSERT INTO BudgetAccount (ID, Budget, AcctCode, AcctTitle) VALUES (29, 21, 'TRANS344', 'Transportation');
INSERT INTO BudgetAccount (ID, Budget, AcctCode, AcctTitle) VALUES (30, 22, 'TRANS936', 'Transportation');
INSERT INTO BudgetAccount (ID, Budget, AcctCode, AcctTitle) VALUES (31, 22, 'TRAIN897', 'Training & Certification');
INSERT INTO BudgetAccount (ID, Budget, AcctCode, AcctTitle) VALUES (32, 22, 'ADMIN924', 'Administrative');
INSERT INTO BudgetAccount (ID, Budget, AcctCode, AcctTitle) VALUES (33, 22, 'MAINT990', 'Maintenance & Repairs');
INSERT INTO BudgetAccount (ID, Budget, AcctCode, AcctTitle) VALUES (34, 22, 'FOOD597', 'Food & Catering');
INSERT INTO BudgetAccount (ID, Budget, AcctCode, AcctTitle) VALUES (35, 23, 'GEAR769', 'Equipment & Gear');
INSERT INTO BudgetAccount (ID, Budget, AcctCode, AcctTitle) VALUES (36, 23, 'MAINT924', 'Maintenance & Repairs');
INSERT INTO BudgetAccount (ID, Budget, AcctCode, AcctTitle) VALUES (37, 23, 'TRANS560', 'Transportation');
INSERT INTO BudgetAccount (ID, Budget, AcctCode, AcctTitle) VALUES (38, 23, 'EVENT593', 'Event Supplies');

-- 🏪 VENDORS
INSERT INTO Vendor (ID, Address, Website, Contact) VALUES (20, '37979 Logan Hollow Suite 200, Rossmouth, CT 09580', 'www.reicoop.com', 'weavermary@example.org');
INSERT INTO Vendor (ID, Address, Website, Contact) VALUES (21, '95039 Medina Isle Apt. 466, South Loriborough, VT 75803', 'www.easternmountainsports.com', 'ahart@example.net');
INSERT INTO Vendor (ID, Address, Website, Contact) VALUES (22, '9772 Jones Lane Apt. 501, Sarahland, AS 62225', 'www.outdoorgearexchange.com', 'patrick37@example.net');
INSERT INTO Vendor (ID, Address, Website, Contact) VALUES (23, '99242 Harrison Loop, Henrytown, MD 51920', 'www.internationalmountainequipment.com', 'dustin46@example.com');
INSERT INTO Vendor (ID, Address, Website, Contact) VALUES (24, '289 Jones Squares, Hernandezborough, AZ 43207', 'www.climbhigh.com', 'jonathanwilliams@example.com');
INSERT INTO Vendor (ID, Address, Website, Contact) VALUES (25, '3226 Thomas Parkways, Williamston, MA 22784', 'www.backcountrygear.com', 'bmorgan@example.com');
INSERT INTO Vendor (ID, Address, Website, Contact) VALUES (26, '04676 Lisa Stream Suite 665, South Jayton, TN 30134', 'www.localoutdoorstore.com', 'thomaswilliamson@example.com');
INSERT INTO Vendor (ID, Address, Website, Contact) VALUES (27, '276 Edwards Cape, Curtisland, MO 68120', 'www.mountainwarehouse.com', 'richardsondiana@example.org');
INSERT INTO Vendor (ID, Address, Website, Contact) VALUES (28, '32167 Karen Trace Apt. 467, Mezaport, WA 03037', 'www.gearcoop.com', 'cabrerakevin@example.net');
INSERT INTO Vendor (ID, Address, Website, Contact) VALUES (29, '3825 Chan Circle, Marcusville, OH 20919', 'www.adventureoutpost.com', 'larsontina@example.org');
INSERT INTO Vendor (ID, Address, Website, Contact) VALUES (30, '50216 Joseph Groves, New Amyshire, CT 32177', 'www.summitsports.com', 'brendawhite@example.org');
INSERT INTO Vendor (ID, Address, Website, Contact) VALUES (31, '7756 Monica Turnpike, Lake Davidstad, TN 54703', 'www.basecampoutfitters.com', 'kle@example.net');

-- 💳 REIMBURSEMENTS
INSERT INTO Reimbursement (ID, MemberID, Total, Type, Description) VALUES (20, 192, 70.3, 'Transportation', 'Enter myself everyone raise property. Include level choice play put.');
INSERT INTO Reimbursement (ID, MemberID, Total, Type, Description) VALUES (21, 182, 151.87, 'Event Supplies', 'Television design else writer piece political like. Fine provide just poor generation fight case.');
INSERT INTO Reimbursement (ID, MemberID, Total, Type, Description) VALUES (22, 123, 431.17, 'Training', 'How necessary candidate paper claim. Certain section by possible son down word.');
INSERT INTO Reimbursement (ID, MemberID, Total, Type, Description) VALUES (23, 199, 289.36, 'Event Supplies', 'Entire third you. Since woman hope fact.');
INSERT INTO Reimbursement (ID, MemberID, Total, Type, Description) VALUES (24, 152, 150.0, 'Maintenance', 'Chair peace bag draw investment direction for. Enjoy part require along difference friend.');
INSERT INTO Reimbursement (ID, MemberID, Total, Type, Description) VALUES (25, 104, 276.88, 'Training', 'Station onto arm skill. Attorney coach table fact movement. Environmental pass piece.');
INSERT INTO Reimbursement (ID, MemberID, Total, Type, Description) VALUES (26, 129, 189.28, 'Food', 'Cup get respond treat. Arrive call couple kid heavy important. Family new hard thus mean dog.');
INSERT INTO Reimbursement (ID, MemberID, Total, Type, Description) VALUES (27, 169, 490.92, 'Food', 'Into PM I couple forget challenge. Feeling both friend they. Care success offer source time.');
INSERT INTO Reimbursement (ID, MemberID, Total, Type, Description) VALUES (28, 123, 306.92, 'Equipment', 'Chance always sign ok two. Report everybody board.');
INSERT INTO Reimbursement (ID, MemberID, Total, Type, Description) VALUES (29, 104, 323.24, 'Food', 'Lot amount thought son nothing employee throw what. About dinner local.');
INSERT INTO Reimbursement (ID, MemberID, Total, Type, Description) VALUES (30, 134, 480.89, 'Event Supplies', 'Including front painting would firm data.
Employee hope in practice improve. Audience give offer.');
INSERT INTO Reimbursement (ID, MemberID, Total, Type, Description) VALUES (31, 104, 106.69, 'Equipment', 'Program reflect arrive own population. Quality head mind sound. Statement security sign almost.');
INSERT INTO Reimbursement (ID, MemberID, Total, Type, Description) VALUES (32, 180, 100.92, 'Event Supplies', 'Spend since thank policy. Century fear job method already. Know marriage local power him edge.');
INSERT INTO Reimbursement (ID, MemberID, Total, Type, Description) VALUES (33, 100, 403.65, 'Event Supplies', 'Mention institution she. Feeling meeting poor past rise. That view exist north whom former.');
INSERT INTO Reimbursement (ID, MemberID, Total, Type, Description) VALUES (34, 170, 414.24, 'Event Supplies', 'Somebody best avoid. Effort stuff upon. Western spring fine bad no.');
INSERT INTO Reimbursement (ID, MemberID, Total, Type, Description) VALUES (35, 161, 166.83, 'Event Supplies', 'List particular sound ago admit note. Surface hospital star nor.');
INSERT INTO Reimbursement (ID, MemberID, Total, Type, Description) VALUES (36, 151, 187.02, 'Training', 'Create time weight may. Material there identify establish move collection picture.');
INSERT INTO Reimbursement (ID, MemberID, Total, Type, Description) VALUES (37, 123, 415.32, 'Training', 'Explain nature bag through despite. Painting go amount start.');
INSERT INTO Reimbursement (ID, MemberID, Total, Type, Description) VALUES (38, 154, 457.86, 'Event Supplies', 'Out yeah company front. Something far six computer purpose.');
INSERT INTO Reimbursement (ID, MemberID, Total, Type, Description) VALUES (39, 168, 404.68, 'Event Supplies', 'Wide book detail argue sound.');
INSERT INTO Reimbursement (ID, MemberID, Total, Type, Description) VALUES (40, 175, 391.43, 'Equipment', 'Crime station key floor door little. Senior television sea expert black.');
INSERT INTO Reimbursement (ID, MemberID, Total, Type, Description) VALUES (41, 183, 474.21, 'Transportation', 'Perhaps raise my station fish. Game south nice feeling stock include.');
INSERT INTO Reimbursement (ID, MemberID, Total, Type, Description) VALUES (42, 157, 491.8, 'Equipment', 'Individual expect realize color. Wish citizen traditional report view computer just.');
INSERT INTO Reimbursement (ID, MemberID, Total, Type, Description) VALUES (43, 188, 445.93, 'Maintenance', 'Traditional imagine head statement.');
INSERT INTO Reimbursement (ID, MemberID, Total, Type, Description) VALUES (44, 159, 478.02, 'Event Supplies', 'True hair suffer model positive process. Claim could money almost those interview.');
INSERT INTO Reimbursement (ID, MemberID, Total, Type, Description) VALUES (45, 151, 295.34, 'Transportation', 'Card since entire. Open general set table coach. Outside skill of girl painting increase.');
INSERT INTO Reimbursement (ID, MemberID, Total, Type, Description) VALUES (46, 106, 27.49, 'Training', 'Newspaper pressure much vote break. Commercial executive continue hospital crime table.');
INSERT INTO Reimbursement (ID, MemberID, Total, Type, Description) VALUES (47, 185, 321.42, 'Equipment', 'Idea speech bed indicate myself west future. Green reality opportunity do law every education.');
INSERT INTO Reimbursement (ID, MemberID, Total, Type, Description) VALUES (48, 122, 389.2, 'Equipment', 'Likely opportunity he actually economic image. Help individual carry special really social.');
INSERT INTO Reimbursement (ID, MemberID, Total, Type, Description) VALUES (49, 135, 159.36, 'Equipment', 'Get edge behavior parent skin. Former around that pass finish letter wife.');

-- 🛒 PURCHASE ORDERS
INSERT INTO PurchaseOrder (ID, Vendor, Reimbursement, OrderDate) VALUES (1, 30, 25, '2025-03-23');
INSERT INTO PurchaseOrder (ID, Vendor, Reimbursement, OrderDate) VALUES (2, 28, 24, '2025-03-30');
INSERT INTO PurchaseOrder (ID, Vendor, Reimbursement, OrderDate) VALUES (3, 21, NULL, '2024-11-03');
INSERT INTO PurchaseOrder (ID, Vendor, Reimbursement, OrderDate) VALUES (4, 24, 43, '2024-10-22');
INSERT INTO PurchaseOrder (ID, Vendor, Reimbursement, OrderDate) VALUES (5, 20, NULL, '2025-05-26');
INSERT INTO PurchaseOrder (ID, Vendor, Reimbursement, OrderDate) VALUES (6, 31, 25, '2024-12-17');
INSERT INTO PurchaseOrder (ID, Vendor, Reimbursement, OrderDate) VALUES (7, 27, 41, '2025-03-01');
INSERT INTO PurchaseOrder (ID, Vendor, Reimbursement, OrderDate) VALUES (8, 29, 29, '2025-02-03');
INSERT INTO PurchaseOrder (ID, Vendor, Reimbursement, OrderDate) VALUES (9, 23, 34, '2025-07-25');
INSERT INTO PurchaseOrder (ID, Vendor, Reimbursement, OrderDate) VALUES (10, 21, NULL, '2024-09-20');
INSERT INTO PurchaseOrder (ID, Vendor, Reimbursement, OrderDate) VALUES (11, 27, 33, '2024-11-11');
INSERT INTO PurchaseOrder (ID, Vendor, Reimbursement, OrderDate) VALUES (12, 27, 40, '2025-06-07');
INSERT INTO PurchaseOrder (ID, Vendor, Reimbursement, OrderDate) VALUES (13, 24, 22, '2024-09-09');
INSERT INTO PurchaseOrder (ID, Vendor, Reimbursement, OrderDate) VALUES (14, 20, 21, '2025-01-04');
INSERT INTO PurchaseOrder (ID, Vendor, Reimbursement, OrderDate) VALUES (15, 21, 38, '2024-10-26');

-- 🎒 RENTAL ITEMS
INSERT INTO RentalItem (ID, PurchaseOrder, Name, Price, Location, Quantity, Size, Availability, Status, Picture) VALUES (50, 5, 'Ice Axe', 80.0, 'Gear Room A', 2, '70cm', 'Available for checkout', 'AVAILABLE', 'ice_axe.jpg');
INSERT INTO RentalItem (ID, PurchaseOrder, Name, Price, Location, Quantity, Size, Availability, Status, Picture) VALUES (51, 15, 'Climbing Helmet', 50.0, 'Gear Room A', 2, 'One Size', 'Available for checkout', 'AVAILABLE', 'climbing_helmet.jpg');
INSERT INTO RentalItem (ID, PurchaseOrder, Name, Price, Location, Quantity, Size, Availability, Status, Picture) VALUES (52, 7, 'Climbing Shoes', 85.0, 'Gear Room A', 1, '6', 'Available for checkout', 'AVAILABLE', 'climbing_shoes.jpg');
INSERT INTO RentalItem (ID, PurchaseOrder, Name, Price, Location, Quantity, Size, Availability, Status, Picture) VALUES (53, 15, 'Ice Axe', 80.0, 'Gear Room A', 2, '70cm', 'Available for checkout', 'AVAILABLE', 'ice_axe.jpg');
INSERT INTO RentalItem (ID, PurchaseOrder, Name, Price, Location, Quantity, Size, Availability, Status, Picture) VALUES (54, 1, 'Headlamp', 40.0, 'Gear Room C', 3, 'One Size', 'Available for checkout', 'AVAILABLE', 'headlamp.jpg');
INSERT INTO RentalItem (ID, PurchaseOrder, Name, Price, Location, Quantity, Size, Availability, Status, Picture) VALUES (55, 12, 'Sleeping Bag', 140.0, 'Gear Room B', 2, 'Regular', 'Status: CHECKED_OUT', 'CHECKED_OUT', 'sleeping_bag.jpg');
INSERT INTO RentalItem (ID, PurchaseOrder, Name, Price, Location, Quantity, Size, Availability, Status, Picture) VALUES (56, 1, 'Tent', 180.0, 'Gear Room B', 2, '3-Person', 'Available for checkout', 'AVAILABLE', 'tent.jpg');
INSERT INTO RentalItem (ID, PurchaseOrder, Name, Price, Location, Quantity, Size, Availability, Status, Picture) VALUES (57, 14, 'Climbing Helmet', 50.0, 'Gear Room A', 1, 'One Size', 'Available for checkout', 'AVAILABLE', 'climbing_helmet.jpg');
INSERT INTO RentalItem (ID, PurchaseOrder, Name, Price, Location, Quantity, Size, Availability, Status, Picture) VALUES (58, 9, 'Ice Axe', 80.0, 'Gear Room A', 3, '70cm', 'Available for checkout', 'AVAILABLE', 'ice_axe.jpg');
INSERT INTO RentalItem (ID, PurchaseOrder, Name, Price, Location, Quantity, Size, Availability, Status, Picture) VALUES (59, 9, 'Sleeping Bag', 140.0, 'Gear Room B', 1, 'Long', 'Available for checkout', 'AVAILABLE', 'sleeping_bag.jpg');
INSERT INTO RentalItem (ID, PurchaseOrder, Name, Price, Location, Quantity, Size, Availability, Status, Picture) VALUES (60, 8, 'Climbing Harness', 75.0, 'Gear Room A', 3, 'Large', 'Status: CHECKED_OUT', 'CHECKED_OUT', 'climbing_harness.jpg');
INSERT INTO RentalItem (ID, PurchaseOrder, Name, Price, Location, Quantity, Size, Availability, Status, Picture) VALUES (61, 8, 'Camping Stove', 65.0, 'Gear Room B', 3, 'Single Burner', 'Available for checkout', 'AVAILABLE', 'camping_stove.jpg');
INSERT INTO RentalItem (ID, PurchaseOrder, Name, Price, Location, Quantity, Size, Availability, Status, Picture) VALUES (62, 11, 'Ice Axe', 80.0, 'Gear Room A', 1, '70cm', 'Status: DAMAGED', 'DAMAGED', 'ice_axe.jpg');
INSERT INTO RentalItem (ID, PurchaseOrder, Name, Price, Location, Quantity, Size, Availability, Status, Picture) VALUES (63, 2, 'Climbing Helmet', 50.0, 'Gear Room A', 2, 'One Size', 'Available for checkout', 'AVAILABLE', 'climbing_helmet.jpg');
INSERT INTO RentalItem (ID, PurchaseOrder, Name, Price, Location, Quantity, Size, Availability, Status, Picture) VALUES (64, 14, 'Backpack', 95.0, 'Gear Room B', 3, '70L', 'Status: CHECKED_OUT', 'CHECKED_OUT', 'backpack.jpg');
INSERT INTO RentalItem (ID, PurchaseOrder, Name, Price, Location, Quantity, Size, Availability, Status, Picture) VALUES (65, 1, 'Crampons', 120.0, 'Gear Room A', 3, 'Large', 'Available for checkout', 'AVAILABLE', 'crampons.jpg');
INSERT INTO RentalItem (ID, PurchaseOrder, Name, Price, Location, Quantity, Size, Availability, Status, Picture) VALUES (66, 11, 'Sleeping Bag', 140.0, 'Gear Room B', 1, 'Regular', 'Available for checkout', 'AVAILABLE', 'sleeping_bag.jpg');
INSERT INTO RentalItem (ID, PurchaseOrder, Name, Price, Location, Quantity, Size, Availability, Status, Picture) VALUES (67, 9, 'Camping Stove', 65.0, 'Gear Room B', 1, 'Single Burner', 'Available for checkout', 'AVAILABLE', 'camping_stove.jpg');
INSERT INTO RentalItem (ID, PurchaseOrder, Name, Price, Location, Quantity, Size, Availability, Status, Picture) VALUES (68, 10, 'Headlamp', 40.0, 'Gear Room C', 2, 'One Size', 'Available for checkout', 'AVAILABLE', 'headlamp.jpg');
INSERT INTO RentalItem (ID, PurchaseOrder, Name, Price, Location, Quantity, Size, Availability, Status, Picture) VALUES (69, 3, 'Climbing Helmet', 50.0, 'Gear Room A', 1, 'One Size', 'Status: DAMAGED', 'DAMAGED', 'climbing_helmet.jpg');
INSERT INTO RentalItem (ID, PurchaseOrder, Name, Price, Location, Quantity, Size, Availability, Status, Picture) VALUES (70, 10, 'Sleeping Bag', 140.0, 'Gear Room B', 2, 'Long', 'Available for checkout', 'AVAILABLE', 'sleeping_bag.jpg');
INSERT INTO RentalItem (ID, PurchaseOrder, Name, Price, Location, Quantity, Size, Availability, Status, Picture) VALUES (71, 7, 'Tent', 180.0, 'Gear Room B', 3, '2-Person', 'Available for checkout', 'AVAILABLE', 'tent.jpg');
INSERT INTO RentalItem (ID, PurchaseOrder, Name, Price, Location, Quantity, Size, Availability, Status, Picture) VALUES (72, 3, 'Headlamp', 40.0, 'Gear Room C', 3, 'One Size', 'Available for checkout', 'AVAILABLE', 'headlamp.jpg');
INSERT INTO RentalItem (ID, PurchaseOrder, Name, Price, Location, Quantity, Size, Availability, Status, Picture) VALUES (73, 11, 'Climbing Shoes', 85.0, 'Gear Room A', 2, '6', 'Status: CHECKED_OUT', 'CHECKED_OUT', 'climbing_shoes.jpg');
INSERT INTO RentalItem (ID, PurchaseOrder, Name, Price, Location, Quantity, Size, Availability, Status, Picture) VALUES (74, 5, 'Sleeping Bag', 140.0, 'Gear Room B', 1, 'Long', 'Available for checkout', 'AVAILABLE', 'sleeping_bag.jpg');
INSERT INTO RentalItem (ID, PurchaseOrder, Name, Price, Location, Quantity, Size, Availability, Status, Picture) VALUES (75, 7, 'Camping Stove', 65.0, 'Gear Room B', 3, 'Double Burner', 'Available for checkout', 'AVAILABLE', 'camping_stove.jpg');
INSERT INTO RentalItem (ID, PurchaseOrder, Name, Price, Location, Quantity, Size, Availability, Status, Picture) VALUES (76, 15, 'Backpack', 95.0, 'Gear Room B', 3, '50L', 'Available for checkout', 'AVAILABLE', 'backpack.jpg');
INSERT INTO RentalItem (ID, PurchaseOrder, Name, Price, Location, Quantity, Size, Availability, Status, Picture) VALUES (77, 15, 'Ice Axe', 80.0, 'Gear Room A', 1, '60cm', 'Available for checkout', 'AVAILABLE', 'ice_axe.jpg');
INSERT INTO RentalItem (ID, PurchaseOrder, Name, Price, Location, Quantity, Size, Availability, Status, Picture) VALUES (78, 11, 'Tent', 180.0, 'Gear Room B', 3, '4-Person', 'Status: DAMAGED', 'DAMAGED', 'tent.jpg');
INSERT INTO RentalItem (ID, PurchaseOrder, Name, Price, Location, Quantity, Size, Availability, Status, Picture) VALUES (79, 15, 'Sleeping Pad', 60.0, 'Gear Room B', 1, 'Regular', 'Available for checkout', 'AVAILABLE', 'sleeping_pad.jpg');
INSERT INTO RentalItem (ID, PurchaseOrder, Name, Price, Location, Quantity, Size, Availability, Status, Picture) VALUES (80, 13, 'Climbing Harness', 75.0, 'Gear Room A', 1, 'Medium', 'Available for checkout', 'AVAILABLE', 'climbing_harness.jpg');
INSERT INTO RentalItem (ID, PurchaseOrder, Name, Price, Location, Quantity, Size, Availability, Status, Picture) VALUES (81, 10, 'Headlamp', 40.0, 'Gear Room C', 1, 'One Size', 'Available for checkout', 'AVAILABLE', 'headlamp.jpg');
INSERT INTO RentalItem (ID, PurchaseOrder, Name, Price, Location, Quantity, Size, Availability, Status, Picture) VALUES (82, 5, 'Ice Axe', 80.0, 'Gear Room A', 1, '70cm', 'Status: DAMAGED', 'DAMAGED', 'ice_axe.jpg');
INSERT INTO RentalItem (ID, PurchaseOrder, Name, Price, Location, Quantity, Size, Availability, Status, Picture) VALUES (83, 5, 'Headlamp', 40.0, 'Gear Room C', 1, 'One Size', 'Available for checkout', 'AVAILABLE', 'headlamp.jpg');
INSERT INTO RentalItem (ID, PurchaseOrder, Name, Price, Location, Quantity, Size, Availability, Status, Picture) VALUES (84, 13, 'Climbing Harness', 75.0, 'Gear Room A', 3, 'Small', 'Available for checkout', 'AVAILABLE', 'climbing_harness.jpg');
INSERT INTO RentalItem (ID, PurchaseOrder, Name, Price, Location, Quantity, Size, Availability, Status, Picture) VALUES (85, 12, 'Crampons', 120.0, 'Gear Room A', 1, 'Medium', 'Status: DAMAGED', 'DAMAGED', 'crampons.jpg');
INSERT INTO RentalItem (ID, PurchaseOrder, Name, Price, Location, Quantity, Size, Availability, Status, Picture) VALUES (86, 5, 'Tent', 180.0, 'Gear Room B', 3, '4-Person', 'Status: CHECKED_OUT', 'CHECKED_OUT', 'tent.jpg');
INSERT INTO RentalItem (ID, PurchaseOrder, Name, Price, Location, Quantity, Size, Availability, Status, Picture) VALUES (87, 2, 'Tent', 180.0, 'Gear Room B', 3, '4-Person', 'Available for checkout', 'AVAILABLE', 'tent.jpg');
INSERT INTO RentalItem (ID, PurchaseOrder, Name, Price, Location, Quantity, Size, Availability, Status, Picture) VALUES (88, 1, 'Backpack', 95.0, 'Gear Room B', 1, '70L', 'Available for checkout', 'AVAILABLE', 'backpack.jpg');
INSERT INTO RentalItem (ID, PurchaseOrder, Name, Price, Location, Quantity, Size, Availability, Status, Picture) VALUES (89, 8, 'Headlamp', 40.0, 'Gear Room C', 1, 'One Size', 'Available for checkout', 'AVAILABLE', 'headlamp.jpg');
INSERT INTO RentalItem (ID, PurchaseOrder, Name, Price, Location, Quantity, Size, Availability, Status, Picture) VALUES (90, 3, 'Sleeping Pad', 60.0, 'Gear Room B', 1, 'Regular', 'Available for checkout', 'AVAILABLE', 'sleeping_pad.jpg');
INSERT INTO RentalItem (ID, PurchaseOrder, Name, Price, Location, Quantity, Size, Availability, Status, Picture) VALUES (91, 3, 'Climbing Rope', 200.0, 'Gear Room A', 3, '70m Dynamic', 'Available for checkout', 'AVAILABLE', 'climbing_rope.jpg');
INSERT INTO RentalItem (ID, PurchaseOrder, Name, Price, Location, Quantity, Size, Availability, Status, Picture) VALUES (92, 1, 'Crampons', 120.0, 'Gear Room A', 2, 'Large', 'Available for checkout', 'AVAILABLE', 'crampons.jpg');
INSERT INTO RentalItem (ID, PurchaseOrder, Name, Price, Location, Quantity, Size, Availability, Status, Picture) VALUES (93, 5, 'Camping Stove', 65.0, 'Gear Room B', 1, 'Single Burner', 'Status: CHECKED_OUT', 'CHECKED_OUT', 'camping_stove.jpg');
INSERT INTO RentalItem (ID, PurchaseOrder, Name, Price, Location, Quantity, Size, Availability, Status, Picture) VALUES (94, 6, 'Sleeping Bag', 140.0, 'Gear Room B', 2, 'Regular', 'Available for checkout', 'AVAILABLE', 'sleeping_bag.jpg');
INSERT INTO RentalItem (ID, PurchaseOrder, Name, Price, Location, Quantity, Size, Availability, Status, Picture) VALUES (95, 15, 'Tent', 180.0, 'Gear Room B', 1, '2-Person', 'Status: DAMAGED', 'DAMAGED', 'tent.jpg');
INSERT INTO RentalItem (ID, PurchaseOrder, Name, Price, Location, Quantity, Size, Availability, Status, Picture) VALUES (96, 12, 'Sleeping Pad', 60.0, 'Gear Room B', 3, 'Regular', 'Available for checkout', 'AVAILABLE', 'sleeping_pad.jpg');
INSERT INTO RentalItem (ID, PurchaseOrder, Name, Price, Location, Quantity, Size, Availability, Status, Picture) VALUES (97, 2, 'Crampons', 120.0, 'Gear Room A', 3, 'Large', 'Available for checkout', 'AVAILABLE', 'crampons.jpg');
INSERT INTO RentalItem (ID, PurchaseOrder, Name, Price, Location, Quantity, Size, Availability, Status, Picture) VALUES (98, 3, 'Tent', 180.0, 'Gear Room B', 1, '4-Person', 'Available for checkout', 'AVAILABLE', 'tent.jpg');
INSERT INTO RentalItem (ID, PurchaseOrder, Name, Price, Location, Quantity, Size, Availability, Status, Picture) VALUES (99, 15, 'Climbing Shoes', 85.0, 'Gear Room A', 3, '10', 'Available for checkout', 'AVAILABLE', 'climbing_shoes.jpg');
INSERT INTO RentalItem (ID, PurchaseOrder, Name, Price, Location, Quantity, Size, Availability, Status, Picture) VALUES (100, 11, 'Climbing Rope', 200.0, 'Gear Room A', 2, '60m Dynamic', 'Available for checkout', 'AVAILABLE', 'climbing_rope.jpg');
INSERT INTO RentalItem (ID, PurchaseOrder, Name, Price, Location, Quantity, Size, Availability, Status, Picture) VALUES (101, 2, 'Ice Axe', 80.0, 'Gear Room A', 3, '60cm', 'Available for checkout', 'AVAILABLE', 'ice_axe.jpg');
INSERT INTO RentalItem (ID, PurchaseOrder, Name, Price, Location, Quantity, Size, Availability, Status, Picture) VALUES (102, 4, 'Sleeping Pad', 60.0, 'Gear Room B', 3, 'Long', 'Status: DEPRECATED', 'DEPRECATED', 'sleeping_pad.jpg');
INSERT INTO RentalItem (ID, PurchaseOrder, Name, Price, Location, Quantity, Size, Availability, Status, Picture) VALUES (103, 10, 'Crampons', 120.0, 'Gear Room A', 2, 'Medium', 'Available for checkout', 'AVAILABLE', 'crampons.jpg');
INSERT INTO RentalItem (ID, PurchaseOrder, Name, Price, Location, Quantity, Size, Availability, Status, Picture) VALUES (104, 2, 'Sleeping Bag', 140.0, 'Gear Room B', 3, 'Regular', 'Status: CHECKED_OUT', 'CHECKED_OUT', 'sleeping_bag.jpg');
INSERT INTO RentalItem (ID, PurchaseOrder, Name, Price, Location, Quantity, Size, Availability, Status, Picture) VALUES (105, 15, 'Climbing Rope', 200.0, 'Gear Room A', 3, '70m Dynamic', 'Status: CHECKED_OUT', 'CHECKED_OUT', 'climbing_rope.jpg');
INSERT INTO RentalItem (ID, PurchaseOrder, Name, Price, Location, Quantity, Size, Availability, Status, Picture) VALUES (106, 13, 'Sleeping Bag', 140.0, 'Gear Room B', 1, 'Regular', 'Available for checkout', 'AVAILABLE', 'sleeping_bag.jpg');
INSERT INTO RentalItem (ID, PurchaseOrder, Name, Price, Location, Quantity, Size, Availability, Status, Picture) VALUES (107, 14, 'Climbing Helmet', 50.0, 'Gear Room A', 2, 'One Size', 'Available for checkout', 'AVAILABLE', 'climbing_helmet.jpg');
INSERT INTO RentalItem (ID, PurchaseOrder, Name, Price, Location, Quantity, Size, Availability, Status, Picture) VALUES (108, 3, 'Crampons', 120.0, 'Gear Room A', 3, 'Medium', 'Status: CHECKED_OUT', 'CHECKED_OUT', 'crampons.jpg');
INSERT INTO RentalItem (ID, PurchaseOrder, Name, Price, Location, Quantity, Size, Availability, Status, Picture) VALUES (109, 10, 'Sleeping Pad', 60.0, 'Gear Room B', 3, 'Regular', 'Available for checkout', 'AVAILABLE', 'sleeping_pad.jpg');
INSERT INTO RentalItem (ID, PurchaseOrder, Name, Price, Location, Quantity, Size, Availability, Status, Picture) VALUES (110, 6, 'Climbing Rope', 200.0, 'Gear Room A', 2, '70m Dynamic', 'Status: CHECKED_OUT', 'CHECKED_OUT', 'climbing_rope.jpg');
INSERT INTO RentalItem (ID, PurchaseOrder, Name, Price, Location, Quantity, Size, Availability, Status, Picture) VALUES (111, 12, 'Tent', 180.0, 'Gear Room B', 2, '4-Person', 'Available for checkout', 'AVAILABLE', 'tent.jpg');
INSERT INTO RentalItem (ID, PurchaseOrder, Name, Price, Location, Quantity, Size, Availability, Status, Picture) VALUES (112, 3, 'Sleeping Bag', 140.0, 'Gear Room B', 2, 'Long', 'Available for checkout', 'AVAILABLE', 'sleeping_bag.jpg');
INSERT INTO RentalItem (ID, PurchaseOrder, Name, Price, Location, Quantity, Size, Availability, Status, Picture) VALUES (113, 8, 'Tent', 180.0, 'Gear Room B', 2, '2-Person', 'Available for checkout', 'AVAILABLE', 'tent.jpg');
INSERT INTO RentalItem (ID, PurchaseOrder, Name, Price, Location, Quantity, Size, Availability, Status, Picture) VALUES (114, 3, 'Tent', 180.0, 'Gear Room B', 1, '2-Person', 'Available for checkout', 'AVAILABLE', 'tent.jpg');
INSERT INTO RentalItem (ID, PurchaseOrder, Name, Price, Location, Quantity, Size, Availability, Status, Picture) VALUES (115, 10, 'Headlamp', 40.0, 'Gear Room C', 1, 'One Size', 'Available for checkout', 'AVAILABLE', 'headlamp.jpg');
INSERT INTO RentalItem (ID, PurchaseOrder, Name, Price, Location, Quantity, Size, Availability, Status, Picture) VALUES (116, 11, 'Climbing Shoes', 85.0, 'Gear Room A', 2, '9', 'Status: CHECKED_OUT', 'CHECKED_OUT', 'climbing_shoes.jpg');
INSERT INTO RentalItem (ID, PurchaseOrder, Name, Price, Location, Quantity, Size, Availability, Status, Picture) VALUES (117, 15, 'Headlamp', 40.0, 'Gear Room C', 3, 'One Size', 'Available for checkout', 'AVAILABLE', 'headlamp.jpg');
INSERT INTO RentalItem (ID, PurchaseOrder, Name, Price, Location, Quantity, Size, Availability, Status, Picture) VALUES (118, 2, 'Tent', 180.0, 'Gear Room B', 1, '2-Person', 'Status: CHECKED_OUT', 'CHECKED_OUT', 'tent.jpg');
INSERT INTO RentalItem (ID, PurchaseOrder, Name, Price, Location, Quantity, Size, Availability, Status, Picture) VALUES (119, 13, 'Climbing Shoes', 85.0, 'Gear Room A', 3, '6', 'Status: CHECKED_OUT', 'CHECKED_OUT', 'climbing_shoes.jpg');
INSERT INTO RentalItem (ID, PurchaseOrder, Name, Price, Location, Quantity, Size, Availability, Status, Picture) VALUES (120, 14, 'Backpack', 95.0, 'Gear Room B', 2, '70L', 'Available for checkout', 'AVAILABLE', 'backpack.jpg');
INSERT INTO RentalItem (ID, PurchaseOrder, Name, Price, Location, Quantity, Size, Availability, Status, Picture) VALUES (121, 6, 'Climbing Helmet', 50.0, 'Gear Room A', 3, 'One Size', 'Status: DAMAGED', 'DAMAGED', 'climbing_helmet.jpg');
INSERT INTO RentalItem (ID, PurchaseOrder, Name, Price, Location, Quantity, Size, Availability, Status, Picture) VALUES (122, 12, 'Ice Axe', 80.0, 'Gear Room A', 1, '70cm', 'Status: CHECKED_OUT', 'CHECKED_OUT', 'ice_axe.jpg');
INSERT INTO RentalItem (ID, PurchaseOrder, Name, Price, Location, Quantity, Size, Availability, Status, Picture) VALUES (123, 2, 'Climbing Rope', 200.0, 'Gear Room A', 2, '60m Dynamic', 'Available for checkout', 'AVAILABLE', 'climbing_rope.jpg');
INSERT INTO RentalItem (ID, PurchaseOrder, Name, Price, Location, Quantity, Size, Availability, Status, Picture) VALUES (124, 14, 'Sleeping Pad', 60.0, 'Gear Room B', 1, 'Regular', 'Available for checkout', 'AVAILABLE', 'sleeping_pad.jpg');
INSERT INTO RentalItem (ID, PurchaseOrder, Name, Price, Location, Quantity, Size, Availability, Status, Picture) VALUES (125, 10, 'Climbing Rope', 200.0, 'Gear Room A', 2, '60m Dynamic', 'Available for checkout', 'AVAILABLE', 'climbing_rope.jpg');
INSERT INTO RentalItem (ID, PurchaseOrder, Name, Price, Location, Quantity, Size, Availability, Status, Picture) VALUES (126, 6, 'Headlamp', 40.0, 'Gear Room C', 3, 'One Size', 'Available for checkout', 'AVAILABLE', 'headlamp.jpg');
INSERT INTO RentalItem (ID, PurchaseOrder, Name, Price, Location, Quantity, Size, Availability, Status, Picture) VALUES (127, 6, 'Sleeping Bag', 140.0, 'Gear Room B', 3, 'Regular', 'Available for checkout', 'AVAILABLE', 'sleeping_bag.jpg');
INSERT INTO RentalItem (ID, PurchaseOrder, Name, Price, Location, Quantity, Size, Availability, Status, Picture) VALUES (128, 13, 'Climbing Helmet', 50.0, 'Gear Room A', 2, 'One Size', 'Available for checkout', 'AVAILABLE', 'climbing_helmet.jpg');
INSERT INTO RentalItem (ID, PurchaseOrder, Name, Price, Location, Quantity, Size, Availability, Status, Picture) VALUES (129, 6, 'Climbing Helmet', 50.0, 'Gear Room A', 2, 'One Size', 'Available for checkout', 'AVAILABLE', 'climbing_helmet.jpg');
INSERT INTO RentalItem (ID, PurchaseOrder, Name, Price, Location, Quantity, Size, Availability, Status, Picture) VALUES (130, 10, 'Crampons', 120.0, 'Gear Room A', 1, 'Small', 'Status: CHECKED_OUT', 'CHECKED_OUT', 'crampons.jpg');
INSERT INTO RentalItem (ID, PurchaseOrder, Name, Price, Location, Quantity, Size, Availability, Status, Picture) VALUES (131, 5, 'Sleeping Pad', 60.0, 'Gear Room B', 3, 'Long', 'Available for checkout', 'AVAILABLE', 'sleeping_pad.jpg');
INSERT INTO RentalItem (ID, PurchaseOrder, Name, Price, Location, Quantity, Size, Availability, Status, Picture) VALUES (132, 2, 'Camping Stove', 65.0, 'Gear Room B', 2, 'Single Burner', 'Available for checkout', 'AVAILABLE', 'camping_stove.jpg');
INSERT INTO RentalItem (ID, PurchaseOrder, Name, Price, Location, Quantity, Size, Availability, Status, Picture) VALUES (133, 11, 'Climbing Harness', 75.0, 'Gear Room A', 3, 'Medium', 'Available for checkout', 'AVAILABLE', 'climbing_harness.jpg');
INSERT INTO RentalItem (ID, PurchaseOrder, Name, Price, Location, Quantity, Size, Availability, Status, Picture) VALUES (134, 14, 'Climbing Harness', 75.0, 'Gear Room A', 1, 'Medium', 'Status: DAMAGED', 'DAMAGED', 'climbing_harness.jpg');
INSERT INTO RentalItem (ID, PurchaseOrder, Name, Price, Location, Quantity, Size, Availability, Status, Picture) VALUES (135, 7, 'Sleeping Bag', 140.0, 'Gear Room B', 2, 'Long', 'Available for checkout', 'AVAILABLE', 'sleeping_bag.jpg');
INSERT INTO RentalItem (ID, PurchaseOrder, Name, Price, Location, Quantity, Size, Availability, Status, Picture) VALUES (136, 7, 'Climbing Helmet', 50.0, 'Gear Room A', 2, 'One Size', 'Available for checkout', 'AVAILABLE', 'climbing_helmet.jpg');
INSERT INTO RentalItem (ID, PurchaseOrder, Name, Price, Location, Quantity, Size, Availability, Status, Picture) VALUES (137, 7, 'Sleeping Pad', 60.0, 'Gear Room B', 3, 'Long', 'Available for checkout', 'AVAILABLE', 'sleeping_pad.jpg');
INSERT INTO RentalItem (ID, PurchaseOrder, Name, Price, Location, Quantity, Size, Availability, Status, Picture) VALUES (138, 12, 'Climbing Harness', 75.0, 'Gear Room A', 1, 'Large', 'Available for checkout', 'AVAILABLE', 'climbing_harness.jpg');
INSERT INTO RentalItem (ID, PurchaseOrder, Name, Price, Location, Quantity, Size, Availability, Status, Picture) VALUES (139, 1, 'Sleeping Bag', 140.0, 'Gear Room B', 2, 'Regular', 'Available for checkout', 'AVAILABLE', 'sleeping_bag.jpg');
INSERT INTO RentalItem (ID, PurchaseOrder, Name, Price, Location, Quantity, Size, Availability, Status, Picture) VALUES (140, 1, 'Ice Axe', 80.0, 'Gear Room A', 1, '60cm', 'Status: DAMAGED', 'DAMAGED', 'ice_axe.jpg');
INSERT INTO RentalItem (ID, PurchaseOrder, Name, Price, Location, Quantity, Size, Availability, Status, Picture) VALUES (141, 2, 'Climbing Rope', 200.0, 'Gear Room A', 3, '70m Dynamic', 'Available for checkout', 'AVAILABLE', 'climbing_rope.jpg');
INSERT INTO RentalItem (ID, PurchaseOrder, Name, Price, Location, Quantity, Size, Availability, Status, Picture) VALUES (142, 7, 'Headlamp', 40.0, 'Gear Room C', 3, 'One Size', 'Status: CHECKED_OUT', 'CHECKED_OUT', 'headlamp.jpg');
INSERT INTO RentalItem (ID, PurchaseOrder, Name, Price, Location, Quantity, Size, Availability, Status, Picture) VALUES (143, 13, 'Backpack', 95.0, 'Gear Room B', 3, '60L', 'Available for checkout', 'AVAILABLE', 'backpack.jpg');
INSERT INTO RentalItem (ID, PurchaseOrder, Name, Price, Location, Quantity, Size, Availability, Status, Picture) VALUES (144, 12, 'Ice Axe', 80.0, 'Gear Room A', 1, '60cm', 'Available for checkout', 'AVAILABLE', 'ice_axe.jpg');
INSERT INTO RentalItem (ID, PurchaseOrder, Name, Price, Location, Quantity, Size, Availability, Status, Picture) VALUES (145, 15, 'Ice Axe', 80.0, 'Gear Room A', 1, '60cm', 'Available for checkout', 'AVAILABLE', 'ice_axe.jpg');
INSERT INTO RentalItem (ID, PurchaseOrder, Name, Price, Location, Quantity, Size, Availability, Status, Picture) VALUES (146, 7, 'Backpack', 95.0, 'Gear Room B', 3, '40L', 'Status: CHECKED_OUT', 'CHECKED_OUT', 'backpack.jpg');
INSERT INTO RentalItem (ID, PurchaseOrder, Name, Price, Location, Quantity, Size, Availability, Status, Picture) VALUES (147, 6, 'Backpack', 95.0, 'Gear Room B', 2, '50L', 'Status: DAMAGED', 'DAMAGED', 'backpack.jpg');
INSERT INTO RentalItem (ID, PurchaseOrder, Name, Price, Location, Quantity, Size, Availability, Status, Picture) VALUES (148, 7, 'Headlamp', 40.0, 'Gear Room C', 3, 'One Size', 'Available for checkout', 'AVAILABLE', 'headlamp.jpg');
INSERT INTO RentalItem (ID, PurchaseOrder, Name, Price, Location, Quantity, Size, Availability, Status, Picture) VALUES (149, 7, 'Tent', 180.0, 'Gear Room B', 3, '2-Person', 'Available for checkout', 'AVAILABLE', 'tent.jpg');

-- 🛍️ MERCHANDISE
INSERT INTO MerchItem (ID, PurchaseOrder, Price, Quantity, Name, Description, Location) VALUES (50, 6, 12.0, 40, 'Club Notebook', 'Weather-resistant field notebook', 'Merch Storage');
INSERT INTO MerchItem (ID, PurchaseOrder, Price, Quantity, Name, Description, Location) VALUES (51, 13, 25.0, 20, 'Club Hat', 'Adjustable baseball cap with logo', 'Merch Storage');
INSERT INTO MerchItem (ID, PurchaseOrder, Price, Quantity, Name, Description, Location) VALUES (52, 13, 12.0, 25, 'Club Notebook', 'Weather-resistant field notebook', 'Merch Storage');
INSERT INTO MerchItem (ID, PurchaseOrder, Price, Quantity, Name, Description, Location) VALUES (53, 5, 20.0, 8, 'Club Buff', 'Versatile neck gaiter with logo', 'Merch Storage');
INSERT INTO MerchItem (ID, PurchaseOrder, Price, Quantity, Name, Description, Location) VALUES (54, 15, 25.0, 44, 'Club Hat', 'Adjustable baseball cap with logo', 'Merch Storage');
INSERT INTO MerchItem (ID, PurchaseOrder, Price, Quantity, Name, Description, Location) VALUES (55, 6, 16.0, 10, 'Club Mug', 'Ceramic mug perfect for camp coffee', 'Merch Storage');
INSERT INTO MerchItem (ID, PurchaseOrder, Price, Quantity, Name, Description, Location) VALUES (56, 3, 42.0, 24, 'Club Hoodie', 'Warm fleece hoodie with embroidered logo', 'Merch Storage');
INSERT INTO MerchItem (ID, PurchaseOrder, Price, Quantity, Name, Description, Location) VALUES (57, 3, 22.0, 38, 'Club T-Shirt', 'Soft cotton t-shirt with club logo', 'Merch Storage');
INSERT INTO MerchItem (ID, PurchaseOrder, Price, Quantity, Name, Description, Location) VALUES (58, 14, 16.0, 32, 'Club Mug', 'Ceramic mug perfect for camp coffee', 'Merch Storage');
INSERT INTO MerchItem (ID, PurchaseOrder, Price, Quantity, Name, Description, Location) VALUES (59, 3, 22.0, 26, 'Club T-Shirt', 'Soft cotton t-shirt with club logo', 'Merch Storage');

-- 💸 MERCH SALES
INSERT INTO MerchSale (ID, SaleDate, Cash) VALUES (100, '2025-08-12', 1);
INSERT INTO MerchSaleItems (MerchItem, MerchSale) VALUES (58, 100);
INSERT INTO MerchSale (ID, SaleDate, Cash) VALUES (101, '2025-08-12', 0);
INSERT INTO MerchSaleItems (MerchItem, MerchSale) VALUES (59, 101);
INSERT INTO MerchSale (ID, SaleDate, Cash) VALUES (102, '2025-08-12', 0);
INSERT INTO MerchSaleItems (MerchItem, MerchSale) VALUES (50, 102);
INSERT INTO MerchSale (ID, SaleDate, Cash) VALUES (103, '2025-08-12', 1);
INSERT INTO MerchSaleItems (MerchItem, MerchSale) VALUES (50, 103);
INSERT INTO MerchSale (ID, SaleDate, Cash) VALUES (104, '2025-08-12', 1);
INSERT INTO MerchSaleItems (MerchItem, MerchSale) VALUES (56, 104);
INSERT INTO MerchSaleItems (MerchItem, MerchSale) VALUES (50, 104);
INSERT INTO MerchSale (ID, SaleDate, Cash) VALUES (105, '2025-08-12', 1);
INSERT INTO MerchSaleItems (MerchItem, MerchSale) VALUES (52, 105);
INSERT INTO MerchSale (ID, SaleDate, Cash) VALUES (106, '2025-08-12', 1);
INSERT INTO MerchSaleItems (MerchItem, MerchSale) VALUES (57, 106);
INSERT INTO MerchSaleItems (MerchItem, MerchSale) VALUES (50, 106);
INSERT INTO MerchSaleItems (MerchItem, MerchSale) VALUES (55, 106);
INSERT INTO MerchSale (ID, SaleDate, Cash) VALUES (107, '2025-08-12', 0);
INSERT INTO MerchSaleItems (MerchItem, MerchSale) VALUES (54, 107);
INSERT INTO MerchSale (ID, SaleDate, Cash) VALUES (108, '2025-08-12', 1);
INSERT INTO MerchSaleItems (MerchItem, MerchSale) VALUES (57, 108);
INSERT INTO MerchSale (ID, SaleDate, Cash) VALUES (109, '2025-08-12', 1);
INSERT INTO MerchSaleItems (MerchItem, MerchSale) VALUES (58, 109);
INSERT INTO MerchSale (ID, SaleDate, Cash) VALUES (110, '2025-08-12', 1);
INSERT INTO MerchSaleItems (MerchItem, MerchSale) VALUES (50, 110);
INSERT INTO MerchSaleItems (MerchItem, MerchSale) VALUES (54, 110);
INSERT INTO MerchSaleItems (MerchItem, MerchSale) VALUES (56, 110);
INSERT INTO MerchSale (ID, SaleDate, Cash) VALUES (111, '2025-08-12', 1);
INSERT INTO MerchSaleItems (MerchItem, MerchSale) VALUES (53, 111);
INSERT INTO MerchSaleItems (MerchItem, MerchSale) VALUES (54, 111);
INSERT INTO MerchSale (ID, SaleDate, Cash) VALUES (112, '2025-08-12', 0);
INSERT INTO MerchSaleItems (MerchItem, MerchSale) VALUES (59, 112);
INSERT INTO MerchSaleItems (MerchItem, MerchSale) VALUES (53, 112);
INSERT INTO MerchSale (ID, SaleDate, Cash) VALUES (113, '2025-08-12', 1);
INSERT INTO MerchSaleItems (MerchItem, MerchSale) VALUES (57, 113);
INSERT INTO MerchSaleItems (MerchItem, MerchSale) VALUES (55, 113);
INSERT INTO MerchSale (ID, SaleDate, Cash) VALUES (114, '2025-08-12', 0);
INSERT INTO MerchSaleItems (MerchItem, MerchSale) VALUES (51, 114);
INSERT INTO MerchSaleItems (MerchItem, MerchSale) VALUES (58, 114);
INSERT INTO MerchSale (ID, SaleDate, Cash) VALUES (115, '2025-08-12', 0);
INSERT INTO MerchSaleItems (MerchItem, MerchSale) VALUES (50, 115);
INSERT INTO MerchSaleItems (MerchItem, MerchSale) VALUES (58, 115);
INSERT INTO MerchSaleItems (MerchItem, MerchSale) VALUES (51, 115);
INSERT INTO MerchSale (ID, SaleDate, Cash) VALUES (116, '2025-08-12', 1);
INSERT INTO MerchSaleItems (MerchItem, MerchSale) VALUES (57, 116);
INSERT INTO MerchSale (ID, SaleDate, Cash) VALUES (117, '2025-08-12', 0);
INSERT INTO MerchSaleItems (MerchItem, MerchSale) VALUES (58, 117);
INSERT INTO MerchSale (ID, SaleDate, Cash) VALUES (118, '2025-08-12', 0);
INSERT INTO MerchSaleItems (MerchItem, MerchSale) VALUES (56, 118);
INSERT INTO MerchSaleItems (MerchItem, MerchSale) VALUES (59, 118);
INSERT INTO MerchSale (ID, SaleDate, Cash) VALUES (119, '2025-08-12', 0);
INSERT INTO MerchSaleItems (MerchItem, MerchSale) VALUES (54, 119);
INSERT INTO MerchSaleItems (MerchItem, MerchSale) VALUES (50, 119);

-- 📅 GEAR RESERVATIONS
INSERT INTO GearReservation (ID, Member, CheckOutDate, ReturnDate) VALUES (20, 187, '2025-06-21', '2025-06-21');
INSERT INTO GearReservation (ID, Member, CheckOutDate, ReturnDate) VALUES (21, 131, '2025-07-15', '2025-07-18');
INSERT INTO GearReservation (ID, Member, CheckOutDate, ReturnDate) VALUES (22, 175, '2025-07-12', '2025-07-13');
INSERT INTO GearReservation (ID, Member, CheckOutDate, ReturnDate) VALUES (23, 185, '2025-08-08', '2025-08-08');
INSERT INTO GearReservation (ID, Member, CheckOutDate, ReturnDate) VALUES (24, 187, '2025-08-12', '2025-08-12');
INSERT INTO GearReservation (ID, Member, CheckOutDate, ReturnDate) VALUES (25, 153, '2025-08-30', '2025-08-31');
INSERT INTO GearReservation (ID, Member, CheckOutDate, ReturnDate) VALUES (26, 114, '2025-07-11', '2025-07-12');
INSERT INTO GearReservation (ID, Member, CheckOutDate, ReturnDate) VALUES (27, 127, '2025-07-10', '2025-07-10');
INSERT INTO GearReservation (ID, Member, CheckOutDate, ReturnDate) VALUES (28, 136, '2025-08-21', '2025-08-22');
INSERT INTO GearReservation (ID, Member, CheckOutDate, ReturnDate) VALUES (29, 184, '2025-06-18', '2025-06-18');
INSERT INTO GearReservation (ID, Member, CheckOutDate, ReturnDate) VALUES (30, 183, '2025-09-08', '2025-09-11');
INSERT INTO GearReservation (ID, Member, CheckOutDate, ReturnDate) VALUES (31, 160, '2025-07-15', '2025-07-15');
INSERT INTO GearReservation (ID, Member, CheckOutDate, ReturnDate) VALUES (32, 178, '2025-08-27', '2025-08-28');
INSERT INTO GearReservation (ID, Member, CheckOutDate, ReturnDate) VALUES (33, 180, '2025-08-17', '2025-08-17');
INSERT INTO GearReservation (ID, Member, CheckOutDate, ReturnDate) VALUES (34, 197, '2025-07-02', '2025-07-03');
INSERT INTO GearReservation (ID, Member, CheckOutDate, ReturnDate) VALUES (35, 174, '2025-07-24', '2025-07-25');
INSERT INTO GearReservation (ID, Member, CheckOutDate, ReturnDate) VALUES (36, 153, '2025-06-24', '2025-06-28');
INSERT INTO GearReservation (ID, Member, CheckOutDate, ReturnDate) VALUES (37, 114, '2025-08-13', '2025-08-13');
INSERT INTO GearReservation (ID, Member, CheckOutDate, ReturnDate) VALUES (38, 122, '2025-06-19', '2025-06-21');
INSERT INTO GearReservation (ID, Member, CheckOutDate, ReturnDate) VALUES (39, 199, '2025-08-31', '2025-09-01');
INSERT INTO GearReservation (ID, Member, CheckOutDate, ReturnDate) VALUES (40, 105, '2025-06-17', '2025-06-22');
INSERT INTO GearReservation (ID, Member, CheckOutDate, ReturnDate) VALUES (41, 156, '2025-08-23', '2025-08-24');
INSERT INTO GearReservation (ID, Member, CheckOutDate, ReturnDate) VALUES (42, 155, '2025-08-19', '2025-08-20');
INSERT INTO GearReservation (ID, Member, CheckOutDate, ReturnDate) VALUES (43, 100, '2025-06-18', '2025-06-20');
INSERT INTO GearReservation (ID, Member, CheckOutDate, ReturnDate) VALUES (44, 150, '2025-08-05', '2025-08-05');
INSERT INTO GearReservation (ID, Member, CheckOutDate, ReturnDate) VALUES (45, 192, '2025-07-20', '2025-07-21');
INSERT INTO GearReservation (ID, Member, CheckOutDate, ReturnDate) VALUES (46, 133, '2025-09-01', '2025-09-01');
INSERT INTO GearReservation (ID, Member, CheckOutDate, ReturnDate) VALUES (47, 108, '2025-07-02', '2025-07-02');
INSERT INTO GearReservation (ID, Member, CheckOutDate, ReturnDate) VALUES (48, 186, '2025-07-17', '2025-07-22');
INSERT INTO GearReservation (ID, Member, CheckOutDate, ReturnDate) VALUES (49, 133, '2025-07-23', '2025-07-27');
INSERT INTO GearReservation (ID, Member, CheckOutDate, ReturnDate) VALUES (50, 186, '2025-07-20', '2025-07-21');
INSERT INTO GearReservation (ID, Member, CheckOutDate, ReturnDate) VALUES (51, 145, '2025-06-20', '2025-06-22');
INSERT INTO GearReservation (ID, Member, CheckOutDate, ReturnDate) VALUES (52, 125, '2025-08-02', '2025-08-02');
INSERT INTO GearReservation (ID, Member, CheckOutDate, ReturnDate) VALUES (53, 162, '2025-08-12', '2025-08-12');
INSERT INTO GearReservation (ID, Member, CheckOutDate, ReturnDate) VALUES (54, 144, '2025-07-27', '2025-07-28');
INSERT INTO GearReservation (ID, Member, CheckOutDate, ReturnDate) VALUES (55, 135, '2025-07-08', '2025-07-08');
INSERT INTO GearReservation (ID, Member, CheckOutDate, ReturnDate) VALUES (56, 163, '2025-08-23', '2025-08-27');
INSERT INTO GearReservation (ID, Member, CheckOutDate, ReturnDate) VALUES (57, 162, '2025-09-07', '2025-09-13');
INSERT INTO GearReservation (ID, Member, CheckOutDate, ReturnDate) VALUES (58, 180, '2025-07-26', '2025-08-03');
INSERT INTO GearReservation (ID, Member, CheckOutDate, ReturnDate) VALUES (59, 175, '2025-08-10', '2025-08-11');
INSERT INTO GearReservation (ID, Member, CheckOutDate, ReturnDate) VALUES (60, 192, '2025-07-15', '2025-07-15');
INSERT INTO GearReservation (ID, Member, CheckOutDate, ReturnDate) VALUES (61, 124, '2025-07-16', '2025-07-17');
INSERT INTO GearReservation (ID, Member, CheckOutDate, ReturnDate) VALUES (62, 134, '2025-07-02', '2025-07-03');
INSERT INTO GearReservation (ID, Member, CheckOutDate, ReturnDate) VALUES (63, 102, '2025-06-15', '2025-06-18');
INSERT INTO GearReservation (ID, Member, CheckOutDate, ReturnDate) VALUES (64, 142, '2025-07-18', '2025-07-18');
INSERT INTO GearReservation (ID, Member, CheckOutDate, ReturnDate) VALUES (65, 112, '2025-06-21', '2025-06-25');
INSERT INTO GearReservation (ID, Member, CheckOutDate, ReturnDate) VALUES (66, 122, '2025-06-14', '2025-06-15');
INSERT INTO GearReservation (ID, Member, CheckOutDate, ReturnDate) VALUES (67, 140, '2025-08-09', '2025-08-09');
INSERT INTO GearReservation (ID, Member, CheckOutDate, ReturnDate) VALUES (68, 139, '2025-08-30', '2025-08-31');
INSERT INTO GearReservation (ID, Member, CheckOutDate, ReturnDate) VALUES (69, 191, '2025-07-20', '2025-07-21');
INSERT INTO GearReservation (ID, Member, CheckOutDate, ReturnDate) VALUES (70, 190, '2025-08-20', '2025-08-23');
INSERT INTO GearReservation (ID, Member, CheckOutDate, ReturnDate) VALUES (71, 192, '2025-06-15', '2025-06-15');
INSERT INTO GearReservation (ID, Member, CheckOutDate, ReturnDate) VALUES (72, 179, '2025-07-12', '2025-07-14');
INSERT INTO GearReservation (ID, Member, CheckOutDate, ReturnDate) VALUES (73, 121, '2025-06-16', '2025-06-17');
INSERT INTO GearReservation (ID, Member, CheckOutDate, ReturnDate) VALUES (74, 175, '2025-07-24', '2025-07-26');
INSERT INTO GearReservation (ID, Member, CheckOutDate, ReturnDate) VALUES (75, 134, '2025-06-29', '2025-07-04');
INSERT INTO GearReservation (ID, Member, CheckOutDate, ReturnDate) VALUES (76, 194, '2025-07-26', '2025-07-28');
INSERT INTO GearReservation (ID, Member, CheckOutDate, ReturnDate) VALUES (77, 122, '2025-06-20', '2025-06-20');
INSERT INTO GearReservation (ID, Member, CheckOutDate, ReturnDate) VALUES (78, 166, '2025-08-02', '2025-08-04');
INSERT INTO GearReservation (ID, Member, CheckOutDate, ReturnDate) VALUES (79, 135, '2025-08-12', '2025-08-16');
INSERT INTO GearReservation (ID, Member, CheckOutDate, ReturnDate) VALUES (80, 185, '2025-09-05', '2025-09-06');
INSERT INTO GearReservation (ID, Member, CheckOutDate, ReturnDate) VALUES (81, 104, '2025-08-25', '2025-08-25');
INSERT INTO GearReservation (ID, Member, CheckOutDate, ReturnDate) VALUES (82, 110, '2025-07-28', '2025-07-29');
INSERT INTO GearReservation (ID, Member, CheckOutDate, ReturnDate) VALUES (83, 196, '2025-08-21', '2025-08-25');
INSERT INTO GearReservation (ID, Member, CheckOutDate, ReturnDate) VALUES (84, 141, '2025-07-12', '2025-07-12');
INSERT INTO GearReservation (ID, Member, CheckOutDate, ReturnDate) VALUES (85, 159, '2025-07-01', '2025-07-01');
INSERT INTO GearReservation (ID, Member, CheckOutDate, ReturnDate) VALUES (86, 165, '2025-08-01', '2025-08-04');
INSERT INTO GearReservation (ID, Member, CheckOutDate, ReturnDate) VALUES (87, 105, '2025-07-19', '2025-07-21');
INSERT INTO GearReservation (ID, Member, CheckOutDate, ReturnDate) VALUES (88, 178, '2025-07-25', '2025-07-26');
INSERT INTO GearReservation (ID, Member, CheckOutDate, ReturnDate) VALUES (89, 108, '2025-07-29', '2025-07-30');
INSERT INTO GearReservation (ID, Member, CheckOutDate, ReturnDate) VALUES (90, 123, '2025-09-10', '2025-09-16');
INSERT INTO GearReservation (ID, Member, CheckOutDate, ReturnDate) VALUES (91, 116, '2025-08-03', '2025-08-03');
INSERT INTO GearReservation (ID, Member, CheckOutDate, ReturnDate) VALUES (92, 191, '2025-09-01', '2025-09-03');
INSERT INTO GearReservation (ID, Member, CheckOutDate, ReturnDate) VALUES (93, 150, '2025-08-04', '2025-08-04');
INSERT INTO GearReservation (ID, Member, CheckOutDate, ReturnDate) VALUES (94, 118, '2025-06-30', '2025-07-03');

-- 📅 GEAR RESERVATION ITEMS
INSERT INTO GearReservationItems (Reservation, Item) VALUES (20, 145);
INSERT INTO GearReservationItems (Reservation, Item) VALUES (20, 86);
INSERT INTO GearReservationItems (Reservation, Item) VALUES (21, 130);
INSERT INTO GearReservationItems (Reservation, Item) VALUES (21, 116);
INSERT INTO GearReservationItems (Reservation, Item) VALUES (21, 89);
INSERT INTO GearReservationItems (Reservation, Item) VALUES (21, 118);
INSERT INTO GearReservationItems (Reservation, Item) VALUES (22, 99);
INSERT INTO GearReservationItems (Reservation, Item) VALUES (23, 94);
INSERT INTO GearReservationItems (Reservation, Item) VALUES (23, 138);
INSERT INTO GearReservationItems (Reservation, Item) VALUES (23, 54);
INSERT INTO GearReservationItems (Reservation, Item) VALUES (24, 117);
INSERT INTO GearReservationItems (Reservation, Item) VALUES (24, 102);
INSERT INTO GearReservationItems (Reservation, Item) VALUES (25, 149);
INSERT INTO GearReservationItems (Reservation, Item) VALUES (25, 99);
INSERT INTO GearReservationItems (Reservation, Item) VALUES (26, 98);
INSERT INTO GearReservationItems (Reservation, Item) VALUES (26, 118);
INSERT INTO GearReservationItems (Reservation, Item) VALUES (27, 129);
INSERT INTO GearReservationItems (Reservation, Item) VALUES (27, 125);
INSERT INTO GearReservationItems (Reservation, Item) VALUES (28, 75);
INSERT INTO GearReservationItems (Reservation, Item) VALUES (28, 68);
INSERT INTO GearReservationItems (Reservation, Item) VALUES (28, 147);
INSERT INTO GearReservationItems (Reservation, Item) VALUES (29, 120);
INSERT INTO GearReservationItems (Reservation, Item) VALUES (29, 127);
INSERT INTO GearReservationItems (Reservation, Item) VALUES (30, 80);
INSERT INTO GearReservationItems (Reservation, Item) VALUES (30, 106);
INSERT INTO GearReservationItems (Reservation, Item) VALUES (31, 117);
INSERT INTO GearReservationItems (Reservation, Item) VALUES (31, 63);
INSERT INTO GearReservationItems (Reservation, Item) VALUES (31, 88);
INSERT INTO GearReservationItems (Reservation, Item) VALUES (31, 80);
INSERT INTO GearReservationItems (Reservation, Item) VALUES (32, 66);
INSERT INTO GearReservationItems (Reservation, Item) VALUES (32, 92);
INSERT INTO GearReservationItems (Reservation, Item) VALUES (33, 55);
INSERT INTO GearReservationItems (Reservation, Item) VALUES (33, 110);
INSERT INTO GearReservationItems (Reservation, Item) VALUES (33, 79);
INSERT INTO GearReservationItems (Reservation, Item) VALUES (34, 94);
INSERT INTO GearReservationItems (Reservation, Item) VALUES (34, 81);
INSERT INTO GearReservationItems (Reservation, Item) VALUES (34, 131);
INSERT INTO GearReservationItems (Reservation, Item) VALUES (34, 75);
INSERT INTO GearReservationItems (Reservation, Item) VALUES (35, 126);
INSERT INTO GearReservationItems (Reservation, Item) VALUES (35, 59);
INSERT INTO GearReservationItems (Reservation, Item) VALUES (35, 124);
INSERT INTO GearReservationItems (Reservation, Item) VALUES (36, 80);
INSERT INTO GearReservationItems (Reservation, Item) VALUES (36, 119);
INSERT INTO GearReservationItems (Reservation, Item) VALUES (37, 110);
INSERT INTO GearReservationItems (Reservation, Item) VALUES (37, 116);
INSERT INTO GearReservationItems (Reservation, Item) VALUES (37, 69);
INSERT INTO GearReservationItems (Reservation, Item) VALUES (38, 92);
INSERT INTO GearReservationItems (Reservation, Item) VALUES (38, 77);
INSERT INTO GearReservationItems (Reservation, Item) VALUES (38, 142);
INSERT INTO GearReservationItems (Reservation, Item) VALUES (38, 148);
INSERT INTO GearReservationItems (Reservation, Item) VALUES (39, 97);
INSERT INTO GearReservationItems (Reservation, Item) VALUES (39, 52);
INSERT INTO GearReservationItems (Reservation, Item) VALUES (40, 104);
INSERT INTO GearReservationItems (Reservation, Item) VALUES (41, 102);
INSERT INTO GearReservationItems (Reservation, Item) VALUES (41, 70);
INSERT INTO GearReservationItems (Reservation, Item) VALUES (42, 71);
INSERT INTO GearReservationItems (Reservation, Item) VALUES (42, 60);
INSERT INTO GearReservationItems (Reservation, Item) VALUES (43, 148);
INSERT INTO GearReservationItems (Reservation, Item) VALUES (43, 139);
INSERT INTO GearReservationItems (Reservation, Item) VALUES (43, 60);
INSERT INTO GearReservationItems (Reservation, Item) VALUES (43, 88);
INSERT INTO GearReservationItems (Reservation, Item) VALUES (44, 136);
INSERT INTO GearReservationItems (Reservation, Item) VALUES (45, 70);
INSERT INTO GearReservationItems (Reservation, Item) VALUES (45, 134);
INSERT INTO GearReservationItems (Reservation, Item) VALUES (45, 138);
INSERT INTO GearReservationItems (Reservation, Item) VALUES (46, 70);
INSERT INTO GearReservationItems (Reservation, Item) VALUES (46, 65);
INSERT INTO GearReservationItems (Reservation, Item) VALUES (46, 58);
INSERT INTO GearReservationItems (Reservation, Item) VALUES (47, 85);
INSERT INTO GearReservationItems (Reservation, Item) VALUES (48, 102);
INSERT INTO GearReservationItems (Reservation, Item) VALUES (48, 55);
INSERT INTO GearReservationItems (Reservation, Item) VALUES (49, 56);
INSERT INTO GearReservationItems (Reservation, Item) VALUES (50, 131);
INSERT INTO GearReservationItems (Reservation, Item) VALUES (50, 138);
INSERT INTO GearReservationItems (Reservation, Item) VALUES (50, 69);
INSERT INTO GearReservationItems (Reservation, Item) VALUES (51, 120);
INSERT INTO GearReservationItems (Reservation, Item) VALUES (51, 72);
INSERT INTO GearReservationItems (Reservation, Item) VALUES (51, 83);
INSERT INTO GearReservationItems (Reservation, Item) VALUES (51, 135);
INSERT INTO GearReservationItems (Reservation, Item) VALUES (51, 111);
INSERT INTO GearReservationItems (Reservation, Item) VALUES (52, 98);
INSERT INTO GearReservationItems (Reservation, Item) VALUES (52, 81);
INSERT INTO GearReservationItems (Reservation, Item) VALUES (52, 101);
INSERT INTO GearReservationItems (Reservation, Item) VALUES (53, 87);
INSERT INTO GearReservationItems (Reservation, Item) VALUES (53, 79);
INSERT INTO GearReservationItems (Reservation, Item) VALUES (53, 143);
INSERT INTO GearReservationItems (Reservation, Item) VALUES (54, 80);
INSERT INTO GearReservationItems (Reservation, Item) VALUES (54, 131);
INSERT INTO GearReservationItems (Reservation, Item) VALUES (55, 55);
INSERT INTO GearReservationItems (Reservation, Item) VALUES (55, 90);
INSERT INTO GearReservationItems (Reservation, Item) VALUES (56, 131);
INSERT INTO GearReservationItems (Reservation, Item) VALUES (56, 102);
INSERT INTO GearReservationItems (Reservation, Item) VALUES (57, 125);
INSERT INTO GearReservationItems (Reservation, Item) VALUES (57, 107);
INSERT INTO GearReservationItems (Reservation, Item) VALUES (57, 56);
INSERT INTO GearReservationItems (Reservation, Item) VALUES (58, 71);
INSERT INTO GearReservationItems (Reservation, Item) VALUES (58, 129);
INSERT INTO GearReservationItems (Reservation, Item) VALUES (58, 96);
INSERT INTO GearReservationItems (Reservation, Item) VALUES (59, 58);
INSERT INTO GearReservationItems (Reservation, Item) VALUES (59, 75);
INSERT INTO GearReservationItems (Reservation, Item) VALUES (59, 66);
INSERT INTO GearReservationItems (Reservation, Item) VALUES (60, 123);
INSERT INTO GearReservationItems (Reservation, Item) VALUES (60, 113);
INSERT INTO GearReservationItems (Reservation, Item) VALUES (61, 65);
INSERT INTO GearReservationItems (Reservation, Item) VALUES (61, 104);
INSERT INTO GearReservationItems (Reservation, Item) VALUES (62, 96);
INSERT INTO GearReservationItems (Reservation, Item) VALUES (62, 63);
INSERT INTO GearReservationItems (Reservation, Item) VALUES (63, 78);
INSERT INTO GearReservationItems (Reservation, Item) VALUES (63, 84);
INSERT INTO GearReservationItems (Reservation, Item) VALUES (63, 89);
INSERT INTO GearReservationItems (Reservation, Item) VALUES (63, 109);
INSERT INTO GearReservationItems (Reservation, Item) VALUES (63, 80);
INSERT INTO GearReservationItems (Reservation, Item) VALUES (64, 82);
INSERT INTO GearReservationItems (Reservation, Item) VALUES (64, 69);
INSERT INTO GearReservationItems (Reservation, Item) VALUES (64, 128);
INSERT INTO GearReservationItems (Reservation, Item) VALUES (64, 133);
INSERT INTO GearReservationItems (Reservation, Item) VALUES (65, 111);
INSERT INTO GearReservationItems (Reservation, Item) VALUES (65, 139);
INSERT INTO GearReservationItems (Reservation, Item) VALUES (66, 93);
INSERT INTO GearReservationItems (Reservation, Item) VALUES (66, 51);
INSERT INTO GearReservationItems (Reservation, Item) VALUES (66, 148);
INSERT INTO GearReservationItems (Reservation, Item) VALUES (66, 126);
INSERT INTO GearReservationItems (Reservation, Item) VALUES (67, 135);
INSERT INTO GearReservationItems (Reservation, Item) VALUES (67, 144);
INSERT INTO GearReservationItems (Reservation, Item) VALUES (67, 147);
INSERT INTO GearReservationItems (Reservation, Item) VALUES (67, 77);
INSERT INTO GearReservationItems (Reservation, Item) VALUES (68, 55);
INSERT INTO GearReservationItems (Reservation, Item) VALUES (68, 112);
INSERT INTO GearReservationItems (Reservation, Item) VALUES (68, 126);
INSERT INTO GearReservationItems (Reservation, Item) VALUES (68, 56);
INSERT INTO GearReservationItems (Reservation, Item) VALUES (69, 136);
INSERT INTO GearReservationItems (Reservation, Item) VALUES (69, 65);
INSERT INTO GearReservationItems (Reservation, Item) VALUES (69, 92);
INSERT INTO GearReservationItems (Reservation, Item) VALUES (70, 106);
INSERT INTO GearReservationItems (Reservation, Item) VALUES (70, 145);
INSERT INTO GearReservationItems (Reservation, Item) VALUES (70, 87);
INSERT INTO GearReservationItems (Reservation, Item) VALUES (70, 65);
INSERT INTO GearReservationItems (Reservation, Item) VALUES (70, 88);
INSERT INTO GearReservationItems (Reservation, Item) VALUES (71, 96);
INSERT INTO GearReservationItems (Reservation, Item) VALUES (71, 87);
INSERT INTO GearReservationItems (Reservation, Item) VALUES (71, 121);
INSERT INTO GearReservationItems (Reservation, Item) VALUES (72, 97);
INSERT INTO GearReservationItems (Reservation, Item) VALUES (72, 102);
INSERT INTO GearReservationItems (Reservation, Item) VALUES (73, 82);
INSERT INTO GearReservationItems (Reservation, Item) VALUES (73, 50);
INSERT INTO GearReservationItems (Reservation, Item) VALUES (74, 94);
INSERT INTO GearReservationItems (Reservation, Item) VALUES (74, 69);
INSERT INTO GearReservationItems (Reservation, Item) VALUES (74, 61);
INSERT INTO GearReservationItems (Reservation, Item) VALUES (74, 83);
INSERT INTO GearReservationItems (Reservation, Item) VALUES (75, 93);
INSERT INTO GearReservationItems (Reservation, Item) VALUES (75, 78);
INSERT INTO GearReservationItems (Reservation, Item) VALUES (75, 113);
INSERT INTO GearReservationItems (Reservation, Item) VALUES (75, 104);
INSERT INTO GearReservationItems (Reservation, Item) VALUES (76, 107);
INSERT INTO GearReservationItems (Reservation, Item) VALUES (76, 52);
INSERT INTO GearReservationItems (Reservation, Item) VALUES (77, 134);
INSERT INTO GearReservationItems (Reservation, Item) VALUES (78, 95);
INSERT INTO GearReservationItems (Reservation, Item) VALUES (78, 123);
INSERT INTO GearReservationItems (Reservation, Item) VALUES (78, 73);
INSERT INTO GearReservationItems (Reservation, Item) VALUES (78, 147);
INSERT INTO GearReservationItems (Reservation, Item) VALUES (78, 111);
INSERT INTO GearReservationItems (Reservation, Item) VALUES (79, 88);
INSERT INTO GearReservationItems (Reservation, Item) VALUES (79, 136);
INSERT INTO GearReservationItems (Reservation, Item) VALUES (80, 147);
INSERT INTO GearReservationItems (Reservation, Item) VALUES (80, 70);
INSERT INTO GearReservationItems (Reservation, Item) VALUES (81, 107);
INSERT INTO GearReservationItems (Reservation, Item) VALUES (81, 106);
INSERT INTO GearReservationItems (Reservation, Item) VALUES (81, 132);
INSERT INTO GearReservationItems (Reservation, Item) VALUES (82, 65);
INSERT INTO GearReservationItems (Reservation, Item) VALUES (82, 84);
INSERT INTO GearReservationItems (Reservation, Item) VALUES (82, 94);
INSERT INTO GearReservationItems (Reservation, Item) VALUES (83, 111);
INSERT INTO GearReservationItems (Reservation, Item) VALUES (83, 125);
INSERT INTO GearReservationItems (Reservation, Item) VALUES (84, 84);
INSERT INTO GearReservationItems (Reservation, Item) VALUES (84, 72);
INSERT INTO GearReservationItems (Reservation, Item) VALUES (85, 73);
INSERT INTO GearReservationItems (Reservation, Item) VALUES (85, 63);
INSERT INTO GearReservationItems (Reservation, Item) VALUES (86, 71);
INSERT INTO GearReservationItems (Reservation, Item) VALUES (86, 102);
INSERT INTO GearReservationItems (Reservation, Item) VALUES (86, 85);
INSERT INTO GearReservationItems (Reservation, Item) VALUES (86, 109);
INSERT INTO GearReservationItems (Reservation, Item) VALUES (86, 92);
INSERT INTO GearReservationItems (Reservation, Item) VALUES (87, 114);
INSERT INTO GearReservationItems (Reservation, Item) VALUES (87, 118);
INSERT INTO GearReservationItems (Reservation, Item) VALUES (87, 77);
INSERT INTO GearReservationItems (Reservation, Item) VALUES (88, 95);
INSERT INTO GearReservationItems (Reservation, Item) VALUES (89, 113);
INSERT INTO GearReservationItems (Reservation, Item) VALUES (89, 71);
INSERT INTO GearReservationItems (Reservation, Item) VALUES (89, 105);
INSERT INTO GearReservationItems (Reservation, Item) VALUES (90, 80);
INSERT INTO GearReservationItems (Reservation, Item) VALUES (90, 61);
INSERT INTO GearReservationItems (Reservation, Item) VALUES (90, 50);
INSERT INTO GearReservationItems (Reservation, Item) VALUES (90, 102);
INSERT INTO GearReservationItems (Reservation, Item) VALUES (91, 102);
INSERT INTO GearReservationItems (Reservation, Item) VALUES (91, 73);
INSERT INTO GearReservationItems (Reservation, Item) VALUES (91, 141);
INSERT INTO GearReservationItems (Reservation, Item) VALUES (92, 135);
INSERT INTO GearReservationItems (Reservation, Item) VALUES (92, 118);
INSERT INTO GearReservationItems (Reservation, Item) VALUES (93, 145);
INSERT INTO GearReservationItems (Reservation, Item) VALUES (93, 143);
INSERT INTO GearReservationItems (Reservation, Item) VALUES (94, 78);
INSERT INTO GearReservationItems (Reservation, Item) VALUES (94, 126);
INSERT INTO GearReservationItems (Reservation, Item) VALUES (94, 102);

-- ✅ End of generated fake data
