-- 🎭 Generated Fake Data for ClubStack Database
-- Generated on: 2025-08-12 23:17:09
-- Run this file against your ClubStack database to populate with fake data
USE ClubStack;
-- 👥 MEMBERS
INSERT INTO Member (ID, FirstName, LastName, PreferredName, GraduationYear, IsGradStudent, ActivationDate, CarPlate, CarState, CarPassCount, EmerContactName, EmerContactPhone) VALUES (100, 'Hayden', 'Thomas', 'Hayden', 2024, TRUE, '2023-10-15', '6-43537', 'AZ', 2, 'Austin Erickson', '(388)295-6057x12243');
INSERT INTO Member (ID, FirstName, LastName, PreferredName, GraduationYear, IsGradStudent, ActivationDate, CarPlate, CarState, CarPassCount, EmerContactName, EmerContactPhone) VALUES (101, 'Sean', 'Edwards', 'Sean', 2025, FALSE, '2025-07-20', 'H57 5DZ', 'MN', 1, 'Jessica Keith', '001-900-394-9635x01503');
INSERT INTO Member (ID, FirstName, LastName, PreferredName, GraduationYear, IsGradStudent, ActivationDate, CarPlate, CarState, CarPassCount, EmerContactName, EmerContactPhone) VALUES (102, 'Chad', 'Hanson', 'Chad', 2028, FALSE, '2024-12-10', NULL, NULL, 0, 'Charlene Thomas', '380.311.0417');
INSERT INTO Member (ID, FirstName, LastName, PreferredName, GraduationYear, IsGradStudent, ActivationDate, CarPlate, CarState, CarPassCount, EmerContactName, EmerContactPhone) VALUES (103, 'Nicole', 'Anderson', 'Nicole', 2024, TRUE, '2023-10-16', 'I32 0RC', 'NY', 0, 'Howard Young', '472-586-7256');
INSERT INTO Member (ID, FirstName, LastName, PreferredName, GraduationYear, IsGradStudent, ActivationDate, CarPlate, CarState, CarPassCount, EmerContactName, EmerContactPhone) VALUES (104, 'Philip', 'Hill', 'Philip', 2025, FALSE, '2025-05-10', 'GDU-684', 'LA', 4, 'Savannah Stanley', '328.509.7517x6186');
INSERT INTO Member (ID, FirstName, LastName, PreferredName, GraduationYear, IsGradStudent, ActivationDate, CarPlate, CarState, CarPassCount, EmerContactName, EmerContactPhone) VALUES (105, 'Hannah', 'Ellison', 'Richard', 2027, FALSE, '2025-08-04', NULL, NULL, 0, 'Sheila Underwood', '881.640.0354x5400');
INSERT INTO Member (ID, FirstName, LastName, PreferredName, GraduationYear, IsGradStudent, ActivationDate, CarPlate, CarState, CarPassCount, EmerContactName, EmerContactPhone) VALUES (106, 'Jason', 'Wood', 'Jason', 2028, FALSE, '2025-03-02', '58ON8', 'AR', 1, 'Michael Johnson', '+1-360-842-0315x761');
INSERT INTO Member (ID, FirstName, LastName, PreferredName, GraduationYear, IsGradStudent, ActivationDate, CarPlate, CarState, CarPassCount, EmerContactName, EmerContactPhone) VALUES (107, 'Lorraine', 'Miller', 'Lorraine', 2025, FALSE, '2023-11-25', 'L45 6KF', 'AK', 2, 'Curtis Williams', '001-650-370-7923x099');
INSERT INTO Member (ID, FirstName, LastName, PreferredName, GraduationYear, IsGradStudent, ActivationDate, CarPlate, CarState, CarPassCount, EmerContactName, EmerContactPhone) VALUES (108, 'Gina', 'Robinson', 'Gina', 2027, FALSE, '2025-04-10', '65T IM0', 'WY', 2, 'Andrew Pierce', '(635)777-6751x8183');
INSERT INTO Member (ID, FirstName, LastName, PreferredName, GraduationYear, IsGradStudent, ActivationDate, CarPlate, CarState, CarPassCount, EmerContactName, EmerContactPhone) VALUES (109, 'Jeffrey', 'Morgan', 'Gabriel', 2026, FALSE, '2025-07-09', 'TZC-4828', 'VT', 3, 'Joann Stanton', '955.682.6563x9482');
INSERT INTO Member (ID, FirstName, LastName, PreferredName, GraduationYear, IsGradStudent, ActivationDate, CarPlate, CarState, CarPassCount, EmerContactName, EmerContactPhone) VALUES (110, 'Robert', 'Pierce', 'Jaime', 2026, FALSE, '2024-04-10', NULL, NULL, 0, 'Nicole Lozano', '(986)664-7770x6826');
INSERT INTO Member (ID, FirstName, LastName, PreferredName, GraduationYear, IsGradStudent, ActivationDate, CarPlate, CarState, CarPassCount, EmerContactName, EmerContactPhone) VALUES (111, 'Troy', 'Barrera', 'Troy', 2024, TRUE, '2024-03-18', '7H902', 'MT', 4, 'Ryan Montoya', '565-204-1326');
INSERT INTO Member (ID, FirstName, LastName, PreferredName, GraduationYear, IsGradStudent, ActivationDate, CarPlate, CarState, CarPassCount, EmerContactName, EmerContactPhone) VALUES (112, 'Gary', 'Russell', 'Amy', 2026, FALSE, '2024-09-11', NULL, NULL, 0, 'Jessica Greene', '+1-992-794-3306x4718');
INSERT INTO Member (ID, FirstName, LastName, PreferredName, GraduationYear, IsGradStudent, ActivationDate, CarPlate, CarState, CarPassCount, EmerContactName, EmerContactPhone) VALUES (113, 'Jasmin', 'Singh', 'Angela', 2027, FALSE, '2024-05-19', '3K 9M4PTB', 'RI', 1, 'Fred Morales', '(364)302-0023');
INSERT INTO Member (ID, FirstName, LastName, PreferredName, GraduationYear, IsGradStudent, ActivationDate, CarPlate, CarState, CarPassCount, EmerContactName, EmerContactPhone) VALUES (114, 'Lisa', 'Wilson', 'Lisa', 2026, TRUE, '2025-01-05', NULL, NULL, 0, 'Kari Jacobs', '(580)265-6593');
INSERT INTO Member (ID, FirstName, LastName, PreferredName, GraduationYear, IsGradStudent, ActivationDate, CarPlate, CarState, CarPassCount, EmerContactName, EmerContactPhone) VALUES (115, 'Tonya', 'Ruiz', 'Lisa', 2028, FALSE, '2023-11-10', 'FSA 700', 'MT', 2, 'Cathy Perez', '9996762740');
INSERT INTO Member (ID, FirstName, LastName, PreferredName, GraduationYear, IsGradStudent, ActivationDate, CarPlate, CarState, CarPassCount, EmerContactName, EmerContactPhone) VALUES (116, 'Amy', 'Grant', 'Amy', 2027, FALSE, '2024-04-05', 'IYI6576', 'ME', 1, 'Lori Willis', '+1-624-868-6705');
INSERT INTO Member (ID, FirstName, LastName, PreferredName, GraduationYear, IsGradStudent, ActivationDate, CarPlate, CarState, CarPassCount, EmerContactName, EmerContactPhone) VALUES (117, 'Jodi', 'Drake', 'Jodi', 2026, FALSE, '2025-05-27', NULL, NULL, 0, 'Karen Reed', '5416720461');
INSERT INTO Member (ID, FirstName, LastName, PreferredName, GraduationYear, IsGradStudent, ActivationDate, CarPlate, CarState, CarPassCount, EmerContactName, EmerContactPhone) VALUES (118, 'Christopher', 'Chapman', 'Christopher', 2024, FALSE, '2024-09-07', '281 BUR', 'GU', 5, 'Brian West', '845-780-4762x16692');
INSERT INTO Member (ID, FirstName, LastName, PreferredName, GraduationYear, IsGradStudent, ActivationDate, CarPlate, CarState, CarPassCount, EmerContactName, EmerContactPhone) VALUES (119, 'Brian', 'Hanson', 'Brian', 2027, FALSE, '2024-04-08', NULL, NULL, 0, 'Daniel Bernard', '(504)622-8173x80122');
INSERT INTO Member (ID, FirstName, LastName, PreferredName, GraduationYear, IsGradStudent, ActivationDate, CarPlate, CarState, CarPassCount, EmerContactName, EmerContactPhone) VALUES (120, 'Thomas', 'Olson', 'Ashley', 2024, FALSE, '2023-09-09', NULL, NULL, 0, 'Kyle Price', '001-444-690-3017x80279');
INSERT INTO Member (ID, FirstName, LastName, PreferredName, GraduationYear, IsGradStudent, ActivationDate, CarPlate, CarState, CarPassCount, EmerContactName, EmerContactPhone) VALUES (121, 'Crystal', 'Reese', 'Brittany', 2027, FALSE, '2024-10-28', 'GFN-0831', 'IA', 3, 'Joshua Allen', '835.740.7788x00177');
INSERT INTO Member (ID, FirstName, LastName, PreferredName, GraduationYear, IsGradStudent, ActivationDate, CarPlate, CarState, CarPassCount, EmerContactName, EmerContactPhone) VALUES (122, 'Mark', 'Coleman', 'Mark', 2024, FALSE, '2023-09-25', '855-AWN', 'DE', 2, 'Heather Lin', '828.824.3447');
INSERT INTO Member (ID, FirstName, LastName, PreferredName, GraduationYear, IsGradStudent, ActivationDate, CarPlate, CarState, CarPassCount, EmerContactName, EmerContactPhone) VALUES (123, 'Amy', 'Morris', 'Joseph', 2024, TRUE, '2023-10-02', NULL, NULL, 0, 'Nathaniel Tran', '5939229762');
INSERT INTO Member (ID, FirstName, LastName, PreferredName, GraduationYear, IsGradStudent, ActivationDate, CarPlate, CarState, CarPassCount, EmerContactName, EmerContactPhone) VALUES (124, 'Erik', 'Reeves', 'Erik', 2026, FALSE, '2025-01-12', NULL, NULL, 0, 'Jeffrey Perez', '374-920-0539x52898');
INSERT INTO Member (ID, FirstName, LastName, PreferredName, GraduationYear, IsGradStudent, ActivationDate, CarPlate, CarState, CarPassCount, EmerContactName, EmerContactPhone) VALUES (125, 'Leroy', 'Robinson', 'Leroy', 2025, FALSE, '2024-01-12', 'ZZD-2922', 'MP', 2, 'Ronald Moore', '001-705-868-4908x7005');
INSERT INTO Member (ID, FirstName, LastName, PreferredName, GraduationYear, IsGradStudent, ActivationDate, CarPlate, CarState, CarPassCount, EmerContactName, EmerContactPhone) VALUES (126, 'Felicia', 'Lewis', 'Charles', 2026, TRUE, '2024-09-16', NULL, NULL, 0, 'Sarah Garcia', '(426)446-2166x131');
INSERT INTO Member (ID, FirstName, LastName, PreferredName, GraduationYear, IsGradStudent, ActivationDate, CarPlate, CarState, CarPassCount, EmerContactName, EmerContactPhone) VALUES (127, 'James', 'Farmer', 'Mariah', 2024, FALSE, '2025-06-30', 'JEK9861', 'MI', 5, 'Sandra Parker', '398.839.4396x57264');
INSERT INTO Member (ID, FirstName, LastName, PreferredName, GraduationYear, IsGradStudent, ActivationDate, CarPlate, CarState, CarPassCount, EmerContactName, EmerContactPhone) VALUES (128, 'Paula', 'Jimenez', 'Jennifer', 2025, FALSE, '2023-08-30', NULL, NULL, 0, 'Anthony Mejia', '001-874-921-1141x34701');
INSERT INTO Member (ID, FirstName, LastName, PreferredName, GraduationYear, IsGradStudent, ActivationDate, CarPlate, CarState, CarPassCount, EmerContactName, EmerContactPhone) VALUES (129, 'Mark', 'Lee', 'Mark', 2024, FALSE, '2024-09-30', NULL, NULL, 0, 'Matthew Thompson', '+1-664-358-7803x2457');
INSERT INTO Member (ID, FirstName, LastName, PreferredName, GraduationYear, IsGradStudent, ActivationDate, CarPlate, CarState, CarPassCount, EmerContactName, EmerContactPhone) VALUES (130, 'Manuel', 'Walker', 'Manuel', 2027, FALSE, '2025-07-05', 'OP 57454', 'TX', 4, 'Heather Lopez', '(234)626-2267x95115');
INSERT INTO Member (ID, FirstName, LastName, PreferredName, GraduationYear, IsGradStudent, ActivationDate, CarPlate, CarState, CarPassCount, EmerContactName, EmerContactPhone) VALUES (131, 'William', 'Duncan', 'William', 2026, FALSE, '2023-11-13', NULL, NULL, 0, 'Anthony Baldwin', '697-833-8141');
INSERT INTO Member (ID, FirstName, LastName, PreferredName, GraduationYear, IsGradStudent, ActivationDate, CarPlate, CarState, CarPassCount, EmerContactName, EmerContactPhone) VALUES (132, 'Patricia', 'Scott', 'Patricia', 2026, FALSE, '2025-06-11', '6281', 'NE', 4, 'Morgan Ramirez', '372.410.5525x8770');
INSERT INTO Member (ID, FirstName, LastName, PreferredName, GraduationYear, IsGradStudent, ActivationDate, CarPlate, CarState, CarPassCount, EmerContactName, EmerContactPhone) VALUES (133, 'Emily', 'Miller', 'Emily', 2025, FALSE, '2024-03-18', '306 UQM', 'NJ', 5, 'Jason Silva', '825.719.8923');
INSERT INTO Member (ID, FirstName, LastName, PreferredName, GraduationYear, IsGradStudent, ActivationDate, CarPlate, CarState, CarPassCount, EmerContactName, EmerContactPhone) VALUES (134, 'Shaun', 'Hampton', 'Shaun', 2028, FALSE, '2023-09-16', NULL, NULL, 0, 'Christopher Mason', '(291)250-9821');
INSERT INTO Member (ID, FirstName, LastName, PreferredName, GraduationYear, IsGradStudent, ActivationDate, CarPlate, CarState, CarPassCount, EmerContactName, EmerContactPhone) VALUES (135, 'Timothy', 'Beasley', 'Timothy', 2028, FALSE, '2024-12-03', '70X 9340', 'MI', 0, 'Molly Bailey', '001-914-966-7707x162');
INSERT INTO Member (ID, FirstName, LastName, PreferredName, GraduationYear, IsGradStudent, ActivationDate, CarPlate, CarState, CarPassCount, EmerContactName, EmerContactPhone) VALUES (136, 'John', 'Johnson', 'Nina', 2025, FALSE, '2024-08-19', NULL, NULL, 0, 'Tracy Sanders', '(290)822-6658x5162');
INSERT INTO Member (ID, FirstName, LastName, PreferredName, GraduationYear, IsGradStudent, ActivationDate, CarPlate, CarState, CarPassCount, EmerContactName, EmerContactPhone) VALUES (137, 'Kendra', 'Shaffer', 'Kendra', 2027, FALSE, '2023-10-11', '840-028', 'CA', 4, 'Jacob Huff', '273-218-5102x58474');
INSERT INTO Member (ID, FirstName, LastName, PreferredName, GraduationYear, IsGradStudent, ActivationDate, CarPlate, CarState, CarPassCount, EmerContactName, EmerContactPhone) VALUES (138, 'Andrea', 'Daniels', 'Jonathan', 2026, FALSE, '2025-06-29', 'GWZ 186', 'MA', 0, 'Kevin Bradley', '+1-660-638-7656x818');
INSERT INTO Member (ID, FirstName, LastName, PreferredName, GraduationYear, IsGradStudent, ActivationDate, CarPlate, CarState, CarPassCount, EmerContactName, EmerContactPhone) VALUES (139, 'Lindsay', 'Perry', 'Lindsay', 2027, FALSE, '2025-07-04', '1F GX640', 'NH', 1, 'Melanie Jensen', '(529)678-7911x2222');
INSERT INTO Member (ID, FirstName, LastName, PreferredName, GraduationYear, IsGradStudent, ActivationDate, CarPlate, CarState, CarPassCount, EmerContactName, EmerContactPhone) VALUES (140, 'Cameron', 'Kirk', 'Brenda', 2027, FALSE, '2023-12-10', '769 CMZ', 'ID', 3, 'Edward Anderson', '(487)420-1681x60100');
INSERT INTO Member (ID, FirstName, LastName, PreferredName, GraduationYear, IsGradStudent, ActivationDate, CarPlate, CarState, CarPassCount, EmerContactName, EmerContactPhone) VALUES (141, 'Alison', 'Delgado', 'Alison', 2027, FALSE, '2024-11-15', '3E 6O0RMC', 'MA', 3, 'Cheyenne Harris', '422.769.1702x217');
INSERT INTO Member (ID, FirstName, LastName, PreferredName, GraduationYear, IsGradStudent, ActivationDate, CarPlate, CarState, CarPassCount, EmerContactName, EmerContactPhone) VALUES (142, 'George', 'Lopez', 'Alison', 2028, TRUE, '2024-06-26', '4513', 'AR', 0, 'Laura Brown', '7639558503');
INSERT INTO Member (ID, FirstName, LastName, PreferredName, GraduationYear, IsGradStudent, ActivationDate, CarPlate, CarState, CarPassCount, EmerContactName, EmerContactPhone) VALUES (143, 'Jennifer', 'Medina', 'Jennifer', 2027, FALSE, '2025-05-08', NULL, NULL, 0, 'William Johnson', '+1-209-868-1870');
INSERT INTO Member (ID, FirstName, LastName, PreferredName, GraduationYear, IsGradStudent, ActivationDate, CarPlate, CarState, CarPassCount, EmerContactName, EmerContactPhone) VALUES (144, 'Vernon', 'Sutton', 'Vernon', 2026, FALSE, '2025-03-29', '08K-LUTQ', 'DE', 3, 'Susan Scott', '(458)526-4198x44353');
INSERT INTO Member (ID, FirstName, LastName, PreferredName, GraduationYear, IsGradStudent, ActivationDate, CarPlate, CarState, CarPassCount, EmerContactName, EmerContactPhone) VALUES (145, 'Deborah', 'Curtis', 'Deborah', 2026, TRUE, '2024-05-09', '8ZY7215', 'ME', 3, 'Kimberly Campos', '900-966-6851');
INSERT INTO Member (ID, FirstName, LastName, PreferredName, GraduationYear, IsGradStudent, ActivationDate, CarPlate, CarState, CarPassCount, EmerContactName, EmerContactPhone) VALUES (146, 'Daniel', 'Galvan', 'Daniel', 2027, FALSE, '2025-05-11', '599 EEW', 'MT', 3, 'Christopher Martinez', '760-734-7580');
INSERT INTO Member (ID, FirstName, LastName, PreferredName, GraduationYear, IsGradStudent, ActivationDate, CarPlate, CarState, CarPassCount, EmerContactName, EmerContactPhone) VALUES (147, 'Carolyn', 'Baker', 'Carolyn', 2026, FALSE, '2024-05-22', NULL, NULL, 0, 'Jessica Peterson', '(771)319-0802x6874');
INSERT INTO Member (ID, FirstName, LastName, PreferredName, GraduationYear, IsGradStudent, ActivationDate, CarPlate, CarState, CarPassCount, EmerContactName, EmerContactPhone) VALUES (148, 'Karl', 'Richardson', 'Joel', 2024, FALSE, '2023-10-23', NULL, NULL, 0, 'Christopher Meyer', '+1-512-267-9244x79753');
INSERT INTO Member (ID, FirstName, LastName, PreferredName, GraduationYear, IsGradStudent, ActivationDate, CarPlate, CarState, CarPassCount, EmerContactName, EmerContactPhone) VALUES (149, 'David', 'Golden', 'Kathleen', 2024, FALSE, '2025-02-23', 'BYE 461', 'OH', 4, 'Nathan Taylor', '(365)359-2277x457');
INSERT INTO Member (ID, FirstName, LastName, PreferredName, GraduationYear, IsGradStudent, ActivationDate, CarPlate, CarState, CarPassCount, EmerContactName, EmerContactPhone) VALUES (150, 'Sarah', 'Chavez', 'Sarah', 2027, FALSE, '2025-01-22', NULL, NULL, 0, 'Mary Smith', '494.891.8144');
INSERT INTO Member (ID, FirstName, LastName, PreferredName, GraduationYear, IsGradStudent, ActivationDate, CarPlate, CarState, CarPassCount, EmerContactName, EmerContactPhone) VALUES (151, 'Lauren', 'Bowers', 'Lauren', 2026, FALSE, '2024-01-19', '4R 01817', 'NE', 5, 'Damon Davis', '241-640-5834');
INSERT INTO Member (ID, FirstName, LastName, PreferredName, GraduationYear, IsGradStudent, ActivationDate, CarPlate, CarState, CarPassCount, EmerContactName, EmerContactPhone) VALUES (152, 'Ashley', 'Burns', 'Ashley', 2027, FALSE, '2025-06-16', NULL, NULL, 0, 'April Hernandez DDS', '(953)515-2460x938');
INSERT INTO Member (ID, FirstName, LastName, PreferredName, GraduationYear, IsGradStudent, ActivationDate, CarPlate, CarState, CarPassCount, EmerContactName, EmerContactPhone) VALUES (153, 'Paige', 'Yang', 'Paige', 2027, FALSE, '2024-12-06', '1-18487', 'AK', 1, 'Mr. Jonathan Lee', '+1-995-482-0936x1844');
INSERT INTO Member (ID, FirstName, LastName, PreferredName, GraduationYear, IsGradStudent, ActivationDate, CarPlate, CarState, CarPassCount, EmerContactName, EmerContactPhone) VALUES (154, 'Debra', 'Wise', 'Victor', 2024, FALSE, '2024-04-17', '0J-HBXN', 'VA', 2, 'Michael Hoffman', '885.914.0804x63718');
INSERT INTO Member (ID, FirstName, LastName, PreferredName, GraduationYear, IsGradStudent, ActivationDate, CarPlate, CarState, CarPassCount, EmerContactName, EmerContactPhone) VALUES (155, 'Diane', 'Becker', 'Diane', 2027, FALSE, '2025-02-07', '419 PYA', 'UT', 1, 'Dana Jones', '650-559-6959x351');
INSERT INTO Member (ID, FirstName, LastName, PreferredName, GraduationYear, IsGradStudent, ActivationDate, CarPlate, CarState, CarPassCount, EmerContactName, EmerContactPhone) VALUES (156, 'Victoria', 'Singh', 'Curtis', 2025, FALSE, '2024-12-03', NULL, NULL, 0, 'Allison Rice', '001-985-935-4161x753');
INSERT INTO Member (ID, FirstName, LastName, PreferredName, GraduationYear, IsGradStudent, ActivationDate, CarPlate, CarState, CarPassCount, EmerContactName, EmerContactPhone) VALUES (157, 'Emily', 'Anthony', 'Emily', 2025, FALSE, '2023-11-23', NULL, NULL, 0, 'Karen Gonzalez', '001-673-647-0870x692');
INSERT INTO Member (ID, FirstName, LastName, PreferredName, GraduationYear, IsGradStudent, ActivationDate, CarPlate, CarState, CarPassCount, EmerContactName, EmerContactPhone) VALUES (158, 'Taylor', 'Acevedo', 'Taylor', 2025, FALSE, '2025-05-14', '3-94711', 'AR', 4, 'Richard Smith', '292.814.9852');
INSERT INTO Member (ID, FirstName, LastName, PreferredName, GraduationYear, IsGradStudent, ActivationDate, CarPlate, CarState, CarPassCount, EmerContactName, EmerContactPhone) VALUES (159, 'Matthew', 'Kirk', 'Matthew', 2025, TRUE, '2025-02-10', '194 6QD', 'DE', 3, 'Daniel Parker', '+1-519-960-6754x11420');
INSERT INTO Member (ID, FirstName, LastName, PreferredName, GraduationYear, IsGradStudent, ActivationDate, CarPlate, CarState, CarPassCount, EmerContactName, EmerContactPhone) VALUES (160, 'Amanda', 'Mcintosh', 'Amanda', 2028, TRUE, '2025-07-06', 'ZBR 048', 'CA', 0, 'Megan Delgado', '610-661-1651');
INSERT INTO Member (ID, FirstName, LastName, PreferredName, GraduationYear, IsGradStudent, ActivationDate, CarPlate, CarState, CarPassCount, EmerContactName, EmerContactPhone) VALUES (161, 'Erin', 'Jenkins', 'Erin', 2027, FALSE, '2025-04-22', '0T626', 'SD', 5, 'Robert Schaefer', '835.616.8898x1809');
INSERT INTO Member (ID, FirstName, LastName, PreferredName, GraduationYear, IsGradStudent, ActivationDate, CarPlate, CarState, CarPassCount, EmerContactName, EmerContactPhone) VALUES (162, 'Madeline', 'Jones', 'Madeline', 2028, FALSE, '2025-06-30', NULL, NULL, 0, 'Yvonne Hart', '646-563-9512');
INSERT INTO Member (ID, FirstName, LastName, PreferredName, GraduationYear, IsGradStudent, ActivationDate, CarPlate, CarState, CarPassCount, EmerContactName, EmerContactPhone) VALUES (163, 'Chelsea', 'Vargas', 'Chelsea', 2027, FALSE, '2024-09-21', NULL, NULL, 0, 'Kelsey Warren', '771.321.7330x0796');
INSERT INTO Member (ID, FirstName, LastName, PreferredName, GraduationYear, IsGradStudent, ActivationDate, CarPlate, CarState, CarPassCount, EmerContactName, EmerContactPhone) VALUES (164, 'Gabriel', 'Gray', 'Gabriel', 2028, FALSE, '2025-02-26', NULL, NULL, 0, 'Danielle Dixon', '(599)697-6389x2300');
INSERT INTO Member (ID, FirstName, LastName, PreferredName, GraduationYear, IsGradStudent, ActivationDate, CarPlate, CarState, CarPassCount, EmerContactName, EmerContactPhone) VALUES (165, 'Monica', 'Sullivan', 'Christopher', 2028, FALSE, '2024-05-12', NULL, NULL, 0, 'Christina Garrett MD', '001-578-319-0533x6920');
INSERT INTO Member (ID, FirstName, LastName, PreferredName, GraduationYear, IsGradStudent, ActivationDate, CarPlate, CarState, CarPassCount, EmerContactName, EmerContactPhone) VALUES (166, 'Jason', 'Hart', 'Deborah', 2026, TRUE, '2024-03-09', NULL, NULL, 0, 'Tracey Mueller', '2095569690');
INSERT INTO Member (ID, FirstName, LastName, PreferredName, GraduationYear, IsGradStudent, ActivationDate, CarPlate, CarState, CarPassCount, EmerContactName, EmerContactPhone) VALUES (167, 'Benjamin', 'Carrillo', 'Andrew', 2024, FALSE, '2024-04-06', '2T-NHHY', 'RI', 3, 'Colleen Taylor', '+1-209-704-6774x70385');
INSERT INTO Member (ID, FirstName, LastName, PreferredName, GraduationYear, IsGradStudent, ActivationDate, CarPlate, CarState, CarPassCount, EmerContactName, EmerContactPhone) VALUES (168, 'Ariel', 'Sanders', 'Ariel', 2027, FALSE, '2024-11-18', 'FAY-2209', 'IA', 5, 'James Gibson', '796.265.6880');
INSERT INTO Member (ID, FirstName, LastName, PreferredName, GraduationYear, IsGradStudent, ActivationDate, CarPlate, CarState, CarPassCount, EmerContactName, EmerContactPhone) VALUES (169, 'John', 'Hubbard', 'John', 2024, TRUE, '2025-07-12', NULL, NULL, 0, 'Amanda Williams', '+1-957-314-6693x3402');
INSERT INTO Member (ID, FirstName, LastName, PreferredName, GraduationYear, IsGradStudent, ActivationDate, CarPlate, CarState, CarPassCount, EmerContactName, EmerContactPhone) VALUES (170, 'Angela', 'Schmitt', 'Sarah', 2025, FALSE, '2024-12-05', NULL, NULL, 0, 'Shannon Bishop', '309.871.7054');
INSERT INTO Member (ID, FirstName, LastName, PreferredName, GraduationYear, IsGradStudent, ActivationDate, CarPlate, CarState, CarPassCount, EmerContactName, EmerContactPhone) VALUES (171, 'Karen', 'Lopez', 'Karen', 2027, FALSE, '2024-11-17', NULL, NULL, 0, 'Ashley Bauer', '+1-828-516-4434');
INSERT INTO Member (ID, FirstName, LastName, PreferredName, GraduationYear, IsGradStudent, ActivationDate, CarPlate, CarState, CarPassCount, EmerContactName, EmerContactPhone) VALUES (172, 'Michael', 'Newton', 'Allison', 2025, FALSE, '2024-11-07', NULL, NULL, 0, 'Lori Mann', '(531)917-6343x005');
INSERT INTO Member (ID, FirstName, LastName, PreferredName, GraduationYear, IsGradStudent, ActivationDate, CarPlate, CarState, CarPassCount, EmerContactName, EmerContactPhone) VALUES (173, 'Felicia', 'Garcia', 'Felicia', 2024, TRUE, '2025-04-21', '520N1', 'IA', 5, 'Aaron Weaver', '(509)477-8144');
INSERT INTO Member (ID, FirstName, LastName, PreferredName, GraduationYear, IsGradStudent, ActivationDate, CarPlate, CarState, CarPassCount, EmerContactName, EmerContactPhone) VALUES (174, 'Robin', 'Perez', 'Robin', 2024, TRUE, '2024-08-26', '601L5', 'MO', 1, 'Alexis Love', '(220)755-9196x1876');
INSERT INTO Member (ID, FirstName, LastName, PreferredName, GraduationYear, IsGradStudent, ActivationDate, CarPlate, CarState, CarPassCount, EmerContactName, EmerContactPhone) VALUES (175, 'Joseph', 'Silva', 'Jessica', 2028, TRUE, '2024-07-11', NULL, NULL, 0, 'Mason Tapia', '+1-660-997-9770x221');
INSERT INTO Member (ID, FirstName, LastName, PreferredName, GraduationYear, IsGradStudent, ActivationDate, CarPlate, CarState, CarPassCount, EmerContactName, EmerContactPhone) VALUES (176, 'Rebecca', 'Gaines', 'Rebecca', 2026, FALSE, '2023-08-16', '7P 7P3EVU', 'OK', 1, 'Daniel Wiley', '784-407-8541');
INSERT INTO Member (ID, FirstName, LastName, PreferredName, GraduationYear, IsGradStudent, ActivationDate, CarPlate, CarState, CarPassCount, EmerContactName, EmerContactPhone) VALUES (177, 'Larry', 'Smith', 'Larry', 2025, FALSE, '2023-10-27', '4I872', 'AS', 1, 'Mathew Cooper', '770-240-9379');
INSERT INTO Member (ID, FirstName, LastName, PreferredName, GraduationYear, IsGradStudent, ActivationDate, CarPlate, CarState, CarPassCount, EmerContactName, EmerContactPhone) VALUES (178, 'Kevin', 'Johnson', 'Kevin', 2027, FALSE, '2025-04-19', NULL, NULL, 0, 'Debra Dixon', '+1-888-557-7053');
INSERT INTO Member (ID, FirstName, LastName, PreferredName, GraduationYear, IsGradStudent, ActivationDate, CarPlate, CarState, CarPassCount, EmerContactName, EmerContactPhone) VALUES (179, 'Robert', 'Everett', 'Patrick', 2025, FALSE, '2025-04-23', NULL, NULL, 0, 'Lisa Green', '(911)214-7835x950');
INSERT INTO Member (ID, FirstName, LastName, PreferredName, GraduationYear, IsGradStudent, ActivationDate, CarPlate, CarState, CarPassCount, EmerContactName, EmerContactPhone) VALUES (180, 'Jennifer', 'Mendez', 'Donald', 2024, TRUE, '2023-08-27', '742K', 'KY', 3, 'Rodney Robles', '825-563-4589x2346');
INSERT INTO Member (ID, FirstName, LastName, PreferredName, GraduationYear, IsGradStudent, ActivationDate, CarPlate, CarState, CarPassCount, EmerContactName, EmerContactPhone) VALUES (181, 'Michelle', 'Luna', 'Michelle', 2027, FALSE, '2023-11-25', NULL, NULL, 0, 'Casey Hayden', '8836757940');
INSERT INTO Member (ID, FirstName, LastName, PreferredName, GraduationYear, IsGradStudent, ActivationDate, CarPlate, CarState, CarPassCount, EmerContactName, EmerContactPhone) VALUES (182, 'Victor', 'Erickson', 'Victor', 2027, FALSE, '2025-02-23', NULL, NULL, 0, 'Jennifer Hood', '(412)344-8328');
INSERT INTO Member (ID, FirstName, LastName, PreferredName, GraduationYear, IsGradStudent, ActivationDate, CarPlate, CarState, CarPassCount, EmerContactName, EmerContactPhone) VALUES (183, 'Janet', 'Ray', 'Jacqueline', 2027, TRUE, '2025-07-12', 'EBP 1464', 'NE', 0, 'Lisa Leonard', '(788)688-4776x460');
INSERT INTO Member (ID, FirstName, LastName, PreferredName, GraduationYear, IsGradStudent, ActivationDate, CarPlate, CarState, CarPassCount, EmerContactName, EmerContactPhone) VALUES (184, 'William', 'Hoffman', 'William', 2027, FALSE, '2024-06-24', NULL, NULL, 0, 'Cynthia Schaefer', '+1-483-903-6351x8558');
INSERT INTO Member (ID, FirstName, LastName, PreferredName, GraduationYear, IsGradStudent, ActivationDate, CarPlate, CarState, CarPassCount, EmerContactName, EmerContactPhone) VALUES (185, 'Natalie', 'Clayton', 'Natalie', 2024, FALSE, '2024-08-09', 'D79 8HG', 'AR', 0, 'David Davidson', '455.238.8352x18240');
INSERT INTO Member (ID, FirstName, LastName, PreferredName, GraduationYear, IsGradStudent, ActivationDate, CarPlate, CarState, CarPassCount, EmerContactName, EmerContactPhone) VALUES (186, 'Alexis', 'Miller', 'Alexis', 2027, FALSE, '2024-05-30', NULL, NULL, 0, 'Michael Martinez', '(893)411-8121');
INSERT INTO Member (ID, FirstName, LastName, PreferredName, GraduationYear, IsGradStudent, ActivationDate, CarPlate, CarState, CarPassCount, EmerContactName, EmerContactPhone) VALUES (187, 'Linda', 'Harrison', 'Joanna', 2024, FALSE, '2024-09-26', '025BL', 'FM', 5, 'Michael Horton', '210.267.8326x996');
INSERT INTO Member (ID, FirstName, LastName, PreferredName, GraduationYear, IsGradStudent, ActivationDate, CarPlate, CarState, CarPassCount, EmerContactName, EmerContactPhone) VALUES (188, 'Monica', 'Shaffer', 'Monica', 2028, FALSE, '2024-02-02', NULL, NULL, 0, 'Lorraine Steele', '(442)603-6317x82044');
INSERT INTO Member (ID, FirstName, LastName, PreferredName, GraduationYear, IsGradStudent, ActivationDate, CarPlate, CarState, CarPassCount, EmerContactName, EmerContactPhone) VALUES (189, 'Christopher', 'Davis', 'Christopher', 2026, TRUE, '2024-04-06', '446 QXM', 'NC', 1, 'Jacob Cherry', '001-630-930-8989');
INSERT INTO Member (ID, FirstName, LastName, PreferredName, GraduationYear, IsGradStudent, ActivationDate, CarPlate, CarState, CarPassCount, EmerContactName, EmerContactPhone) VALUES (190, 'Deanna', 'Weaver', 'Deanna', 2024, FALSE, '2025-02-10', '32B HK2', 'HI', 5, 'Michael Brown', '001-849-821-6854');
INSERT INTO Member (ID, FirstName, LastName, PreferredName, GraduationYear, IsGradStudent, ActivationDate, CarPlate, CarState, CarPassCount, EmerContactName, EmerContactPhone) VALUES (191, 'Mary', 'Thomas', 'Robert', 2024, FALSE, '2024-04-12', '77S L03', 'TN', 2, 'Sarah Potter', '001-235-623-3363x19237');
INSERT INTO Member (ID, FirstName, LastName, PreferredName, GraduationYear, IsGradStudent, ActivationDate, CarPlate, CarState, CarPassCount, EmerContactName, EmerContactPhone) VALUES (192, 'Cynthia', 'Howard', 'Cynthia', 2024, FALSE, '2024-06-07', '6D H8495', 'LA', 1, 'Charles Thornton', '(645)281-2720');
INSERT INTO Member (ID, FirstName, LastName, PreferredName, GraduationYear, IsGradStudent, ActivationDate, CarPlate, CarState, CarPassCount, EmerContactName, EmerContactPhone) VALUES (193, 'Michael', 'Green', 'Michael', 2027, FALSE, '2025-03-03', NULL, NULL, 0, 'Jeffrey Owens', '001-603-871-7226x96117');
INSERT INTO Member (ID, FirstName, LastName, PreferredName, GraduationYear, IsGradStudent, ActivationDate, CarPlate, CarState, CarPassCount, EmerContactName, EmerContactPhone) VALUES (194, 'Amber', 'Garrett', 'Amber', 2027, FALSE, '2025-05-04', '685-KFO', 'ND', 0, 'Christopher Moon', '759.843.4746x50062');
INSERT INTO Member (ID, FirstName, LastName, PreferredName, GraduationYear, IsGradStudent, ActivationDate, CarPlate, CarState, CarPassCount, EmerContactName, EmerContactPhone) VALUES (195, 'Jennifer', 'Smith', 'Jennifer', 2026, TRUE, '2025-03-10', 'NQX 744', 'LA', 3, 'Lisa Morgan', '6998604838');
INSERT INTO Member (ID, FirstName, LastName, PreferredName, GraduationYear, IsGradStudent, ActivationDate, CarPlate, CarState, CarPassCount, EmerContactName, EmerContactPhone) VALUES (196, 'Vickie', 'Castro', 'Vickie', 2024, FALSE, '2025-06-17', 'CGO-2841', 'NY', 0, 'Samuel Wallace', '(486)769-5600x3943');
INSERT INTO Member (ID, FirstName, LastName, PreferredName, GraduationYear, IsGradStudent, ActivationDate, CarPlate, CarState, CarPassCount, EmerContactName, EmerContactPhone) VALUES (197, 'Kim', 'Graham', 'Kim', 2024, FALSE, '2024-05-04', NULL, NULL, 0, 'Victoria Hunt DVM', '548-989-6910');
INSERT INTO Member (ID, FirstName, LastName, PreferredName, GraduationYear, IsGradStudent, ActivationDate, CarPlate, CarState, CarPassCount, EmerContactName, EmerContactPhone) VALUES (198, 'David', 'Hayden', 'David', 2026, TRUE, '2025-04-07', '0TN O32', 'WV', 4, 'John Day', '(333)359-2857');
INSERT INTO Member (ID, FirstName, LastName, PreferredName, GraduationYear, IsGradStudent, ActivationDate, CarPlate, CarState, CarPassCount, EmerContactName, EmerContactPhone) VALUES (199, 'Nathan', 'Nguyen', 'Antonio', 2025, FALSE, '2025-03-31', 'BB-0636', 'KY', 4, 'Stephen Gomez', '+1-363-929-4460x7038');

-- 🏠 ADDRESSES
INSERT INTO Address (ID, Member, Nickname, Line1, Line2, State, Zip) VALUES (100, 100, 'Dorm', '48536 Barnes Cape Apt. 738', NULL, 'NY', '92237');
INSERT INTO Address (ID, Member, Nickname, Line1, Line2, State, Zip) VALUES (101, 101, 'Home', '2164 Edward Estate', 'Apt 39', 'NH', '00585');
INSERT INTO Address (ID, Member, Nickname, Line1, Line2, State, Zip) VALUES (102, 101, 'School', '1721 Cassandra Rapids', NULL, 'NY', '64510');
INSERT INTO Address (ID, Member, Nickname, Line1, Line2, State, Zip) VALUES (103, 102, 'Campus', '5451 Steven Square', 'Apt 1', 'CT', '39748');
INSERT INTO Address (ID, Member, Nickname, Line1, Line2, State, Zip) VALUES (104, 103, 'Dorm', '8873 Mccoy Place Suite 909', 'Apt 47', 'NY', '29977');
INSERT INTO Address (ID, Member, Nickname, Line1, Line2, State, Zip) VALUES (105, 103, 'Home', '23697 Walker Green', NULL, 'RI', '82835');
INSERT INTO Address (ID, Member, Nickname, Line1, Line2, State, Zip) VALUES (106, 104, 'Campus', '68584 Billy Extensions', NULL, 'VT', '31753');
INSERT INTO Address (ID, Member, Nickname, Line1, Line2, State, Zip) VALUES (107, 105, 'School', '8551 Marcus Brook Suite 200', 'Apt 20', 'ME', '29596');
INSERT INTO Address (ID, Member, Nickname, Line1, Line2, State, Zip) VALUES (108, 106, 'Parent Home', '44486 Lauren Plaza', NULL, 'VT', '35516');
INSERT INTO Address (ID, Member, Nickname, Line1, Line2, State, Zip) VALUES (109, 107, 'Parent Home', '27807 Lauren Divide Apt. 210', 'Apt 37', 'RI', '61516');
INSERT INTO Address (ID, Member, Nickname, Line1, Line2, State, Zip) VALUES (110, 108, 'School', '086 Collins Islands', 'Apt 5', 'MA', '99511');
INSERT INTO Address (ID, Member, Nickname, Line1, Line2, State, Zip) VALUES (111, 108, 'Home', '87610 Henry Light', 'Apt 1', 'ME', '19642');
INSERT INTO Address (ID, Member, Nickname, Line1, Line2, State, Zip) VALUES (112, 109, 'Parent Home', '895 April Mountain', 'Apt 38', 'MA', '59047');
INSERT INTO Address (ID, Member, Nickname, Line1, Line2, State, Zip) VALUES (113, 109, 'Apartment', '6918 David Gardens Suite 605', NULL, 'RI', '19677');
INSERT INTO Address (ID, Member, Nickname, Line1, Line2, State, Zip) VALUES (114, 110, 'School', '7332 Pena Lock Apt. 954', 'Apt 37', 'RI', '22156');
INSERT INTO Address (ID, Member, Nickname, Line1, Line2, State, Zip) VALUES (115, 110, 'Home', '10096 Bruce Mountains Suite 034', NULL, 'MA', '34027');
INSERT INTO Address (ID, Member, Nickname, Line1, Line2, State, Zip) VALUES (116, 111, 'Parent Home', '2762 Joshua Lodge Suite 018', 'Apt 7', 'RI', '96626');
INSERT INTO Address (ID, Member, Nickname, Line1, Line2, State, Zip) VALUES (117, 112, 'Home', '47466 Anna Burg Suite 744', 'Apt 39', 'NY', '17590');
INSERT INTO Address (ID, Member, Nickname, Line1, Line2, State, Zip) VALUES (118, 112, 'School', '0023 Robinson Lock', NULL, 'ME', '29017');
INSERT INTO Address (ID, Member, Nickname, Line1, Line2, State, Zip) VALUES (119, 113, 'Apartment', '73018 Jennifer Lock', NULL, 'CT', '01115');
INSERT INTO Address (ID, Member, Nickname, Line1, Line2, State, Zip) VALUES (120, 113, 'Dorm', '91795 Wendy Ridges', 'Apt 29', 'VT', '49390');
INSERT INTO Address (ID, Member, Nickname, Line1, Line2, State, Zip) VALUES (121, 114, 'Home', '27546 William Mountains', 'Apt 3', 'VT', '06467');
INSERT INTO Address (ID, Member, Nickname, Line1, Line2, State, Zip) VALUES (122, 115, 'Parent Home', '25406 Welch Tunnel', 'Apt 9', 'MA', '00782');
INSERT INTO Address (ID, Member, Nickname, Line1, Line2, State, Zip) VALUES (123, 115, 'Campus', '4069 Jennifer Shoal', 'Apt 24', 'CT', '70439');
INSERT INTO Address (ID, Member, Nickname, Line1, Line2, State, Zip) VALUES (124, 116, 'Campus', '2048 Sara Path Apt. 732', 'Apt 50', 'MA', '40809');
INSERT INTO Address (ID, Member, Nickname, Line1, Line2, State, Zip) VALUES (125, 116, 'School', '9263 Simpson Inlet', NULL, 'CT', '64634');
INSERT INTO Address (ID, Member, Nickname, Line1, Line2, State, Zip) VALUES (126, 117, 'Campus', '95937 Michele Trail', NULL, 'RI', '18256');
INSERT INTO Address (ID, Member, Nickname, Line1, Line2, State, Zip) VALUES (127, 117, 'Campus', '877 Gary Parks Apt. 277', 'Apt 15', 'NY', '97811');
INSERT INTO Address (ID, Member, Nickname, Line1, Line2, State, Zip) VALUES (128, 118, 'Home', '66905 Brian Falls Apt. 307', NULL, 'ME', '28036');
INSERT INTO Address (ID, Member, Nickname, Line1, Line2, State, Zip) VALUES (129, 119, 'Apartment', '72031 Gomez Run', 'Apt 40', 'RI', '74399');
INSERT INTO Address (ID, Member, Nickname, Line1, Line2, State, Zip) VALUES (130, 119, 'Apartment', '5927 William Stravenue', NULL, 'NY', '30296');
INSERT INTO Address (ID, Member, Nickname, Line1, Line2, State, Zip) VALUES (131, 120, 'Parent Home', '09422 Gonzalez Stream', NULL, 'RI', '78750');
INSERT INTO Address (ID, Member, Nickname, Line1, Line2, State, Zip) VALUES (132, 121, 'Apartment', '1752 Sharon Unions Suite 422', NULL, 'NH', '23771');
INSERT INTO Address (ID, Member, Nickname, Line1, Line2, State, Zip) VALUES (133, 122, 'Apartment', '98540 Benton Mount', NULL, 'NY', '23606');
INSERT INTO Address (ID, Member, Nickname, Line1, Line2, State, Zip) VALUES (134, 123, 'School', '1296 Jennifer Estate Apt. 424', NULL, 'RI', '34196');
INSERT INTO Address (ID, Member, Nickname, Line1, Line2, State, Zip) VALUES (135, 123, 'Dorm', '80794 Ruiz Mission', NULL, 'NH', '46985');
INSERT INTO Address (ID, Member, Nickname, Line1, Line2, State, Zip) VALUES (136, 124, 'School', '78804 Robert Ridge', 'Apt 50', 'MA', '79565');
INSERT INTO Address (ID, Member, Nickname, Line1, Line2, State, Zip) VALUES (137, 124, 'Dorm', '7443 John Squares Suite 338', 'Apt 6', 'NH', '50173');
INSERT INTO Address (ID, Member, Nickname, Line1, Line2, State, Zip) VALUES (138, 125, 'School', '58124 Diaz Squares', NULL, 'VT', '11448');
INSERT INTO Address (ID, Member, Nickname, Line1, Line2, State, Zip) VALUES (139, 125, 'Dorm', '481 Sharon Road Suite 201', NULL, 'VT', '47620');
INSERT INTO Address (ID, Member, Nickname, Line1, Line2, State, Zip) VALUES (140, 126, 'Apartment', '8133 Sanchez Overpass Apt. 814', 'Apt 31', 'ME', '90817');
INSERT INTO Address (ID, Member, Nickname, Line1, Line2, State, Zip) VALUES (141, 127, 'Apartment', '6900 Michael Corners', 'Apt 41', 'CT', '32931');
INSERT INTO Address (ID, Member, Nickname, Line1, Line2, State, Zip) VALUES (142, 127, 'Home', '8070 Mary Springs Suite 431', 'Apt 4', 'VT', '54718');
INSERT INTO Address (ID, Member, Nickname, Line1, Line2, State, Zip) VALUES (143, 128, 'Apartment', '47230 Patel Oval Apt. 638', 'Apt 43', 'NY', '07377');
INSERT INTO Address (ID, Member, Nickname, Line1, Line2, State, Zip) VALUES (144, 129, 'Home', '75152 Jonathan Light', NULL, 'NY', '18075');
INSERT INTO Address (ID, Member, Nickname, Line1, Line2, State, Zip) VALUES (145, 130, 'Home', '4001 Buckley Pass', NULL, 'MA', '87981');
INSERT INTO Address (ID, Member, Nickname, Line1, Line2, State, Zip) VALUES (146, 130, 'Apartment', '44541 Lyons Forge Suite 506', NULL, 'MA', '14555');
INSERT INTO Address (ID, Member, Nickname, Line1, Line2, State, Zip) VALUES (147, 131, 'School', '60612 Rodgers Dale', NULL, 'MA', '60428');
INSERT INTO Address (ID, Member, Nickname, Line1, Line2, State, Zip) VALUES (148, 131, 'Apartment', '6125 Peter Loaf', 'Apt 37', 'MA', '22294');
INSERT INTO Address (ID, Member, Nickname, Line1, Line2, State, Zip) VALUES (149, 132, 'Campus', '457 Boyd Walks', 'Apt 35', 'CT', '08702');
INSERT INTO Address (ID, Member, Nickname, Line1, Line2, State, Zip) VALUES (150, 132, 'Campus', '7896 Dorsey Knolls', 'Apt 12', 'NH', '59242');
INSERT INTO Address (ID, Member, Nickname, Line1, Line2, State, Zip) VALUES (151, 133, 'Parent Home', '723 Horton Mission Apt. 310', 'Apt 10', 'RI', '90768');
INSERT INTO Address (ID, Member, Nickname, Line1, Line2, State, Zip) VALUES (152, 134, 'Apartment', '1079 Greene Springs Apt. 489', 'Apt 29', 'RI', '95982');
INSERT INTO Address (ID, Member, Nickname, Line1, Line2, State, Zip) VALUES (153, 134, 'School', '3023 Brandon Walk', 'Apt 13', 'CT', '81055');
INSERT INTO Address (ID, Member, Nickname, Line1, Line2, State, Zip) VALUES (154, 135, 'Parent Home', '62706 Myers Parkway Suite 846', 'Apt 18', 'ME', '88327');
INSERT INTO Address (ID, Member, Nickname, Line1, Line2, State, Zip) VALUES (155, 136, 'Dorm', '0531 Mcclain Knoll', 'Apt 20', 'VT', '08610');
INSERT INTO Address (ID, Member, Nickname, Line1, Line2, State, Zip) VALUES (156, 136, 'Home', '7532 Mark Club Apt. 127', NULL, 'NH', '06706');
INSERT INTO Address (ID, Member, Nickname, Line1, Line2, State, Zip) VALUES (157, 137, 'Dorm', '403 Huffman Haven Suite 421', NULL, 'RI', '21079');
INSERT INTO Address (ID, Member, Nickname, Line1, Line2, State, Zip) VALUES (158, 137, 'Campus', '97550 Eric Hollow', 'Apt 50', 'RI', '48003');
INSERT INTO Address (ID, Member, Nickname, Line1, Line2, State, Zip) VALUES (159, 138, 'Parent Home', '181 Jeffrey Glens', NULL, 'NY', '67850');
INSERT INTO Address (ID, Member, Nickname, Line1, Line2, State, Zip) VALUES (160, 138, 'Home', '94771 Gray Spurs', 'Apt 24', 'NH', '31975');
INSERT INTO Address (ID, Member, Nickname, Line1, Line2, State, Zip) VALUES (161, 139, 'Home', '50038 Patricia Court Apt. 353', NULL, 'RI', '97786');
INSERT INTO Address (ID, Member, Nickname, Line1, Line2, State, Zip) VALUES (162, 139, 'Campus', '896 Stephanie Causeway Apt. 193', 'Apt 41', 'VT', '95719');
INSERT INTO Address (ID, Member, Nickname, Line1, Line2, State, Zip) VALUES (163, 140, 'Campus', '091 Benjamin Locks Suite 625', NULL, 'MA', '34030');
INSERT INTO Address (ID, Member, Nickname, Line1, Line2, State, Zip) VALUES (164, 140, 'Campus', '43121 Kathryn Harbors', NULL, 'NH', '19010');
INSERT INTO Address (ID, Member, Nickname, Line1, Line2, State, Zip) VALUES (165, 141, 'Campus', '6423 Michael Plains', NULL, 'ME', '12880');
INSERT INTO Address (ID, Member, Nickname, Line1, Line2, State, Zip) VALUES (166, 141, 'Campus', '96518 Beth Springs', 'Apt 15', 'ME', '55822');
INSERT INTO Address (ID, Member, Nickname, Line1, Line2, State, Zip) VALUES (167, 142, 'School', '65382 Nicholas Junctions Apt. 271', 'Apt 41', 'MA', '22716');
INSERT INTO Address (ID, Member, Nickname, Line1, Line2, State, Zip) VALUES (168, 143, 'School', '9975 Diamond Knoll Apt. 535', 'Apt 12', 'VT', '30354');
INSERT INTO Address (ID, Member, Nickname, Line1, Line2, State, Zip) VALUES (169, 144, 'Home', '601 Sharon Bridge', NULL, 'MA', '76568');
INSERT INTO Address (ID, Member, Nickname, Line1, Line2, State, Zip) VALUES (170, 145, 'Dorm', '1041 Robinson Track', NULL, 'NY', '52475');
INSERT INTO Address (ID, Member, Nickname, Line1, Line2, State, Zip) VALUES (171, 145, 'Dorm', '949 Karen Light Apt. 073', 'Apt 6', 'CT', '42277');
INSERT INTO Address (ID, Member, Nickname, Line1, Line2, State, Zip) VALUES (172, 146, 'Home', '23070 Patterson Highway', NULL, 'MA', '51210');
INSERT INTO Address (ID, Member, Nickname, Line1, Line2, State, Zip) VALUES (173, 146, 'School', '76767 Jessica Bypass', NULL, 'CT', '30714');
INSERT INTO Address (ID, Member, Nickname, Line1, Line2, State, Zip) VALUES (174, 147, 'Parent Home', '97797 Cook Dale Suite 354', 'Apt 6', 'ME', '99914');
INSERT INTO Address (ID, Member, Nickname, Line1, Line2, State, Zip) VALUES (175, 148, 'Dorm', '93225 Hernandez Manors', NULL, 'CT', '63109');
INSERT INTO Address (ID, Member, Nickname, Line1, Line2, State, Zip) VALUES (176, 148, 'Campus', '54864 Schneider Mount', NULL, 'RI', '39597');
INSERT INTO Address (ID, Member, Nickname, Line1, Line2, State, Zip) VALUES (177, 149, 'School', '999 Pena Wall', NULL, 'CT', '19674');
INSERT INTO Address (ID, Member, Nickname, Line1, Line2, State, Zip) VALUES (178, 149, 'Parent Home', '24350 Mckinney Points Suite 843', NULL, 'MA', '86960');
INSERT INTO Address (ID, Member, Nickname, Line1, Line2, State, Zip) VALUES (179, 150, 'School', '04729 Joseph Trafficway Apt. 834', 'Apt 4', 'ME', '80085');
INSERT INTO Address (ID, Member, Nickname, Line1, Line2, State, Zip) VALUES (180, 151, 'Campus', '17532 Leah Drive Suite 570', NULL, 'CT', '71805');
INSERT INTO Address (ID, Member, Nickname, Line1, Line2, State, Zip) VALUES (181, 151, 'School', '0007 White Streets', 'Apt 35', 'MA', '91594');
INSERT INTO Address (ID, Member, Nickname, Line1, Line2, State, Zip) VALUES (182, 152, 'Parent Home', '092 Jessica Cliff', NULL, 'RI', '53225');
INSERT INTO Address (ID, Member, Nickname, Line1, Line2, State, Zip) VALUES (183, 152, 'Apartment', '102 Bruce Club Apt. 994', 'Apt 20', 'RI', '49370');
INSERT INTO Address (ID, Member, Nickname, Line1, Line2, State, Zip) VALUES (184, 153, 'Parent Home', '58629 Fuller Hill Apt. 651', NULL, 'VT', '39346');
INSERT INTO Address (ID, Member, Nickname, Line1, Line2, State, Zip) VALUES (185, 153, 'Parent Home', '2460 Andrew Manor Apt. 613', NULL, 'ME', '83943');
INSERT INTO Address (ID, Member, Nickname, Line1, Line2, State, Zip) VALUES (186, 154, 'School', '00280 Adam Camp', NULL, 'NY', '80565');
INSERT INTO Address (ID, Member, Nickname, Line1, Line2, State, Zip) VALUES (187, 155, 'Home', '856 Smith Parkways Suite 967', NULL, 'ME', '64762');
INSERT INTO Address (ID, Member, Nickname, Line1, Line2, State, Zip) VALUES (188, 155, 'Home', '68404 Virginia Turnpike', 'Apt 41', 'RI', '14913');
INSERT INTO Address (ID, Member, Nickname, Line1, Line2, State, Zip) VALUES (189, 156, 'Parent Home', '05268 Mason Ridges', NULL, 'ME', '11951');
INSERT INTO Address (ID, Member, Nickname, Line1, Line2, State, Zip) VALUES (190, 156, 'Dorm', '942 Jason Tunnel Suite 084', NULL, 'NY', '92887');
INSERT INTO Address (ID, Member, Nickname, Line1, Line2, State, Zip) VALUES (191, 157, 'Dorm', '806 Sandra Fall Suite 407', NULL, 'RI', '41873');
INSERT INTO Address (ID, Member, Nickname, Line1, Line2, State, Zip) VALUES (192, 157, 'Parent Home', '3735 Pamela Estates Suite 529', NULL, 'NH', '83941');
INSERT INTO Address (ID, Member, Nickname, Line1, Line2, State, Zip) VALUES (193, 158, 'Campus', '9101 Stuart Stravenue', NULL, 'MA', '18157');
INSERT INTO Address (ID, Member, Nickname, Line1, Line2, State, Zip) VALUES (194, 158, 'Apartment', '876 Pope Row', 'Apt 30', 'NH', '87195');
INSERT INTO Address (ID, Member, Nickname, Line1, Line2, State, Zip) VALUES (195, 159, 'Parent Home', '960 Davis Springs', NULL, 'NY', '32553');
INSERT INTO Address (ID, Member, Nickname, Line1, Line2, State, Zip) VALUES (196, 160, 'Apartment', '9381 Raymond Radial Apt. 945', 'Apt 15', 'VT', '38103');
INSERT INTO Address (ID, Member, Nickname, Line1, Line2, State, Zip) VALUES (197, 160, 'Parent Home', '230 Nelson Streets Apt. 168', 'Apt 8', 'VT', '85212');
INSERT INTO Address (ID, Member, Nickname, Line1, Line2, State, Zip) VALUES (198, 161, 'Dorm', '02787 Linda Views', NULL, 'MA', '39075');
INSERT INTO Address (ID, Member, Nickname, Line1, Line2, State, Zip) VALUES (199, 162, 'Home', '5931 Kim Ports Suite 011', NULL, 'ME', '08110');
INSERT INTO Address (ID, Member, Nickname, Line1, Line2, State, Zip) VALUES (200, 163, 'School', '94196 Parks Causeway', NULL, 'CT', '18302');
INSERT INTO Address (ID, Member, Nickname, Line1, Line2, State, Zip) VALUES (201, 163, 'Parent Home', '77363 Michelle Motorway', NULL, 'VT', '35908');
INSERT INTO Address (ID, Member, Nickname, Line1, Line2, State, Zip) VALUES (202, 164, 'Apartment', '53682 James Terrace', NULL, 'ME', '39414');
INSERT INTO Address (ID, Member, Nickname, Line1, Line2, State, Zip) VALUES (203, 164, 'Campus', '17139 Donald Ferry', NULL, 'MA', '44047');
INSERT INTO Address (ID, Member, Nickname, Line1, Line2, State, Zip) VALUES (204, 165, 'School', '3820 Tabitha Plains Suite 922', NULL, 'CT', '30960');
INSERT INTO Address (ID, Member, Nickname, Line1, Line2, State, Zip) VALUES (205, 165, 'Home', '595 Reid Curve Apt. 221', NULL, 'RI', '90477');
INSERT INTO Address (ID, Member, Nickname, Line1, Line2, State, Zip) VALUES (206, 166, 'Home', '86949 Anthony Crossroad', NULL, 'CT', '88534');
INSERT INTO Address (ID, Member, Nickname, Line1, Line2, State, Zip) VALUES (207, 167, 'Campus', '3238 Alisha Haven', NULL, 'VT', '86400');
INSERT INTO Address (ID, Member, Nickname, Line1, Line2, State, Zip) VALUES (208, 168, 'School', '859 Madison Meadows', 'Apt 50', 'NH', '04367');
INSERT INTO Address (ID, Member, Nickname, Line1, Line2, State, Zip) VALUES (209, 169, 'Campus', '45827 Williams Terrace', NULL, 'CT', '45219');
INSERT INTO Address (ID, Member, Nickname, Line1, Line2, State, Zip) VALUES (210, 170, 'Parent Home', '277 Mcdonald Ports', NULL, 'ME', '13844');
INSERT INTO Address (ID, Member, Nickname, Line1, Line2, State, Zip) VALUES (211, 171, 'Parent Home', '223 Long Forge Suite 730', NULL, 'VT', '05083');
INSERT INTO Address (ID, Member, Nickname, Line1, Line2, State, Zip) VALUES (212, 171, 'School', '6911 Thomas Path', NULL, 'ME', '57938');
INSERT INTO Address (ID, Member, Nickname, Line1, Line2, State, Zip) VALUES (213, 172, 'Parent Home', '48345 Maurice Walks Apt. 635', 'Apt 37', 'VT', '40766');
INSERT INTO Address (ID, Member, Nickname, Line1, Line2, State, Zip) VALUES (214, 172, 'School', '96844 Murphy Gateway Apt. 420', 'Apt 2', 'NH', '21843');
INSERT INTO Address (ID, Member, Nickname, Line1, Line2, State, Zip) VALUES (215, 173, 'School', '97066 Jenna Via Suite 948', NULL, 'NY', '98772');
INSERT INTO Address (ID, Member, Nickname, Line1, Line2, State, Zip) VALUES (216, 174, 'Apartment', '9875 Mckenzie Village', NULL, 'CT', '00696');
INSERT INTO Address (ID, Member, Nickname, Line1, Line2, State, Zip) VALUES (217, 175, 'Home', '849 Hodges Port', 'Apt 33', 'CT', '90577');
INSERT INTO Address (ID, Member, Nickname, Line1, Line2, State, Zip) VALUES (218, 175, 'Campus', '334 Justin Tunnel', 'Apt 32', 'NH', '24461');
INSERT INTO Address (ID, Member, Nickname, Line1, Line2, State, Zip) VALUES (219, 176, 'Dorm', '8140 Deborah Harbor', 'Apt 47', 'ME', '02882');
INSERT INTO Address (ID, Member, Nickname, Line1, Line2, State, Zip) VALUES (220, 176, 'Parent Home', '11382 Chapman Flat', NULL, 'NH', '63610');
INSERT INTO Address (ID, Member, Nickname, Line1, Line2, State, Zip) VALUES (221, 177, 'Home', '07309 Evans Road', NULL, 'CT', '81682');
INSERT INTO Address (ID, Member, Nickname, Line1, Line2, State, Zip) VALUES (222, 177, 'School', '20586 Dana Burg Suite 409', NULL, 'VT', '73915');
INSERT INTO Address (ID, Member, Nickname, Line1, Line2, State, Zip) VALUES (223, 178, 'Apartment', '5526 Roberts Street Apt. 371', NULL, 'VT', '75032');
INSERT INTO Address (ID, Member, Nickname, Line1, Line2, State, Zip) VALUES (224, 179, 'Home', '83158 Mitchell Camp', 'Apt 43', 'NY', '51957');
INSERT INTO Address (ID, Member, Nickname, Line1, Line2, State, Zip) VALUES (225, 179, 'Dorm', '8224 Henderson Greens Suite 241', NULL, 'NH', '90266');
INSERT INTO Address (ID, Member, Nickname, Line1, Line2, State, Zip) VALUES (226, 180, 'Apartment', '00448 Brown Walks', NULL, 'ME', '57156');
INSERT INTO Address (ID, Member, Nickname, Line1, Line2, State, Zip) VALUES (227, 180, 'School', '07515 Reynolds Way Apt. 995', NULL, 'VT', '48461');
INSERT INTO Address (ID, Member, Nickname, Line1, Line2, State, Zip) VALUES (228, 181, 'School', '7934 Sims Hills', 'Apt 50', 'NY', '96435');
INSERT INTO Address (ID, Member, Nickname, Line1, Line2, State, Zip) VALUES (229, 181, 'Campus', '025 Crystal Oval', 'Apt 20', 'RI', '85586');
INSERT INTO Address (ID, Member, Nickname, Line1, Line2, State, Zip) VALUES (230, 182, 'Campus', '8441 Catherine Wells', 'Apt 44', 'NH', '71256');
INSERT INTO Address (ID, Member, Nickname, Line1, Line2, State, Zip) VALUES (231, 183, 'Apartment', '651 Bell Neck', 'Apt 38', 'MA', '89711');
INSERT INTO Address (ID, Member, Nickname, Line1, Line2, State, Zip) VALUES (232, 184, 'Dorm', '45742 Jason Mill Apt. 461', NULL, 'RI', '74352');
INSERT INTO Address (ID, Member, Nickname, Line1, Line2, State, Zip) VALUES (233, 185, 'Dorm', '27628 Monique Wells Apt. 498', 'Apt 3', 'RI', '33427');
INSERT INTO Address (ID, Member, Nickname, Line1, Line2, State, Zip) VALUES (234, 186, 'Parent Home', '964 Karen Via', NULL, 'VT', '60360');
INSERT INTO Address (ID, Member, Nickname, Line1, Line2, State, Zip) VALUES (235, 186, 'Home', '443 Ramirez Causeway Apt. 828', NULL, 'VT', '78355');
INSERT INTO Address (ID, Member, Nickname, Line1, Line2, State, Zip) VALUES (236, 187, 'Parent Home', '34718 Carl Throughway Apt. 894', NULL, 'MA', '80037');
INSERT INTO Address (ID, Member, Nickname, Line1, Line2, State, Zip) VALUES (237, 188, 'Apartment', '1667 Hall Isle', NULL, 'NH', '64682');
INSERT INTO Address (ID, Member, Nickname, Line1, Line2, State, Zip) VALUES (238, 188, 'Campus', '12549 Carter Falls', NULL, 'NH', '93783');
INSERT INTO Address (ID, Member, Nickname, Line1, Line2, State, Zip) VALUES (239, 189, 'School', '155 Zachary Meadow', 'Apt 48', 'NY', '33622');
INSERT INTO Address (ID, Member, Nickname, Line1, Line2, State, Zip) VALUES (240, 190, 'Dorm', '929 William Shoals Apt. 762', NULL, 'VT', '89695');
INSERT INTO Address (ID, Member, Nickname, Line1, Line2, State, Zip) VALUES (241, 190, 'Parent Home', '9922 Pearson Lakes Apt. 679', NULL, 'NY', '36225');
INSERT INTO Address (ID, Member, Nickname, Line1, Line2, State, Zip) VALUES (242, 191, 'Dorm', '9472 Rivera Pine Suite 586', 'Apt 22', 'CT', '39849');
INSERT INTO Address (ID, Member, Nickname, Line1, Line2, State, Zip) VALUES (243, 192, 'School', '88768 Lang Run Suite 820', NULL, 'VT', '48733');
INSERT INTO Address (ID, Member, Nickname, Line1, Line2, State, Zip) VALUES (244, 192, 'Dorm', '800 Cain Freeway Apt. 549', NULL, 'NY', '78954');
INSERT INTO Address (ID, Member, Nickname, Line1, Line2, State, Zip) VALUES (245, 193, 'Campus', '799 Phelps Well Suite 595', NULL, 'NH', '47678');
INSERT INTO Address (ID, Member, Nickname, Line1, Line2, State, Zip) VALUES (246, 194, 'Home', '3801 Corey Court Suite 881', NULL, 'MA', '43738');
INSERT INTO Address (ID, Member, Nickname, Line1, Line2, State, Zip) VALUES (247, 194, 'Dorm', '15441 William Tunnel', NULL, 'RI', '50223');
INSERT INTO Address (ID, Member, Nickname, Line1, Line2, State, Zip) VALUES (248, 195, 'Campus', '16257 Gary Skyway', NULL, 'CT', '65133');
INSERT INTO Address (ID, Member, Nickname, Line1, Line2, State, Zip) VALUES (249, 196, 'Campus', '31186 Guzman Squares', NULL, 'CT', '08611');
INSERT INTO Address (ID, Member, Nickname, Line1, Line2, State, Zip) VALUES (250, 197, 'School', '262 John Expressway', NULL, 'RI', '03832');
INSERT INTO Address (ID, Member, Nickname, Line1, Line2, State, Zip) VALUES (251, 197, 'Campus', '1089 Franklin Drive', NULL, 'NY', '41701');
INSERT INTO Address (ID, Member, Nickname, Line1, Line2, State, Zip) VALUES (252, 198, 'Home', '22944 Amy Street Suite 650', NULL, 'NY', '98802');
INSERT INTO Address (ID, Member, Nickname, Line1, Line2, State, Zip) VALUES (253, 198, 'Home', '40932 Lucas Drive Suite 601', NULL, 'NY', '29500');
INSERT INTO Address (ID, Member, Nickname, Line1, Line2, State, Zip) VALUES (254, 199, 'Apartment', '193 Morris Ports', NULL, 'VT', '24797');
INSERT INTO Address (ID, Member, Nickname, Line1, Line2, State, Zip) VALUES (255, 199, 'Apartment', '2760 Pierce Crescent', 'Apt 41', 'ME', '61140');

-- 🤧 ALLERGIES
INSERT INTO Allergy (ID, Name) VALUES (20, 'Shellfish');
INSERT INTO Allergy (ID, Name) VALUES (21, 'Fish');
INSERT INTO Allergy (ID, Name) VALUES (22, 'Eggs');
INSERT INTO Allergy (ID, Name) VALUES (23, 'Soy');
INSERT INTO Allergy (ID, Name) VALUES (24, 'Sesame');
INSERT INTO Allergy (ID, Name) VALUES (25, 'Sulfites');
INSERT INTO Allergy (ID, Name) VALUES (26, 'Latex');
INSERT INTO Allergy (ID, Name) VALUES (27, 'Dust Mites');
INSERT INTO Allergy (ID, Name) VALUES (28, 'Pet Dander');
INSERT INTO Allergy (ID, Name) VALUES (29, 'Pollen');
INSERT INTO Allergy (ID, Name) VALUES (30, 'Bee Stings');
INSERT INTO Allergy (ID, Name) VALUES (31, 'Penicillin');
INSERT INTO Allergy (ID, Name) VALUES (32, 'Aspirin');
INSERT INTO Allergy (ID, Name) VALUES (33, 'Strawberries');
INSERT INTO Allergy (ID, Name) VALUES (34, 'Chocolate');

-- 🤧 ALLERGY USERS
INSERT INTO AllergyUsers (UserID, AllergyID) VALUES (100, 24);
INSERT INTO AllergyUsers (UserID, AllergyID) VALUES (100, 28);
INSERT INTO AllergyUsers (UserID, AllergyID) VALUES (103, 28);
INSERT INTO AllergyUsers (UserID, AllergyID) VALUES (103, 31);
INSERT INTO AllergyUsers (UserID, AllergyID) VALUES (104, 27);
INSERT INTO AllergyUsers (UserID, AllergyID) VALUES (104, 21);
INSERT INTO AllergyUsers (UserID, AllergyID) VALUES (110, 21);
INSERT INTO AllergyUsers (UserID, AllergyID) VALUES (111, 29);
INSERT INTO AllergyUsers (UserID, AllergyID) VALUES (111, 26);
INSERT INTO AllergyUsers (UserID, AllergyID) VALUES (114, 31);
INSERT INTO AllergyUsers (UserID, AllergyID) VALUES (114, 30);
INSERT INTO AllergyUsers (UserID, AllergyID) VALUES (120, 28);
INSERT INTO AllergyUsers (UserID, AllergyID) VALUES (120, 23);
INSERT INTO AllergyUsers (UserID, AllergyID) VALUES (130, 24);
INSERT INTO AllergyUsers (UserID, AllergyID) VALUES (130, 21);
INSERT INTO AllergyUsers (UserID, AllergyID) VALUES (132, 32);
INSERT INTO AllergyUsers (UserID, AllergyID) VALUES (136, 29);
INSERT INTO AllergyUsers (UserID, AllergyID) VALUES (136, 31);
INSERT INTO AllergyUsers (UserID, AllergyID) VALUES (139, 23);
INSERT INTO AllergyUsers (UserID, AllergyID) VALUES (141, 34);
INSERT INTO AllergyUsers (UserID, AllergyID) VALUES (143, 27);
INSERT INTO AllergyUsers (UserID, AllergyID) VALUES (143, 32);
INSERT INTO AllergyUsers (UserID, AllergyID) VALUES (158, 25);
INSERT INTO AllergyUsers (UserID, AllergyID) VALUES (159, 22);
INSERT INTO AllergyUsers (UserID, AllergyID) VALUES (159, 20);
INSERT INTO AllergyUsers (UserID, AllergyID) VALUES (162, 34);
INSERT INTO AllergyUsers (UserID, AllergyID) VALUES (165, 28);
INSERT INTO AllergyUsers (UserID, AllergyID) VALUES (165, 23);
INSERT INTO AllergyUsers (UserID, AllergyID) VALUES (166, 33);
INSERT INTO AllergyUsers (UserID, AllergyID) VALUES (166, 23);
INSERT INTO AllergyUsers (UserID, AllergyID) VALUES (168, 22);
INSERT INTO AllergyUsers (UserID, AllergyID) VALUES (168, 29);
INSERT INTO AllergyUsers (UserID, AllergyID) VALUES (171, 28);
INSERT INTO AllergyUsers (UserID, AllergyID) VALUES (172, 24);
INSERT INTO AllergyUsers (UserID, AllergyID) VALUES (172, 30);
INSERT INTO AllergyUsers (UserID, AllergyID) VALUES (176, 25);
INSERT INTO AllergyUsers (UserID, AllergyID) VALUES (180, 31);
INSERT INTO AllergyUsers (UserID, AllergyID) VALUES (180, 28);
INSERT INTO AllergyUsers (UserID, AllergyID) VALUES (190, 21);
INSERT INTO AllergyUsers (UserID, AllergyID) VALUES (190, 29);
INSERT INTO AllergyUsers (UserID, AllergyID) VALUES (199, 30);
INSERT INTO AllergyUsers (UserID, AllergyID) VALUES (199, 21);

-- 📄 PAGES
INSERT INTO Page (ID, Slug) VALUES (1, 'home');
INSERT INTO Page (ID, Slug) VALUES (2, 'profile');
INSERT INTO Page (ID, Slug) VALUES (3, 'events');
INSERT INTO Page (ID, Slug) VALUES (4, 'members');
INSERT INTO Page (ID, Slug) VALUES (5, 'gear');
INSERT INTO Page (ID, Slug) VALUES (6, 'communications');
INSERT INTO Page (ID, Slug) VALUES (7, 'treasury');
INSERT INTO Page (ID, Slug) VALUES (8, 'budget');
INSERT INTO Page (ID, Slug) VALUES (9, 'reimbursements');
INSERT INTO Page (ID, Slug) VALUES (10, 'safety');
INSERT INTO Page (ID, Slug) VALUES (11, 'inventory');
INSERT INTO Page (ID, Slug) VALUES (12, 'social');
INSERT INTO Page (ID, Slug) VALUES (13, 'admin');
INSERT INTO Page (ID, Slug) VALUES (14, 'elections');
INSERT INTO Page (ID, Slug) VALUES (15, 'feedback');
INSERT INTO Page (ID, Slug) VALUES (16, 'reports');

-- 🔐 PERMISSIONS
INSERT INTO Permission (ID, Title) VALUES (5, 'Member');
INSERT INTO Permission (ID, Title) VALUES (20, 'VP Comm');
INSERT INTO Permission (ID, Title) VALUES (21, 'Safety Officer');
INSERT INTO Permission (ID, Title) VALUES (22, 'Gear Manager');
INSERT INTO Permission (ID, Title) VALUES (23, 'Social Chair');
INSERT INTO Permission (ID, Title) VALUES (24, 'Alumni');
INSERT INTO Permission (ID, Title) VALUES (25, 'Inactive Member');
INSERT INTO Permission (ID, Title) VALUES (26, 'Trip Leader');
INSERT INTO Permission (ID, Title) VALUES (27, 'New Member');
INSERT INTO Permission (ID, Title) VALUES (28, 'President');
INSERT INTO Permission (ID, Title) VALUES (29, 'VP Trips');
INSERT INTO Permission (ID, Title) VALUES (30, 'Treasurer');

-- 🔗 PAGE PERMISSIONS
INSERT INTO PagePermissions (PageID, PermissionID) VALUES (1, 5);
INSERT INTO PagePermissions (PageID, PermissionID) VALUES (2, 5);
INSERT INTO PagePermissions (PageID, PermissionID) VALUES (3, 5);
INSERT INTO PagePermissions (PageID, PermissionID) VALUES (5, 5);
INSERT INTO PagePermissions (PageID, PermissionID) VALUES (6, 5);
INSERT INTO PagePermissions (PageID, PermissionID) VALUES (14, 5);
INSERT INTO PagePermissions (PageID, PermissionID) VALUES (1, 20);
INSERT INTO PagePermissions (PageID, PermissionID) VALUES (2, 20);
INSERT INTO PagePermissions (PageID, PermissionID) VALUES (3, 20);
INSERT INTO PagePermissions (PageID, PermissionID) VALUES (4, 20);
INSERT INTO PagePermissions (PageID, PermissionID) VALUES (6, 20);
INSERT INTO PagePermissions (PageID, PermissionID) VALUES (13, 20);
INSERT INTO PagePermissions (PageID, PermissionID) VALUES (15, 20);
INSERT INTO PagePermissions (PageID, PermissionID) VALUES (1, 21);
INSERT INTO PagePermissions (PageID, PermissionID) VALUES (2, 21);
INSERT INTO PagePermissions (PageID, PermissionID) VALUES (3, 21);
INSERT INTO PagePermissions (PageID, PermissionID) VALUES (4, 21);
INSERT INTO PagePermissions (PageID, PermissionID) VALUES (10, 21);
INSERT INTO PagePermissions (PageID, PermissionID) VALUES (15, 21);
INSERT INTO PagePermissions (PageID, PermissionID) VALUES (1, 22);
INSERT INTO PagePermissions (PageID, PermissionID) VALUES (2, 22);
INSERT INTO PagePermissions (PageID, PermissionID) VALUES (5, 22);
INSERT INTO PagePermissions (PageID, PermissionID) VALUES (11, 22);
INSERT INTO PagePermissions (PageID, PermissionID) VALUES (15, 22);
INSERT INTO PagePermissions (PageID, PermissionID) VALUES (1, 23);
INSERT INTO PagePermissions (PageID, PermissionID) VALUES (2, 23);
INSERT INTO PagePermissions (PageID, PermissionID) VALUES (3, 23);
INSERT INTO PagePermissions (PageID, PermissionID) VALUES (4, 23);
INSERT INTO PagePermissions (PageID, PermissionID) VALUES (12, 23);
INSERT INTO PagePermissions (PageID, PermissionID) VALUES (1, 24);
INSERT INTO PagePermissions (PageID, PermissionID) VALUES (2, 24);
INSERT INTO PagePermissions (PageID, PermissionID) VALUES (3, 24);
INSERT INTO PagePermissions (PageID, PermissionID) VALUES (6, 24);
INSERT INTO PagePermissions (PageID, PermissionID) VALUES (2, 25);
INSERT INTO PagePermissions (PageID, PermissionID) VALUES (1, 26);
INSERT INTO PagePermissions (PageID, PermissionID) VALUES (2, 26);
INSERT INTO PagePermissions (PageID, PermissionID) VALUES (3, 26);
INSERT INTO PagePermissions (PageID, PermissionID) VALUES (4, 26);
INSERT INTO PagePermissions (PageID, PermissionID) VALUES (5, 26);
INSERT INTO PagePermissions (PageID, PermissionID) VALUES (10, 26);
INSERT INTO PagePermissions (PageID, PermissionID) VALUES (15, 26);
INSERT INTO PagePermissions (PageID, PermissionID) VALUES (1, 27);
INSERT INTO PagePermissions (PageID, PermissionID) VALUES (2, 27);
INSERT INTO PagePermissions (PageID, PermissionID) VALUES (3, 27);
INSERT INTO PagePermissions (PageID, PermissionID) VALUES (14, 27);
INSERT INTO PagePermissions (PageID, PermissionID) VALUES (1, 28);
INSERT INTO PagePermissions (PageID, PermissionID) VALUES (2, 28);
INSERT INTO PagePermissions (PageID, PermissionID) VALUES (3, 28);
INSERT INTO PagePermissions (PageID, PermissionID) VALUES (4, 28);
INSERT INTO PagePermissions (PageID, PermissionID) VALUES (5, 28);
INSERT INTO PagePermissions (PageID, PermissionID) VALUES (6, 28);
INSERT INTO PagePermissions (PageID, PermissionID) VALUES (7, 28);
INSERT INTO PagePermissions (PageID, PermissionID) VALUES (8, 28);
INSERT INTO PagePermissions (PageID, PermissionID) VALUES (9, 28);
INSERT INTO PagePermissions (PageID, PermissionID) VALUES (10, 28);
INSERT INTO PagePermissions (PageID, PermissionID) VALUES (11, 28);
INSERT INTO PagePermissions (PageID, PermissionID) VALUES (12, 28);
INSERT INTO PagePermissions (PageID, PermissionID) VALUES (13, 28);
INSERT INTO PagePermissions (PageID, PermissionID) VALUES (14, 28);
INSERT INTO PagePermissions (PageID, PermissionID) VALUES (15, 28);
INSERT INTO PagePermissions (PageID, PermissionID) VALUES (16, 28);
INSERT INTO PagePermissions (PageID, PermissionID) VALUES (1, 29);
INSERT INTO PagePermissions (PageID, PermissionID) VALUES (2, 29);
INSERT INTO PagePermissions (PageID, PermissionID) VALUES (3, 29);
INSERT INTO PagePermissions (PageID, PermissionID) VALUES (4, 29);
INSERT INTO PagePermissions (PageID, PermissionID) VALUES (7, 29);
INSERT INTO PagePermissions (PageID, PermissionID) VALUES (8, 29);
INSERT INTO PagePermissions (PageID, PermissionID) VALUES (10, 29);
INSERT INTO PagePermissions (PageID, PermissionID) VALUES (15, 29);
INSERT INTO PagePermissions (PageID, PermissionID) VALUES (1, 30);
INSERT INTO PagePermissions (PageID, PermissionID) VALUES (2, 30);
INSERT INTO PagePermissions (PageID, PermissionID) VALUES (7, 30);
INSERT INTO PagePermissions (PageID, PermissionID) VALUES (8, 30);
INSERT INTO PagePermissions (PageID, PermissionID) VALUES (9, 30);
INSERT INTO PagePermissions (PageID, PermissionID) VALUES (15, 30);

-- MEMBER PERMISSIONS
INSERT INTO MemberPermissions (Permission, Member) VALUES (5, 100);
INSERT INTO MemberPermissions (Permission, Member) VALUES (5, 101);
INSERT INTO MemberPermissions (Permission, Member) VALUES (26, 102);
INSERT INTO MemberPermissions (Permission, Member) VALUES (5, 103);
INSERT INTO MemberPermissions (Permission, Member) VALUES (26, 104);
INSERT INTO MemberPermissions (Permission, Member) VALUES (5, 105);
INSERT INTO MemberPermissions (Permission, Member) VALUES (23, 106);
INSERT INTO MemberPermissions (Permission, Member) VALUES (27, 107);
INSERT INTO MemberPermissions (Permission, Member) VALUES (21, 108);
INSERT INTO MemberPermissions (Permission, Member) VALUES (24, 109);
INSERT INTO MemberPermissions (Permission, Member) VALUES (5, 110);
INSERT INTO MemberPermissions (Permission, Member) VALUES (27, 111);
INSERT INTO MemberPermissions (Permission, Member) VALUES (5, 112);
INSERT INTO MemberPermissions (Permission, Member) VALUES (5, 113);
INSERT INTO MemberPermissions (Permission, Member) VALUES (26, 114);
INSERT INTO MemberPermissions (Permission, Member) VALUES (24, 115);
INSERT INTO MemberPermissions (Permission, Member) VALUES (26, 116);
INSERT INTO MemberPermissions (Permission, Member) VALUES (5, 117);
INSERT INTO MemberPermissions (Permission, Member) VALUES (26, 118);
INSERT INTO MemberPermissions (Permission, Member) VALUES (21, 119);
INSERT INTO MemberPermissions (Permission, Member) VALUES (5, 120);
INSERT INTO MemberPermissions (Permission, Member) VALUES (24, 121);
INSERT INTO MemberPermissions (Permission, Member) VALUES (5, 122);
INSERT INTO MemberPermissions (Permission, Member) VALUES (5, 123);
INSERT INTO MemberPermissions (Permission, Member) VALUES (5, 124);
INSERT INTO MemberPermissions (Permission, Member) VALUES (5, 125);
INSERT INTO MemberPermissions (Permission, Member) VALUES (5, 126);
INSERT INTO MemberPermissions (Permission, Member) VALUES (5, 127);
INSERT INTO MemberPermissions (Permission, Member) VALUES (22, 128);
INSERT INTO MemberPermissions (Permission, Member) VALUES (5, 129);
INSERT INTO MemberPermissions (Permission, Member) VALUES (5, 130);
INSERT INTO MemberPermissions (Permission, Member) VALUES (5, 131);
INSERT INTO MemberPermissions (Permission, Member) VALUES (5, 132);
INSERT INTO MemberPermissions (Permission, Member) VALUES (20, 133);
INSERT INTO MemberPermissions (Permission, Member) VALUES (21, 134);
INSERT INTO MemberPermissions (Permission, Member) VALUES (24, 135);
INSERT INTO MemberPermissions (Permission, Member) VALUES (5, 136);
INSERT INTO MemberPermissions (Permission, Member) VALUES (26, 137);
INSERT INTO MemberPermissions (Permission, Member) VALUES (5, 138);
INSERT INTO MemberPermissions (Permission, Member) VALUES (24, 139);
INSERT INTO MemberPermissions (Permission, Member) VALUES (5, 140);
INSERT INTO MemberPermissions (Permission, Member) VALUES (26, 141);
INSERT INTO MemberPermissions (Permission, Member) VALUES (25, 142);
INSERT INTO MemberPermissions (Permission, Member) VALUES (22, 143);
INSERT INTO MemberPermissions (Permission, Member) VALUES (24, 144);
INSERT INTO MemberPermissions (Permission, Member) VALUES (24, 145);
INSERT INTO MemberPermissions (Permission, Member) VALUES (5, 146);
INSERT INTO MemberPermissions (Permission, Member) VALUES (5, 147);
INSERT INTO MemberPermissions (Permission, Member) VALUES (20, 148);
INSERT INTO MemberPermissions (Permission, Member) VALUES (24, 149);
INSERT INTO MemberPermissions (Permission, Member) VALUES (5, 150);
INSERT INTO MemberPermissions (Permission, Member) VALUES (27, 151);
INSERT INTO MemberPermissions (Permission, Member) VALUES (5, 152);
INSERT INTO MemberPermissions (Permission, Member) VALUES (22, 153);
INSERT INTO MemberPermissions (Permission, Member) VALUES (5, 154);
INSERT INTO MemberPermissions (Permission, Member) VALUES (20, 155);
INSERT INTO MemberPermissions (Permission, Member) VALUES (5, 156);
INSERT INTO MemberPermissions (Permission, Member) VALUES (20, 157);
INSERT INTO MemberPermissions (Permission, Member) VALUES (5, 158);
INSERT INTO MemberPermissions (Permission, Member) VALUES (5, 159);
INSERT INTO MemberPermissions (Permission, Member) VALUES (5, 160);
INSERT INTO MemberPermissions (Permission, Member) VALUES (5, 161);
INSERT INTO MemberPermissions (Permission, Member) VALUES (5, 162);
INSERT INTO MemberPermissions (Permission, Member) VALUES (26, 163);
INSERT INTO MemberPermissions (Permission, Member) VALUES (5, 164);
INSERT INTO MemberPermissions (Permission, Member) VALUES (5, 165);
INSERT INTO MemberPermissions (Permission, Member) VALUES (27, 166);
INSERT INTO MemberPermissions (Permission, Member) VALUES (21, 167);
INSERT INTO MemberPermissions (Permission, Member) VALUES (5, 168);
INSERT INTO MemberPermissions (Permission, Member) VALUES (20, 169);
INSERT INTO MemberPermissions (Permission, Member) VALUES (26, 170);
INSERT INTO MemberPermissions (Permission, Member) VALUES (26, 171);
INSERT INTO MemberPermissions (Permission, Member) VALUES (27, 172);
INSERT INTO MemberPermissions (Permission, Member) VALUES (26, 173);
INSERT INTO MemberPermissions (Permission, Member) VALUES (5, 174);
INSERT INTO MemberPermissions (Permission, Member) VALUES (26, 175);
INSERT INTO MemberPermissions (Permission, Member) VALUES (21, 176);
INSERT INTO MemberPermissions (Permission, Member) VALUES (5, 177);
INSERT INTO MemberPermissions (Permission, Member) VALUES (5, 178);
INSERT INTO MemberPermissions (Permission, Member) VALUES (23, 179);
INSERT INTO MemberPermissions (Permission, Member) VALUES (24, 180);
INSERT INTO MemberPermissions (Permission, Member) VALUES (5, 181);
INSERT INTO MemberPermissions (Permission, Member) VALUES (24, 182);
INSERT INTO MemberPermissions (Permission, Member) VALUES (5, 183);
INSERT INTO MemberPermissions (Permission, Member) VALUES (5, 184);
INSERT INTO MemberPermissions (Permission, Member) VALUES (20, 185);
INSERT INTO MemberPermissions (Permission, Member) VALUES (5, 186);
INSERT INTO MemberPermissions (Permission, Member) VALUES (5, 187);
INSERT INTO MemberPermissions (Permission, Member) VALUES (5, 188);
INSERT INTO MemberPermissions (Permission, Member) VALUES (26, 189);
INSERT INTO MemberPermissions (Permission, Member) VALUES (5, 190);
INSERT INTO MemberPermissions (Permission, Member) VALUES (27, 191);
INSERT INTO MemberPermissions (Permission, Member) VALUES (5, 192);
INSERT INTO MemberPermissions (Permission, Member) VALUES (23, 193);
INSERT INTO MemberPermissions (Permission, Member) VALUES (5, 194);
INSERT INTO MemberPermissions (Permission, Member) VALUES (21, 195);
INSERT INTO MemberPermissions (Permission, Member) VALUES (26, 196);
INSERT INTO MemberPermissions (Permission, Member) VALUES (5, 197);
INSERT INTO MemberPermissions (Permission, Member) VALUES (22, 198);
INSERT INTO MemberPermissions (Permission, Member) VALUES (5, 199);

-- 🎪 EVENTS
INSERT INTO Event (ID, Author, PartySize, MaxSize, EventLoc, Randomized, Name, Description, MeetLoc, LeadOrg, EventType, RecItems, Picture, EventDate) VALUES (100, 139, 17, 28, 'White Mountains NH', FALSE, 'Camping Fundamentals', 'Sea about air community work mouth. Case describe increase very compare guy collection. Drop fish other address.', 'Marino Center', 'Climbing Committee', 'Social', 'warm layers, headlamp, map', 'camping_fundamentals.jpg', '2025-10-28');
INSERT INTO Event (ID, Author, PartySize, MaxSize, EventLoc, Randomized, Name, Description, MeetLoc, LeadOrg, EventType, RecItems, Picture, EventDate) VALUES (101, 186, 8, 13, 'White Mountains NH', TRUE, 'Trail Maintenance Day', 'She sing exactly model. Several play action such.
Subject but several offer. Important final study admit make.', 'Curry Student Center', 'Hiking Committee', 'Educational', 'first aid kit, whistle, compass', 'trail_maintenance_day.jpg', '2025-11-05');
INSERT INTO Event (ID, Author, PartySize, MaxSize, EventLoc, Randomized, Name, Description, MeetLoc, LeadOrg, EventType, RecItems, Picture, EventDate) VALUES (102, 140, 15, 22, 'Campus', FALSE, 'Officer Elections', 'And your great others world. Democratic article skill model many. Lead notice early floor information baby.', 'Curry Student Center', 'Climbing Committee', 'Meeting', 'climbing shoes, harness, helmet', 'officer_elections.jpg', '2025-09-16');
INSERT INTO Event (ID, Author, PartySize, MaxSize, EventLoc, Randomized, Name, Description, MeetLoc, LeadOrg, EventType, RecItems, Picture, EventDate) VALUES (103, 130, 7, 23, 'Local Crag', FALSE, 'Beginner Rock Climbing', 'Amount side billion hold paper affect watch. Four camera building travel news. Or mission itself.', 'Curry Student Center', 'Social Committee', 'Competition', 'first aid kit, whistle, compass', 'beginner_rock_climbing.jpg', '2025-10-13');
INSERT INTO Event (ID, Author, PartySize, MaxSize, EventLoc, Randomized, Name, Description, MeetLoc, LeadOrg, EventType, RecItems, Picture, EventDate) VALUES (104, 128, 25, 36, 'Pub', FALSE, 'Photography Workshop', 'Require fact improve couple today.
Radio red message seat treatment like side. Walk sometimes step free this. Design agreement speech morning.', 'Campus Quad', 'Safety Committee', 'Competition', 'hiking boots, water, snacks', 'photography_workshop.jpg', '2025-10-23');
INSERT INTO Event (ID, Author, PartySize, MaxSize, EventLoc, Randomized, Name, Description, MeetLoc, LeadOrg, EventType, RecItems, Picture, EventDate) VALUES (105, 133, 15, 25, 'Marino Center', FALSE, 'New Member BBQ', 'Age value address very various above. Phone threat religious itself thank kitchen.', 'Campus Quad', 'Hiking Committee', 'Educational', 'first aid kit, whistle, compass', 'new_member_bbq.jpg', '2025-11-03');
INSERT INTO Event (ID, Author, PartySize, MaxSize, EventLoc, Randomized, Name, Description, MeetLoc, LeadOrg, EventType, RecItems, Picture, EventDate) VALUES (106, 166, 21, 30, 'Pub', FALSE, 'Trip Planning Session', 'Side put out those. Act lay seem exist office leg. Plan measure necessary teacher somebody generation.', 'Curry Student Center', 'Safety Committee', 'Social', 'notebook, pen, enthusiasm', 'trip_planning_session.jpg', '2025-10-09');
INSERT INTO Event (ID, Author, PartySize, MaxSize, EventLoc, Randomized, Name, Description, MeetLoc, LeadOrg, EventType, RecItems, Picture, EventDate) VALUES (107, 193, 18, 31, 'Campus', FALSE, 'Leave No Trace Training', 'Under religious test past that already treatment walk. Film thousand successful mother mission.', 'Campus Quad', 'Hiking Committee', 'Educational', 'hiking boots, water, snacks', 'leave_no_trace_training.jpg', '2025-08-18');
INSERT INTO Event (ID, Author, PartySize, MaxSize, EventLoc, Randomized, Name, Description, MeetLoc, LeadOrg, EventType, RecItems, Picture, EventDate) VALUES (108, 160, 29, 45, 'White Mountains NH', FALSE, 'Ski Touring Basics', 'Risk recognize wear former think less guess. Huge place give whether rest expert audience a. Interest tough travel garden. Family deep get.', 'Ruggles Station', 'Social Committee', 'Training', 'hiking boots, water, snacks', 'ski_touring_basics.jpg', '2025-10-08');
INSERT INTO Event (ID, Author, PartySize, MaxSize, EventLoc, Randomized, Name, Description, MeetLoc, LeadOrg, EventType, RecItems, Picture, EventDate) VALUES (109, 163, 11, 18, 'Marino Center', FALSE, 'Budget Planning Meeting', 'Sense hear marriage project. Visit grow follow talk eat. Continue why sister exist once everyone.', 'Marino Center', 'Safety Committee', 'Meeting', 'climbing shoes, harness, helmet', 'budget_planning_meeting.jpg', '2025-08-26');
INSERT INTO Event (ID, Author, PartySize, MaxSize, EventLoc, Randomized, Name, Description, MeetLoc, LeadOrg, EventType, RecItems, Picture, EventDate) VALUES (110, 110, 27, 47, 'Loj', FALSE, 'Advanced Mountaineering', 'Hot throughout start down. Wear alone security attention.', 'Back Bay Station', 'Social Committee', 'Outdoor', 'hiking boots, water, snacks', 'advanced_mountaineering.jpg', '2025-08-24');
INSERT INTO Event (ID, Author, PartySize, MaxSize, EventLoc, Randomized, Name, Description, MeetLoc, LeadOrg, EventType, RecItems, Picture, EventDate) VALUES (111, 179, 14, 33, 'Marino Center', FALSE, 'Gear Sale Event', 'Deep management want hot foreign. Whom mouth also person population new yeah chair. Employee mean without simply successful image.', 'Curry Student Center', 'Social Committee', 'Meeting', 'sleeping bag, tent, camp stove', 'gear_sale_event.jpg', '2025-09-05');
INSERT INTO Event (ID, Author, PartySize, MaxSize, EventLoc, Randomized, Name, Description, MeetLoc, LeadOrg, EventType, RecItems, Picture, EventDate) VALUES (112, 103, 19, 37, 'Marino Center', FALSE, 'Camping Fundamentals', 'Ability debate receive goal I. Energy foot happen both reduce approach kid. Always ago picture today customer pretty.', 'Marino Center', 'Safety Committee', 'Competition', 'sleeping bag, tent, camp stove', 'camping_fundamentals.jpg', '2025-11-07');
INSERT INTO Event (ID, Author, PartySize, MaxSize, EventLoc, Randomized, Name, Description, MeetLoc, LeadOrg, EventType, RecItems, Picture, EventDate) VALUES (113, 113, 9, 17, 'Centennial', FALSE, 'Winter Camping Prep', 'Admit bit officer order. Partner alone expect. Big film road must program customer suffer.', 'Marino Center', 'Safety Committee', 'Meeting', 'notebook, pen, enthusiasm', 'winter_camping_prep.jpg', '2025-11-08');
INSERT INTO Event (ID, Author, PartySize, MaxSize, EventLoc, Randomized, Name, Description, MeetLoc, LeadOrg, EventType, RecItems, Picture, EventDate) VALUES (114, 110, 12, 28, 'Marino Center', FALSE, 'Avalanche Safety Course', 'Smile according such just traditional cause. Save score job. Three success wall here.', 'Back Bay Station', 'Membership Committee', 'Educational', 'notebook, pen, enthusiasm', 'avalanche_safety_course.jpg', '2025-11-05');
INSERT INTO Event (ID, Author, PartySize, MaxSize, EventLoc, Randomized, Name, Description, MeetLoc, LeadOrg, EventType, RecItems, Picture, EventDate) VALUES (115, 199, 9, 29, 'White Mountains NH', FALSE, 'Wilderness First Aid', 'Already old less scene dream. Although lead plan wife less thought fly draw.
Production visit sure around cell discuss. Case cultural beat best.', 'Ruggles Station', 'Social Committee', 'Competition', 'sleeping bag, tent, camp stove', 'wilderness_first_aid.jpg', '2025-11-01');
INSERT INTO Event (ID, Author, PartySize, MaxSize, EventLoc, Randomized, Name, Description, MeetLoc, LeadOrg, EventType, RecItems, Picture, EventDate) VALUES (116, 142, 6, 19, 'Local Crag', TRUE, 'Wilderness First Aid', 'Receive draw style bank television enough support. Assume name main image open section.', 'Campus Quad', 'Social Committee', 'Training', 'climbing shoes, harness, helmet', 'wilderness_first_aid.jpg', '2025-08-26');
INSERT INTO Event (ID, Author, PartySize, MaxSize, EventLoc, Randomized, Name, Description, MeetLoc, LeadOrg, EventType, RecItems, Picture, EventDate) VALUES (117, 176, 16, 30, 'Centennial', FALSE, 'Monthly Social Dinner', 'Thank accept indicate source case line. Star nation in.', 'Campus Quad', 'Climbing Committee', 'Social', 'climbing shoes, harness, helmet', 'monthly_social_dinner.jpg', '2025-08-28');
INSERT INTO Event (ID, Author, PartySize, MaxSize, EventLoc, Randomized, Name, Description, MeetLoc, LeadOrg, EventType, RecItems, Picture, EventDate) VALUES (118, 183, 9, 24, 'White Mountains NH', FALSE, 'Peak Bagging Challenge', 'To wait evening environment speech happen. Fly tough above PM south.
Better cell child strategy. Glass political quite born trial.', 'Back Bay Station', 'Membership Committee', 'Training', 'sleeping bag, tent, camp stove', 'peak_bagging_challenge.jpg', '2025-09-18');
INSERT INTO Event (ID, Author, PartySize, MaxSize, EventLoc, Randomized, Name, Description, MeetLoc, LeadOrg, EventType, RecItems, Picture, EventDate) VALUES (119, 123, 8, 16, 'Marino Center', FALSE, 'Advanced Mountaineering', 'Writer find particular that world radio defense. Yes position oil hard show. Note police individual commercial year free party.', 'Back Bay Station', 'Membership Committee', 'Meeting', 'climbing shoes, harness, helmet', 'advanced_mountaineering.jpg', '2025-10-18');
INSERT INTO Event (ID, Author, PartySize, MaxSize, EventLoc, Randomized, Name, Description, MeetLoc, LeadOrg, EventType, RecItems, Picture, EventDate) VALUES (120, 166, 19, 30, 'Loj', TRUE, 'Trail Maintenance Day', 'Quality fear cost write sister fund fall growth. Draw here require deep. Relationship finish she card.', 'Campus Quad', 'Social Committee', 'Meeting', 'climbing shoes, harness, helmet', 'trail_maintenance_day.jpg', '2025-09-25');
INSERT INTO Event (ID, Author, PartySize, MaxSize, EventLoc, Randomized, Name, Description, MeetLoc, LeadOrg, EventType, RecItems, Picture, EventDate) VALUES (121, 159, 23, 42, 'Marino Center', FALSE, 'Trail Maintenance Day', 'Above along current need. Throughout amount test discover history.', 'Back Bay Station', 'Hiking Committee', 'Outdoor', 'climbing shoes, harness, helmet', 'trail_maintenance_day.jpg', '2025-09-01');
INSERT INTO Event (ID, Author, PartySize, MaxSize, EventLoc, Randomized, Name, Description, MeetLoc, LeadOrg, EventType, RecItems, Picture, EventDate) VALUES (122, 105, 14, 25, 'Gear Room', FALSE, 'Ice Climbing Introduction', 'Pattern call special say ground even product break. Off example rather. There other yard president concern one.', 'Curry Student Center', 'Membership Committee', 'Training', 'hiking boots, water, snacks', 'ice_climbing_introduction.jpg', '2025-08-21');
INSERT INTO Event (ID, Author, PartySize, MaxSize, EventLoc, Randomized, Name, Description, MeetLoc, LeadOrg, EventType, RecItems, Picture, EventDate) VALUES (123, 164, 7, 22, 'Loj', FALSE, 'Ice Climbing Introduction', 'Want may ball exactly enter. Walk treat wish if type page. Nature third recent lose very easy attack.', 'Campus Quad', 'Safety Committee', 'Social', 'warm layers, headlamp, map', 'ice_climbing_introduction.jpg', '2025-10-14');
INSERT INTO Event (ID, Author, PartySize, MaxSize, EventLoc, Randomized, Name, Description, MeetLoc, LeadOrg, EventType, RecItems, Picture, EventDate) VALUES (124, 124, 12, 26, 'Local Crag', FALSE, 'Safety Committee Meeting', 'Front six each later behind report move.
Chance career add mouth pay article part. Scene thus can.', 'Marino Center', 'Social Committee', 'Training', 'hiking boots, water, snacks', 'safety_committee_meeting.jpg', '2025-09-26');
INSERT INTO Event (ID, Author, PartySize, MaxSize, EventLoc, Randomized, Name, Description, MeetLoc, LeadOrg, EventType, RecItems, Picture, EventDate) VALUES (125, 135, 5, 15, 'Local Crag', FALSE, 'Avalanche Safety Course', 'Grow truth act discuss. If bed baby teach item open. Magazine card process kitchen travel through.', 'Campus Quad', 'Climbing Committee', 'Training', 'first aid kit, whistle, compass', 'avalanche_safety_course.jpg', '2025-08-22');
INSERT INTO Event (ID, Author, PartySize, MaxSize, EventLoc, Randomized, Name, Description, MeetLoc, LeadOrg, EventType, RecItems, Picture, EventDate) VALUES (126, 121, 20, 29, 'White Mountains NH', FALSE, 'Gear Maintenance Session', 'Affect central military economic design produce. Door less produce return American agency growth. Score high mean approach.
Upon show street student.', 'Back Bay Station', 'Safety Committee', 'Outdoor', 'climbing shoes, harness, helmet', 'gear_maintenance_session.jpg', '2025-10-04');
INSERT INTO Event (ID, Author, PartySize, MaxSize, EventLoc, Randomized, Name, Description, MeetLoc, LeadOrg, EventType, RecItems, Picture, EventDate) VALUES (127, 181, 21, 31, 'Loj', FALSE, 'Budget Planning Meeting', 'Forward ten whole tell break condition. Law government language appear. Language nor performance artist up.', 'Marino Center', 'Hiking Committee', 'Outdoor', 'hiking boots, water, snacks', 'budget_planning_meeting.jpg', '2025-10-06');
INSERT INTO Event (ID, Author, PartySize, MaxSize, EventLoc, Randomized, Name, Description, MeetLoc, LeadOrg, EventType, RecItems, Picture, EventDate) VALUES (128, 168, 23, 36, 'Gear Room', FALSE, 'Avalanche Safety Course', 'Appear it all expect debate. Give several leg. Between realize front.', 'Ruggles Station', 'Safety Committee', 'Educational', 'climbing shoes, harness, helmet', 'avalanche_safety_course.jpg', '2025-08-26');
INSERT INTO Event (ID, Author, PartySize, MaxSize, EventLoc, Randomized, Name, Description, MeetLoc, LeadOrg, EventType, RecItems, Picture, EventDate) VALUES (129, 198, 7, 16, 'Centennial', FALSE, 'Film Night: Mountain Movies', 'Agency answer news send. Out amount cause accept miss. It never himself her.', 'Marino Center', 'Membership Committee', 'Meeting', 'climbing shoes, harness, helmet', 'film_night_mountain_movies.jpg', '2025-10-20');
INSERT INTO Event (ID, Author, PartySize, MaxSize, EventLoc, Randomized, Name, Description, MeetLoc, LeadOrg, EventType, RecItems, Picture, EventDate) VALUES (130, 135, 9, 14, 'Marino Center', FALSE, 'Wilderness First Aid', 'Hear newspaper hotel agent see care. Ok movement receive yourself administration. Television indicate sense raise all quite.', 'Curry Student Center', 'Climbing Committee', 'Meeting', 'climbing shoes, harness, helmet', 'wilderness_first_aid.jpg', '2025-08-29');
INSERT INTO Event (ID, Author, PartySize, MaxSize, EventLoc, Randomized, Name, Description, MeetLoc, LeadOrg, EventType, RecItems, Picture, EventDate) VALUES (131, 136, 10, 16, 'Local Crag', FALSE, 'Trail Maintenance Day', 'Have relate at deal treatment cost receive. Medical student season point thought place. Old eye source test help.', 'Back Bay Station', 'Climbing Committee', 'Educational', 'warm layers, headlamp, map', 'trail_maintenance_day.jpg', '2025-09-08');
INSERT INTO Event (ID, Author, PartySize, MaxSize, EventLoc, Randomized, Name, Description, MeetLoc, LeadOrg, EventType, RecItems, Picture, EventDate) VALUES (132, 133, 23, 34, 'Pub', FALSE, 'Safety Committee Meeting', 'Support simple down consumer deal picture. Hit few it. Both everybody until.
Evidence environment boy meet rich.', 'Campus Quad', 'Social Committee', 'Competition', 'climbing shoes, harness, helmet', 'safety_committee_meeting.jpg', '2025-10-17');
INSERT INTO Event (ID, Author, PartySize, MaxSize, EventLoc, Randomized, Name, Description, MeetLoc, LeadOrg, EventType, RecItems, Picture, EventDate) VALUES (133, 151, 30, 50, 'Loj', FALSE, 'Sunrise Photography Hike', 'Organization head money build skin. Pretty you perform professional. Deal region cover able.', 'Curry Student Center', 'Membership Committee', 'Meeting', 'notebook, pen, enthusiasm', 'sunrise_photography_hike.jpg', '2025-11-05');
INSERT INTO Event (ID, Author, PartySize, MaxSize, EventLoc, Randomized, Name, Description, MeetLoc, LeadOrg, EventType, RecItems, Picture, EventDate) VALUES (134, 164, 13, 30, 'Local Crag', FALSE, 'Officer Elections', 'Subject doctor state I. These up staff law director alone.
Yeah throughout happy case discover even. Role group kind movie far.', 'Ruggles Station', 'Hiking Committee', 'Social', 'sleeping bag, tent, camp stove', 'officer_elections.jpg', '2025-08-28');
INSERT INTO Event (ID, Author, PartySize, MaxSize, EventLoc, Randomized, Name, Description, MeetLoc, LeadOrg, EventType, RecItems, Picture, EventDate) VALUES (135, 159, 9, 17, 'Centennial', FALSE, 'Advanced Mountaineering', 'Make continue happen her. Get must way stop. Whatever court hard item company. Than certain on yeah year easy media.', 'Campus Quad', 'Membership Committee', 'Training', 'sleeping bag, tent, camp stove', 'advanced_mountaineering.jpg', '2025-10-14');
INSERT INTO Event (ID, Author, PartySize, MaxSize, EventLoc, Randomized, Name, Description, MeetLoc, LeadOrg, EventType, RecItems, Picture, EventDate) VALUES (136, 108, 22, 42, 'Campus', FALSE, 'Trail Maintenance Day', 'Your education century since.
Court building citizen skill goal two. Economy husband strategy everything agree. Than check amount player chair.', 'Back Bay Station', 'Hiking Committee', 'Social', 'climbing shoes, harness, helmet', 'trail_maintenance_day.jpg', '2025-10-30');
INSERT INTO Event (ID, Author, PartySize, MaxSize, EventLoc, Randomized, Name, Description, MeetLoc, LeadOrg, EventType, RecItems, Picture, EventDate) VALUES (137, 144, 26, 36, 'Local Crag', TRUE, 'Gear Maintenance Session', 'Billion miss compare. Remember him pull long skin but.', 'Curry Student Center', 'Membership Committee', 'Meeting', 'hiking boots, water, snacks', 'gear_maintenance_session.jpg', '2025-10-14');
INSERT INTO Event (ID, Author, PartySize, MaxSize, EventLoc, Randomized, Name, Description, MeetLoc, LeadOrg, EventType, RecItems, Picture, EventDate) VALUES (138, 163, 8, 22, 'White Mountains NH', FALSE, 'Camping Fundamentals', 'Reason trouble throughout memory yard. Environmental enough city bank mind during. Red garden source eight kid wonder tell.', 'Campus Quad', 'Climbing Committee', 'Outdoor', 'notebook, pen, enthusiasm', 'camping_fundamentals.jpg', '2025-10-22');
INSERT INTO Event (ID, Author, PartySize, MaxSize, EventLoc, Randomized, Name, Description, MeetLoc, LeadOrg, EventType, RecItems, Picture, EventDate) VALUES (139, 123, 28, 48, 'White Mountains NH', TRUE, 'Trail Maintenance Day', 'Hope speech day who worker care include. Month by account culture. Avoid bring front decide top.
Treat task push upon. Trip I cultural.', 'Curry Student Center', 'Safety Committee', 'Training', 'warm layers, headlamp, map', 'trail_maintenance_day.jpg', '2025-10-27');
INSERT INTO Event (ID, Author, PartySize, MaxSize, EventLoc, Randomized, Name, Description, MeetLoc, LeadOrg, EventType, RecItems, Picture, EventDate) VALUES (140, 133, 12, 31, 'Local Crag', FALSE, 'Beginner Rock Climbing', 'Side foreign sometimes present say learn usually understand. Sure represent relationship clear people truth. From apply give kid.', 'Ruggles Station', 'Safety Committee', 'Outdoor', 'sleeping bag, tent, camp stove', 'beginner_rock_climbing.jpg', '2025-09-30');
INSERT INTO Event (ID, Author, PartySize, MaxSize, EventLoc, Randomized, Name, Description, MeetLoc, LeadOrg, EventType, RecItems, Picture, EventDate) VALUES (141, 162, 17, 35, 'Local Crag', FALSE, 'Trip Planning Session', 'Animal brother second near blue. However outside conference table pressure. Green however benefit west.
Risk find key into body provide control.', 'Ruggles Station', 'Social Committee', 'Social', 'hiking boots, water, snacks', 'trip_planning_session.jpg', '2025-09-20');
INSERT INTO Event (ID, Author, PartySize, MaxSize, EventLoc, Randomized, Name, Description, MeetLoc, LeadOrg, EventType, RecItems, Picture, EventDate) VALUES (142, 125, 18, 23, 'Pub', FALSE, 'New Member BBQ', 'Section firm season. Society ok plant production.
Consumer well draw child pay small avoid. Exist road wear simply.', 'Back Bay Station', 'Climbing Committee', 'Social', 'first aid kit, whistle, compass', 'new_member_bbq.jpg', '2025-08-24');
INSERT INTO Event (ID, Author, PartySize, MaxSize, EventLoc, Randomized, Name, Description, MeetLoc, LeadOrg, EventType, RecItems, Picture, EventDate) VALUES (143, 188, 14, 33, 'Gear Room', FALSE, 'Budget Planning Meeting', 'Central book hotel each purpose different. Seek into pattern among. Here resource process defense film seem.', 'Curry Student Center', 'Social Committee', 'Competition', 'hiking boots, water, snacks', 'budget_planning_meeting.jpg', '2025-09-08');
INSERT INTO Event (ID, Author, PartySize, MaxSize, EventLoc, Randomized, Name, Description, MeetLoc, LeadOrg, EventType, RecItems, Picture, EventDate) VALUES (144, 190, 11, 27, 'Local Crag', FALSE, 'Camping Fundamentals', 'Represent likely director forward contain. Heart one though address page manager.', 'Back Bay Station', 'Safety Committee', 'Training', 'sleeping bag, tent, camp stove', 'camping_fundamentals.jpg', '2025-09-05');
INSERT INTO Event (ID, Author, PartySize, MaxSize, EventLoc, Randomized, Name, Description, MeetLoc, LeadOrg, EventType, RecItems, Picture, EventDate) VALUES (145, 166, 7, 22, 'Gear Room', FALSE, 'Photography Workshop', 'None raise item we.
Great Republican serve professional live us. Trial training hour benefit. Professor culture general account often pull new.', 'Campus Quad', 'Hiking Committee', 'Social', 'notebook, pen, enthusiasm', 'photography_workshop.jpg', '2025-09-05');
INSERT INTO Event (ID, Author, PartySize, MaxSize, EventLoc, Randomized, Name, Description, MeetLoc, LeadOrg, EventType, RecItems, Picture, EventDate) VALUES (146, 159, 16, 21, 'Gear Room', FALSE, 'Wilderness First Aid', 'It financial region think when fly them consider. Still remember heavy best.', 'Back Bay Station', 'Climbing Committee', 'Social', 'hiking boots, water, snacks', 'wilderness_first_aid.jpg', '2025-10-02');
INSERT INTO Event (ID, Author, PartySize, MaxSize, EventLoc, Randomized, Name, Description, MeetLoc, LeadOrg, EventType, RecItems, Picture, EventDate) VALUES (147, 185, 16, 29, 'Gear Room', FALSE, 'Monthly Social Dinner', 'Far clearly bank explain husband common foot word. Including well blood.', 'Campus Quad', 'Social Committee', 'Training', 'hiking boots, water, snacks', 'monthly_social_dinner.jpg', '2025-11-04');
INSERT INTO Event (ID, Author, PartySize, MaxSize, EventLoc, Randomized, Name, Description, MeetLoc, LeadOrg, EventType, RecItems, Picture, EventDate) VALUES (148, 116, 5, 16, 'Pub', FALSE, 'White Mountain Day Hike', 'Church after ground. Until memory much. Into use network point then turn.
Door success do name position budget bank. Leave seat consumer PM away.', 'Ruggles Station', 'Climbing Committee', 'Meeting', 'hiking boots, water, snacks', 'white_mountain_day_hike.jpg', '2025-10-10');
INSERT INTO Event (ID, Author, PartySize, MaxSize, EventLoc, Randomized, Name, Description, MeetLoc, LeadOrg, EventType, RecItems, Picture, EventDate) VALUES (149, 143, 20, 27, 'Gear Room', FALSE, 'Safety Committee Meeting', 'Respond physical wrong wind phone marriage. Learn officer ever story spring week. Apply though Democrat newspaper.', 'Ruggles Station', 'Safety Committee', 'Educational', 'warm layers, headlamp, map', 'safety_committee_meeting.jpg', '2025-08-12');

-- 📋 EVENT ROSTER
INSERT INTO EventRoster (ID, Event, Member, DateRegistered, Waitlisted) VALUES (100, 100, 157, '2025-08-06 19:31:27', FALSE);
INSERT INTO EventRoster (ID, Event, Member, DateRegistered, Waitlisted) VALUES (101, 100, 144, '2025-07-14 20:15:40', FALSE);
INSERT INTO EventRoster (ID, Event, Member, DateRegistered, Waitlisted) VALUES (102, 100, 104, '2025-07-23 13:12:02', FALSE);
INSERT INTO EventRoster (ID, Event, Member, DateRegistered, Waitlisted) VALUES (103, 100, 147, '2025-08-11 01:44:16', FALSE);
INSERT INTO EventRoster (ID, Event, Member, DateRegistered, Waitlisted) VALUES (104, 100, 125, '2025-08-02 14:06:39', FALSE);
INSERT INTO EventRoster (ID, Event, Member, DateRegistered, Waitlisted) VALUES (105, 100, 150, '2025-07-29 16:28:31', FALSE);
INSERT INTO EventRoster (ID, Event, Member, DateRegistered, Waitlisted) VALUES (106, 100, 107, '2025-07-18 23:17:02', FALSE);
INSERT INTO EventRoster (ID, Event, Member, DateRegistered, Waitlisted) VALUES (107, 100, 103, '2025-08-11 06:48:17', FALSE);
INSERT INTO EventRoster (ID, Event, Member, DateRegistered, Waitlisted) VALUES (108, 100, 119, '2025-07-24 17:18:20', FALSE);
INSERT INTO EventRoster (ID, Event, Member, DateRegistered, Waitlisted) VALUES (109, 100, 165, '2025-08-11 04:25:15', FALSE);
INSERT INTO EventRoster (ID, Event, Member, DateRegistered, Waitlisted) VALUES (110, 100, 142, '2025-08-04 12:28:38', FALSE);
INSERT INTO EventRoster (ID, Event, Member, DateRegistered, Waitlisted) VALUES (111, 100, 152, '2025-08-09 06:09:48', FALSE);
INSERT INTO EventRoster (ID, Event, Member, DateRegistered, Waitlisted) VALUES (112, 100, 135, '2025-08-11 07:04:50', FALSE);
INSERT INTO EventRoster (ID, Event, Member, DateRegistered, Waitlisted) VALUES (113, 101, 130, '2025-07-22 16:57:02', FALSE);
INSERT INTO EventRoster (ID, Event, Member, DateRegistered, Waitlisted) VALUES (114, 101, 142, '2025-07-20 15:11:27', TRUE);
INSERT INTO EventRoster (ID, Event, Member, DateRegistered, Waitlisted) VALUES (115, 101, 188, '2025-08-05 15:39:01', FALSE);
INSERT INTO EventRoster (ID, Event, Member, DateRegistered, Waitlisted) VALUES (116, 101, 147, '2025-08-01 11:13:15', FALSE);
INSERT INTO EventRoster (ID, Event, Member, DateRegistered, Waitlisted) VALUES (117, 101, 110, '2025-07-25 05:57:48', TRUE);
INSERT INTO EventRoster (ID, Event, Member, DateRegistered, Waitlisted) VALUES (118, 101, 122, '2025-08-08 22:09:51', FALSE);
INSERT INTO EventRoster (ID, Event, Member, DateRegistered, Waitlisted) VALUES (119, 101, 101, '2025-08-03 23:54:15', FALSE);
INSERT INTO EventRoster (ID, Event, Member, DateRegistered, Waitlisted) VALUES (120, 101, 162, '2025-08-11 10:38:29', FALSE);
INSERT INTO EventRoster (ID, Event, Member, DateRegistered, Waitlisted) VALUES (121, 101, 180, '2025-08-03 02:58:04', FALSE);
INSERT INTO EventRoster (ID, Event, Member, DateRegistered, Waitlisted) VALUES (122, 101, 174, '2025-07-30 18:08:48', FALSE);
INSERT INTO EventRoster (ID, Event, Member, DateRegistered, Waitlisted) VALUES (123, 101, 166, '2025-07-17 00:35:33', FALSE);
INSERT INTO EventRoster (ID, Event, Member, DateRegistered, Waitlisted) VALUES (124, 101, 168, '2025-07-26 15:49:52', FALSE);
INSERT INTO EventRoster (ID, Event, Member, DateRegistered, Waitlisted) VALUES (125, 102, 137, '2025-08-06 02:38:59', FALSE);
INSERT INTO EventRoster (ID, Event, Member, DateRegistered, Waitlisted) VALUES (126, 102, 149, '2025-07-27 08:50:25', FALSE);
INSERT INTO EventRoster (ID, Event, Member, DateRegistered, Waitlisted) VALUES (127, 102, 181, '2025-07-25 15:32:19', FALSE);
INSERT INTO EventRoster (ID, Event, Member, DateRegistered, Waitlisted) VALUES (128, 102, 197, '2025-07-14 21:34:51', FALSE);
INSERT INTO EventRoster (ID, Event, Member, DateRegistered, Waitlisted) VALUES (129, 102, 111, '2025-07-30 07:23:35', FALSE);
INSERT INTO EventRoster (ID, Event, Member, DateRegistered, Waitlisted) VALUES (130, 102, 120, '2025-07-23 00:59:58', FALSE);
INSERT INTO EventRoster (ID, Event, Member, DateRegistered, Waitlisted) VALUES (131, 102, 175, '2025-08-10 17:43:11', FALSE);
INSERT INTO EventRoster (ID, Event, Member, DateRegistered, Waitlisted) VALUES (132, 102, 151, '2025-08-07 12:57:32', FALSE);
INSERT INTO EventRoster (ID, Event, Member, DateRegistered, Waitlisted) VALUES (133, 102, 110, '2025-08-07 16:00:43', FALSE);
INSERT INTO EventRoster (ID, Event, Member, DateRegistered, Waitlisted) VALUES (134, 102, 103, '2025-07-19 20:20:23', FALSE);
INSERT INTO EventRoster (ID, Event, Member, DateRegistered, Waitlisted) VALUES (135, 102, 146, '2025-07-22 02:36:02', FALSE);
INSERT INTO EventRoster (ID, Event, Member, DateRegistered, Waitlisted) VALUES (136, 102, 188, '2025-08-01 22:51:37', FALSE);
INSERT INTO EventRoster (ID, Event, Member, DateRegistered, Waitlisted) VALUES (137, 102, 183, '2025-07-23 19:30:08', FALSE);
INSERT INTO EventRoster (ID, Event, Member, DateRegistered, Waitlisted) VALUES (138, 102, 141, '2025-07-27 07:59:24', FALSE);
INSERT INTO EventRoster (ID, Event, Member, DateRegistered, Waitlisted) VALUES (139, 102, 105, '2025-08-01 03:12:55', FALSE);
INSERT INTO EventRoster (ID, Event, Member, DateRegistered, Waitlisted) VALUES (140, 102, 118, '2025-08-05 01:01:51', FALSE);
INSERT INTO EventRoster (ID, Event, Member, DateRegistered, Waitlisted) VALUES (141, 102, 169, '2025-08-03 11:28:45', FALSE);
INSERT INTO EventRoster (ID, Event, Member, DateRegistered, Waitlisted) VALUES (142, 102, 165, '2025-08-03 11:42:15', FALSE);
INSERT INTO EventRoster (ID, Event, Member, DateRegistered, Waitlisted) VALUES (143, 102, 116, '2025-07-27 13:32:17', FALSE);
INSERT INTO EventRoster (ID, Event, Member, DateRegistered, Waitlisted) VALUES (144, 102, 133, '2025-08-09 22:38:41', FALSE);
INSERT INTO EventRoster (ID, Event, Member, DateRegistered, Waitlisted) VALUES (145, 102, 136, '2025-08-09 06:09:09', FALSE);
INSERT INTO EventRoster (ID, Event, Member, DateRegistered, Waitlisted) VALUES (146, 102, 196, '2025-08-09 17:20:40', FALSE);
INSERT INTO EventRoster (ID, Event, Member, DateRegistered, Waitlisted) VALUES (147, 102, 131, '2025-08-11 14:04:43', FALSE);
INSERT INTO EventRoster (ID, Event, Member, DateRegistered, Waitlisted) VALUES (148, 102, 113, '2025-08-04 11:36:24', FALSE);
INSERT INTO EventRoster (ID, Event, Member, DateRegistered, Waitlisted) VALUES (149, 102, 187, '2025-08-06 22:23:40', FALSE);
INSERT INTO EventRoster (ID, Event, Member, DateRegistered, Waitlisted) VALUES (150, 102, 155, '2025-07-23 10:49:43', FALSE);
INSERT INTO EventRoster (ID, Event, Member, DateRegistered, Waitlisted) VALUES (151, 103, 182, '2025-07-19 10:18:22', FALSE);
INSERT INTO EventRoster (ID, Event, Member, DateRegistered, Waitlisted) VALUES (152, 103, 196, '2025-07-16 21:58:50', FALSE);
INSERT INTO EventRoster (ID, Event, Member, DateRegistered, Waitlisted) VALUES (153, 103, 184, '2025-08-10 21:49:15', FALSE);
INSERT INTO EventRoster (ID, Event, Member, DateRegistered, Waitlisted) VALUES (154, 103, 195, '2025-08-03 17:45:27', FALSE);
INSERT INTO EventRoster (ID, Event, Member, DateRegistered, Waitlisted) VALUES (155, 103, 112, '2025-08-07 17:57:32', FALSE);
INSERT INTO EventRoster (ID, Event, Member, DateRegistered, Waitlisted) VALUES (156, 103, 164, '2025-08-02 08:43:08', FALSE);
INSERT INTO EventRoster (ID, Event, Member, DateRegistered, Waitlisted) VALUES (157, 103, 110, '2025-07-22 10:18:59', FALSE);
INSERT INTO EventRoster (ID, Event, Member, DateRegistered, Waitlisted) VALUES (158, 103, 147, '2025-08-06 06:36:38', TRUE);
INSERT INTO EventRoster (ID, Event, Member, DateRegistered, Waitlisted) VALUES (159, 103, 133, '2025-07-30 16:27:06', FALSE);
INSERT INTO EventRoster (ID, Event, Member, DateRegistered, Waitlisted) VALUES (160, 103, 188, '2025-08-06 18:52:31', FALSE);
INSERT INTO EventRoster (ID, Event, Member, DateRegistered, Waitlisted) VALUES (161, 104, 122, '2025-08-04 10:33:52', FALSE);
INSERT INTO EventRoster (ID, Event, Member, DateRegistered, Waitlisted) VALUES (162, 104, 136, '2025-07-29 01:43:43', FALSE);
INSERT INTO EventRoster (ID, Event, Member, DateRegistered, Waitlisted) VALUES (163, 104, 105, '2025-08-10 20:57:27', FALSE);
INSERT INTO EventRoster (ID, Event, Member, DateRegistered, Waitlisted) VALUES (164, 104, 193, '2025-07-24 07:25:01', FALSE);
INSERT INTO EventRoster (ID, Event, Member, DateRegistered, Waitlisted) VALUES (165, 104, 117, '2025-07-16 19:54:36', FALSE);
INSERT INTO EventRoster (ID, Event, Member, DateRegistered, Waitlisted) VALUES (166, 104, 158, '2025-08-03 11:50:46', FALSE);
INSERT INTO EventRoster (ID, Event, Member, DateRegistered, Waitlisted) VALUES (167, 104, 142, '2025-07-22 19:59:28', FALSE);
INSERT INTO EventRoster (ID, Event, Member, DateRegistered, Waitlisted) VALUES (168, 104, 188, '2025-07-22 10:02:31', FALSE);
INSERT INTO EventRoster (ID, Event, Member, DateRegistered, Waitlisted) VALUES (169, 104, 170, '2025-07-17 09:22:55', TRUE);
INSERT INTO EventRoster (ID, Event, Member, DateRegistered, Waitlisted) VALUES (170, 104, 165, '2025-07-18 05:09:31', FALSE);
INSERT INTO EventRoster (ID, Event, Member, DateRegistered, Waitlisted) VALUES (171, 104, 108, '2025-08-06 14:19:29', FALSE);
INSERT INTO EventRoster (ID, Event, Member, DateRegistered, Waitlisted) VALUES (172, 104, 152, '2025-07-31 20:02:24', FALSE);
INSERT INTO EventRoster (ID, Event, Member, DateRegistered, Waitlisted) VALUES (173, 104, 184, '2025-08-05 20:12:06', FALSE);
INSERT INTO EventRoster (ID, Event, Member, DateRegistered, Waitlisted) VALUES (174, 104, 130, '2025-08-08 10:37:18', FALSE);
INSERT INTO EventRoster (ID, Event, Member, DateRegistered, Waitlisted) VALUES (175, 104, 191, '2025-08-03 22:37:24', FALSE);
INSERT INTO EventRoster (ID, Event, Member, DateRegistered, Waitlisted) VALUES (176, 104, 118, '2025-07-28 07:41:42', FALSE);
INSERT INTO EventRoster (ID, Event, Member, DateRegistered, Waitlisted) VALUES (177, 104, 174, '2025-07-29 00:34:29', FALSE);
INSERT INTO EventRoster (ID, Event, Member, DateRegistered, Waitlisted) VALUES (178, 104, 144, '2025-07-26 01:54:05', FALSE);
INSERT INTO EventRoster (ID, Event, Member, DateRegistered, Waitlisted) VALUES (179, 104, 169, '2025-07-20 18:20:15', TRUE);
INSERT INTO EventRoster (ID, Event, Member, DateRegistered, Waitlisted) VALUES (180, 104, 138, '2025-07-22 06:13:12', FALSE);
INSERT INTO EventRoster (ID, Event, Member, DateRegistered, Waitlisted) VALUES (181, 104, 114, '2025-07-24 18:24:48', FALSE);
INSERT INTO EventRoster (ID, Event, Member, DateRegistered, Waitlisted) VALUES (182, 104, 121, '2025-07-29 19:17:00', FALSE);
INSERT INTO EventRoster (ID, Event, Member, DateRegistered, Waitlisted) VALUES (183, 104, 113, '2025-07-21 22:04:34', FALSE);
INSERT INTO EventRoster (ID, Event, Member, DateRegistered, Waitlisted) VALUES (184, 104, 110, '2025-08-11 14:29:21', FALSE);
INSERT INTO EventRoster (ID, Event, Member, DateRegistered, Waitlisted) VALUES (185, 104, 198, '2025-07-17 03:03:13', FALSE);
INSERT INTO EventRoster (ID, Event, Member, DateRegistered, Waitlisted) VALUES (186, 105, 125, '2025-07-27 04:19:08', FALSE);
INSERT INTO EventRoster (ID, Event, Member, DateRegistered, Waitlisted) VALUES (187, 105, 180, '2025-08-10 00:40:38', FALSE);
INSERT INTO EventRoster (ID, Event, Member, DateRegistered, Waitlisted) VALUES (188, 105, 179, '2025-08-04 00:35:13', FALSE);
INSERT INTO EventRoster (ID, Event, Member, DateRegistered, Waitlisted) VALUES (189, 105, 137, '2025-08-09 21:48:03', FALSE);
INSERT INTO EventRoster (ID, Event, Member, DateRegistered, Waitlisted) VALUES (190, 105, 112, '2025-07-29 13:33:31', FALSE);
INSERT INTO EventRoster (ID, Event, Member, DateRegistered, Waitlisted) VALUES (191, 105, 133, '2025-08-03 12:51:27', FALSE);
INSERT INTO EventRoster (ID, Event, Member, DateRegistered, Waitlisted) VALUES (192, 105, 102, '2025-08-09 07:24:06', FALSE);
INSERT INTO EventRoster (ID, Event, Member, DateRegistered, Waitlisted) VALUES (193, 105, 110, '2025-07-31 11:36:47', FALSE);
INSERT INTO EventRoster (ID, Event, Member, DateRegistered, Waitlisted) VALUES (194, 105, 196, '2025-07-23 16:48:00', FALSE);
INSERT INTO EventRoster (ID, Event, Member, DateRegistered, Waitlisted) VALUES (195, 105, 153, '2025-07-19 11:17:07', FALSE);
INSERT INTO EventRoster (ID, Event, Member, DateRegistered, Waitlisted) VALUES (196, 105, 173, '2025-07-28 05:13:28', FALSE);
INSERT INTO EventRoster (ID, Event, Member, DateRegistered, Waitlisted) VALUES (197, 105, 150, '2025-07-18 22:48:02', FALSE);
INSERT INTO EventRoster (ID, Event, Member, DateRegistered, Waitlisted) VALUES (198, 105, 195, '2025-07-24 16:13:09', FALSE);
INSERT INTO EventRoster (ID, Event, Member, DateRegistered, Waitlisted) VALUES (199, 105, 128, '2025-07-14 14:19:35', FALSE);
INSERT INTO EventRoster (ID, Event, Member, DateRegistered, Waitlisted) VALUES (200, 105, 199, '2025-08-03 05:39:44', TRUE);
INSERT INTO EventRoster (ID, Event, Member, DateRegistered, Waitlisted) VALUES (201, 105, 107, '2025-07-29 18:45:49', TRUE);
INSERT INTO EventRoster (ID, Event, Member, DateRegistered, Waitlisted) VALUES (202, 105, 161, '2025-08-09 03:49:57', FALSE);
INSERT INTO EventRoster (ID, Event, Member, DateRegistered, Waitlisted) VALUES (203, 105, 198, '2025-07-25 04:30:53', FALSE);
INSERT INTO EventRoster (ID, Event, Member, DateRegistered, Waitlisted) VALUES (204, 105, 149, '2025-07-29 18:22:56', FALSE);
INSERT INTO EventRoster (ID, Event, Member, DateRegistered, Waitlisted) VALUES (205, 105, 172, '2025-08-09 01:34:13', FALSE);
INSERT INTO EventRoster (ID, Event, Member, DateRegistered, Waitlisted) VALUES (206, 106, 182, '2025-08-02 07:30:56', FALSE);
INSERT INTO EventRoster (ID, Event, Member, DateRegistered, Waitlisted) VALUES (207, 106, 127, '2025-07-15 08:28:01', FALSE);
INSERT INTO EventRoster (ID, Event, Member, DateRegistered, Waitlisted) VALUES (208, 106, 152, '2025-07-20 00:23:46', TRUE);
INSERT INTO EventRoster (ID, Event, Member, DateRegistered, Waitlisted) VALUES (209, 106, 119, '2025-07-24 07:55:36', FALSE);
INSERT INTO EventRoster (ID, Event, Member, DateRegistered, Waitlisted) VALUES (210, 106, 100, '2025-08-08 06:48:51', FALSE);
INSERT INTO EventRoster (ID, Event, Member, DateRegistered, Waitlisted) VALUES (211, 106, 134, '2025-07-25 13:10:04', FALSE);
INSERT INTO EventRoster (ID, Event, Member, DateRegistered, Waitlisted) VALUES (212, 106, 122, '2025-07-17 20:47:36', FALSE);
INSERT INTO EventRoster (ID, Event, Member, DateRegistered, Waitlisted) VALUES (213, 106, 199, '2025-08-03 14:23:21', FALSE);
INSERT INTO EventRoster (ID, Event, Member, DateRegistered, Waitlisted) VALUES (214, 106, 178, '2025-08-11 03:46:07', FALSE);
INSERT INTO EventRoster (ID, Event, Member, DateRegistered, Waitlisted) VALUES (215, 106, 185, '2025-08-05 22:31:16', FALSE);
INSERT INTO EventRoster (ID, Event, Member, DateRegistered, Waitlisted) VALUES (216, 106, 153, '2025-07-27 15:29:23', FALSE);
INSERT INTO EventRoster (ID, Event, Member, DateRegistered, Waitlisted) VALUES (217, 106, 183, '2025-07-19 16:35:37', FALSE);
INSERT INTO EventRoster (ID, Event, Member, DateRegistered, Waitlisted) VALUES (218, 106, 109, '2025-07-25 12:08:20', FALSE);
INSERT INTO EventRoster (ID, Event, Member, DateRegistered, Waitlisted) VALUES (219, 106, 194, '2025-07-26 05:44:43', FALSE);
INSERT INTO EventRoster (ID, Event, Member, DateRegistered, Waitlisted) VALUES (220, 106, 110, '2025-07-29 14:00:55', FALSE);
INSERT INTO EventRoster (ID, Event, Member, DateRegistered, Waitlisted) VALUES (221, 106, 121, '2025-08-01 04:46:40', FALSE);
INSERT INTO EventRoster (ID, Event, Member, DateRegistered, Waitlisted) VALUES (222, 106, 112, '2025-08-06 19:25:37', FALSE);
INSERT INTO EventRoster (ID, Event, Member, DateRegistered, Waitlisted) VALUES (223, 106, 117, '2025-07-15 20:32:46', FALSE);
INSERT INTO EventRoster (ID, Event, Member, DateRegistered, Waitlisted) VALUES (224, 106, 172, '2025-08-05 08:45:34', FALSE);
INSERT INTO EventRoster (ID, Event, Member, DateRegistered, Waitlisted) VALUES (225, 106, 175, '2025-07-22 07:51:25', TRUE);
INSERT INTO EventRoster (ID, Event, Member, DateRegistered, Waitlisted) VALUES (226, 107, 185, '2025-08-04 15:53:33', FALSE);
INSERT INTO EventRoster (ID, Event, Member, DateRegistered, Waitlisted) VALUES (227, 107, 112, '2025-07-20 11:39:28', FALSE);
INSERT INTO EventRoster (ID, Event, Member, DateRegistered, Waitlisted) VALUES (228, 107, 156, '2025-08-06 01:39:36', FALSE);
INSERT INTO EventRoster (ID, Event, Member, DateRegistered, Waitlisted) VALUES (229, 107, 189, '2025-07-24 00:48:44', FALSE);
INSERT INTO EventRoster (ID, Event, Member, DateRegistered, Waitlisted) VALUES (230, 107, 138, '2025-07-30 06:29:59', FALSE);
INSERT INTO EventRoster (ID, Event, Member, DateRegistered, Waitlisted) VALUES (231, 107, 182, '2025-08-11 17:24:54', FALSE);
INSERT INTO EventRoster (ID, Event, Member, DateRegistered, Waitlisted) VALUES (232, 107, 136, '2025-07-27 08:23:03', FALSE);
INSERT INTO EventRoster (ID, Event, Member, DateRegistered, Waitlisted) VALUES (233, 107, 101, '2025-07-23 13:30:06', FALSE);
INSERT INTO EventRoster (ID, Event, Member, DateRegistered, Waitlisted) VALUES (234, 107, 131, '2025-07-29 11:49:22', FALSE);
INSERT INTO EventRoster (ID, Event, Member, DateRegistered, Waitlisted) VALUES (235, 107, 162, '2025-07-15 23:44:25', FALSE);
INSERT INTO EventRoster (ID, Event, Member, DateRegistered, Waitlisted) VALUES (236, 107, 169, '2025-07-19 03:14:22', FALSE);
INSERT INTO EventRoster (ID, Event, Member, DateRegistered, Waitlisted) VALUES (237, 107, 148, '2025-08-02 01:24:45', FALSE);
INSERT INTO EventRoster (ID, Event, Member, DateRegistered, Waitlisted) VALUES (238, 107, 130, '2025-07-28 18:43:49', FALSE);
INSERT INTO EventRoster (ID, Event, Member, DateRegistered, Waitlisted) VALUES (239, 107, 152, '2025-07-17 19:56:59', FALSE);
INSERT INTO EventRoster (ID, Event, Member, DateRegistered, Waitlisted) VALUES (240, 107, 108, '2025-07-25 11:47:02', FALSE);
INSERT INTO EventRoster (ID, Event, Member, DateRegistered, Waitlisted) VALUES (241, 108, 196, '2025-08-09 12:26:02', FALSE);
INSERT INTO EventRoster (ID, Event, Member, DateRegistered, Waitlisted) VALUES (242, 108, 146, '2025-07-27 22:56:38', FALSE);
INSERT INTO EventRoster (ID, Event, Member, DateRegistered, Waitlisted) VALUES (243, 108, 197, '2025-08-01 01:10:53', FALSE);
INSERT INTO EventRoster (ID, Event, Member, DateRegistered, Waitlisted) VALUES (244, 108, 168, '2025-07-18 18:05:03', FALSE);
INSERT INTO EventRoster (ID, Event, Member, DateRegistered, Waitlisted) VALUES (245, 108, 123, '2025-07-28 09:00:22', FALSE);
INSERT INTO EventRoster (ID, Event, Member, DateRegistered, Waitlisted) VALUES (246, 108, 178, '2025-08-11 16:00:34', FALSE);
INSERT INTO EventRoster (ID, Event, Member, DateRegistered, Waitlisted) VALUES (247, 108, 149, '2025-08-01 14:33:41', FALSE);
INSERT INTO EventRoster (ID, Event, Member, DateRegistered, Waitlisted) VALUES (248, 108, 155, '2025-07-26 21:06:15', FALSE);
INSERT INTO EventRoster (ID, Event, Member, DateRegistered, Waitlisted) VALUES (249, 108, 120, '2025-07-22 04:11:17', FALSE);
INSERT INTO EventRoster (ID, Event, Member, DateRegistered, Waitlisted) VALUES (250, 108, 131, '2025-08-01 08:46:22', FALSE);
INSERT INTO EventRoster (ID, Event, Member, DateRegistered, Waitlisted) VALUES (251, 108, 198, '2025-08-12 02:10:07', TRUE);
INSERT INTO EventRoster (ID, Event, Member, DateRegistered, Waitlisted) VALUES (252, 108, 140, '2025-08-07 02:57:59', FALSE);
INSERT INTO EventRoster (ID, Event, Member, DateRegistered, Waitlisted) VALUES (253, 108, 144, '2025-08-03 22:23:04', FALSE);
INSERT INTO EventRoster (ID, Event, Member, DateRegistered, Waitlisted) VALUES (254, 108, 111, '2025-08-02 23:11:26', FALSE);
INSERT INTO EventRoster (ID, Event, Member, DateRegistered, Waitlisted) VALUES (255, 108, 107, '2025-08-11 15:20:30', FALSE);
INSERT INTO EventRoster (ID, Event, Member, DateRegistered, Waitlisted) VALUES (256, 108, 188, '2025-07-25 08:56:43', FALSE);
INSERT INTO EventRoster (ID, Event, Member, DateRegistered, Waitlisted) VALUES (257, 108, 150, '2025-07-25 09:44:09', FALSE);
INSERT INTO EventRoster (ID, Event, Member, DateRegistered, Waitlisted) VALUES (258, 108, 108, '2025-07-16 18:06:45', FALSE);
INSERT INTO EventRoster (ID, Event, Member, DateRegistered, Waitlisted) VALUES (259, 108, 191, '2025-08-08 00:25:42', FALSE);
INSERT INTO EventRoster (ID, Event, Member, DateRegistered, Waitlisted) VALUES (260, 109, 129, '2025-08-09 08:25:35', FALSE);
INSERT INTO EventRoster (ID, Event, Member, DateRegistered, Waitlisted) VALUES (261, 109, 146, '2025-07-28 06:32:27', FALSE);
INSERT INTO EventRoster (ID, Event, Member, DateRegistered, Waitlisted) VALUES (262, 109, 110, '2025-08-03 14:51:38', FALSE);
INSERT INTO EventRoster (ID, Event, Member, DateRegistered, Waitlisted) VALUES (263, 109, 191, '2025-07-29 16:20:43', TRUE);
INSERT INTO EventRoster (ID, Event, Member, DateRegistered, Waitlisted) VALUES (264, 109, 115, '2025-07-20 09:42:35', FALSE);
INSERT INTO EventRoster (ID, Event, Member, DateRegistered, Waitlisted) VALUES (265, 109, 192, '2025-07-16 13:10:33', FALSE);
INSERT INTO EventRoster (ID, Event, Member, DateRegistered, Waitlisted) VALUES (266, 109, 195, '2025-08-11 09:50:49', FALSE);
INSERT INTO EventRoster (ID, Event, Member, DateRegistered, Waitlisted) VALUES (267, 109, 127, '2025-07-17 15:13:31', FALSE);
INSERT INTO EventRoster (ID, Event, Member, DateRegistered, Waitlisted) VALUES (268, 109, 197, '2025-07-20 00:29:15', FALSE);
INSERT INTO EventRoster (ID, Event, Member, DateRegistered, Waitlisted) VALUES (269, 109, 158, '2025-07-24 12:07:53', TRUE);
INSERT INTO EventRoster (ID, Event, Member, DateRegistered, Waitlisted) VALUES (270, 109, 103, '2025-07-23 02:10:10', FALSE);
INSERT INTO EventRoster (ID, Event, Member, DateRegistered, Waitlisted) VALUES (271, 109, 168, '2025-08-10 02:18:17', FALSE);
INSERT INTO EventRoster (ID, Event, Member, DateRegistered, Waitlisted) VALUES (272, 109, 154, '2025-07-15 23:17:04', FALSE);
INSERT INTO EventRoster (ID, Event, Member, DateRegistered, Waitlisted) VALUES (273, 110, 158, '2025-08-08 04:37:28', FALSE);
INSERT INTO EventRoster (ID, Event, Member, DateRegistered, Waitlisted) VALUES (274, 110, 141, '2025-07-21 06:03:46', FALSE);
INSERT INTO EventRoster (ID, Event, Member, DateRegistered, Waitlisted) VALUES (275, 110, 172, '2025-08-08 11:09:37', TRUE);
INSERT INTO EventRoster (ID, Event, Member, DateRegistered, Waitlisted) VALUES (276, 110, 124, '2025-08-01 07:38:58', FALSE);
INSERT INTO EventRoster (ID, Event, Member, DateRegistered, Waitlisted) VALUES (277, 110, 105, '2025-07-18 12:24:06', FALSE);
INSERT INTO EventRoster (ID, Event, Member, DateRegistered, Waitlisted) VALUES (278, 110, 107, '2025-07-14 09:40:06', FALSE);
INSERT INTO EventRoster (ID, Event, Member, DateRegistered, Waitlisted) VALUES (279, 110, 145, '2025-07-24 09:35:08', FALSE);
INSERT INTO EventRoster (ID, Event, Member, DateRegistered, Waitlisted) VALUES (280, 110, 174, '2025-08-08 06:17:22', FALSE);
INSERT INTO EventRoster (ID, Event, Member, DateRegistered, Waitlisted) VALUES (281, 110, 167, '2025-07-29 12:02:40', FALSE);
INSERT INTO EventRoster (ID, Event, Member, DateRegistered, Waitlisted) VALUES (282, 110, 197, '2025-07-18 07:00:30', FALSE);
INSERT INTO EventRoster (ID, Event, Member, DateRegistered, Waitlisted) VALUES (283, 110, 185, '2025-07-30 08:19:45', FALSE);
INSERT INTO EventRoster (ID, Event, Member, DateRegistered, Waitlisted) VALUES (284, 110, 123, '2025-07-23 03:38:38', FALSE);
INSERT INTO EventRoster (ID, Event, Member, DateRegistered, Waitlisted) VALUES (285, 110, 125, '2025-07-27 19:07:03', FALSE);
INSERT INTO EventRoster (ID, Event, Member, DateRegistered, Waitlisted) VALUES (286, 111, 138, '2025-08-04 17:48:00', FALSE);
INSERT INTO EventRoster (ID, Event, Member, DateRegistered, Waitlisted) VALUES (287, 111, 106, '2025-08-03 16:44:12', TRUE);
INSERT INTO EventRoster (ID, Event, Member, DateRegistered, Waitlisted) VALUES (288, 111, 127, '2025-07-23 02:11:53', FALSE);
INSERT INTO EventRoster (ID, Event, Member, DateRegistered, Waitlisted) VALUES (289, 111, 107, '2025-08-02 13:15:39', TRUE);
INSERT INTO EventRoster (ID, Event, Member, DateRegistered, Waitlisted) VALUES (290, 111, 117, '2025-08-05 17:54:23', FALSE);
INSERT INTO EventRoster (ID, Event, Member, DateRegistered, Waitlisted) VALUES (291, 111, 102, '2025-07-31 04:04:35', FALSE);
INSERT INTO EventRoster (ID, Event, Member, DateRegistered, Waitlisted) VALUES (292, 111, 149, '2025-08-02 18:39:09', FALSE);
INSERT INTO EventRoster (ID, Event, Member, DateRegistered, Waitlisted) VALUES (293, 111, 168, '2025-07-25 14:02:13', FALSE);
INSERT INTO EventRoster (ID, Event, Member, DateRegistered, Waitlisted) VALUES (294, 111, 172, '2025-07-23 21:09:21', FALSE);
INSERT INTO EventRoster (ID, Event, Member, DateRegistered, Waitlisted) VALUES (295, 112, 105, '2025-08-09 05:51:44', FALSE);
INSERT INTO EventRoster (ID, Event, Member, DateRegistered, Waitlisted) VALUES (296, 112, 102, '2025-08-04 06:35:11', FALSE);
INSERT INTO EventRoster (ID, Event, Member, DateRegistered, Waitlisted) VALUES (297, 112, 115, '2025-08-06 08:18:48', TRUE);
INSERT INTO EventRoster (ID, Event, Member, DateRegistered, Waitlisted) VALUES (298, 112, 127, '2025-08-09 08:28:58', TRUE);
INSERT INTO EventRoster (ID, Event, Member, DateRegistered, Waitlisted) VALUES (299, 112, 195, '2025-08-03 04:34:35', FALSE);
INSERT INTO EventRoster (ID, Event, Member, DateRegistered, Waitlisted) VALUES (300, 112, 170, '2025-08-10 11:21:36', FALSE);
INSERT INTO EventRoster (ID, Event, Member, DateRegistered, Waitlisted) VALUES (301, 112, 117, '2025-07-14 09:26:42', FALSE);
INSERT INTO EventRoster (ID, Event, Member, DateRegistered, Waitlisted) VALUES (302, 112, 156, '2025-07-17 02:11:04', FALSE);
INSERT INTO EventRoster (ID, Event, Member, DateRegistered, Waitlisted) VALUES (303, 112, 148, '2025-08-03 17:00:09', FALSE);
INSERT INTO EventRoster (ID, Event, Member, DateRegistered, Waitlisted) VALUES (304, 112, 187, '2025-07-18 15:35:21', FALSE);
INSERT INTO EventRoster (ID, Event, Member, DateRegistered, Waitlisted) VALUES (305, 112, 168, '2025-07-15 05:07:32', TRUE);
INSERT INTO EventRoster (ID, Event, Member, DateRegistered, Waitlisted) VALUES (306, 112, 163, '2025-08-02 10:24:19', TRUE);
INSERT INTO EventRoster (ID, Event, Member, DateRegistered, Waitlisted) VALUES (307, 112, 190, '2025-08-01 01:32:51', TRUE);
INSERT INTO EventRoster (ID, Event, Member, DateRegistered, Waitlisted) VALUES (308, 112, 129, '2025-08-04 14:33:50', FALSE);
INSERT INTO EventRoster (ID, Event, Member, DateRegistered, Waitlisted) VALUES (309, 112, 113, '2025-08-10 11:18:38', FALSE);
INSERT INTO EventRoster (ID, Event, Member, DateRegistered, Waitlisted) VALUES (310, 112, 171, '2025-07-27 22:42:50', FALSE);
INSERT INTO EventRoster (ID, Event, Member, DateRegistered, Waitlisted) VALUES (311, 112, 107, '2025-07-13 23:45:21', FALSE);
INSERT INTO EventRoster (ID, Event, Member, DateRegistered, Waitlisted) VALUES (312, 112, 167, '2025-08-02 23:16:48', FALSE);
INSERT INTO EventRoster (ID, Event, Member, DateRegistered, Waitlisted) VALUES (313, 112, 198, '2025-08-04 12:26:56', FALSE);
INSERT INTO EventRoster (ID, Event, Member, DateRegistered, Waitlisted) VALUES (314, 112, 124, '2025-08-01 09:14:00', FALSE);
INSERT INTO EventRoster (ID, Event, Member, DateRegistered, Waitlisted) VALUES (315, 112, 121, '2025-08-02 16:29:34', TRUE);
INSERT INTO EventRoster (ID, Event, Member, DateRegistered, Waitlisted) VALUES (316, 113, 141, '2025-08-04 18:01:56', FALSE);
INSERT INTO EventRoster (ID, Event, Member, DateRegistered, Waitlisted) VALUES (317, 113, 108, '2025-07-28 09:27:55', FALSE);
INSERT INTO EventRoster (ID, Event, Member, DateRegistered, Waitlisted) VALUES (318, 113, 184, '2025-07-19 22:16:00', FALSE);
INSERT INTO EventRoster (ID, Event, Member, DateRegistered, Waitlisted) VALUES (319, 113, 137, '2025-07-25 05:18:22', FALSE);
INSERT INTO EventRoster (ID, Event, Member, DateRegistered, Waitlisted) VALUES (320, 113, 166, '2025-07-15 20:17:29', FALSE);
INSERT INTO EventRoster (ID, Event, Member, DateRegistered, Waitlisted) VALUES (321, 113, 131, '2025-07-24 14:32:58', FALSE);
INSERT INTO EventRoster (ID, Event, Member, DateRegistered, Waitlisted) VALUES (322, 113, 182, '2025-08-05 22:42:19', FALSE);
INSERT INTO EventRoster (ID, Event, Member, DateRegistered, Waitlisted) VALUES (323, 113, 133, '2025-07-22 22:49:17', FALSE);
INSERT INTO EventRoster (ID, Event, Member, DateRegistered, Waitlisted) VALUES (324, 113, 155, '2025-07-18 21:35:20', FALSE);
INSERT INTO EventRoster (ID, Event, Member, DateRegistered, Waitlisted) VALUES (325, 113, 183, '2025-07-31 10:47:59', FALSE);
INSERT INTO EventRoster (ID, Event, Member, DateRegistered, Waitlisted) VALUES (326, 113, 135, '2025-07-28 15:40:08', FALSE);
INSERT INTO EventRoster (ID, Event, Member, DateRegistered, Waitlisted) VALUES (327, 113, 168, '2025-07-21 12:24:03', FALSE);
INSERT INTO EventRoster (ID, Event, Member, DateRegistered, Waitlisted) VALUES (328, 113, 164, '2025-07-26 19:54:04', FALSE);
INSERT INTO EventRoster (ID, Event, Member, DateRegistered, Waitlisted) VALUES (329, 113, 193, '2025-08-04 19:41:03', FALSE);
INSERT INTO EventRoster (ID, Event, Member, DateRegistered, Waitlisted) VALUES (330, 113, 139, '2025-07-28 22:27:12', FALSE);
INSERT INTO EventRoster (ID, Event, Member, DateRegistered, Waitlisted) VALUES (331, 113, 122, '2025-07-27 05:18:52', FALSE);
INSERT INTO EventRoster (ID, Event, Member, DateRegistered, Waitlisted) VALUES (332, 113, 147, '2025-07-17 10:12:23', FALSE);
INSERT INTO EventRoster (ID, Event, Member, DateRegistered, Waitlisted) VALUES (333, 113, 119, '2025-07-25 19:42:51', FALSE);
INSERT INTO EventRoster (ID, Event, Member, DateRegistered, Waitlisted) VALUES (334, 113, 149, '2025-07-17 10:37:35', FALSE);
INSERT INTO EventRoster (ID, Event, Member, DateRegistered, Waitlisted) VALUES (335, 113, 156, '2025-07-22 06:28:36', TRUE);
INSERT INTO EventRoster (ID, Event, Member, DateRegistered, Waitlisted) VALUES (336, 113, 177, '2025-07-19 18:35:13', FALSE);
INSERT INTO EventRoster (ID, Event, Member, DateRegistered, Waitlisted) VALUES (337, 113, 194, '2025-07-14 09:54:58', FALSE);
INSERT INTO EventRoster (ID, Event, Member, DateRegistered, Waitlisted) VALUES (338, 113, 181, '2025-08-09 21:02:17', FALSE);
INSERT INTO EventRoster (ID, Event, Member, DateRegistered, Waitlisted) VALUES (339, 113, 169, '2025-07-17 07:22:15', FALSE);
INSERT INTO EventRoster (ID, Event, Member, DateRegistered, Waitlisted) VALUES (340, 113, 118, '2025-07-23 15:13:25', FALSE);
INSERT INTO EventRoster (ID, Event, Member, DateRegistered, Waitlisted) VALUES (341, 113, 128, '2025-07-15 14:36:02', FALSE);
INSERT INTO EventRoster (ID, Event, Member, DateRegistered, Waitlisted) VALUES (342, 113, 130, '2025-08-05 14:09:19', FALSE);
INSERT INTO EventRoster (ID, Event, Member, DateRegistered, Waitlisted) VALUES (343, 113, 178, '2025-08-10 20:48:00', TRUE);
INSERT INTO EventRoster (ID, Event, Member, DateRegistered, Waitlisted) VALUES (344, 113, 116, '2025-07-18 18:25:47', FALSE);
INSERT INTO EventRoster (ID, Event, Member, DateRegistered, Waitlisted) VALUES (345, 113, 150, '2025-07-25 09:53:27', FALSE);
INSERT INTO EventRoster (ID, Event, Member, DateRegistered, Waitlisted) VALUES (346, 113, 134, '2025-08-06 14:08:59', FALSE);
INSERT INTO EventRoster (ID, Event, Member, DateRegistered, Waitlisted) VALUES (347, 113, 120, '2025-08-12 00:21:19', TRUE);
INSERT INTO EventRoster (ID, Event, Member, DateRegistered, Waitlisted) VALUES (348, 114, 173, '2025-07-14 07:13:50', FALSE);
INSERT INTO EventRoster (ID, Event, Member, DateRegistered, Waitlisted) VALUES (349, 114, 190, '2025-07-29 14:45:36', TRUE);
INSERT INTO EventRoster (ID, Event, Member, DateRegistered, Waitlisted) VALUES (350, 114, 130, '2025-07-14 16:02:03', FALSE);
INSERT INTO EventRoster (ID, Event, Member, DateRegistered, Waitlisted) VALUES (351, 114, 103, '2025-07-24 06:51:04', FALSE);
INSERT INTO EventRoster (ID, Event, Member, DateRegistered, Waitlisted) VALUES (352, 114, 105, '2025-07-18 07:08:02', FALSE);
INSERT INTO EventRoster (ID, Event, Member, DateRegistered, Waitlisted) VALUES (353, 114, 117, '2025-08-02 18:25:25', FALSE);
INSERT INTO EventRoster (ID, Event, Member, DateRegistered, Waitlisted) VALUES (354, 114, 178, '2025-08-06 17:32:01', FALSE);
INSERT INTO EventRoster (ID, Event, Member, DateRegistered, Waitlisted) VALUES (355, 114, 150, '2025-07-19 03:22:41', FALSE);
INSERT INTO EventRoster (ID, Event, Member, DateRegistered, Waitlisted) VALUES (356, 114, 116, '2025-08-05 08:33:53', FALSE);
INSERT INTO EventRoster (ID, Event, Member, DateRegistered, Waitlisted) VALUES (357, 114, 174, '2025-07-17 15:21:51', FALSE);
INSERT INTO EventRoster (ID, Event, Member, DateRegistered, Waitlisted) VALUES (358, 114, 137, '2025-07-17 21:40:20', FALSE);
INSERT INTO EventRoster (ID, Event, Member, DateRegistered, Waitlisted) VALUES (359, 114, 160, '2025-08-09 07:19:18', FALSE);
INSERT INTO EventRoster (ID, Event, Member, DateRegistered, Waitlisted) VALUES (360, 114, 109, '2025-07-14 14:08:38', FALSE);
INSERT INTO EventRoster (ID, Event, Member, DateRegistered, Waitlisted) VALUES (361, 114, 198, '2025-07-23 00:41:36', FALSE);
INSERT INTO EventRoster (ID, Event, Member, DateRegistered, Waitlisted) VALUES (362, 114, 148, '2025-07-24 23:00:50', FALSE);
INSERT INTO EventRoster (ID, Event, Member, DateRegistered, Waitlisted) VALUES (363, 114, 159, '2025-07-14 12:02:22', FALSE);
INSERT INTO EventRoster (ID, Event, Member, DateRegistered, Waitlisted) VALUES (364, 114, 110, '2025-07-16 15:14:21', FALSE);
INSERT INTO EventRoster (ID, Event, Member, DateRegistered, Waitlisted) VALUES (365, 114, 179, '2025-08-04 21:45:38', FALSE);
INSERT INTO EventRoster (ID, Event, Member, DateRegistered, Waitlisted) VALUES (366, 114, 107, '2025-08-03 00:58:02', FALSE);
INSERT INTO EventRoster (ID, Event, Member, DateRegistered, Waitlisted) VALUES (367, 114, 133, '2025-07-17 03:37:00', FALSE);
INSERT INTO EventRoster (ID, Event, Member, DateRegistered, Waitlisted) VALUES (368, 114, 184, '2025-08-05 13:14:25', TRUE);
INSERT INTO EventRoster (ID, Event, Member, DateRegistered, Waitlisted) VALUES (369, 114, 135, '2025-08-10 13:39:21', FALSE);
INSERT INTO EventRoster (ID, Event, Member, DateRegistered, Waitlisted) VALUES (370, 114, 162, '2025-08-03 20:50:40', FALSE);
INSERT INTO EventRoster (ID, Event, Member, DateRegistered, Waitlisted) VALUES (371, 114, 101, '2025-08-02 16:37:26', FALSE);
INSERT INTO EventRoster (ID, Event, Member, DateRegistered, Waitlisted) VALUES (372, 114, 138, '2025-07-18 15:40:27', TRUE);
INSERT INTO EventRoster (ID, Event, Member, DateRegistered, Waitlisted) VALUES (373, 114, 128, '2025-07-16 05:42:53', FALSE);
INSERT INTO EventRoster (ID, Event, Member, DateRegistered, Waitlisted) VALUES (374, 114, 124, '2025-07-24 23:00:09', FALSE);
INSERT INTO EventRoster (ID, Event, Member, DateRegistered, Waitlisted) VALUES (375, 114, 146, '2025-08-09 20:53:55', FALSE);
INSERT INTO EventRoster (ID, Event, Member, DateRegistered, Waitlisted) VALUES (376, 114, 170, '2025-08-06 16:48:18', FALSE);
INSERT INTO EventRoster (ID, Event, Member, DateRegistered, Waitlisted) VALUES (377, 114, 152, '2025-07-22 19:06:00', FALSE);
INSERT INTO EventRoster (ID, Event, Member, DateRegistered, Waitlisted) VALUES (378, 114, 129, '2025-08-10 16:18:40', FALSE);
INSERT INTO EventRoster (ID, Event, Member, DateRegistered, Waitlisted) VALUES (379, 114, 155, '2025-08-02 23:51:58', FALSE);
INSERT INTO EventRoster (ID, Event, Member, DateRegistered, Waitlisted) VALUES (380, 114, 125, '2025-08-10 05:17:53', FALSE);
INSERT INTO EventRoster (ID, Event, Member, DateRegistered, Waitlisted) VALUES (381, 114, 164, '2025-07-29 01:20:03', FALSE);
INSERT INTO EventRoster (ID, Event, Member, DateRegistered, Waitlisted) VALUES (382, 115, 160, '2025-07-24 00:31:54', FALSE);
INSERT INTO EventRoster (ID, Event, Member, DateRegistered, Waitlisted) VALUES (383, 115, 193, '2025-07-29 08:21:36', TRUE);
INSERT INTO EventRoster (ID, Event, Member, DateRegistered, Waitlisted) VALUES (384, 115, 113, '2025-08-05 11:28:19', FALSE);
INSERT INTO EventRoster (ID, Event, Member, DateRegistered, Waitlisted) VALUES (385, 115, 157, '2025-08-12 10:44:23', FALSE);
INSERT INTO EventRoster (ID, Event, Member, DateRegistered, Waitlisted) VALUES (386, 115, 174, '2025-07-26 19:29:47', FALSE);
INSERT INTO EventRoster (ID, Event, Member, DateRegistered, Waitlisted) VALUES (387, 115, 123, '2025-07-16 04:20:32', FALSE);
INSERT INTO EventRoster (ID, Event, Member, DateRegistered, Waitlisted) VALUES (388, 115, 110, '2025-08-11 15:30:09', FALSE);
INSERT INTO EventRoster (ID, Event, Member, DateRegistered, Waitlisted) VALUES (389, 115, 175, '2025-07-23 10:10:53', FALSE);
INSERT INTO EventRoster (ID, Event, Member, DateRegistered, Waitlisted) VALUES (390, 115, 108, '2025-08-01 01:37:05', FALSE);
INSERT INTO EventRoster (ID, Event, Member, DateRegistered, Waitlisted) VALUES (391, 115, 158, '2025-07-20 01:34:41', FALSE);
INSERT INTO EventRoster (ID, Event, Member, DateRegistered, Waitlisted) VALUES (392, 115, 183, '2025-08-12 11:24:19', FALSE);
INSERT INTO EventRoster (ID, Event, Member, DateRegistered, Waitlisted) VALUES (393, 115, 178, '2025-08-08 14:42:36', FALSE);
INSERT INTO EventRoster (ID, Event, Member, DateRegistered, Waitlisted) VALUES (394, 115, 186, '2025-08-06 00:43:12', FALSE);
INSERT INTO EventRoster (ID, Event, Member, DateRegistered, Waitlisted) VALUES (395, 115, 159, '2025-07-20 18:50:02', FALSE);
INSERT INTO EventRoster (ID, Event, Member, DateRegistered, Waitlisted) VALUES (396, 115, 198, '2025-07-22 11:20:56', FALSE);
INSERT INTO EventRoster (ID, Event, Member, DateRegistered, Waitlisted) VALUES (397, 116, 189, '2025-07-20 12:23:40', FALSE);
INSERT INTO EventRoster (ID, Event, Member, DateRegistered, Waitlisted) VALUES (398, 116, 162, '2025-07-28 22:49:08', TRUE);
INSERT INTO EventRoster (ID, Event, Member, DateRegistered, Waitlisted) VALUES (399, 116, 133, '2025-08-03 16:39:34', FALSE);
INSERT INTO EventRoster (ID, Event, Member, DateRegistered, Waitlisted) VALUES (400, 116, 104, '2025-07-15 22:27:18', FALSE);
INSERT INTO EventRoster (ID, Event, Member, DateRegistered, Waitlisted) VALUES (401, 116, 196, '2025-07-28 04:15:58', FALSE);
INSERT INTO EventRoster (ID, Event, Member, DateRegistered, Waitlisted) VALUES (402, 116, 178, '2025-08-06 02:38:04', FALSE);
INSERT INTO EventRoster (ID, Event, Member, DateRegistered, Waitlisted) VALUES (403, 116, 194, '2025-08-05 01:18:49', FALSE);
INSERT INTO EventRoster (ID, Event, Member, DateRegistered, Waitlisted) VALUES (404, 116, 101, '2025-07-27 08:56:06', FALSE);
INSERT INTO EventRoster (ID, Event, Member, DateRegistered, Waitlisted) VALUES (405, 116, 117, '2025-08-07 20:51:54', FALSE);
INSERT INTO EventRoster (ID, Event, Member, DateRegistered, Waitlisted) VALUES (406, 116, 168, '2025-08-06 05:58:26', FALSE);
INSERT INTO EventRoster (ID, Event, Member, DateRegistered, Waitlisted) VALUES (407, 116, 151, '2025-07-25 13:57:09', FALSE);
INSERT INTO EventRoster (ID, Event, Member, DateRegistered, Waitlisted) VALUES (408, 116, 124, '2025-07-15 01:40:26', TRUE);
INSERT INTO EventRoster (ID, Event, Member, DateRegistered, Waitlisted) VALUES (409, 116, 144, '2025-07-23 21:07:56', FALSE);
INSERT INTO EventRoster (ID, Event, Member, DateRegistered, Waitlisted) VALUES (410, 116, 140, '2025-08-10 19:05:26', FALSE);
INSERT INTO EventRoster (ID, Event, Member, DateRegistered, Waitlisted) VALUES (411, 116, 138, '2025-08-02 07:21:14', FALSE);
INSERT INTO EventRoster (ID, Event, Member, DateRegistered, Waitlisted) VALUES (412, 116, 174, '2025-08-08 16:22:26', FALSE);
INSERT INTO EventRoster (ID, Event, Member, DateRegistered, Waitlisted) VALUES (413, 116, 165, '2025-07-24 10:56:50', FALSE);
INSERT INTO EventRoster (ID, Event, Member, DateRegistered, Waitlisted) VALUES (414, 116, 141, '2025-07-28 06:25:51', FALSE);
INSERT INTO EventRoster (ID, Event, Member, DateRegistered, Waitlisted) VALUES (415, 116, 129, '2025-08-07 12:26:44', FALSE);
INSERT INTO EventRoster (ID, Event, Member, DateRegistered, Waitlisted) VALUES (416, 116, 173, '2025-07-16 06:38:11', FALSE);
INSERT INTO EventRoster (ID, Event, Member, DateRegistered, Waitlisted) VALUES (417, 116, 149, '2025-08-06 22:53:25', FALSE);
INSERT INTO EventRoster (ID, Event, Member, DateRegistered, Waitlisted) VALUES (418, 116, 187, '2025-07-15 16:18:14', FALSE);
INSERT INTO EventRoster (ID, Event, Member, DateRegistered, Waitlisted) VALUES (419, 116, 164, '2025-07-29 19:26:52', FALSE);
INSERT INTO EventRoster (ID, Event, Member, DateRegistered, Waitlisted) VALUES (420, 116, 199, '2025-08-06 22:22:34', FALSE);
INSERT INTO EventRoster (ID, Event, Member, DateRegistered, Waitlisted) VALUES (421, 116, 161, '2025-07-18 19:20:48', FALSE);
INSERT INTO EventRoster (ID, Event, Member, DateRegistered, Waitlisted) VALUES (422, 117, 147, '2025-07-23 19:38:20', FALSE);
INSERT INTO EventRoster (ID, Event, Member, DateRegistered, Waitlisted) VALUES (423, 117, 122, '2025-08-09 09:47:04', FALSE);
INSERT INTO EventRoster (ID, Event, Member, DateRegistered, Waitlisted) VALUES (424, 117, 156, '2025-08-07 22:09:16', FALSE);
INSERT INTO EventRoster (ID, Event, Member, DateRegistered, Waitlisted) VALUES (425, 117, 185, '2025-07-27 00:31:11', FALSE);
INSERT INTO EventRoster (ID, Event, Member, DateRegistered, Waitlisted) VALUES (426, 117, 117, '2025-08-08 08:49:00', FALSE);
INSERT INTO EventRoster (ID, Event, Member, DateRegistered, Waitlisted) VALUES (427, 117, 104, '2025-07-25 21:30:34', FALSE);
INSERT INTO EventRoster (ID, Event, Member, DateRegistered, Waitlisted) VALUES (428, 117, 166, '2025-08-11 23:29:54', FALSE);
INSERT INTO EventRoster (ID, Event, Member, DateRegistered, Waitlisted) VALUES (429, 117, 179, '2025-08-10 12:08:09', FALSE);
INSERT INTO EventRoster (ID, Event, Member, DateRegistered, Waitlisted) VALUES (430, 118, 138, '2025-07-20 18:03:46', FALSE);
INSERT INTO EventRoster (ID, Event, Member, DateRegistered, Waitlisted) VALUES (431, 118, 108, '2025-07-23 14:09:27', FALSE);
INSERT INTO EventRoster (ID, Event, Member, DateRegistered, Waitlisted) VALUES (432, 118, 191, '2025-07-25 22:55:39', FALSE);
INSERT INTO EventRoster (ID, Event, Member, DateRegistered, Waitlisted) VALUES (433, 118, 113, '2025-07-15 19:19:48', FALSE);
INSERT INTO EventRoster (ID, Event, Member, DateRegistered, Waitlisted) VALUES (434, 118, 140, '2025-07-15 19:20:40', FALSE);
INSERT INTO EventRoster (ID, Event, Member, DateRegistered, Waitlisted) VALUES (435, 118, 126, '2025-07-29 16:36:56', FALSE);
INSERT INTO EventRoster (ID, Event, Member, DateRegistered, Waitlisted) VALUES (436, 118, 132, '2025-07-30 11:47:14', FALSE);
INSERT INTO EventRoster (ID, Event, Member, DateRegistered, Waitlisted) VALUES (437, 118, 119, '2025-08-05 15:31:07', FALSE);
INSERT INTO EventRoster (ID, Event, Member, DateRegistered, Waitlisted) VALUES (438, 118, 176, '2025-08-04 12:50:16', FALSE);
INSERT INTO EventRoster (ID, Event, Member, DateRegistered, Waitlisted) VALUES (439, 118, 177, '2025-08-05 17:44:50', FALSE);
INSERT INTO EventRoster (ID, Event, Member, DateRegistered, Waitlisted) VALUES (440, 118, 172, '2025-08-03 08:12:28', FALSE);
INSERT INTO EventRoster (ID, Event, Member, DateRegistered, Waitlisted) VALUES (441, 118, 147, '2025-08-01 02:50:17', FALSE);
INSERT INTO EventRoster (ID, Event, Member, DateRegistered, Waitlisted) VALUES (442, 118, 116, '2025-07-25 04:29:19', FALSE);
INSERT INTO EventRoster (ID, Event, Member, DateRegistered, Waitlisted) VALUES (443, 118, 179, '2025-07-25 18:39:19', TRUE);
INSERT INTO EventRoster (ID, Event, Member, DateRegistered, Waitlisted) VALUES (444, 118, 156, '2025-07-22 08:30:01', FALSE);
INSERT INTO EventRoster (ID, Event, Member, DateRegistered, Waitlisted) VALUES (445, 118, 163, '2025-07-23 21:11:17', FALSE);
INSERT INTO EventRoster (ID, Event, Member, DateRegistered, Waitlisted) VALUES (446, 118, 184, '2025-08-02 02:00:51', FALSE);
INSERT INTO EventRoster (ID, Event, Member, DateRegistered, Waitlisted) VALUES (447, 119, 130, '2025-08-08 03:03:21', FALSE);
INSERT INTO EventRoster (ID, Event, Member, DateRegistered, Waitlisted) VALUES (448, 119, 159, '2025-07-23 22:07:20', FALSE);
INSERT INTO EventRoster (ID, Event, Member, DateRegistered, Waitlisted) VALUES (449, 119, 174, '2025-07-24 14:47:44', FALSE);
INSERT INTO EventRoster (ID, Event, Member, DateRegistered, Waitlisted) VALUES (450, 119, 134, '2025-08-11 00:10:53', FALSE);
INSERT INTO EventRoster (ID, Event, Member, DateRegistered, Waitlisted) VALUES (451, 119, 181, '2025-07-31 22:13:21', FALSE);
INSERT INTO EventRoster (ID, Event, Member, DateRegistered, Waitlisted) VALUES (452, 119, 128, '2025-07-23 10:50:46', TRUE);
INSERT INTO EventRoster (ID, Event, Member, DateRegistered, Waitlisted) VALUES (453, 119, 131, '2025-07-14 19:30:50', FALSE);
INSERT INTO EventRoster (ID, Event, Member, DateRegistered, Waitlisted) VALUES (454, 119, 105, '2025-08-07 02:49:35', FALSE);
INSERT INTO EventRoster (ID, Event, Member, DateRegistered, Waitlisted) VALUES (455, 119, 108, '2025-07-18 19:28:30', TRUE);
INSERT INTO EventRoster (ID, Event, Member, DateRegistered, Waitlisted) VALUES (456, 119, 167, '2025-07-21 17:18:51', FALSE);
INSERT INTO EventRoster (ID, Event, Member, DateRegistered, Waitlisted) VALUES (457, 119, 102, '2025-07-31 04:20:32', TRUE);
INSERT INTO EventRoster (ID, Event, Member, DateRegistered, Waitlisted) VALUES (458, 119, 171, '2025-08-05 05:39:36', FALSE);
INSERT INTO EventRoster (ID, Event, Member, DateRegistered, Waitlisted) VALUES (459, 119, 148, '2025-08-10 09:12:24', FALSE);
INSERT INTO EventRoster (ID, Event, Member, DateRegistered, Waitlisted) VALUES (460, 119, 169, '2025-07-15 12:15:02', FALSE);
INSERT INTO EventRoster (ID, Event, Member, DateRegistered, Waitlisted) VALUES (461, 119, 141, '2025-08-01 12:53:18', FALSE);
INSERT INTO EventRoster (ID, Event, Member, DateRegistered, Waitlisted) VALUES (462, 119, 121, '2025-07-24 02:55:59', FALSE);
INSERT INTO EventRoster (ID, Event, Member, DateRegistered, Waitlisted) VALUES (463, 119, 123, '2025-08-02 09:48:36', FALSE);
INSERT INTO EventRoster (ID, Event, Member, DateRegistered, Waitlisted) VALUES (464, 119, 157, '2025-08-03 22:38:11', FALSE);
INSERT INTO EventRoster (ID, Event, Member, DateRegistered, Waitlisted) VALUES (465, 119, 193, '2025-07-19 05:04:26', FALSE);
INSERT INTO EventRoster (ID, Event, Member, DateRegistered, Waitlisted) VALUES (466, 119, 118, '2025-07-20 22:46:32', FALSE);
INSERT INTO EventRoster (ID, Event, Member, DateRegistered, Waitlisted) VALUES (467, 119, 187, '2025-08-01 14:48:57', FALSE);
INSERT INTO EventRoster (ID, Event, Member, DateRegistered, Waitlisted) VALUES (468, 119, 106, '2025-08-11 17:57:28', FALSE);
INSERT INTO EventRoster (ID, Event, Member, DateRegistered, Waitlisted) VALUES (469, 119, 161, '2025-08-12 04:58:31', FALSE);
INSERT INTO EventRoster (ID, Event, Member, DateRegistered, Waitlisted) VALUES (470, 119, 196, '2025-08-01 17:17:17', TRUE);
INSERT INTO EventRoster (ID, Event, Member, DateRegistered, Waitlisted) VALUES (471, 119, 190, '2025-08-12 08:01:30', FALSE);
INSERT INTO EventRoster (ID, Event, Member, DateRegistered, Waitlisted) VALUES (472, 119, 137, '2025-07-26 23:29:57', FALSE);
INSERT INTO EventRoster (ID, Event, Member, DateRegistered, Waitlisted) VALUES (473, 119, 168, '2025-07-27 23:32:25', FALSE);
INSERT INTO EventRoster (ID, Event, Member, DateRegistered, Waitlisted) VALUES (474, 119, 155, '2025-07-24 02:22:06', FALSE);
INSERT INTO EventRoster (ID, Event, Member, DateRegistered, Waitlisted) VALUES (475, 119, 140, '2025-07-29 15:06:03', FALSE);
INSERT INTO EventRoster (ID, Event, Member, DateRegistered, Waitlisted) VALUES (476, 119, 183, '2025-07-25 11:54:32', FALSE);
INSERT INTO EventRoster (ID, Event, Member, DateRegistered, Waitlisted) VALUES (477, 119, 166, '2025-07-23 14:58:21', FALSE);
INSERT INTO EventRoster (ID, Event, Member, DateRegistered, Waitlisted) VALUES (478, 119, 144, '2025-08-09 18:55:14', FALSE);
INSERT INTO EventRoster (ID, Event, Member, DateRegistered, Waitlisted) VALUES (479, 119, 197, '2025-08-09 01:53:04', FALSE);
INSERT INTO EventRoster (ID, Event, Member, DateRegistered, Waitlisted) VALUES (480, 119, 184, '2025-07-26 10:58:22', FALSE);
INSERT INTO EventRoster (ID, Event, Member, DateRegistered, Waitlisted) VALUES (481, 120, 120, '2025-07-25 13:49:45', FALSE);
INSERT INTO EventRoster (ID, Event, Member, DateRegistered, Waitlisted) VALUES (482, 120, 163, '2025-07-16 05:10:32', TRUE);
INSERT INTO EventRoster (ID, Event, Member, DateRegistered, Waitlisted) VALUES (483, 120, 161, '2025-07-18 13:31:56', TRUE);
INSERT INTO EventRoster (ID, Event, Member, DateRegistered, Waitlisted) VALUES (484, 120, 119, '2025-07-24 15:11:58', TRUE);
INSERT INTO EventRoster (ID, Event, Member, DateRegistered, Waitlisted) VALUES (485, 120, 193, '2025-07-20 17:18:40', FALSE);
INSERT INTO EventRoster (ID, Event, Member, DateRegistered, Waitlisted) VALUES (486, 120, 107, '2025-07-18 16:16:31', FALSE);
INSERT INTO EventRoster (ID, Event, Member, DateRegistered, Waitlisted) VALUES (487, 120, 162, '2025-07-19 08:27:46', FALSE);
INSERT INTO EventRoster (ID, Event, Member, DateRegistered, Waitlisted) VALUES (488, 120, 170, '2025-07-31 16:16:25', FALSE);
INSERT INTO EventRoster (ID, Event, Member, DateRegistered, Waitlisted) VALUES (489, 120, 125, '2025-07-19 05:26:24', FALSE);
INSERT INTO EventRoster (ID, Event, Member, DateRegistered, Waitlisted) VALUES (490, 120, 117, '2025-08-07 00:06:16', FALSE);
INSERT INTO EventRoster (ID, Event, Member, DateRegistered, Waitlisted) VALUES (491, 120, 185, '2025-07-14 12:55:48', FALSE);
INSERT INTO EventRoster (ID, Event, Member, DateRegistered, Waitlisted) VALUES (492, 120, 153, '2025-07-27 18:26:52', FALSE);
INSERT INTO EventRoster (ID, Event, Member, DateRegistered, Waitlisted) VALUES (493, 120, 156, '2025-08-06 05:38:24', FALSE);
INSERT INTO EventRoster (ID, Event, Member, DateRegistered, Waitlisted) VALUES (494, 120, 102, '2025-07-24 08:20:06', FALSE);
INSERT INTO EventRoster (ID, Event, Member, DateRegistered, Waitlisted) VALUES (495, 120, 112, '2025-07-14 01:47:44', FALSE);
INSERT INTO EventRoster (ID, Event, Member, DateRegistered, Waitlisted) VALUES (496, 120, 154, '2025-08-04 17:20:26', FALSE);
INSERT INTO EventRoster (ID, Event, Member, DateRegistered, Waitlisted) VALUES (497, 121, 101, '2025-08-04 16:48:13', FALSE);
INSERT INTO EventRoster (ID, Event, Member, DateRegistered, Waitlisted) VALUES (498, 121, 147, '2025-07-26 01:39:07', FALSE);
INSERT INTO EventRoster (ID, Event, Member, DateRegistered, Waitlisted) VALUES (499, 121, 128, '2025-07-25 02:52:10', FALSE);
INSERT INTO EventRoster (ID, Event, Member, DateRegistered, Waitlisted) VALUES (500, 121, 198, '2025-08-07 17:32:54', FALSE);
INSERT INTO EventRoster (ID, Event, Member, DateRegistered, Waitlisted) VALUES (501, 121, 118, '2025-08-01 14:33:29', FALSE);
INSERT INTO EventRoster (ID, Event, Member, DateRegistered, Waitlisted) VALUES (502, 121, 142, '2025-08-01 23:22:35', FALSE);
INSERT INTO EventRoster (ID, Event, Member, DateRegistered, Waitlisted) VALUES (503, 121, 193, '2025-08-08 22:51:08', FALSE);
INSERT INTO EventRoster (ID, Event, Member, DateRegistered, Waitlisted) VALUES (504, 121, 172, '2025-07-18 20:51:32', FALSE);
INSERT INTO EventRoster (ID, Event, Member, DateRegistered, Waitlisted) VALUES (505, 121, 100, '2025-07-21 10:12:44', FALSE);
INSERT INTO EventRoster (ID, Event, Member, DateRegistered, Waitlisted) VALUES (506, 121, 141, '2025-07-15 07:00:46', FALSE);
INSERT INTO EventRoster (ID, Event, Member, DateRegistered, Waitlisted) VALUES (507, 121, 112, '2025-08-02 01:33:04', FALSE);
INSERT INTO EventRoster (ID, Event, Member, DateRegistered, Waitlisted) VALUES (508, 121, 143, '2025-07-19 14:59:13', TRUE);
INSERT INTO EventRoster (ID, Event, Member, DateRegistered, Waitlisted) VALUES (509, 121, 111, '2025-07-18 21:08:42', FALSE);
INSERT INTO EventRoster (ID, Event, Member, DateRegistered, Waitlisted) VALUES (510, 121, 192, '2025-07-28 23:23:38', FALSE);
INSERT INTO EventRoster (ID, Event, Member, DateRegistered, Waitlisted) VALUES (511, 121, 162, '2025-07-21 17:48:58', FALSE);
INSERT INTO EventRoster (ID, Event, Member, DateRegistered, Waitlisted) VALUES (512, 121, 195, '2025-07-31 00:10:11', FALSE);
INSERT INTO EventRoster (ID, Event, Member, DateRegistered, Waitlisted) VALUES (513, 121, 114, '2025-07-24 09:58:55', FALSE);
INSERT INTO EventRoster (ID, Event, Member, DateRegistered, Waitlisted) VALUES (514, 121, 119, '2025-08-01 14:32:51', FALSE);
INSERT INTO EventRoster (ID, Event, Member, DateRegistered, Waitlisted) VALUES (515, 121, 144, '2025-08-11 14:50:06', FALSE);
INSERT INTO EventRoster (ID, Event, Member, DateRegistered, Waitlisted) VALUES (516, 121, 168, '2025-07-17 13:37:58', TRUE);
INSERT INTO EventRoster (ID, Event, Member, DateRegistered, Waitlisted) VALUES (517, 121, 121, '2025-07-25 15:42:23', FALSE);
INSERT INTO EventRoster (ID, Event, Member, DateRegistered, Waitlisted) VALUES (518, 122, 100, '2025-07-26 02:59:49', FALSE);
INSERT INTO EventRoster (ID, Event, Member, DateRegistered, Waitlisted) VALUES (519, 122, 181, '2025-07-25 02:53:08', FALSE);
INSERT INTO EventRoster (ID, Event, Member, DateRegistered, Waitlisted) VALUES (520, 122, 185, '2025-07-25 15:05:25', FALSE);
INSERT INTO EventRoster (ID, Event, Member, DateRegistered, Waitlisted) VALUES (521, 122, 104, '2025-08-10 00:59:33', FALSE);
INSERT INTO EventRoster (ID, Event, Member, DateRegistered, Waitlisted) VALUES (522, 122, 197, '2025-08-01 08:22:18', FALSE);
INSERT INTO EventRoster (ID, Event, Member, DateRegistered, Waitlisted) VALUES (523, 122, 167, '2025-07-29 06:03:11', FALSE);
INSERT INTO EventRoster (ID, Event, Member, DateRegistered, Waitlisted) VALUES (524, 122, 156, '2025-07-17 03:30:57', FALSE);
INSERT INTO EventRoster (ID, Event, Member, DateRegistered, Waitlisted) VALUES (525, 122, 164, '2025-08-01 10:59:55', FALSE);
INSERT INTO EventRoster (ID, Event, Member, DateRegistered, Waitlisted) VALUES (526, 122, 109, '2025-07-16 10:44:43', FALSE);
INSERT INTO EventRoster (ID, Event, Member, DateRegistered, Waitlisted) VALUES (527, 122, 130, '2025-07-28 14:47:48', FALSE);
INSERT INTO EventRoster (ID, Event, Member, DateRegistered, Waitlisted) VALUES (528, 122, 158, '2025-07-27 22:51:28', FALSE);
INSERT INTO EventRoster (ID, Event, Member, DateRegistered, Waitlisted) VALUES (529, 122, 190, '2025-08-04 02:47:23', FALSE);
INSERT INTO EventRoster (ID, Event, Member, DateRegistered, Waitlisted) VALUES (530, 122, 159, '2025-07-16 22:33:54', FALSE);
INSERT INTO EventRoster (ID, Event, Member, DateRegistered, Waitlisted) VALUES (531, 122, 189, '2025-08-03 04:38:51', FALSE);
INSERT INTO EventRoster (ID, Event, Member, DateRegistered, Waitlisted) VALUES (532, 122, 146, '2025-07-20 00:12:59', FALSE);
INSERT INTO EventRoster (ID, Event, Member, DateRegistered, Waitlisted) VALUES (533, 122, 118, '2025-08-09 23:12:30', FALSE);
INSERT INTO EventRoster (ID, Event, Member, DateRegistered, Waitlisted) VALUES (534, 122, 157, '2025-07-30 19:11:45', FALSE);
INSERT INTO EventRoster (ID, Event, Member, DateRegistered, Waitlisted) VALUES (535, 122, 176, '2025-08-01 19:19:01', FALSE);
INSERT INTO EventRoster (ID, Event, Member, DateRegistered, Waitlisted) VALUES (536, 122, 172, '2025-07-24 18:09:25', FALSE);
INSERT INTO EventRoster (ID, Event, Member, DateRegistered, Waitlisted) VALUES (537, 122, 113, '2025-07-29 12:21:43', FALSE);
INSERT INTO EventRoster (ID, Event, Member, DateRegistered, Waitlisted) VALUES (538, 122, 127, '2025-08-11 17:45:18', FALSE);
INSERT INTO EventRoster (ID, Event, Member, DateRegistered, Waitlisted) VALUES (539, 122, 191, '2025-08-08 17:29:48', FALSE);
INSERT INTO EventRoster (ID, Event, Member, DateRegistered, Waitlisted) VALUES (540, 123, 100, '2025-07-25 07:48:44', FALSE);
INSERT INTO EventRoster (ID, Event, Member, DateRegistered, Waitlisted) VALUES (541, 123, 135, '2025-08-03 23:56:40', FALSE);
INSERT INTO EventRoster (ID, Event, Member, DateRegistered, Waitlisted) VALUES (542, 123, 153, '2025-07-24 04:45:56', FALSE);
INSERT INTO EventRoster (ID, Event, Member, DateRegistered, Waitlisted) VALUES (543, 123, 103, '2025-08-12 07:34:49', FALSE);
INSERT INTO EventRoster (ID, Event, Member, DateRegistered, Waitlisted) VALUES (544, 123, 195, '2025-07-31 03:39:56', FALSE);
INSERT INTO EventRoster (ID, Event, Member, DateRegistered, Waitlisted) VALUES (545, 123, 106, '2025-08-04 12:15:55', FALSE);
INSERT INTO EventRoster (ID, Event, Member, DateRegistered, Waitlisted) VALUES (546, 123, 164, '2025-08-09 17:33:08', FALSE);
INSERT INTO EventRoster (ID, Event, Member, DateRegistered, Waitlisted) VALUES (547, 123, 197, '2025-07-26 21:59:12', FALSE);
INSERT INTO EventRoster (ID, Event, Member, DateRegistered, Waitlisted) VALUES (548, 123, 128, '2025-07-15 15:41:16', FALSE);
INSERT INTO EventRoster (ID, Event, Member, DateRegistered, Waitlisted) VALUES (549, 123, 193, '2025-07-27 02:54:24', FALSE);
INSERT INTO EventRoster (ID, Event, Member, DateRegistered, Waitlisted) VALUES (550, 123, 141, '2025-07-18 03:32:54', FALSE);
INSERT INTO EventRoster (ID, Event, Member, DateRegistered, Waitlisted) VALUES (551, 123, 175, '2025-07-22 16:40:45', FALSE);
INSERT INTO EventRoster (ID, Event, Member, DateRegistered, Waitlisted) VALUES (552, 123, 185, '2025-07-25 11:06:32', FALSE);
INSERT INTO EventRoster (ID, Event, Member, DateRegistered, Waitlisted) VALUES (553, 123, 143, '2025-07-16 16:07:29', FALSE);
INSERT INTO EventRoster (ID, Event, Member, DateRegistered, Waitlisted) VALUES (554, 123, 136, '2025-07-22 23:58:58', FALSE);
INSERT INTO EventRoster (ID, Event, Member, DateRegistered, Waitlisted) VALUES (555, 123, 122, '2025-08-12 23:08:45', FALSE);
INSERT INTO EventRoster (ID, Event, Member, DateRegistered, Waitlisted) VALUES (556, 123, 101, '2025-07-29 17:22:09', FALSE);
INSERT INTO EventRoster (ID, Event, Member, DateRegistered, Waitlisted) VALUES (557, 123, 119, '2025-08-03 03:50:58', FALSE);
INSERT INTO EventRoster (ID, Event, Member, DateRegistered, Waitlisted) VALUES (558, 124, 161, '2025-08-04 05:04:30', FALSE);
INSERT INTO EventRoster (ID, Event, Member, DateRegistered, Waitlisted) VALUES (559, 124, 158, '2025-07-14 16:18:55', FALSE);
INSERT INTO EventRoster (ID, Event, Member, DateRegistered, Waitlisted) VALUES (560, 124, 140, '2025-07-28 20:24:24', FALSE);
INSERT INTO EventRoster (ID, Event, Member, DateRegistered, Waitlisted) VALUES (561, 124, 162, '2025-08-09 12:37:35', FALSE);
INSERT INTO EventRoster (ID, Event, Member, DateRegistered, Waitlisted) VALUES (562, 124, 173, '2025-07-15 19:52:55', FALSE);
INSERT INTO EventRoster (ID, Event, Member, DateRegistered, Waitlisted) VALUES (563, 124, 103, '2025-07-22 14:38:49', FALSE);
INSERT INTO EventRoster (ID, Event, Member, DateRegistered, Waitlisted) VALUES (564, 124, 106, '2025-07-15 09:14:43', FALSE);
INSERT INTO EventRoster (ID, Event, Member, DateRegistered, Waitlisted) VALUES (565, 124, 150, '2025-07-23 03:41:32', FALSE);
INSERT INTO EventRoster (ID, Event, Member, DateRegistered, Waitlisted) VALUES (566, 124, 129, '2025-07-20 14:38:01', FALSE);
INSERT INTO EventRoster (ID, Event, Member, DateRegistered, Waitlisted) VALUES (567, 124, 101, '2025-08-06 11:48:35', FALSE);
INSERT INTO EventRoster (ID, Event, Member, DateRegistered, Waitlisted) VALUES (568, 124, 107, '2025-08-07 08:01:46', FALSE);
INSERT INTO EventRoster (ID, Event, Member, DateRegistered, Waitlisted) VALUES (569, 124, 163, '2025-07-28 01:56:23', FALSE);
INSERT INTO EventRoster (ID, Event, Member, DateRegistered, Waitlisted) VALUES (570, 125, 164, '2025-07-29 05:20:50', FALSE);
INSERT INTO EventRoster (ID, Event, Member, DateRegistered, Waitlisted) VALUES (571, 125, 130, '2025-07-17 09:47:26', FALSE);
INSERT INTO EventRoster (ID, Event, Member, DateRegistered, Waitlisted) VALUES (572, 125, 160, '2025-07-20 05:10:46', FALSE);
INSERT INTO EventRoster (ID, Event, Member, DateRegistered, Waitlisted) VALUES (573, 125, 111, '2025-08-02 21:46:44', FALSE);
INSERT INTO EventRoster (ID, Event, Member, DateRegistered, Waitlisted) VALUES (574, 125, 152, '2025-08-08 18:04:08', FALSE);
INSERT INTO EventRoster (ID, Event, Member, DateRegistered, Waitlisted) VALUES (575, 125, 149, '2025-08-10 01:33:42', FALSE);
INSERT INTO EventRoster (ID, Event, Member, DateRegistered, Waitlisted) VALUES (576, 125, 183, '2025-07-15 14:14:23', FALSE);
INSERT INTO EventRoster (ID, Event, Member, DateRegistered, Waitlisted) VALUES (577, 125, 178, '2025-08-06 10:16:58', FALSE);
INSERT INTO EventRoster (ID, Event, Member, DateRegistered, Waitlisted) VALUES (578, 125, 129, '2025-08-05 21:55:09', FALSE);
INSERT INTO EventRoster (ID, Event, Member, DateRegistered, Waitlisted) VALUES (579, 125, 138, '2025-07-19 17:45:18', FALSE);
INSERT INTO EventRoster (ID, Event, Member, DateRegistered, Waitlisted) VALUES (580, 125, 179, '2025-08-07 00:55:40', FALSE);
INSERT INTO EventRoster (ID, Event, Member, DateRegistered, Waitlisted) VALUES (581, 125, 134, '2025-08-08 19:34:27', TRUE);
INSERT INTO EventRoster (ID, Event, Member, DateRegistered, Waitlisted) VALUES (582, 125, 161, '2025-07-29 14:31:38', FALSE);
INSERT INTO EventRoster (ID, Event, Member, DateRegistered, Waitlisted) VALUES (583, 125, 102, '2025-07-17 10:37:40', FALSE);
INSERT INTO EventRoster (ID, Event, Member, DateRegistered, Waitlisted) VALUES (584, 125, 131, '2025-07-29 23:49:32', FALSE);
INSERT INTO EventRoster (ID, Event, Member, DateRegistered, Waitlisted) VALUES (585, 125, 182, '2025-08-02 03:07:36', FALSE);
INSERT INTO EventRoster (ID, Event, Member, DateRegistered, Waitlisted) VALUES (586, 125, 144, '2025-07-31 03:46:59', FALSE);
INSERT INTO EventRoster (ID, Event, Member, DateRegistered, Waitlisted) VALUES (587, 125, 105, '2025-07-14 03:49:12', TRUE);
INSERT INTO EventRoster (ID, Event, Member, DateRegistered, Waitlisted) VALUES (588, 125, 100, '2025-07-31 09:51:08', FALSE);
INSERT INTO EventRoster (ID, Event, Member, DateRegistered, Waitlisted) VALUES (589, 125, 189, '2025-08-08 05:56:31', FALSE);
INSERT INTO EventRoster (ID, Event, Member, DateRegistered, Waitlisted) VALUES (590, 125, 185, '2025-07-17 06:16:30', TRUE);
INSERT INTO EventRoster (ID, Event, Member, DateRegistered, Waitlisted) VALUES (591, 125, 101, '2025-07-21 10:32:45', FALSE);
INSERT INTO EventRoster (ID, Event, Member, DateRegistered, Waitlisted) VALUES (592, 126, 134, '2025-08-07 05:38:03', FALSE);
INSERT INTO EventRoster (ID, Event, Member, DateRegistered, Waitlisted) VALUES (593, 126, 172, '2025-07-17 18:15:16', FALSE);
INSERT INTO EventRoster (ID, Event, Member, DateRegistered, Waitlisted) VALUES (594, 126, 103, '2025-07-21 15:35:43', FALSE);
INSERT INTO EventRoster (ID, Event, Member, DateRegistered, Waitlisted) VALUES (595, 126, 110, '2025-07-14 02:27:33', TRUE);
INSERT INTO EventRoster (ID, Event, Member, DateRegistered, Waitlisted) VALUES (596, 126, 150, '2025-07-20 01:04:28', FALSE);
INSERT INTO EventRoster (ID, Event, Member, DateRegistered, Waitlisted) VALUES (597, 126, 138, '2025-08-01 17:52:49', FALSE);
INSERT INTO EventRoster (ID, Event, Member, DateRegistered, Waitlisted) VALUES (598, 126, 143, '2025-07-28 23:46:19', FALSE);
INSERT INTO EventRoster (ID, Event, Member, DateRegistered, Waitlisted) VALUES (599, 126, 181, '2025-07-30 19:17:30', FALSE);
INSERT INTO EventRoster (ID, Event, Member, DateRegistered, Waitlisted) VALUES (600, 126, 140, '2025-08-10 16:19:03', FALSE);
INSERT INTO EventRoster (ID, Event, Member, DateRegistered, Waitlisted) VALUES (601, 126, 107, '2025-07-23 07:13:11', TRUE);
INSERT INTO EventRoster (ID, Event, Member, DateRegistered, Waitlisted) VALUES (602, 126, 101, '2025-08-12 02:18:43', FALSE);
INSERT INTO EventRoster (ID, Event, Member, DateRegistered, Waitlisted) VALUES (603, 126, 174, '2025-07-19 10:04:53', FALSE);
INSERT INTO EventRoster (ID, Event, Member, DateRegistered, Waitlisted) VALUES (604, 126, 196, '2025-07-30 02:51:32', FALSE);
INSERT INTO EventRoster (ID, Event, Member, DateRegistered, Waitlisted) VALUES (605, 126, 152, '2025-07-23 23:42:35', TRUE);
INSERT INTO EventRoster (ID, Event, Member, DateRegistered, Waitlisted) VALUES (606, 126, 130, '2025-07-19 09:47:35', FALSE);
INSERT INTO EventRoster (ID, Event, Member, DateRegistered, Waitlisted) VALUES (607, 127, 112, '2025-08-01 07:10:16', FALSE);
INSERT INTO EventRoster (ID, Event, Member, DateRegistered, Waitlisted) VALUES (608, 127, 193, '2025-07-23 11:10:59', FALSE);
INSERT INTO EventRoster (ID, Event, Member, DateRegistered, Waitlisted) VALUES (609, 127, 104, '2025-08-08 01:12:59', FALSE);
INSERT INTO EventRoster (ID, Event, Member, DateRegistered, Waitlisted) VALUES (610, 127, 197, '2025-07-19 14:22:16', FALSE);
INSERT INTO EventRoster (ID, Event, Member, DateRegistered, Waitlisted) VALUES (611, 127, 169, '2025-07-16 21:52:45', FALSE);
INSERT INTO EventRoster (ID, Event, Member, DateRegistered, Waitlisted) VALUES (612, 127, 119, '2025-07-26 10:15:10', FALSE);
INSERT INTO EventRoster (ID, Event, Member, DateRegistered, Waitlisted) VALUES (613, 127, 141, '2025-08-03 12:22:13', FALSE);
INSERT INTO EventRoster (ID, Event, Member, DateRegistered, Waitlisted) VALUES (614, 127, 155, '2025-07-30 17:07:25', FALSE);
INSERT INTO EventRoster (ID, Event, Member, DateRegistered, Waitlisted) VALUES (615, 127, 103, '2025-07-16 02:50:07', FALSE);
INSERT INTO EventRoster (ID, Event, Member, DateRegistered, Waitlisted) VALUES (616, 127, 181, '2025-07-21 14:56:28', FALSE);
INSERT INTO EventRoster (ID, Event, Member, DateRegistered, Waitlisted) VALUES (617, 127, 130, '2025-08-07 15:07:04', FALSE);
INSERT INTO EventRoster (ID, Event, Member, DateRegistered, Waitlisted) VALUES (618, 127, 185, '2025-07-18 18:44:10', FALSE);
INSERT INTO EventRoster (ID, Event, Member, DateRegistered, Waitlisted) VALUES (619, 127, 194, '2025-07-28 04:30:25', FALSE);
INSERT INTO EventRoster (ID, Event, Member, DateRegistered, Waitlisted) VALUES (620, 127, 136, '2025-07-18 17:30:47', FALSE);
INSERT INTO EventRoster (ID, Event, Member, DateRegistered, Waitlisted) VALUES (621, 127, 126, '2025-07-24 03:38:23', FALSE);
INSERT INTO EventRoster (ID, Event, Member, DateRegistered, Waitlisted) VALUES (622, 127, 138, '2025-07-29 14:30:35', TRUE);
INSERT INTO EventRoster (ID, Event, Member, DateRegistered, Waitlisted) VALUES (623, 127, 135, '2025-07-18 22:37:16', FALSE);
INSERT INTO EventRoster (ID, Event, Member, DateRegistered, Waitlisted) VALUES (624, 127, 174, '2025-08-05 01:23:37', FALSE);
INSERT INTO EventRoster (ID, Event, Member, DateRegistered, Waitlisted) VALUES (625, 127, 198, '2025-07-18 22:57:27', FALSE);
INSERT INTO EventRoster (ID, Event, Member, DateRegistered, Waitlisted) VALUES (626, 127, 165, '2025-07-20 10:28:18', FALSE);
INSERT INTO EventRoster (ID, Event, Member, DateRegistered, Waitlisted) VALUES (627, 127, 178, '2025-07-25 15:34:13', FALSE);
INSERT INTO EventRoster (ID, Event, Member, DateRegistered, Waitlisted) VALUES (628, 128, 106, '2025-07-19 11:45:45', FALSE);
INSERT INTO EventRoster (ID, Event, Member, DateRegistered, Waitlisted) VALUES (629, 128, 110, '2025-08-12 15:30:10', FALSE);
INSERT INTO EventRoster (ID, Event, Member, DateRegistered, Waitlisted) VALUES (630, 128, 103, '2025-07-23 15:15:10', FALSE);
INSERT INTO EventRoster (ID, Event, Member, DateRegistered, Waitlisted) VALUES (631, 128, 197, '2025-07-29 04:15:42', FALSE);
INSERT INTO EventRoster (ID, Event, Member, DateRegistered, Waitlisted) VALUES (632, 128, 183, '2025-08-02 22:16:48', FALSE);
INSERT INTO EventRoster (ID, Event, Member, DateRegistered, Waitlisted) VALUES (633, 128, 133, '2025-07-29 09:03:22', FALSE);
INSERT INTO EventRoster (ID, Event, Member, DateRegistered, Waitlisted) VALUES (634, 128, 127, '2025-07-16 22:34:19', FALSE);
INSERT INTO EventRoster (ID, Event, Member, DateRegistered, Waitlisted) VALUES (635, 128, 190, '2025-08-10 11:19:32', FALSE);
INSERT INTO EventRoster (ID, Event, Member, DateRegistered, Waitlisted) VALUES (636, 128, 194, '2025-07-26 01:41:19', FALSE);
INSERT INTO EventRoster (ID, Event, Member, DateRegistered, Waitlisted) VALUES (637, 128, 171, '2025-08-04 13:05:43', FALSE);
INSERT INTO EventRoster (ID, Event, Member, DateRegistered, Waitlisted) VALUES (638, 128, 176, '2025-07-21 03:09:10', FALSE);
INSERT INTO EventRoster (ID, Event, Member, DateRegistered, Waitlisted) VALUES (639, 128, 184, '2025-07-21 05:27:30', TRUE);
INSERT INTO EventRoster (ID, Event, Member, DateRegistered, Waitlisted) VALUES (640, 128, 100, '2025-07-16 04:14:29', FALSE);
INSERT INTO EventRoster (ID, Event, Member, DateRegistered, Waitlisted) VALUES (641, 128, 144, '2025-08-01 17:00:25', FALSE);
INSERT INTO EventRoster (ID, Event, Member, DateRegistered, Waitlisted) VALUES (642, 128, 128, '2025-07-31 19:03:39', FALSE);
INSERT INTO EventRoster (ID, Event, Member, DateRegistered, Waitlisted) VALUES (643, 128, 105, '2025-07-17 17:53:34', FALSE);
INSERT INTO EventRoster (ID, Event, Member, DateRegistered, Waitlisted) VALUES (644, 128, 152, '2025-07-29 06:54:47', FALSE);
INSERT INTO EventRoster (ID, Event, Member, DateRegistered, Waitlisted) VALUES (645, 128, 168, '2025-08-03 23:53:00', FALSE);
INSERT INTO EventRoster (ID, Event, Member, DateRegistered, Waitlisted) VALUES (646, 128, 169, '2025-08-02 03:38:52', FALSE);
INSERT INTO EventRoster (ID, Event, Member, DateRegistered, Waitlisted) VALUES (647, 128, 122, '2025-07-29 18:37:11', FALSE);
INSERT INTO EventRoster (ID, Event, Member, DateRegistered, Waitlisted) VALUES (648, 129, 121, '2025-07-18 22:06:49', FALSE);
INSERT INTO EventRoster (ID, Event, Member, DateRegistered, Waitlisted) VALUES (649, 129, 194, '2025-07-21 15:08:48', TRUE);
INSERT INTO EventRoster (ID, Event, Member, DateRegistered, Waitlisted) VALUES (650, 129, 168, '2025-08-08 04:34:52', FALSE);
INSERT INTO EventRoster (ID, Event, Member, DateRegistered, Waitlisted) VALUES (651, 129, 134, '2025-07-15 01:14:12', FALSE);
INSERT INTO EventRoster (ID, Event, Member, DateRegistered, Waitlisted) VALUES (652, 129, 199, '2025-08-06 01:53:43', FALSE);
INSERT INTO EventRoster (ID, Event, Member, DateRegistered, Waitlisted) VALUES (653, 129, 147, '2025-07-15 04:13:58', FALSE);
INSERT INTO EventRoster (ID, Event, Member, DateRegistered, Waitlisted) VALUES (654, 129, 143, '2025-07-15 04:02:20', FALSE);
INSERT INTO EventRoster (ID, Event, Member, DateRegistered, Waitlisted) VALUES (655, 129, 189, '2025-08-06 03:56:26', FALSE);
INSERT INTO EventRoster (ID, Event, Member, DateRegistered, Waitlisted) VALUES (656, 129, 159, '2025-08-12 07:43:41', FALSE);
INSERT INTO EventRoster (ID, Event, Member, DateRegistered, Waitlisted) VALUES (657, 129, 116, '2025-07-14 04:59:29', FALSE);
INSERT INTO EventRoster (ID, Event, Member, DateRegistered, Waitlisted) VALUES (658, 129, 104, '2025-07-20 04:56:26', FALSE);
INSERT INTO EventRoster (ID, Event, Member, DateRegistered, Waitlisted) VALUES (659, 129, 113, '2025-07-30 04:48:41', FALSE);
INSERT INTO EventRoster (ID, Event, Member, DateRegistered, Waitlisted) VALUES (660, 129, 128, '2025-07-27 08:12:16', FALSE);
INSERT INTO EventRoster (ID, Event, Member, DateRegistered, Waitlisted) VALUES (661, 129, 139, '2025-07-20 13:42:49', FALSE);
INSERT INTO EventRoster (ID, Event, Member, DateRegistered, Waitlisted) VALUES (662, 129, 181, '2025-07-16 03:40:56', FALSE);
INSERT INTO EventRoster (ID, Event, Member, DateRegistered, Waitlisted) VALUES (663, 130, 151, '2025-08-08 23:17:16', FALSE);
INSERT INTO EventRoster (ID, Event, Member, DateRegistered, Waitlisted) VALUES (664, 130, 128, '2025-08-02 14:19:04', FALSE);
INSERT INTO EventRoster (ID, Event, Member, DateRegistered, Waitlisted) VALUES (665, 130, 164, '2025-08-09 03:25:06', FALSE);
INSERT INTO EventRoster (ID, Event, Member, DateRegistered, Waitlisted) VALUES (666, 130, 152, '2025-07-16 16:42:16', FALSE);
INSERT INTO EventRoster (ID, Event, Member, DateRegistered, Waitlisted) VALUES (667, 130, 137, '2025-07-28 14:23:14', FALSE);
INSERT INTO EventRoster (ID, Event, Member, DateRegistered, Waitlisted) VALUES (668, 130, 132, '2025-07-27 03:48:18', TRUE);
INSERT INTO EventRoster (ID, Event, Member, DateRegistered, Waitlisted) VALUES (669, 130, 146, '2025-07-14 05:01:57', FALSE);
INSERT INTO EventRoster (ID, Event, Member, DateRegistered, Waitlisted) VALUES (670, 130, 169, '2025-07-20 21:57:52', FALSE);
INSERT INTO EventRoster (ID, Event, Member, DateRegistered, Waitlisted) VALUES (671, 130, 191, '2025-08-12 22:35:45', FALSE);
INSERT INTO EventRoster (ID, Event, Member, DateRegistered, Waitlisted) VALUES (672, 130, 134, '2025-08-10 03:05:50', FALSE);
INSERT INTO EventRoster (ID, Event, Member, DateRegistered, Waitlisted) VALUES (673, 130, 161, '2025-07-23 15:43:42', TRUE);
INSERT INTO EventRoster (ID, Event, Member, DateRegistered, Waitlisted) VALUES (674, 130, 196, '2025-07-30 15:45:20', FALSE);
INSERT INTO EventRoster (ID, Event, Member, DateRegistered, Waitlisted) VALUES (675, 130, 158, '2025-08-09 10:03:56', FALSE);
INSERT INTO EventRoster (ID, Event, Member, DateRegistered, Waitlisted) VALUES (676, 130, 187, '2025-08-09 04:26:25', FALSE);
INSERT INTO EventRoster (ID, Event, Member, DateRegistered, Waitlisted) VALUES (677, 130, 135, '2025-07-31 08:02:20', FALSE);
INSERT INTO EventRoster (ID, Event, Member, DateRegistered, Waitlisted) VALUES (678, 130, 172, '2025-07-31 18:02:27', FALSE);
INSERT INTO EventRoster (ID, Event, Member, DateRegistered, Waitlisted) VALUES (679, 130, 138, '2025-07-22 08:30:29', FALSE);
INSERT INTO EventRoster (ID, Event, Member, DateRegistered, Waitlisted) VALUES (680, 130, 124, '2025-07-16 06:06:50', FALSE);
INSERT INTO EventRoster (ID, Event, Member, DateRegistered, Waitlisted) VALUES (681, 130, 143, '2025-08-10 06:55:56', FALSE);
INSERT INTO EventRoster (ID, Event, Member, DateRegistered, Waitlisted) VALUES (682, 130, 106, '2025-07-21 10:15:16', FALSE);
INSERT INTO EventRoster (ID, Event, Member, DateRegistered, Waitlisted) VALUES (683, 130, 179, '2025-07-26 02:23:17', TRUE);
INSERT INTO EventRoster (ID, Event, Member, DateRegistered, Waitlisted) VALUES (684, 130, 199, '2025-07-31 15:54:12', FALSE);
INSERT INTO EventRoster (ID, Event, Member, DateRegistered, Waitlisted) VALUES (685, 130, 178, '2025-08-01 00:47:29', FALSE);
INSERT INTO EventRoster (ID, Event, Member, DateRegistered, Waitlisted) VALUES (686, 130, 129, '2025-07-22 07:40:18', FALSE);
INSERT INTO EventRoster (ID, Event, Member, DateRegistered, Waitlisted) VALUES (687, 130, 171, '2025-07-16 08:08:46', FALSE);
INSERT INTO EventRoster (ID, Event, Member, DateRegistered, Waitlisted) VALUES (688, 130, 113, '2025-07-28 13:14:00', FALSE);
INSERT INTO EventRoster (ID, Event, Member, DateRegistered, Waitlisted) VALUES (689, 130, 170, '2025-08-12 18:13:00', FALSE);
INSERT INTO EventRoster (ID, Event, Member, DateRegistered, Waitlisted) VALUES (690, 130, 173, '2025-07-17 12:00:13', FALSE);
INSERT INTO EventRoster (ID, Event, Member, DateRegistered, Waitlisted) VALUES (691, 131, 112, '2025-07-27 14:37:41', FALSE);
INSERT INTO EventRoster (ID, Event, Member, DateRegistered, Waitlisted) VALUES (692, 131, 161, '2025-07-15 01:54:27', FALSE);
INSERT INTO EventRoster (ID, Event, Member, DateRegistered, Waitlisted) VALUES (693, 131, 167, '2025-08-05 02:45:31', FALSE);
INSERT INTO EventRoster (ID, Event, Member, DateRegistered, Waitlisted) VALUES (694, 131, 151, '2025-08-12 20:37:27', FALSE);
INSERT INTO EventRoster (ID, Event, Member, DateRegistered, Waitlisted) VALUES (695, 131, 150, '2025-08-10 12:04:10', TRUE);
INSERT INTO EventRoster (ID, Event, Member, DateRegistered, Waitlisted) VALUES (696, 131, 111, '2025-08-02 03:18:56', FALSE);
INSERT INTO EventRoster (ID, Event, Member, DateRegistered, Waitlisted) VALUES (697, 131, 182, '2025-07-30 12:17:31', FALSE);
INSERT INTO EventRoster (ID, Event, Member, DateRegistered, Waitlisted) VALUES (698, 131, 118, '2025-07-17 20:26:20', FALSE);
INSERT INTO EventRoster (ID, Event, Member, DateRegistered, Waitlisted) VALUES (699, 131, 156, '2025-07-13 23:21:18', FALSE);
INSERT INTO EventRoster (ID, Event, Member, DateRegistered, Waitlisted) VALUES (700, 131, 107, '2025-07-30 07:02:21', TRUE);
INSERT INTO EventRoster (ID, Event, Member, DateRegistered, Waitlisted) VALUES (701, 131, 153, '2025-07-28 10:26:15', TRUE);
INSERT INTO EventRoster (ID, Event, Member, DateRegistered, Waitlisted) VALUES (702, 131, 178, '2025-08-02 14:51:27', FALSE);
INSERT INTO EventRoster (ID, Event, Member, DateRegistered, Waitlisted) VALUES (703, 131, 194, '2025-07-26 23:21:13', FALSE);
INSERT INTO EventRoster (ID, Event, Member, DateRegistered, Waitlisted) VALUES (704, 131, 187, '2025-07-22 04:01:05', FALSE);
INSERT INTO EventRoster (ID, Event, Member, DateRegistered, Waitlisted) VALUES (705, 131, 117, '2025-07-18 22:52:49', FALSE);
INSERT INTO EventRoster (ID, Event, Member, DateRegistered, Waitlisted) VALUES (706, 131, 134, '2025-07-19 05:10:53', FALSE);
INSERT INTO EventRoster (ID, Event, Member, DateRegistered, Waitlisted) VALUES (707, 131, 177, '2025-08-06 21:44:59', FALSE);
INSERT INTO EventRoster (ID, Event, Member, DateRegistered, Waitlisted) VALUES (708, 132, 134, '2025-07-19 13:50:46', FALSE);
INSERT INTO EventRoster (ID, Event, Member, DateRegistered, Waitlisted) VALUES (709, 132, 124, '2025-07-15 09:29:30', TRUE);
INSERT INTO EventRoster (ID, Event, Member, DateRegistered, Waitlisted) VALUES (710, 132, 138, '2025-07-19 10:02:14', TRUE);
INSERT INTO EventRoster (ID, Event, Member, DateRegistered, Waitlisted) VALUES (711, 132, 162, '2025-07-25 16:35:19', FALSE);
INSERT INTO EventRoster (ID, Event, Member, DateRegistered, Waitlisted) VALUES (712, 132, 142, '2025-08-05 20:07:09', FALSE);
INSERT INTO EventRoster (ID, Event, Member, DateRegistered, Waitlisted) VALUES (713, 132, 128, '2025-07-27 02:47:06', FALSE);
INSERT INTO EventRoster (ID, Event, Member, DateRegistered, Waitlisted) VALUES (714, 132, 123, '2025-07-18 12:03:15', FALSE);
INSERT INTO EventRoster (ID, Event, Member, DateRegistered, Waitlisted) VALUES (715, 132, 199, '2025-07-25 16:32:06', FALSE);
INSERT INTO EventRoster (ID, Event, Member, DateRegistered, Waitlisted) VALUES (716, 132, 135, '2025-08-02 05:33:12', FALSE);
INSERT INTO EventRoster (ID, Event, Member, DateRegistered, Waitlisted) VALUES (717, 132, 148, '2025-08-01 03:35:47', FALSE);
INSERT INTO EventRoster (ID, Event, Member, DateRegistered, Waitlisted) VALUES (718, 132, 121, '2025-07-27 21:26:59', FALSE);
INSERT INTO EventRoster (ID, Event, Member, DateRegistered, Waitlisted) VALUES (719, 132, 101, '2025-07-27 06:36:59', FALSE);
INSERT INTO EventRoster (ID, Event, Member, DateRegistered, Waitlisted) VALUES (720, 132, 103, '2025-08-10 11:53:30', FALSE);
INSERT INTO EventRoster (ID, Event, Member, DateRegistered, Waitlisted) VALUES (721, 132, 157, '2025-08-09 13:26:55', FALSE);
INSERT INTO EventRoster (ID, Event, Member, DateRegistered, Waitlisted) VALUES (722, 132, 161, '2025-07-24 03:38:50', FALSE);
INSERT INTO EventRoster (ID, Event, Member, DateRegistered, Waitlisted) VALUES (723, 132, 153, '2025-07-17 19:50:02', FALSE);
INSERT INTO EventRoster (ID, Event, Member, DateRegistered, Waitlisted) VALUES (724, 132, 112, '2025-07-22 12:57:40', FALSE);
INSERT INTO EventRoster (ID, Event, Member, DateRegistered, Waitlisted) VALUES (725, 132, 131, '2025-08-07 16:42:21', FALSE);
INSERT INTO EventRoster (ID, Event, Member, DateRegistered, Waitlisted) VALUES (726, 132, 111, '2025-08-12 20:23:45', FALSE);
INSERT INTO EventRoster (ID, Event, Member, DateRegistered, Waitlisted) VALUES (727, 132, 133, '2025-08-09 07:58:07', FALSE);
INSERT INTO EventRoster (ID, Event, Member, DateRegistered, Waitlisted) VALUES (728, 132, 191, '2025-08-01 15:59:34', FALSE);
INSERT INTO EventRoster (ID, Event, Member, DateRegistered, Waitlisted) VALUES (729, 132, 113, '2025-07-24 14:59:51', FALSE);
INSERT INTO EventRoster (ID, Event, Member, DateRegistered, Waitlisted) VALUES (730, 132, 176, '2025-08-09 15:47:05', FALSE);
INSERT INTO EventRoster (ID, Event, Member, DateRegistered, Waitlisted) VALUES (731, 132, 137, '2025-08-05 15:50:22', FALSE);
INSERT INTO EventRoster (ID, Event, Member, DateRegistered, Waitlisted) VALUES (732, 132, 141, '2025-07-30 16:31:57', FALSE);
INSERT INTO EventRoster (ID, Event, Member, DateRegistered, Waitlisted) VALUES (733, 132, 104, '2025-07-17 22:40:06', TRUE);
INSERT INTO EventRoster (ID, Event, Member, DateRegistered, Waitlisted) VALUES (734, 132, 194, '2025-07-18 10:19:52', FALSE);
INSERT INTO EventRoster (ID, Event, Member, DateRegistered, Waitlisted) VALUES (735, 132, 190, '2025-07-25 19:51:07', FALSE);
INSERT INTO EventRoster (ID, Event, Member, DateRegistered, Waitlisted) VALUES (736, 133, 119, '2025-08-06 16:36:54', FALSE);
INSERT INTO EventRoster (ID, Event, Member, DateRegistered, Waitlisted) VALUES (737, 133, 116, '2025-07-26 21:06:44', FALSE);
INSERT INTO EventRoster (ID, Event, Member, DateRegistered, Waitlisted) VALUES (738, 133, 147, '2025-07-24 20:56:45', FALSE);
INSERT INTO EventRoster (ID, Event, Member, DateRegistered, Waitlisted) VALUES (739, 133, 131, '2025-08-11 19:58:53', FALSE);
INSERT INTO EventRoster (ID, Event, Member, DateRegistered, Waitlisted) VALUES (740, 133, 163, '2025-07-15 23:16:01', FALSE);
INSERT INTO EventRoster (ID, Event, Member, DateRegistered, Waitlisted) VALUES (741, 133, 157, '2025-07-17 20:25:34', FALSE);
INSERT INTO EventRoster (ID, Event, Member, DateRegistered, Waitlisted) VALUES (742, 133, 182, '2025-07-16 09:17:45', FALSE);
INSERT INTO EventRoster (ID, Event, Member, DateRegistered, Waitlisted) VALUES (743, 133, 115, '2025-07-20 17:46:44', FALSE);
INSERT INTO EventRoster (ID, Event, Member, DateRegistered, Waitlisted) VALUES (744, 133, 197, '2025-08-11 12:08:29', FALSE);
INSERT INTO EventRoster (ID, Event, Member, DateRegistered, Waitlisted) VALUES (745, 133, 183, '2025-08-07 00:16:00', FALSE);
INSERT INTO EventRoster (ID, Event, Member, DateRegistered, Waitlisted) VALUES (746, 133, 140, '2025-07-26 03:54:31', FALSE);
INSERT INTO EventRoster (ID, Event, Member, DateRegistered, Waitlisted) VALUES (747, 133, 100, '2025-07-29 20:24:09', TRUE);
INSERT INTO EventRoster (ID, Event, Member, DateRegistered, Waitlisted) VALUES (748, 133, 156, '2025-07-21 19:50:22', FALSE);
INSERT INTO EventRoster (ID, Event, Member, DateRegistered, Waitlisted) VALUES (749, 133, 136, '2025-07-21 00:07:19', FALSE);
INSERT INTO EventRoster (ID, Event, Member, DateRegistered, Waitlisted) VALUES (750, 133, 180, '2025-08-12 13:06:35', FALSE);
INSERT INTO EventRoster (ID, Event, Member, DateRegistered, Waitlisted) VALUES (751, 133, 135, '2025-08-10 23:26:09', FALSE);
INSERT INTO EventRoster (ID, Event, Member, DateRegistered, Waitlisted) VALUES (752, 133, 124, '2025-08-07 16:58:32', FALSE);
INSERT INTO EventRoster (ID, Event, Member, DateRegistered, Waitlisted) VALUES (753, 133, 196, '2025-07-16 03:40:39', FALSE);
INSERT INTO EventRoster (ID, Event, Member, DateRegistered, Waitlisted) VALUES (754, 133, 177, '2025-07-28 16:22:13', TRUE);
INSERT INTO EventRoster (ID, Event, Member, DateRegistered, Waitlisted) VALUES (755, 134, 163, '2025-07-14 12:50:57', FALSE);
INSERT INTO EventRoster (ID, Event, Member, DateRegistered, Waitlisted) VALUES (756, 134, 162, '2025-07-14 19:32:33', FALSE);
INSERT INTO EventRoster (ID, Event, Member, DateRegistered, Waitlisted) VALUES (757, 134, 182, '2025-07-17 08:30:28', FALSE);
INSERT INTO EventRoster (ID, Event, Member, DateRegistered, Waitlisted) VALUES (758, 134, 175, '2025-08-09 00:32:45', FALSE);
INSERT INTO EventRoster (ID, Event, Member, DateRegistered, Waitlisted) VALUES (759, 134, 102, '2025-08-09 02:13:26', FALSE);
INSERT INTO EventRoster (ID, Event, Member, DateRegistered, Waitlisted) VALUES (760, 134, 192, '2025-07-15 12:38:06', FALSE);
INSERT INTO EventRoster (ID, Event, Member, DateRegistered, Waitlisted) VALUES (761, 134, 149, '2025-07-27 05:44:16', FALSE);
INSERT INTO EventRoster (ID, Event, Member, DateRegistered, Waitlisted) VALUES (762, 134, 164, '2025-08-08 14:59:30', FALSE);
INSERT INTO EventRoster (ID, Event, Member, DateRegistered, Waitlisted) VALUES (763, 134, 181, '2025-07-28 03:29:14', FALSE);
INSERT INTO EventRoster (ID, Event, Member, DateRegistered, Waitlisted) VALUES (764, 134, 152, '2025-08-04 19:29:19', FALSE);
INSERT INTO EventRoster (ID, Event, Member, DateRegistered, Waitlisted) VALUES (765, 134, 188, '2025-08-10 04:51:20', TRUE);
INSERT INTO EventRoster (ID, Event, Member, DateRegistered, Waitlisted) VALUES (766, 135, 103, '2025-07-27 11:32:43', TRUE);
INSERT INTO EventRoster (ID, Event, Member, DateRegistered, Waitlisted) VALUES (767, 135, 122, '2025-07-29 05:54:49', FALSE);
INSERT INTO EventRoster (ID, Event, Member, DateRegistered, Waitlisted) VALUES (768, 135, 145, '2025-07-24 23:28:13', FALSE);
INSERT INTO EventRoster (ID, Event, Member, DateRegistered, Waitlisted) VALUES (769, 135, 126, '2025-07-21 05:25:03', FALSE);
INSERT INTO EventRoster (ID, Event, Member, DateRegistered, Waitlisted) VALUES (770, 135, 181, '2025-07-25 04:55:48', FALSE);
INSERT INTO EventRoster (ID, Event, Member, DateRegistered, Waitlisted) VALUES (771, 135, 198, '2025-07-30 06:29:46', FALSE);
INSERT INTO EventRoster (ID, Event, Member, DateRegistered, Waitlisted) VALUES (772, 135, 106, '2025-07-31 11:13:42', FALSE);
INSERT INTO EventRoster (ID, Event, Member, DateRegistered, Waitlisted) VALUES (773, 135, 102, '2025-08-09 23:07:44', FALSE);
INSERT INTO EventRoster (ID, Event, Member, DateRegistered, Waitlisted) VALUES (774, 135, 120, '2025-07-29 10:43:58', FALSE);
INSERT INTO EventRoster (ID, Event, Member, DateRegistered, Waitlisted) VALUES (775, 135, 130, '2025-07-21 05:17:04', FALSE);
INSERT INTO EventRoster (ID, Event, Member, DateRegistered, Waitlisted) VALUES (776, 135, 163, '2025-07-21 05:35:37', FALSE);
INSERT INTO EventRoster (ID, Event, Member, DateRegistered, Waitlisted) VALUES (777, 135, 160, '2025-08-02 10:49:52', FALSE);
INSERT INTO EventRoster (ID, Event, Member, DateRegistered, Waitlisted) VALUES (778, 135, 162, '2025-08-04 17:14:57', FALSE);
INSERT INTO EventRoster (ID, Event, Member, DateRegistered, Waitlisted) VALUES (779, 135, 134, '2025-07-23 18:17:57', FALSE);
INSERT INTO EventRoster (ID, Event, Member, DateRegistered, Waitlisted) VALUES (780, 135, 174, '2025-07-29 03:09:47', FALSE);
INSERT INTO EventRoster (ID, Event, Member, DateRegistered, Waitlisted) VALUES (781, 135, 182, '2025-07-14 04:47:35', TRUE);
INSERT INTO EventRoster (ID, Event, Member, DateRegistered, Waitlisted) VALUES (782, 135, 101, '2025-07-21 19:26:52', FALSE);
INSERT INTO EventRoster (ID, Event, Member, DateRegistered, Waitlisted) VALUES (783, 135, 105, '2025-07-31 09:42:03', FALSE);
INSERT INTO EventRoster (ID, Event, Member, DateRegistered, Waitlisted) VALUES (784, 135, 185, '2025-07-22 23:25:26', TRUE);
INSERT INTO EventRoster (ID, Event, Member, DateRegistered, Waitlisted) VALUES (785, 135, 139, '2025-08-09 05:46:16', FALSE);
INSERT INTO EventRoster (ID, Event, Member, DateRegistered, Waitlisted) VALUES (786, 135, 151, '2025-07-20 07:09:03', FALSE);
INSERT INTO EventRoster (ID, Event, Member, DateRegistered, Waitlisted) VALUES (787, 135, 196, '2025-07-27 01:50:33', FALSE);
INSERT INTO EventRoster (ID, Event, Member, DateRegistered, Waitlisted) VALUES (788, 135, 116, '2025-07-24 00:19:06', TRUE);
INSERT INTO EventRoster (ID, Event, Member, DateRegistered, Waitlisted) VALUES (789, 135, 109, '2025-08-04 06:00:26', FALSE);
INSERT INTO EventRoster (ID, Event, Member, DateRegistered, Waitlisted) VALUES (790, 135, 140, '2025-07-18 05:00:42', FALSE);
INSERT INTO EventRoster (ID, Event, Member, DateRegistered, Waitlisted) VALUES (791, 136, 119, '2025-07-21 18:20:05', FALSE);
INSERT INTO EventRoster (ID, Event, Member, DateRegistered, Waitlisted) VALUES (792, 136, 196, '2025-07-16 00:18:15', FALSE);
INSERT INTO EventRoster (ID, Event, Member, DateRegistered, Waitlisted) VALUES (793, 136, 130, '2025-07-26 18:50:18', FALSE);
INSERT INTO EventRoster (ID, Event, Member, DateRegistered, Waitlisted) VALUES (794, 136, 193, '2025-07-31 18:33:18', FALSE);
INSERT INTO EventRoster (ID, Event, Member, DateRegistered, Waitlisted) VALUES (795, 136, 189, '2025-07-24 15:58:35', FALSE);
INSERT INTO EventRoster (ID, Event, Member, DateRegistered, Waitlisted) VALUES (796, 136, 165, '2025-07-25 00:07:10', FALSE);
INSERT INTO EventRoster (ID, Event, Member, DateRegistered, Waitlisted) VALUES (797, 136, 170, '2025-08-05 15:12:34', TRUE);
INSERT INTO EventRoster (ID, Event, Member, DateRegistered, Waitlisted) VALUES (798, 136, 182, '2025-07-15 04:35:37', FALSE);
INSERT INTO EventRoster (ID, Event, Member, DateRegistered, Waitlisted) VALUES (799, 136, 195, '2025-07-28 22:00:33', FALSE);
INSERT INTO EventRoster (ID, Event, Member, DateRegistered, Waitlisted) VALUES (800, 136, 162, '2025-08-03 16:34:55', FALSE);
INSERT INTO EventRoster (ID, Event, Member, DateRegistered, Waitlisted) VALUES (801, 136, 135, '2025-08-05 17:38:52', FALSE);
INSERT INTO EventRoster (ID, Event, Member, DateRegistered, Waitlisted) VALUES (802, 136, 115, '2025-07-19 15:45:24', FALSE);
INSERT INTO EventRoster (ID, Event, Member, DateRegistered, Waitlisted) VALUES (803, 136, 101, '2025-08-09 05:15:00', FALSE);
INSERT INTO EventRoster (ID, Event, Member, DateRegistered, Waitlisted) VALUES (804, 136, 113, '2025-07-25 09:02:36', FALSE);
INSERT INTO EventRoster (ID, Event, Member, DateRegistered, Waitlisted) VALUES (805, 136, 136, '2025-07-17 20:49:38', FALSE);
INSERT INTO EventRoster (ID, Event, Member, DateRegistered, Waitlisted) VALUES (806, 136, 143, '2025-08-06 22:29:05', FALSE);
INSERT INTO EventRoster (ID, Event, Member, DateRegistered, Waitlisted) VALUES (807, 136, 188, '2025-08-04 03:26:58', FALSE);
INSERT INTO EventRoster (ID, Event, Member, DateRegistered, Waitlisted) VALUES (808, 136, 129, '2025-07-27 18:45:40', FALSE);
INSERT INTO EventRoster (ID, Event, Member, DateRegistered, Waitlisted) VALUES (809, 136, 199, '2025-07-20 19:29:20', FALSE);
INSERT INTO EventRoster (ID, Event, Member, DateRegistered, Waitlisted) VALUES (810, 136, 110, '2025-07-15 09:57:39', FALSE);
INSERT INTO EventRoster (ID, Event, Member, DateRegistered, Waitlisted) VALUES (811, 136, 137, '2025-08-08 20:55:05', FALSE);
INSERT INTO EventRoster (ID, Event, Member, DateRegistered, Waitlisted) VALUES (812, 137, 170, '2025-07-30 14:53:48', FALSE);
INSERT INTO EventRoster (ID, Event, Member, DateRegistered, Waitlisted) VALUES (813, 137, 131, '2025-07-15 03:21:33', FALSE);
INSERT INTO EventRoster (ID, Event, Member, DateRegistered, Waitlisted) VALUES (814, 137, 147, '2025-08-03 19:37:55', TRUE);
INSERT INTO EventRoster (ID, Event, Member, DateRegistered, Waitlisted) VALUES (815, 137, 172, '2025-08-07 08:20:42', FALSE);
INSERT INTO EventRoster (ID, Event, Member, DateRegistered, Waitlisted) VALUES (816, 137, 158, '2025-07-23 15:12:56', FALSE);
INSERT INTO EventRoster (ID, Event, Member, DateRegistered, Waitlisted) VALUES (817, 137, 199, '2025-08-06 21:37:46', FALSE);
INSERT INTO EventRoster (ID, Event, Member, DateRegistered, Waitlisted) VALUES (818, 137, 177, '2025-08-02 06:55:18', FALSE);
INSERT INTO EventRoster (ID, Event, Member, DateRegistered, Waitlisted) VALUES (819, 137, 152, '2025-08-06 08:24:24', FALSE);
INSERT INTO EventRoster (ID, Event, Member, DateRegistered, Waitlisted) VALUES (820, 137, 105, '2025-08-08 06:26:39', FALSE);
INSERT INTO EventRoster (ID, Event, Member, DateRegistered, Waitlisted) VALUES (821, 137, 106, '2025-08-10 10:40:20', FALSE);
INSERT INTO EventRoster (ID, Event, Member, DateRegistered, Waitlisted) VALUES (822, 137, 145, '2025-08-07 14:19:09', FALSE);
INSERT INTO EventRoster (ID, Event, Member, DateRegistered, Waitlisted) VALUES (823, 137, 190, '2025-07-22 15:16:46', FALSE);
INSERT INTO EventRoster (ID, Event, Member, DateRegistered, Waitlisted) VALUES (824, 137, 198, '2025-08-05 09:39:11', FALSE);
INSERT INTO EventRoster (ID, Event, Member, DateRegistered, Waitlisted) VALUES (825, 137, 101, '2025-07-26 20:57:03', FALSE);
INSERT INTO EventRoster (ID, Event, Member, DateRegistered, Waitlisted) VALUES (826, 138, 112, '2025-07-22 21:51:36', FALSE);
INSERT INTO EventRoster (ID, Event, Member, DateRegistered, Waitlisted) VALUES (827, 138, 127, '2025-07-16 19:48:49', FALSE);
INSERT INTO EventRoster (ID, Event, Member, DateRegistered, Waitlisted) VALUES (828, 138, 179, '2025-07-24 21:25:44', TRUE);
INSERT INTO EventRoster (ID, Event, Member, DateRegistered, Waitlisted) VALUES (829, 138, 196, '2025-07-15 19:55:38', TRUE);
INSERT INTO EventRoster (ID, Event, Member, DateRegistered, Waitlisted) VALUES (830, 138, 132, '2025-08-09 09:44:04', FALSE);
INSERT INTO EventRoster (ID, Event, Member, DateRegistered, Waitlisted) VALUES (831, 138, 126, '2025-08-04 02:58:40', FALSE);
INSERT INTO EventRoster (ID, Event, Member, DateRegistered, Waitlisted) VALUES (832, 138, 134, '2025-08-01 00:49:18', FALSE);
INSERT INTO EventRoster (ID, Event, Member, DateRegistered, Waitlisted) VALUES (833, 138, 169, '2025-08-07 05:34:33', FALSE);
INSERT INTO EventRoster (ID, Event, Member, DateRegistered, Waitlisted) VALUES (834, 138, 194, '2025-08-11 16:08:26', FALSE);
INSERT INTO EventRoster (ID, Event, Member, DateRegistered, Waitlisted) VALUES (835, 138, 131, '2025-08-02 02:01:25', FALSE);
INSERT INTO EventRoster (ID, Event, Member, DateRegistered, Waitlisted) VALUES (836, 138, 198, '2025-07-14 21:04:34', FALSE);
INSERT INTO EventRoster (ID, Event, Member, DateRegistered, Waitlisted) VALUES (837, 138, 109, '2025-07-24 12:50:00', FALSE);
INSERT INTO EventRoster (ID, Event, Member, DateRegistered, Waitlisted) VALUES (838, 138, 187, '2025-07-16 16:24:52', TRUE);
INSERT INTO EventRoster (ID, Event, Member, DateRegistered, Waitlisted) VALUES (839, 138, 172, '2025-07-23 22:04:55', FALSE);
INSERT INTO EventRoster (ID, Event, Member, DateRegistered, Waitlisted) VALUES (840, 138, 185, '2025-07-18 23:39:58', FALSE);
INSERT INTO EventRoster (ID, Event, Member, DateRegistered, Waitlisted) VALUES (841, 138, 122, '2025-07-30 23:13:22', FALSE);
INSERT INTO EventRoster (ID, Event, Member, DateRegistered, Waitlisted) VALUES (842, 138, 119, '2025-07-20 07:10:14', FALSE);
INSERT INTO EventRoster (ID, Event, Member, DateRegistered, Waitlisted) VALUES (843, 138, 153, '2025-07-26 11:23:11', FALSE);
INSERT INTO EventRoster (ID, Event, Member, DateRegistered, Waitlisted) VALUES (844, 138, 167, '2025-08-03 05:29:11', FALSE);
INSERT INTO EventRoster (ID, Event, Member, DateRegistered, Waitlisted) VALUES (845, 138, 161, '2025-07-22 08:59:10', FALSE);
INSERT INTO EventRoster (ID, Event, Member, DateRegistered, Waitlisted) VALUES (846, 138, 142, '2025-07-26 22:40:59', FALSE);
INSERT INTO EventRoster (ID, Event, Member, DateRegistered, Waitlisted) VALUES (847, 138, 121, '2025-07-21 16:07:50', FALSE);
INSERT INTO EventRoster (ID, Event, Member, DateRegistered, Waitlisted) VALUES (848, 138, 138, '2025-08-09 17:21:37', FALSE);
INSERT INTO EventRoster (ID, Event, Member, DateRegistered, Waitlisted) VALUES (849, 138, 171, '2025-07-30 16:29:47', FALSE);
INSERT INTO EventRoster (ID, Event, Member, DateRegistered, Waitlisted) VALUES (850, 138, 149, '2025-07-22 00:49:11', FALSE);
INSERT INTO EventRoster (ID, Event, Member, DateRegistered, Waitlisted) VALUES (851, 138, 177, '2025-07-18 04:32:28', FALSE);
INSERT INTO EventRoster (ID, Event, Member, DateRegistered, Waitlisted) VALUES (852, 138, 133, '2025-08-02 01:00:11', FALSE);
INSERT INTO EventRoster (ID, Event, Member, DateRegistered, Waitlisted) VALUES (853, 138, 159, '2025-07-30 08:13:49', FALSE);
INSERT INTO EventRoster (ID, Event, Member, DateRegistered, Waitlisted) VALUES (854, 138, 155, '2025-07-19 11:14:13', FALSE);
INSERT INTO EventRoster (ID, Event, Member, DateRegistered, Waitlisted) VALUES (855, 138, 101, '2025-08-02 15:55:02', FALSE);
INSERT INTO EventRoster (ID, Event, Member, DateRegistered, Waitlisted) VALUES (856, 138, 199, '2025-07-23 00:32:50', FALSE);
INSERT INTO EventRoster (ID, Event, Member, DateRegistered, Waitlisted) VALUES (857, 138, 123, '2025-08-08 03:07:42', FALSE);
INSERT INTO EventRoster (ID, Event, Member, DateRegistered, Waitlisted) VALUES (858, 138, 158, '2025-07-22 13:30:18', FALSE);
INSERT INTO EventRoster (ID, Event, Member, DateRegistered, Waitlisted) VALUES (859, 138, 166, '2025-07-20 17:54:52', FALSE);
INSERT INTO EventRoster (ID, Event, Member, DateRegistered, Waitlisted) VALUES (860, 139, 114, '2025-08-08 00:32:40', FALSE);
INSERT INTO EventRoster (ID, Event, Member, DateRegistered, Waitlisted) VALUES (861, 139, 124, '2025-07-28 11:25:51', FALSE);
INSERT INTO EventRoster (ID, Event, Member, DateRegistered, Waitlisted) VALUES (862, 139, 106, '2025-07-20 13:07:50', FALSE);
INSERT INTO EventRoster (ID, Event, Member, DateRegistered, Waitlisted) VALUES (863, 139, 149, '2025-07-20 20:10:29', FALSE);
INSERT INTO EventRoster (ID, Event, Member, DateRegistered, Waitlisted) VALUES (864, 139, 147, '2025-07-18 12:54:02', FALSE);
INSERT INTO EventRoster (ID, Event, Member, DateRegistered, Waitlisted) VALUES (865, 139, 184, '2025-07-21 18:38:16', FALSE);
INSERT INTO EventRoster (ID, Event, Member, DateRegistered, Waitlisted) VALUES (866, 139, 153, '2025-07-16 14:46:33', FALSE);
INSERT INTO EventRoster (ID, Event, Member, DateRegistered, Waitlisted) VALUES (867, 139, 128, '2025-07-28 18:13:04', FALSE);
INSERT INTO EventRoster (ID, Event, Member, DateRegistered, Waitlisted) VALUES (868, 139, 192, '2025-07-19 04:01:14', FALSE);
INSERT INTO EventRoster (ID, Event, Member, DateRegistered, Waitlisted) VALUES (869, 139, 104, '2025-07-15 14:46:04', FALSE);
INSERT INTO EventRoster (ID, Event, Member, DateRegistered, Waitlisted) VALUES (870, 139, 118, '2025-08-12 05:09:08', FALSE);
INSERT INTO EventRoster (ID, Event, Member, DateRegistered, Waitlisted) VALUES (871, 139, 111, '2025-08-08 17:15:02', FALSE);
INSERT INTO EventRoster (ID, Event, Member, DateRegistered, Waitlisted) VALUES (872, 140, 194, '2025-07-18 22:48:02', FALSE);
INSERT INTO EventRoster (ID, Event, Member, DateRegistered, Waitlisted) VALUES (873, 140, 182, '2025-07-28 04:10:34', FALSE);
INSERT INTO EventRoster (ID, Event, Member, DateRegistered, Waitlisted) VALUES (874, 140, 148, '2025-07-20 08:41:18', FALSE);
INSERT INTO EventRoster (ID, Event, Member, DateRegistered, Waitlisted) VALUES (875, 140, 180, '2025-08-02 13:28:02', FALSE);
INSERT INTO EventRoster (ID, Event, Member, DateRegistered, Waitlisted) VALUES (876, 140, 187, '2025-07-15 01:57:43', FALSE);
INSERT INTO EventRoster (ID, Event, Member, DateRegistered, Waitlisted) VALUES (877, 140, 153, '2025-08-10 07:13:39', FALSE);
INSERT INTO EventRoster (ID, Event, Member, DateRegistered, Waitlisted) VALUES (878, 140, 145, '2025-07-28 08:58:57', FALSE);
INSERT INTO EventRoster (ID, Event, Member, DateRegistered, Waitlisted) VALUES (879, 140, 154, '2025-08-05 23:38:25', FALSE);
INSERT INTO EventRoster (ID, Event, Member, DateRegistered, Waitlisted) VALUES (880, 140, 178, '2025-07-27 22:07:01', FALSE);
INSERT INTO EventRoster (ID, Event, Member, DateRegistered, Waitlisted) VALUES (881, 140, 130, '2025-07-28 02:23:35', FALSE);
INSERT INTO EventRoster (ID, Event, Member, DateRegistered, Waitlisted) VALUES (882, 140, 147, '2025-07-18 22:04:06', FALSE);
INSERT INTO EventRoster (ID, Event, Member, DateRegistered, Waitlisted) VALUES (883, 140, 157, '2025-07-18 11:08:07', FALSE);
INSERT INTO EventRoster (ID, Event, Member, DateRegistered, Waitlisted) VALUES (884, 140, 197, '2025-07-23 11:44:23', FALSE);
INSERT INTO EventRoster (ID, Event, Member, DateRegistered, Waitlisted) VALUES (885, 140, 161, '2025-07-25 05:24:40', FALSE);
INSERT INTO EventRoster (ID, Event, Member, DateRegistered, Waitlisted) VALUES (886, 140, 140, '2025-07-28 21:02:22', FALSE);
INSERT INTO EventRoster (ID, Event, Member, DateRegistered, Waitlisted) VALUES (887, 140, 109, '2025-07-19 12:25:23', FALSE);
INSERT INTO EventRoster (ID, Event, Member, DateRegistered, Waitlisted) VALUES (888, 140, 174, '2025-07-24 10:57:56', FALSE);
INSERT INTO EventRoster (ID, Event, Member, DateRegistered, Waitlisted) VALUES (889, 140, 176, '2025-07-18 12:06:19', FALSE);
INSERT INTO EventRoster (ID, Event, Member, DateRegistered, Waitlisted) VALUES (890, 140, 117, '2025-07-19 13:53:51', FALSE);
INSERT INTO EventRoster (ID, Event, Member, DateRegistered, Waitlisted) VALUES (891, 140, 151, '2025-07-14 22:08:10', FALSE);
INSERT INTO EventRoster (ID, Event, Member, DateRegistered, Waitlisted) VALUES (892, 140, 105, '2025-07-25 10:57:11', FALSE);
INSERT INTO EventRoster (ID, Event, Member, DateRegistered, Waitlisted) VALUES (893, 140, 181, '2025-07-28 18:54:12', FALSE);
INSERT INTO EventRoster (ID, Event, Member, DateRegistered, Waitlisted) VALUES (894, 140, 136, '2025-07-18 11:31:17', FALSE);
INSERT INTO EventRoster (ID, Event, Member, DateRegistered, Waitlisted) VALUES (895, 140, 132, '2025-07-19 23:14:48', FALSE);
INSERT INTO EventRoster (ID, Event, Member, DateRegistered, Waitlisted) VALUES (896, 140, 158, '2025-07-25 02:19:04', FALSE);
INSERT INTO EventRoster (ID, Event, Member, DateRegistered, Waitlisted) VALUES (897, 140, 142, '2025-07-25 16:59:33', FALSE);
INSERT INTO EventRoster (ID, Event, Member, DateRegistered, Waitlisted) VALUES (898, 140, 162, '2025-08-03 02:47:16', FALSE);
INSERT INTO EventRoster (ID, Event, Member, DateRegistered, Waitlisted) VALUES (899, 140, 124, '2025-08-08 12:03:18', FALSE);
INSERT INTO EventRoster (ID, Event, Member, DateRegistered, Waitlisted) VALUES (900, 140, 139, '2025-08-03 16:17:36', FALSE);
INSERT INTO EventRoster (ID, Event, Member, DateRegistered, Waitlisted) VALUES (901, 140, 192, '2025-07-21 21:26:17', TRUE);
INSERT INTO EventRoster (ID, Event, Member, DateRegistered, Waitlisted) VALUES (902, 141, 127, '2025-07-22 08:54:54', FALSE);
INSERT INTO EventRoster (ID, Event, Member, DateRegistered, Waitlisted) VALUES (903, 141, 135, '2025-07-30 19:12:39', FALSE);
INSERT INTO EventRoster (ID, Event, Member, DateRegistered, Waitlisted) VALUES (904, 141, 142, '2025-08-10 18:06:36', FALSE);
INSERT INTO EventRoster (ID, Event, Member, DateRegistered, Waitlisted) VALUES (905, 141, 128, '2025-08-03 00:10:35', FALSE);
INSERT INTO EventRoster (ID, Event, Member, DateRegistered, Waitlisted) VALUES (906, 141, 167, '2025-08-09 14:11:50', FALSE);
INSERT INTO EventRoster (ID, Event, Member, DateRegistered, Waitlisted) VALUES (907, 141, 137, '2025-07-16 10:15:10', TRUE);
INSERT INTO EventRoster (ID, Event, Member, DateRegistered, Waitlisted) VALUES (908, 141, 187, '2025-08-06 14:01:04', FALSE);
INSERT INTO EventRoster (ID, Event, Member, DateRegistered, Waitlisted) VALUES (909, 141, 143, '2025-07-22 22:05:03', FALSE);
INSERT INTO EventRoster (ID, Event, Member, DateRegistered, Waitlisted) VALUES (910, 141, 108, '2025-07-22 05:51:14', FALSE);
INSERT INTO EventRoster (ID, Event, Member, DateRegistered, Waitlisted) VALUES (911, 141, 161, '2025-07-23 09:11:07', FALSE);
INSERT INTO EventRoster (ID, Event, Member, DateRegistered, Waitlisted) VALUES (912, 141, 198, '2025-07-20 03:05:18', FALSE);
INSERT INTO EventRoster (ID, Event, Member, DateRegistered, Waitlisted) VALUES (913, 141, 126, '2025-07-18 02:38:34', FALSE);
INSERT INTO EventRoster (ID, Event, Member, DateRegistered, Waitlisted) VALUES (914, 141, 101, '2025-08-06 01:41:55', TRUE);
INSERT INTO EventRoster (ID, Event, Member, DateRegistered, Waitlisted) VALUES (915, 141, 163, '2025-07-15 11:23:31', FALSE);
INSERT INTO EventRoster (ID, Event, Member, DateRegistered, Waitlisted) VALUES (916, 142, 122, '2025-08-04 07:25:57', FALSE);
INSERT INTO EventRoster (ID, Event, Member, DateRegistered, Waitlisted) VALUES (917, 142, 130, '2025-08-09 00:33:46', FALSE);
INSERT INTO EventRoster (ID, Event, Member, DateRegistered, Waitlisted) VALUES (918, 142, 188, '2025-08-02 13:14:45', FALSE);
INSERT INTO EventRoster (ID, Event, Member, DateRegistered, Waitlisted) VALUES (919, 142, 113, '2025-07-30 03:13:53', FALSE);
INSERT INTO EventRoster (ID, Event, Member, DateRegistered, Waitlisted) VALUES (920, 142, 167, '2025-07-15 07:07:32', FALSE);
INSERT INTO EventRoster (ID, Event, Member, DateRegistered, Waitlisted) VALUES (921, 142, 147, '2025-07-16 11:55:09', FALSE);
INSERT INTO EventRoster (ID, Event, Member, DateRegistered, Waitlisted) VALUES (922, 142, 115, '2025-07-21 05:24:36', FALSE);
INSERT INTO EventRoster (ID, Event, Member, DateRegistered, Waitlisted) VALUES (923, 142, 198, '2025-08-10 09:15:20', FALSE);
INSERT INTO EventRoster (ID, Event, Member, DateRegistered, Waitlisted) VALUES (924, 142, 186, '2025-07-15 13:45:45', FALSE);
INSERT INTO EventRoster (ID, Event, Member, DateRegistered, Waitlisted) VALUES (925, 142, 166, '2025-08-06 22:51:31', FALSE);
INSERT INTO EventRoster (ID, Event, Member, DateRegistered, Waitlisted) VALUES (926, 142, 191, '2025-07-21 15:20:36', FALSE);
INSERT INTO EventRoster (ID, Event, Member, DateRegistered, Waitlisted) VALUES (927, 142, 105, '2025-08-08 18:38:17', FALSE);
INSERT INTO EventRoster (ID, Event, Member, DateRegistered, Waitlisted) VALUES (928, 142, 101, '2025-07-16 12:44:36', FALSE);
INSERT INTO EventRoster (ID, Event, Member, DateRegistered, Waitlisted) VALUES (929, 142, 155, '2025-08-06 19:21:39', FALSE);
INSERT INTO EventRoster (ID, Event, Member, DateRegistered, Waitlisted) VALUES (930, 142, 138, '2025-08-12 20:45:02', FALSE);
INSERT INTO EventRoster (ID, Event, Member, DateRegistered, Waitlisted) VALUES (931, 142, 121, '2025-08-07 04:01:27', FALSE);
INSERT INTO EventRoster (ID, Event, Member, DateRegistered, Waitlisted) VALUES (932, 142, 154, '2025-08-10 15:13:12', FALSE);
INSERT INTO EventRoster (ID, Event, Member, DateRegistered, Waitlisted) VALUES (933, 143, 129, '2025-08-09 17:15:34', FALSE);
INSERT INTO EventRoster (ID, Event, Member, DateRegistered, Waitlisted) VALUES (934, 143, 158, '2025-08-07 14:12:57', FALSE);
INSERT INTO EventRoster (ID, Event, Member, DateRegistered, Waitlisted) VALUES (935, 143, 175, '2025-07-24 22:21:31', FALSE);
INSERT INTO EventRoster (ID, Event, Member, DateRegistered, Waitlisted) VALUES (936, 143, 120, '2025-08-01 19:12:37', FALSE);
INSERT INTO EventRoster (ID, Event, Member, DateRegistered, Waitlisted) VALUES (937, 143, 103, '2025-07-16 15:01:23', FALSE);
INSERT INTO EventRoster (ID, Event, Member, DateRegistered, Waitlisted) VALUES (938, 143, 119, '2025-07-22 16:51:30', FALSE);
INSERT INTO EventRoster (ID, Event, Member, DateRegistered, Waitlisted) VALUES (939, 143, 164, '2025-08-09 03:58:28', FALSE);
INSERT INTO EventRoster (ID, Event, Member, DateRegistered, Waitlisted) VALUES (940, 143, 198, '2025-07-17 02:40:11', FALSE);
INSERT INTO EventRoster (ID, Event, Member, DateRegistered, Waitlisted) VALUES (941, 143, 189, '2025-08-06 15:52:47', FALSE);
INSERT INTO EventRoster (ID, Event, Member, DateRegistered, Waitlisted) VALUES (942, 143, 133, '2025-07-30 17:01:50', FALSE);
INSERT INTO EventRoster (ID, Event, Member, DateRegistered, Waitlisted) VALUES (943, 143, 197, '2025-07-26 00:36:44', TRUE);
INSERT INTO EventRoster (ID, Event, Member, DateRegistered, Waitlisted) VALUES (944, 143, 107, '2025-08-09 13:17:32', FALSE);
INSERT INTO EventRoster (ID, Event, Member, DateRegistered, Waitlisted) VALUES (945, 143, 117, '2025-08-04 19:14:14', FALSE);
INSERT INTO EventRoster (ID, Event, Member, DateRegistered, Waitlisted) VALUES (946, 143, 174, '2025-08-07 16:44:58', FALSE);
INSERT INTO EventRoster (ID, Event, Member, DateRegistered, Waitlisted) VALUES (947, 143, 104, '2025-08-08 03:21:21', FALSE);
INSERT INTO EventRoster (ID, Event, Member, DateRegistered, Waitlisted) VALUES (948, 143, 162, '2025-07-15 00:30:03', FALSE);
INSERT INTO EventRoster (ID, Event, Member, DateRegistered, Waitlisted) VALUES (949, 143, 126, '2025-08-02 21:46:17', FALSE);
INSERT INTO EventRoster (ID, Event, Member, DateRegistered, Waitlisted) VALUES (950, 143, 163, '2025-07-22 07:23:56', FALSE);
INSERT INTO EventRoster (ID, Event, Member, DateRegistered, Waitlisted) VALUES (951, 143, 193, '2025-08-10 19:47:17', FALSE);
INSERT INTO EventRoster (ID, Event, Member, DateRegistered, Waitlisted) VALUES (952, 143, 106, '2025-07-28 17:18:28', TRUE);
INSERT INTO EventRoster (ID, Event, Member, DateRegistered, Waitlisted) VALUES (953, 143, 159, '2025-08-03 17:42:18', FALSE);
INSERT INTO EventRoster (ID, Event, Member, DateRegistered, Waitlisted) VALUES (954, 143, 116, '2025-08-05 21:31:02', FALSE);
INSERT INTO EventRoster (ID, Event, Member, DateRegistered, Waitlisted) VALUES (955, 143, 176, '2025-08-07 20:12:26', FALSE);
INSERT INTO EventRoster (ID, Event, Member, DateRegistered, Waitlisted) VALUES (956, 143, 114, '2025-07-22 11:27:56', TRUE);
INSERT INTO EventRoster (ID, Event, Member, DateRegistered, Waitlisted) VALUES (957, 143, 165, '2025-08-08 12:49:23', FALSE);
INSERT INTO EventRoster (ID, Event, Member, DateRegistered, Waitlisted) VALUES (958, 143, 156, '2025-08-09 08:17:23', FALSE);
INSERT INTO EventRoster (ID, Event, Member, DateRegistered, Waitlisted) VALUES (959, 144, 107, '2025-07-30 03:17:16', FALSE);
INSERT INTO EventRoster (ID, Event, Member, DateRegistered, Waitlisted) VALUES (960, 144, 133, '2025-07-24 13:43:30', FALSE);
INSERT INTO EventRoster (ID, Event, Member, DateRegistered, Waitlisted) VALUES (961, 144, 143, '2025-07-23 12:47:40', FALSE);
INSERT INTO EventRoster (ID, Event, Member, DateRegistered, Waitlisted) VALUES (962, 144, 140, '2025-07-26 05:25:47', FALSE);
INSERT INTO EventRoster (ID, Event, Member, DateRegistered, Waitlisted) VALUES (963, 144, 180, '2025-07-26 18:55:18', FALSE);
INSERT INTO EventRoster (ID, Event, Member, DateRegistered, Waitlisted) VALUES (964, 144, 198, '2025-08-06 19:44:44', FALSE);
INSERT INTO EventRoster (ID, Event, Member, DateRegistered, Waitlisted) VALUES (965, 144, 103, '2025-08-09 11:35:12', TRUE);
INSERT INTO EventRoster (ID, Event, Member, DateRegistered, Waitlisted) VALUES (966, 144, 160, '2025-08-09 15:27:14', FALSE);
INSERT INTO EventRoster (ID, Event, Member, DateRegistered, Waitlisted) VALUES (967, 144, 150, '2025-07-27 00:37:46', FALSE);
INSERT INTO EventRoster (ID, Event, Member, DateRegistered, Waitlisted) VALUES (968, 144, 154, '2025-07-26 05:11:26', TRUE);
INSERT INTO EventRoster (ID, Event, Member, DateRegistered, Waitlisted) VALUES (969, 144, 118, '2025-08-06 02:53:52', FALSE);
INSERT INTO EventRoster (ID, Event, Member, DateRegistered, Waitlisted) VALUES (970, 144, 185, '2025-07-17 20:35:41', FALSE);
INSERT INTO EventRoster (ID, Event, Member, DateRegistered, Waitlisted) VALUES (971, 144, 131, '2025-08-01 10:05:04', FALSE);
INSERT INTO EventRoster (ID, Event, Member, DateRegistered, Waitlisted) VALUES (972, 144, 117, '2025-07-22 07:58:51', FALSE);
INSERT INTO EventRoster (ID, Event, Member, DateRegistered, Waitlisted) VALUES (973, 144, 176, '2025-08-03 10:04:35', FALSE);
INSERT INTO EventRoster (ID, Event, Member, DateRegistered, Waitlisted) VALUES (974, 144, 148, '2025-07-18 14:50:08', FALSE);
INSERT INTO EventRoster (ID, Event, Member, DateRegistered, Waitlisted) VALUES (975, 144, 122, '2025-07-30 23:17:13', FALSE);
INSERT INTO EventRoster (ID, Event, Member, DateRegistered, Waitlisted) VALUES (976, 144, 147, '2025-08-11 04:54:11', TRUE);
INSERT INTO EventRoster (ID, Event, Member, DateRegistered, Waitlisted) VALUES (977, 144, 199, '2025-08-12 23:00:30', TRUE);
INSERT INTO EventRoster (ID, Event, Member, DateRegistered, Waitlisted) VALUES (978, 144, 101, '2025-07-28 11:27:37', FALSE);
INSERT INTO EventRoster (ID, Event, Member, DateRegistered, Waitlisted) VALUES (979, 144, 146, '2025-07-14 11:22:36', FALSE);
INSERT INTO EventRoster (ID, Event, Member, DateRegistered, Waitlisted) VALUES (980, 144, 124, '2025-08-09 07:27:59', FALSE);
INSERT INTO EventRoster (ID, Event, Member, DateRegistered, Waitlisted) VALUES (981, 145, 157, '2025-08-08 09:50:01', FALSE);
INSERT INTO EventRoster (ID, Event, Member, DateRegistered, Waitlisted) VALUES (982, 145, 183, '2025-08-02 13:01:17', FALSE);
INSERT INTO EventRoster (ID, Event, Member, DateRegistered, Waitlisted) VALUES (983, 145, 108, '2025-07-18 17:59:52', FALSE);
INSERT INTO EventRoster (ID, Event, Member, DateRegistered, Waitlisted) VALUES (984, 145, 191, '2025-08-05 05:19:16', FALSE);
INSERT INTO EventRoster (ID, Event, Member, DateRegistered, Waitlisted) VALUES (985, 145, 195, '2025-08-06 15:43:06', FALSE);
INSERT INTO EventRoster (ID, Event, Member, DateRegistered, Waitlisted) VALUES (986, 145, 167, '2025-08-03 17:41:38', TRUE);
INSERT INTO EventRoster (ID, Event, Member, DateRegistered, Waitlisted) VALUES (987, 145, 143, '2025-07-28 07:07:11', FALSE);
INSERT INTO EventRoster (ID, Event, Member, DateRegistered, Waitlisted) VALUES (988, 145, 115, '2025-07-16 12:08:41', FALSE);
INSERT INTO EventRoster (ID, Event, Member, DateRegistered, Waitlisted) VALUES (989, 145, 187, '2025-07-17 04:10:02', FALSE);
INSERT INTO EventRoster (ID, Event, Member, DateRegistered, Waitlisted) VALUES (990, 145, 198, '2025-08-08 04:26:05', FALSE);
INSERT INTO EventRoster (ID, Event, Member, DateRegistered, Waitlisted) VALUES (991, 145, 117, '2025-08-09 18:49:31', FALSE);
INSERT INTO EventRoster (ID, Event, Member, DateRegistered, Waitlisted) VALUES (992, 145, 118, '2025-07-16 11:47:40', FALSE);
INSERT INTO EventRoster (ID, Event, Member, DateRegistered, Waitlisted) VALUES (993, 145, 159, '2025-07-30 17:53:48', FALSE);
INSERT INTO EventRoster (ID, Event, Member, DateRegistered, Waitlisted) VALUES (994, 145, 109, '2025-07-19 06:49:02', FALSE);
INSERT INTO EventRoster (ID, Event, Member, DateRegistered, Waitlisted) VALUES (995, 145, 166, '2025-07-22 11:01:18', TRUE);
INSERT INTO EventRoster (ID, Event, Member, DateRegistered, Waitlisted) VALUES (996, 145, 107, '2025-08-06 18:01:38', FALSE);
INSERT INTO EventRoster (ID, Event, Member, DateRegistered, Waitlisted) VALUES (997, 145, 137, '2025-07-22 10:27:41', FALSE);
INSERT INTO EventRoster (ID, Event, Member, DateRegistered, Waitlisted) VALUES (998, 145, 154, '2025-08-08 17:23:08', TRUE);
INSERT INTO EventRoster (ID, Event, Member, DateRegistered, Waitlisted) VALUES (999, 145, 120, '2025-08-02 13:53:34', FALSE);
INSERT INTO EventRoster (ID, Event, Member, DateRegistered, Waitlisted) VALUES (1000, 145, 190, '2025-08-01 21:41:34', FALSE);
INSERT INTO EventRoster (ID, Event, Member, DateRegistered, Waitlisted) VALUES (1001, 145, 148, '2025-08-12 15:23:46', FALSE);
INSERT INTO EventRoster (ID, Event, Member, DateRegistered, Waitlisted) VALUES (1002, 145, 145, '2025-08-02 22:28:45', TRUE);
INSERT INTO EventRoster (ID, Event, Member, DateRegistered, Waitlisted) VALUES (1003, 145, 132, '2025-08-08 05:43:21', FALSE);
INSERT INTO EventRoster (ID, Event, Member, DateRegistered, Waitlisted) VALUES (1004, 145, 182, '2025-07-30 18:59:53', FALSE);
INSERT INTO EventRoster (ID, Event, Member, DateRegistered, Waitlisted) VALUES (1005, 145, 170, '2025-08-11 21:01:11', FALSE);
INSERT INTO EventRoster (ID, Event, Member, DateRegistered, Waitlisted) VALUES (1006, 146, 125, '2025-08-10 20:50:21', FALSE);
INSERT INTO EventRoster (ID, Event, Member, DateRegistered, Waitlisted) VALUES (1007, 146, 183, '2025-07-29 16:37:34', TRUE);
INSERT INTO EventRoster (ID, Event, Member, DateRegistered, Waitlisted) VALUES (1008, 146, 145, '2025-07-22 22:38:47', FALSE);
INSERT INTO EventRoster (ID, Event, Member, DateRegistered, Waitlisted) VALUES (1009, 146, 186, '2025-08-11 21:36:03', FALSE);
INSERT INTO EventRoster (ID, Event, Member, DateRegistered, Waitlisted) VALUES (1010, 146, 187, '2025-08-08 22:09:14', FALSE);
INSERT INTO EventRoster (ID, Event, Member, DateRegistered, Waitlisted) VALUES (1011, 146, 131, '2025-07-29 16:21:16', TRUE);
INSERT INTO EventRoster (ID, Event, Member, DateRegistered, Waitlisted) VALUES (1012, 146, 102, '2025-08-01 17:23:44', FALSE);
INSERT INTO EventRoster (ID, Event, Member, DateRegistered, Waitlisted) VALUES (1013, 146, 121, '2025-07-25 05:03:36', FALSE);
INSERT INTO EventRoster (ID, Event, Member, DateRegistered, Waitlisted) VALUES (1014, 146, 105, '2025-08-03 21:34:18', FALSE);
INSERT INTO EventRoster (ID, Event, Member, DateRegistered, Waitlisted) VALUES (1015, 146, 142, '2025-07-23 15:25:32', FALSE);
INSERT INTO EventRoster (ID, Event, Member, DateRegistered, Waitlisted) VALUES (1016, 146, 157, '2025-08-12 18:31:04', FALSE);
INSERT INTO EventRoster (ID, Event, Member, DateRegistered, Waitlisted) VALUES (1017, 146, 163, '2025-07-30 21:49:36', FALSE);
INSERT INTO EventRoster (ID, Event, Member, DateRegistered, Waitlisted) VALUES (1018, 146, 133, '2025-07-19 14:32:53', FALSE);
INSERT INTO EventRoster (ID, Event, Member, DateRegistered, Waitlisted) VALUES (1019, 146, 192, '2025-07-22 05:16:34', FALSE);
INSERT INTO EventRoster (ID, Event, Member, DateRegistered, Waitlisted) VALUES (1020, 146, 168, '2025-07-23 04:13:26', FALSE);
INSERT INTO EventRoster (ID, Event, Member, DateRegistered, Waitlisted) VALUES (1021, 146, 189, '2025-07-25 03:56:40', FALSE);
INSERT INTO EventRoster (ID, Event, Member, DateRegistered, Waitlisted) VALUES (1022, 146, 164, '2025-08-01 04:55:23', FALSE);
INSERT INTO EventRoster (ID, Event, Member, DateRegistered, Waitlisted) VALUES (1023, 146, 117, '2025-07-29 02:21:53', FALSE);
INSERT INTO EventRoster (ID, Event, Member, DateRegistered, Waitlisted) VALUES (1024, 146, 171, '2025-08-07 05:50:03', FALSE);
INSERT INTO EventRoster (ID, Event, Member, DateRegistered, Waitlisted) VALUES (1025, 146, 162, '2025-07-27 16:12:35', FALSE);
INSERT INTO EventRoster (ID, Event, Member, DateRegistered, Waitlisted) VALUES (1026, 146, 107, '2025-08-03 09:55:03', FALSE);
INSERT INTO EventRoster (ID, Event, Member, DateRegistered, Waitlisted) VALUES (1027, 147, 116, '2025-08-07 00:47:55', FALSE);
INSERT INTO EventRoster (ID, Event, Member, DateRegistered, Waitlisted) VALUES (1028, 147, 125, '2025-07-29 04:55:20', FALSE);
INSERT INTO EventRoster (ID, Event, Member, DateRegistered, Waitlisted) VALUES (1029, 147, 156, '2025-07-24 14:27:31', FALSE);
INSERT INTO EventRoster (ID, Event, Member, DateRegistered, Waitlisted) VALUES (1030, 147, 186, '2025-07-28 07:34:24', FALSE);
INSERT INTO EventRoster (ID, Event, Member, DateRegistered, Waitlisted) VALUES (1031, 147, 162, '2025-07-30 20:03:11', FALSE);
INSERT INTO EventRoster (ID, Event, Member, DateRegistered, Waitlisted) VALUES (1032, 147, 173, '2025-07-31 06:39:20', FALSE);
INSERT INTO EventRoster (ID, Event, Member, DateRegistered, Waitlisted) VALUES (1033, 147, 192, '2025-07-30 05:02:50', FALSE);
INSERT INTO EventRoster (ID, Event, Member, DateRegistered, Waitlisted) VALUES (1034, 147, 146, '2025-08-10 09:26:12', FALSE);
INSERT INTO EventRoster (ID, Event, Member, DateRegistered, Waitlisted) VALUES (1035, 148, 104, '2025-07-19 10:32:48', FALSE);
INSERT INTO EventRoster (ID, Event, Member, DateRegistered, Waitlisted) VALUES (1036, 148, 101, '2025-08-06 08:22:44', FALSE);
INSERT INTO EventRoster (ID, Event, Member, DateRegistered, Waitlisted) VALUES (1037, 148, 105, '2025-07-25 10:08:03', FALSE);
INSERT INTO EventRoster (ID, Event, Member, DateRegistered, Waitlisted) VALUES (1038, 148, 157, '2025-07-17 15:31:43', TRUE);
INSERT INTO EventRoster (ID, Event, Member, DateRegistered, Waitlisted) VALUES (1039, 148, 154, '2025-07-14 18:45:15', FALSE);
INSERT INTO EventRoster (ID, Event, Member, DateRegistered, Waitlisted) VALUES (1040, 148, 122, '2025-07-29 21:59:01', FALSE);
INSERT INTO EventRoster (ID, Event, Member, DateRegistered, Waitlisted) VALUES (1041, 148, 100, '2025-08-06 04:54:41', FALSE);
INSERT INTO EventRoster (ID, Event, Member, DateRegistered, Waitlisted) VALUES (1042, 148, 167, '2025-07-18 18:53:26', FALSE);
INSERT INTO EventRoster (ID, Event, Member, DateRegistered, Waitlisted) VALUES (1043, 148, 189, '2025-07-28 12:47:00', FALSE);
INSERT INTO EventRoster (ID, Event, Member, DateRegistered, Waitlisted) VALUES (1044, 148, 191, '2025-07-31 20:56:44', FALSE);
INSERT INTO EventRoster (ID, Event, Member, DateRegistered, Waitlisted) VALUES (1045, 148, 144, '2025-07-26 08:45:55', FALSE);
INSERT INTO EventRoster (ID, Event, Member, DateRegistered, Waitlisted) VALUES (1046, 148, 117, '2025-08-01 09:15:46', TRUE);
INSERT INTO EventRoster (ID, Event, Member, DateRegistered, Waitlisted) VALUES (1047, 149, 128, '2025-07-21 17:16:27', FALSE);
INSERT INTO EventRoster (ID, Event, Member, DateRegistered, Waitlisted) VALUES (1048, 149, 179, '2025-07-20 20:17:50', FALSE);
INSERT INTO EventRoster (ID, Event, Member, DateRegistered, Waitlisted) VALUES (1049, 149, 150, '2025-07-31 03:06:20', FALSE);
INSERT INTO EventRoster (ID, Event, Member, DateRegistered, Waitlisted) VALUES (1050, 149, 111, '2025-07-31 09:50:57', FALSE);
INSERT INTO EventRoster (ID, Event, Member, DateRegistered, Waitlisted) VALUES (1051, 149, 109, '2025-08-06 09:14:41', FALSE);
INSERT INTO EventRoster (ID, Event, Member, DateRegistered, Waitlisted) VALUES (1052, 149, 123, '2025-07-17 13:10:45', TRUE);
INSERT INTO EventRoster (ID, Event, Member, DateRegistered, Waitlisted) VALUES (1053, 149, 131, '2025-08-05 07:45:38', TRUE);
INSERT INTO EventRoster (ID, Event, Member, DateRegistered, Waitlisted) VALUES (1054, 149, 118, '2025-08-03 13:28:31', FALSE);
INSERT INTO EventRoster (ID, Event, Member, DateRegistered, Waitlisted) VALUES (1055, 149, 167, '2025-08-04 14:40:14', FALSE);
INSERT INTO EventRoster (ID, Event, Member, DateRegistered, Waitlisted) VALUES (1056, 149, 197, '2025-07-22 01:04:07', FALSE);
INSERT INTO EventRoster (ID, Event, Member, DateRegistered, Waitlisted) VALUES (1057, 149, 175, '2025-07-22 07:10:28', FALSE);
INSERT INTO EventRoster (ID, Event, Member, DateRegistered, Waitlisted) VALUES (1058, 149, 142, '2025-08-10 11:27:48', FALSE);
INSERT INTO EventRoster (ID, Event, Member, DateRegistered, Waitlisted) VALUES (1059, 149, 103, '2025-07-27 04:35:37', FALSE);
INSERT INTO EventRoster (ID, Event, Member, DateRegistered, Waitlisted) VALUES (1060, 149, 130, '2025-07-21 08:12:03', FALSE);
INSERT INTO EventRoster (ID, Event, Member, DateRegistered, Waitlisted) VALUES (1061, 149, 110, '2025-08-05 14:59:43', TRUE);
INSERT INTO EventRoster (ID, Event, Member, DateRegistered, Waitlisted) VALUES (1062, 149, 163, '2025-07-15 01:02:14', FALSE);
INSERT INTO EventRoster (ID, Event, Member, DateRegistered, Waitlisted) VALUES (1063, 149, 161, '2025-08-10 20:34:51', TRUE);
INSERT INTO EventRoster (ID, Event, Member, DateRegistered, Waitlisted) VALUES (1064, 149, 139, '2025-08-02 00:36:56', FALSE);
INSERT INTO EventRoster (ID, Event, Member, DateRegistered, Waitlisted) VALUES (1065, 149, 193, '2025-08-12 04:52:52', FALSE);

-- 💬 FEEDBACK
INSERT INTO Feedback (ID, Member, Rating, Description, Anonymous) VALUES (100, 135, 3, 'Meeting location was easy to find.', FALSE);
INSERT INTO Feedback (ID, Member, Rating, Description, Anonymous) VALUES (101, 137, 5, 'Trip timing worked well with my schedule.', FALSE);
INSERT INTO Feedback (ID, Member, Rating, Description, Anonymous) VALUES (102, 145, 5, 'Outstanding leadership from trip organizers.', FALSE);
INSERT INTO Feedback (ID, Member, Rating, Description, Anonymous) VALUES (103, 164, 5, 'Food was delicious. Perfect amount.', FALSE);
INSERT INTO Feedback (ID, Member, Rating, Description, Anonymous) VALUES (104, 145, 4, 'Perfect difficulty level for beginners.', FALSE);
INSERT INTO Feedback (ID, Member, Rating, Description, Anonymous) VALUES (105, 131, 5, 'Great group dynamic. Everyone was supportive.', FALSE);
INSERT INTO Feedback (ID, Member, Rating, Description, Anonymous) VALUES (106, 143, 4, 'Wonderful social event. Met lots of new people.', FALSE);
INSERT INTO Feedback (ID, Member, Rating, Description, Anonymous) VALUES (107, 187, 3, 'Great group dynamic. Everyone was supportive.', FALSE);
INSERT INTO Feedback (ID, Member, Rating, Description, Anonymous) VALUES (108, 146, 4, 'Outstanding leadership from trip organizers.', FALSE);
INSERT INTO Feedback (ID, Member, Rating, Description, Anonymous) VALUES (109, 196, 5, 'Equipment was in great condition. Thanks!', FALSE);
INSERT INTO Feedback (ID, Member, Rating, Description, Anonymous) VALUES (110, 144, 4, 'Informative workshop. Practical skills learned.', FALSE);
INSERT INTO Feedback (ID, Member, Rating, Description, Anonymous) VALUES (111, 172, 4, 'Great group dynamic. Everyone was supportive.', TRUE);
INSERT INTO Feedback (ID, Member, Rating, Description, Anonymous) VALUES (112, 165, 4, 'Meeting location was easy to find.', FALSE);
INSERT INTO Feedback (ID, Member, Rating, Description, Anonymous) VALUES (113, 164, 5, 'Equipment was in great condition. Thanks!', FALSE);
INSERT INTO Feedback (ID, Member, Rating, Description, Anonymous) VALUES (114, 162, 3, 'Informative workshop. Practical skills learned.', FALSE);
INSERT INTO Feedback (ID, Member, Rating, Description, Anonymous) VALUES (115, 129, 4, 'Excellent trip! Great weather and company.', TRUE);
INSERT INTO Feedback (ID, Member, Rating, Description, Anonymous) VALUES (116, 105, 5, 'Safety briefing was thorough and helpful.', FALSE);
INSERT INTO Feedback (ID, Member, Rating, Description, Anonymous) VALUES (117, 166, 5, 'Wonderful social event. Met lots of new people.', FALSE);
INSERT INTO Feedback (ID, Member, Rating, Description, Anonymous) VALUES (118, 190, 3, 'Informative workshop. Practical skills learned.', FALSE);
INSERT INTO Feedback (ID, Member, Rating, Description, Anonymous) VALUES (119, 150, 5, 'Trip timing worked well with my schedule.', FALSE);
INSERT INTO Feedback (ID, Member, Rating, Description, Anonymous) VALUES (120, 140, 4, 'Excellent trip! Great weather and company.', FALSE);
INSERT INTO Feedback (ID, Member, Rating, Description, Anonymous) VALUES (121, 130, 5, 'Informative workshop. Practical skills learned.', FALSE);
INSERT INTO Feedback (ID, Member, Rating, Description, Anonymous) VALUES (122, 153, 2, 'Challenging but rewarding experience.', TRUE);
INSERT INTO Feedback (ID, Member, Rating, Description, Anonymous) VALUES (123, 105, 5, 'Great group dynamic. Everyone was supportive.', FALSE);
INSERT INTO Feedback (ID, Member, Rating, Description, Anonymous) VALUES (124, 153, 1, 'Beautiful views, would definitely do this again.', FALSE);
INSERT INTO Feedback (ID, Member, Rating, Description, Anonymous) VALUES (125, 139, 4, 'Trip timing worked well with my schedule.', TRUE);
INSERT INTO Feedback (ID, Member, Rating, Description, Anonymous) VALUES (126, 132, 5, 'Good introduction to the activity. Learned a lot.', FALSE);
INSERT INTO Feedback (ID, Member, Rating, Description, Anonymous) VALUES (127, 194, 3, 'Equipment was in great condition. Thanks!', FALSE);
INSERT INTO Feedback (ID, Member, Rating, Description, Anonymous) VALUES (128, 174, 4, 'Great group dynamic. Everyone was supportive.', FALSE);
INSERT INTO Feedback (ID, Member, Rating, Description, Anonymous) VALUES (129, 168, 5, 'Challenging but rewarding experience.', FALSE);
INSERT INTO Feedback (ID, Member, Rating, Description, Anonymous) VALUES (130, 112, 3, 'Well organized event. Trip leaders were knowledgeable.', FALSE);
INSERT INTO Feedback (ID, Member, Rating, Description, Anonymous) VALUES (131, 148, 4, 'Food was delicious. Perfect amount.', FALSE);
INSERT INTO Feedback (ID, Member, Rating, Description, Anonymous) VALUES (132, 162, 5, 'Beautiful views, would definitely do this again.', FALSE);
INSERT INTO Feedback (ID, Member, Rating, Description, Anonymous) VALUES (133, 139, 3, 'Food was delicious. Perfect amount.', TRUE);
INSERT INTO Feedback (ID, Member, Rating, Description, Anonymous) VALUES (134, 128, 4, 'Informative workshop. Practical skills learned.', FALSE);
INSERT INTO Feedback (ID, Member, Rating, Description, Anonymous) VALUES (135, 119, 5, 'Challenging but rewarding experience.', FALSE);
INSERT INTO Feedback (ID, Member, Rating, Description, Anonymous) VALUES (136, 176, 5, 'Great group dynamic. Everyone was supportive.', TRUE);
INSERT INTO Feedback (ID, Member, Rating, Description, Anonymous) VALUES (137, 103, 3, 'Challenging but rewarding experience.', FALSE);
INSERT INTO Feedback (ID, Member, Rating, Description, Anonymous) VALUES (138, 123, 4, 'Excellent trip! Great weather and company.', FALSE);
INSERT INTO Feedback (ID, Member, Rating, Description, Anonymous) VALUES (139, 160, 4, 'Equipment was in great condition. Thanks!', TRUE);
INSERT INTO Feedback (ID, Member, Rating, Description, Anonymous) VALUES (140, 113, 4, 'Well organized event. Trip leaders were knowledgeable.', FALSE);
INSERT INTO Feedback (ID, Member, Rating, Description, Anonymous) VALUES (141, 144, 5, 'Food was delicious. Perfect amount.', FALSE);
INSERT INTO Feedback (ID, Member, Rating, Description, Anonymous) VALUES (142, 120, 5, 'Food was delicious. Perfect amount.', FALSE);
INSERT INTO Feedback (ID, Member, Rating, Description, Anonymous) VALUES (143, 176, 5, 'Informative workshop. Practical skills learned.', FALSE);
INSERT INTO Feedback (ID, Member, Rating, Description, Anonymous) VALUES (144, 118, 5, 'Outstanding leadership from trip organizers.', FALSE);
INSERT INTO Feedback (ID, Member, Rating, Description, Anonymous) VALUES (145, 165, 5, 'Safety briefing was thorough and helpful.', FALSE);
INSERT INTO Feedback (ID, Member, Rating, Description, Anonymous) VALUES (146, 192, 4, 'Wonderful social event. Met lots of new people.', FALSE);
INSERT INTO Feedback (ID, Member, Rating, Description, Anonymous) VALUES (147, 159, 5, 'Meeting location was easy to find.', TRUE);
INSERT INTO Feedback (ID, Member, Rating, Description, Anonymous) VALUES (148, 105, 2, 'Safety briefing was thorough and helpful.', FALSE);
INSERT INTO Feedback (ID, Member, Rating, Description, Anonymous) VALUES (149, 177, 3, 'Wonderful social event. Met lots of new people.', FALSE);
INSERT INTO Feedback (ID, Member, Rating, Description, Anonymous) VALUES (150, 173, 5, 'Food was delicious. Perfect amount.', FALSE);
INSERT INTO Feedback (ID, Member, Rating, Description, Anonymous) VALUES (151, 105, 4, 'Perfect difficulty level for beginners.', FALSE);
INSERT INTO Feedback (ID, Member, Rating, Description, Anonymous) VALUES (152, 162, 5, 'Trip timing worked well with my schedule.', FALSE);
INSERT INTO Feedback (ID, Member, Rating, Description, Anonymous) VALUES (153, 181, 4, 'Well organized event. Trip leaders were knowledgeable.', TRUE);
INSERT INTO Feedback (ID, Member, Rating, Description, Anonymous) VALUES (154, 168, 5, 'Perfect difficulty level for beginners.', FALSE);
INSERT INTO Feedback (ID, Member, Rating, Description, Anonymous) VALUES (155, 127, 5, 'Perfect difficulty level for beginners.', TRUE);
INSERT INTO Feedback (ID, Member, Rating, Description, Anonymous) VALUES (156, 165, 4, 'Challenging but rewarding experience.', FALSE);
INSERT INTO Feedback (ID, Member, Rating, Description, Anonymous) VALUES (157, 102, 5, 'Trip timing worked well with my schedule.', FALSE);
INSERT INTO Feedback (ID, Member, Rating, Description, Anonymous) VALUES (158, 150, 4, 'Well organized event. Trip leaders were knowledgeable.', TRUE);
INSERT INTO Feedback (ID, Member, Rating, Description, Anonymous) VALUES (159, 126, 4, 'Food was delicious. Perfect amount.', FALSE);
INSERT INTO Feedback (ID, Member, Rating, Description, Anonymous) VALUES (160, 119, 4, 'Food was delicious. Perfect amount.', TRUE);
INSERT INTO Feedback (ID, Member, Rating, Description, Anonymous) VALUES (161, 181, 4, 'Excellent trip! Great weather and company.', FALSE);
INSERT INTO Feedback (ID, Member, Rating, Description, Anonymous) VALUES (162, 102, 5, 'Great group dynamic. Everyone was supportive.', FALSE);
INSERT INTO Feedback (ID, Member, Rating, Description, Anonymous) VALUES (163, 139, 4, 'Safety briefing was thorough and helpful.', FALSE);
INSERT INTO Feedback (ID, Member, Rating, Description, Anonymous) VALUES (164, 146, 5, 'Meeting location was easy to find.', FALSE);
INSERT INTO Feedback (ID, Member, Rating, Description, Anonymous) VALUES (165, 158, 3, 'Good introduction to the activity. Learned a lot.', FALSE);
INSERT INTO Feedback (ID, Member, Rating, Description, Anonymous) VALUES (166, 171, 5, 'Well organized event. Trip leaders were knowledgeable.', FALSE);
INSERT INTO Feedback (ID, Member, Rating, Description, Anonymous) VALUES (167, 120, 3, 'Informative workshop. Practical skills learned.', FALSE);
INSERT INTO Feedback (ID, Member, Rating, Description, Anonymous) VALUES (168, 114, 3, 'Trip timing worked well with my schedule.', TRUE);
INSERT INTO Feedback (ID, Member, Rating, Description, Anonymous) VALUES (169, 125, 4, 'Perfect difficulty level for beginners.', FALSE);
INSERT INTO Feedback (ID, Member, Rating, Description, Anonymous) VALUES (170, 148, 3, 'Good introduction to the activity. Learned a lot.', FALSE);
INSERT INTO Feedback (ID, Member, Rating, Description, Anonymous) VALUES (171, 172, 4, 'Beautiful views, would definitely do this again.', FALSE);
INSERT INTO Feedback (ID, Member, Rating, Description, Anonymous) VALUES (172, 144, 3, 'Excellent trip! Great weather and company.', FALSE);
INSERT INTO Feedback (ID, Member, Rating, Description, Anonymous) VALUES (173, 132, 4, 'Equipment was in great condition. Thanks!', TRUE);
INSERT INTO Feedback (ID, Member, Rating, Description, Anonymous) VALUES (174, 166, 4, 'Good introduction to the activity. Learned a lot.', FALSE);
INSERT INTO Feedback (ID, Member, Rating, Description, Anonymous) VALUES (175, 181, 5, 'Food was delicious. Perfect amount.', TRUE);
INSERT INTO Feedback (ID, Member, Rating, Description, Anonymous) VALUES (176, 127, 5, 'Trip timing worked well with my schedule.', FALSE);
INSERT INTO Feedback (ID, Member, Rating, Description, Anonymous) VALUES (177, 144, 4, 'Excellent trip! Great weather and company.', FALSE);
INSERT INTO Feedback (ID, Member, Rating, Description, Anonymous) VALUES (178, 148, 5, 'Good introduction to the activity. Learned a lot.', FALSE);
INSERT INTO Feedback (ID, Member, Rating, Description, Anonymous) VALUES (179, 108, 5, 'Great group dynamic. Everyone was supportive.', TRUE);
INSERT INTO Feedback (ID, Member, Rating, Description, Anonymous) VALUES (180, 180, 3, 'Beautiful views, would definitely do this again.', TRUE);
INSERT INTO Feedback (ID, Member, Rating, Description, Anonymous) VALUES (181, 173, 3, 'Trip timing worked well with my schedule.', TRUE);
INSERT INTO Feedback (ID, Member, Rating, Description, Anonymous) VALUES (182, 143, 5, 'Beautiful views, would definitely do this again.', FALSE);
INSERT INTO Feedback (ID, Member, Rating, Description, Anonymous) VALUES (183, 175, 5, 'Trip timing worked well with my schedule.', FALSE);
INSERT INTO Feedback (ID, Member, Rating, Description, Anonymous) VALUES (184, 110, 5, 'Equipment was in great condition. Thanks!', FALSE);
INSERT INTO Feedback (ID, Member, Rating, Description, Anonymous) VALUES (185, 197, 5, 'Trip timing worked well with my schedule.', TRUE);
INSERT INTO Feedback (ID, Member, Rating, Description, Anonymous) VALUES (186, 142, 5, 'Wonderful social event. Met lots of new people.', FALSE);
INSERT INTO Feedback (ID, Member, Rating, Description, Anonymous) VALUES (187, 197, 3, 'Outstanding leadership from trip organizers.', FALSE);
INSERT INTO Feedback (ID, Member, Rating, Description, Anonymous) VALUES (188, 196, 3, 'Good introduction to the activity. Learned a lot.', TRUE);
INSERT INTO Feedback (ID, Member, Rating, Description, Anonymous) VALUES (189, 103, 5, 'Equipment was in great condition. Thanks!', FALSE);
INSERT INTO Feedback (ID, Member, Rating, Description, Anonymous) VALUES (190, 159, 5, 'Good introduction to the activity. Learned a lot.', FALSE);
INSERT INTO Feedback (ID, Member, Rating, Description, Anonymous) VALUES (191, 111, 5, 'Meeting location was easy to find.', FALSE);
INSERT INTO Feedback (ID, Member, Rating, Description, Anonymous) VALUES (192, 103, 5, 'Safety briefing was thorough and helpful.', FALSE);
INSERT INTO Feedback (ID, Member, Rating, Description, Anonymous) VALUES (193, 180, 5, 'Informative workshop. Practical skills learned.', FALSE);
INSERT INTO Feedback (ID, Member, Rating, Description, Anonymous) VALUES (194, 190, 5, 'Outstanding leadership from trip organizers.', FALSE);
INSERT INTO Feedback (ID, Member, Rating, Description, Anonymous) VALUES (195, 188, 5, 'Challenging but rewarding experience.', FALSE);
INSERT INTO Feedback (ID, Member, Rating, Description, Anonymous) VALUES (196, 137, 4, 'Meeting location was easy to find.', FALSE);
INSERT INTO Feedback (ID, Member, Rating, Description, Anonymous) VALUES (197, 113, 4, 'Equipment was in great condition. Thanks!', TRUE);
INSERT INTO Feedback (ID, Member, Rating, Description, Anonymous) VALUES (198, 194, 5, 'Well organized event. Trip leaders were knowledgeable.', FALSE);
INSERT INTO Feedback (ID, Member, Rating, Description, Anonymous) VALUES (199, 180, 4, 'Equipment was in great condition. Thanks!', FALSE);
INSERT INTO Feedback (ID, Member, Rating, Description, Anonymous) VALUES (200, 199, 5, 'Food was delicious. Perfect amount.', FALSE);
INSERT INTO Feedback (ID, Member, Rating, Description, Anonymous) VALUES (201, 131, 5, 'Perfect difficulty level for beginners.', FALSE);
INSERT INTO Feedback (ID, Member, Rating, Description, Anonymous) VALUES (202, 193, 4, 'Perfect difficulty level for beginners.', FALSE);
INSERT INTO Feedback (ID, Member, Rating, Description, Anonymous) VALUES (203, 196, 5, 'Food was delicious. Perfect amount.', FALSE);
INSERT INTO Feedback (ID, Member, Rating, Description, Anonymous) VALUES (204, 193, 3, 'Meeting location was easy to find.', FALSE);
INSERT INTO Feedback (ID, Member, Rating, Description, Anonymous) VALUES (205, 117, 5, 'Well organized event. Trip leaders were knowledgeable.', FALSE);
INSERT INTO Feedback (ID, Member, Rating, Description, Anonymous) VALUES (206, 111, 5, 'Safety briefing was thorough and helpful.', FALSE);
INSERT INTO Feedback (ID, Member, Rating, Description, Anonymous) VALUES (207, 127, 5, 'Beautiful views, would definitely do this again.', FALSE);
INSERT INTO Feedback (ID, Member, Rating, Description, Anonymous) VALUES (208, 177, 5, 'Great group dynamic. Everyone was supportive.', FALSE);
INSERT INTO Feedback (ID, Member, Rating, Description, Anonymous) VALUES (209, 181, 4, 'Beautiful views, would definitely do this again.', FALSE);
INSERT INTO Feedback (ID, Member, Rating, Description, Anonymous) VALUES (210, 199, 5, 'Wonderful social event. Met lots of new people.', FALSE);
INSERT INTO Feedback (ID, Member, Rating, Description, Anonymous) VALUES (211, 117, 4, 'Great group dynamic. Everyone was supportive.', FALSE);
INSERT INTO Feedback (ID, Member, Rating, Description, Anonymous) VALUES (212, 165, 4, 'Outstanding leadership from trip organizers.', FALSE);
INSERT INTO Feedback (ID, Member, Rating, Description, Anonymous) VALUES (213, 178, 4, 'Well organized event. Trip leaders were knowledgeable.', TRUE);
INSERT INTO Feedback (ID, Member, Rating, Description, Anonymous) VALUES (214, 174, 4, 'Excellent trip! Great weather and company.', FALSE);
INSERT INTO Feedback (ID, Member, Rating, Description, Anonymous) VALUES (215, 132, 4, 'Meeting location was easy to find.', TRUE);
INSERT INTO Feedback (ID, Member, Rating, Description, Anonymous) VALUES (216, 147, 5, 'Informative workshop. Practical skills learned.', FALSE);
INSERT INTO Feedback (ID, Member, Rating, Description, Anonymous) VALUES (217, 128, 5, 'Safety briefing was thorough and helpful.', FALSE);
INSERT INTO Feedback (ID, Member, Rating, Description, Anonymous) VALUES (218, 131, 4, 'Beautiful views, would definitely do this again.', FALSE);
INSERT INTO Feedback (ID, Member, Rating, Description, Anonymous) VALUES (219, 176, 4, 'Informative workshop. Practical skills learned.', TRUE);
INSERT INTO Feedback (ID, Member, Rating, Description, Anonymous) VALUES (220, 113, 5, 'Beautiful views, would definitely do this again.', FALSE);
INSERT INTO Feedback (ID, Member, Rating, Description, Anonymous) VALUES (221, 171, 2, 'Meeting location was easy to find.', FALSE);
INSERT INTO Feedback (ID, Member, Rating, Description, Anonymous) VALUES (222, 165, 5, 'Challenging but rewarding experience.', FALSE);
INSERT INTO Feedback (ID, Member, Rating, Description, Anonymous) VALUES (223, 142, 5, 'Excellent trip! Great weather and company.', TRUE);
INSERT INTO Feedback (ID, Member, Rating, Description, Anonymous) VALUES (224, 193, 1, 'Informative workshop. Practical skills learned.', FALSE);
INSERT INTO Feedback (ID, Member, Rating, Description, Anonymous) VALUES (225, 198, 4, 'Great group dynamic. Everyone was supportive.', FALSE);
INSERT INTO Feedback (ID, Member, Rating, Description, Anonymous) VALUES (226, 108, 4, 'Trip timing worked well with my schedule.', FALSE);
INSERT INTO Feedback (ID, Member, Rating, Description, Anonymous) VALUES (227, 190, 5, 'Equipment was in great condition. Thanks!', FALSE);
INSERT INTO Feedback (ID, Member, Rating, Description, Anonymous) VALUES (228, 144, 5, 'Excellent trip! Great weather and company.', FALSE);
INSERT INTO Feedback (ID, Member, Rating, Description, Anonymous) VALUES (229, 191, 4, 'Food was delicious. Perfect amount.', FALSE);
INSERT INTO Feedback (ID, Member, Rating, Description, Anonymous) VALUES (230, 133, 5, 'Excellent trip! Great weather and company.', FALSE);
INSERT INTO Feedback (ID, Member, Rating, Description, Anonymous) VALUES (231, 104, 1, 'Excellent trip! Great weather and company.', FALSE);
INSERT INTO Feedback (ID, Member, Rating, Description, Anonymous) VALUES (232, 121, 2, 'Excellent trip! Great weather and company.', FALSE);
INSERT INTO Feedback (ID, Member, Rating, Description, Anonymous) VALUES (233, 121, 3, 'Great group dynamic. Everyone was supportive.', FALSE);
INSERT INTO Feedback (ID, Member, Rating, Description, Anonymous) VALUES (234, 170, 5, 'Equipment was in great condition. Thanks!', FALSE);
INSERT INTO Feedback (ID, Member, Rating, Description, Anonymous) VALUES (235, 129, 5, 'Good introduction to the activity. Learned a lot.', FALSE);
INSERT INTO Feedback (ID, Member, Rating, Description, Anonymous) VALUES (236, 134, 5, 'Good introduction to the activity. Learned a lot.', FALSE);
INSERT INTO Feedback (ID, Member, Rating, Description, Anonymous) VALUES (237, 127, 3, 'Food was delicious. Perfect amount.', FALSE);
INSERT INTO Feedback (ID, Member, Rating, Description, Anonymous) VALUES (238, 148, 4, 'Trip timing worked well with my schedule.', FALSE);
INSERT INTO Feedback (ID, Member, Rating, Description, Anonymous) VALUES (239, 126, 3, 'Outstanding leadership from trip organizers.', FALSE);
INSERT INTO Feedback (ID, Member, Rating, Description, Anonymous) VALUES (240, 139, 5, 'Informative workshop. Practical skills learned.', FALSE);
INSERT INTO Feedback (ID, Member, Rating, Description, Anonymous) VALUES (241, 144, 4, 'Outstanding leadership from trip organizers.', FALSE);
INSERT INTO Feedback (ID, Member, Rating, Description, Anonymous) VALUES (242, 137, 1, 'Food was delicious. Perfect amount.', FALSE);
INSERT INTO Feedback (ID, Member, Rating, Description, Anonymous) VALUES (243, 182, 4, 'Equipment was in great condition. Thanks!', FALSE);
INSERT INTO Feedback (ID, Member, Rating, Description, Anonymous) VALUES (244, 105, 4, 'Trip timing worked well with my schedule.', FALSE);
INSERT INTO Feedback (ID, Member, Rating, Description, Anonymous) VALUES (245, 191, 3, 'Equipment was in great condition. Thanks!', FALSE);
INSERT INTO Feedback (ID, Member, Rating, Description, Anonymous) VALUES (246, 179, 4, 'Excellent trip! Great weather and company.', TRUE);
INSERT INTO Feedback (ID, Member, Rating, Description, Anonymous) VALUES (247, 130, 5, 'Trip timing worked well with my schedule.', FALSE);
INSERT INTO Feedback (ID, Member, Rating, Description, Anonymous) VALUES (248, 166, 4, 'Meeting location was easy to find.', FALSE);
INSERT INTO Feedback (ID, Member, Rating, Description, Anonymous) VALUES (249, 113, 4, 'Perfect difficulty level for beginners.', TRUE);

-- 📧 COMMUNICATIONS
INSERT INTO Communication (ID, Subject, Content, DateSent) VALUES (100, 'Gear Checkout Hours Update', 'Design think own. Capital accept cold particularly from hot. Brother night cultural development property throw begin. Agency police condition stock.
Town former product tree. Future blue break true perform season factor. Society who group president direction member cause.', '2025-08-12 23:16:00');
INSERT INTO CommunicationRecipients (Communication, Member) VALUES (100, 122);
INSERT INTO CommunicationRecipients (Communication, Member) VALUES (100, 157);
INSERT INTO CommunicationRecipients (Communication, Member) VALUES (100, 150);
INSERT INTO CommunicationRecipients (Communication, Member) VALUES (100, 127);
INSERT INTO CommunicationRecipients (Communication, Member) VALUES (100, 128);
INSERT INTO CommunicationRecipients (Communication, Member) VALUES (100, 120);
INSERT INTO CommunicationRecipients (Communication, Member) VALUES (100, 139);
INSERT INTO CommunicationRecipients (Communication, Member) VALUES (100, 100);
INSERT INTO CommunicationRecipients (Communication, Member) VALUES (100, 104);
INSERT INTO CommunicationRecipients (Communication, Member) VALUES (100, 187);
INSERT INTO Communication (ID, Subject, Content, DateSent) VALUES (101, 'Club Social Event', 'Several language kid rather idea himself. Of away outside better stuff collection.
Serious reflect popular light as seek. Take industry forward. Lawyer police often example remain agent.
Chair city most present part clearly economy. Rich college need election human power range.', '2025-08-12 23:13:18');
INSERT INTO CommunicationRecipients (Communication, Member) VALUES (101, 185);
INSERT INTO CommunicationRecipients (Communication, Member) VALUES (101, 128);
INSERT INTO CommunicationRecipients (Communication, Member) VALUES (101, 154);
INSERT INTO CommunicationRecipients (Communication, Member) VALUES (101, 163);
INSERT INTO CommunicationRecipients (Communication, Member) VALUES (101, 123);
INSERT INTO CommunicationRecipients (Communication, Member) VALUES (101, 108);
INSERT INTO CommunicationRecipients (Communication, Member) VALUES (101, 162);
INSERT INTO CommunicationRecipients (Communication, Member) VALUES (101, 126);
INSERT INTO CommunicationRecipients (Communication, Member) VALUES (101, 106);
INSERT INTO CommunicationRecipients (Communication, Member) VALUES (101, 148);
INSERT INTO CommunicationRecipients (Communication, Member) VALUES (101, 161);
INSERT INTO CommunicationRecipients (Communication, Member) VALUES (101, 175);
INSERT INTO CommunicationRecipients (Communication, Member) VALUES (101, 157);
INSERT INTO CommunicationRecipients (Communication, Member) VALUES (101, 120);
INSERT INTO CommunicationRecipients (Communication, Member) VALUES (101, 155);
INSERT INTO CommunicationRecipients (Communication, Member) VALUES (101, 192);
INSERT INTO CommunicationRecipients (Communication, Member) VALUES (101, 144);
INSERT INTO CommunicationRecipients (Communication, Member) VALUES (101, 195);
INSERT INTO CommunicationRecipients (Communication, Member) VALUES (101, 141);
INSERT INTO CommunicationRecipients (Communication, Member) VALUES (101, 115);
INSERT INTO CommunicationRecipients (Communication, Member) VALUES (101, 172);
INSERT INTO CommunicationRecipients (Communication, Member) VALUES (101, 100);
INSERT INTO CommunicationRecipients (Communication, Member) VALUES (101, 111);
INSERT INTO CommunicationRecipients (Communication, Member) VALUES (101, 150);
INSERT INTO CommunicationRecipients (Communication, Member) VALUES (101, 127);
INSERT INTO CommunicationRecipients (Communication, Member) VALUES (101, 132);
INSERT INTO CommunicationRecipients (Communication, Member) VALUES (101, 164);
INSERT INTO CommunicationRecipients (Communication, Member) VALUES (101, 142);
INSERT INTO CommunicationRecipients (Communication, Member) VALUES (101, 145);
INSERT INTO CommunicationRecipients (Communication, Member) VALUES (101, 110);
INSERT INTO CommunicationRecipients (Communication, Member) VALUES (101, 168);
INSERT INTO CommunicationRecipients (Communication, Member) VALUES (101, 140);
INSERT INTO CommunicationRecipients (Communication, Member) VALUES (101, 166);
INSERT INTO CommunicationRecipients (Communication, Member) VALUES (101, 103);
INSERT INTO CommunicationRecipients (Communication, Member) VALUES (101, 169);
INSERT INTO CommunicationRecipients (Communication, Member) VALUES (101, 190);
INSERT INTO CommunicationRecipients (Communication, Member) VALUES (101, 152);
INSERT INTO CommunicationRecipients (Communication, Member) VALUES (101, 179);
INSERT INTO CommunicationRecipients (Communication, Member) VALUES (101, 121);
INSERT INTO CommunicationRecipients (Communication, Member) VALUES (101, 160);
INSERT INTO CommunicationRecipients (Communication, Member) VALUES (101, 130);
INSERT INTO CommunicationRecipients (Communication, Member) VALUES (101, 119);
INSERT INTO CommunicationRecipients (Communication, Member) VALUES (101, 105);
INSERT INTO CommunicationRecipients (Communication, Member) VALUES (101, 153);
INSERT INTO CommunicationRecipients (Communication, Member) VALUES (101, 122);
INSERT INTO CommunicationRecipients (Communication, Member) VALUES (101, 125);
INSERT INTO CommunicationRecipients (Communication, Member) VALUES (101, 173);
INSERT INTO CommunicationRecipients (Communication, Member) VALUES (101, 176);
INSERT INTO CommunicationRecipients (Communication, Member) VALUES (101, 101);
INSERT INTO CommunicationRecipients (Communication, Member) VALUES (101, 118);
INSERT INTO CommunicationRecipients (Communication, Member) VALUES (101, 171);
INSERT INTO CommunicationRecipients (Communication, Member) VALUES (101, 183);
INSERT INTO CommunicationRecipients (Communication, Member) VALUES (101, 117);
INSERT INTO CommunicationRecipients (Communication, Member) VALUES (101, 159);
INSERT INTO CommunicationRecipients (Communication, Member) VALUES (101, 178);
INSERT INTO CommunicationRecipients (Communication, Member) VALUES (101, 131);
INSERT INTO CommunicationRecipients (Communication, Member) VALUES (101, 184);
INSERT INTO CommunicationRecipients (Communication, Member) VALUES (101, 135);
INSERT INTO CommunicationRecipients (Communication, Member) VALUES (101, 189);
INSERT INTO CommunicationRecipients (Communication, Member) VALUES (101, 147);
INSERT INTO CommunicationRecipients (Communication, Member) VALUES (101, 129);
INSERT INTO CommunicationRecipients (Communication, Member) VALUES (101, 109);
INSERT INTO CommunicationRecipients (Communication, Member) VALUES (101, 137);
INSERT INTO CommunicationRecipients (Communication, Member) VALUES (101, 194);
INSERT INTO CommunicationRecipients (Communication, Member) VALUES (101, 114);
INSERT INTO CommunicationRecipients (Communication, Member) VALUES (101, 198);
INSERT INTO CommunicationRecipients (Communication, Member) VALUES (101, 116);
INSERT INTO Communication (ID, Subject, Content, DateSent) VALUES (102, 'Trip Cancellation Notice', 'Claim adult tend performance.
Idea state research rock air amount very investment. Late whether will. Style before store understand bit something.
Early cost simply level. Interview nation Congress. Partner improve low before music challenge forget sea.', '2025-08-12 23:15:00');
INSERT INTO CommunicationRecipients (Communication, Member) VALUES (102, 151);
INSERT INTO CommunicationRecipients (Communication, Member) VALUES (102, 157);
INSERT INTO CommunicationRecipients (Communication, Member) VALUES (102, 131);
INSERT INTO CommunicationRecipients (Communication, Member) VALUES (102, 194);
INSERT INTO CommunicationRecipients (Communication, Member) VALUES (102, 111);
INSERT INTO CommunicationRecipients (Communication, Member) VALUES (102, 170);
INSERT INTO CommunicationRecipients (Communication, Member) VALUES (102, 177);
INSERT INTO CommunicationRecipients (Communication, Member) VALUES (102, 138);
INSERT INTO CommunicationRecipients (Communication, Member) VALUES (102, 195);
INSERT INTO CommunicationRecipients (Communication, Member) VALUES (102, 169);
INSERT INTO CommunicationRecipients (Communication, Member) VALUES (102, 114);
INSERT INTO CommunicationRecipients (Communication, Member) VALUES (102, 115);
INSERT INTO CommunicationRecipients (Communication, Member) VALUES (102, 133);
INSERT INTO CommunicationRecipients (Communication, Member) VALUES (102, 164);
INSERT INTO CommunicationRecipients (Communication, Member) VALUES (102, 189);
INSERT INTO CommunicationRecipients (Communication, Member) VALUES (102, 130);
INSERT INTO CommunicationRecipients (Communication, Member) VALUES (102, 118);
INSERT INTO CommunicationRecipients (Communication, Member) VALUES (102, 127);
INSERT INTO CommunicationRecipients (Communication, Member) VALUES (102, 182);
INSERT INTO CommunicationRecipients (Communication, Member) VALUES (102, 168);
INSERT INTO CommunicationRecipients (Communication, Member) VALUES (102, 136);
INSERT INTO CommunicationRecipients (Communication, Member) VALUES (102, 193);
INSERT INTO CommunicationRecipients (Communication, Member) VALUES (102, 148);
INSERT INTO CommunicationRecipients (Communication, Member) VALUES (102, 198);
INSERT INTO CommunicationRecipients (Communication, Member) VALUES (102, 110);
INSERT INTO CommunicationRecipients (Communication, Member) VALUES (102, 176);
INSERT INTO CommunicationRecipients (Communication, Member) VALUES (102, 187);
INSERT INTO CommunicationRecipients (Communication, Member) VALUES (102, 147);
INSERT INTO CommunicationRecipients (Communication, Member) VALUES (102, 196);
INSERT INTO CommunicationRecipients (Communication, Member) VALUES (102, 101);
INSERT INTO CommunicationRecipients (Communication, Member) VALUES (102, 117);
INSERT INTO CommunicationRecipients (Communication, Member) VALUES (102, 155);
INSERT INTO CommunicationRecipients (Communication, Member) VALUES (102, 175);
INSERT INTO CommunicationRecipients (Communication, Member) VALUES (102, 134);
INSERT INTO CommunicationRecipients (Communication, Member) VALUES (102, 144);
INSERT INTO CommunicationRecipients (Communication, Member) VALUES (102, 154);
INSERT INTO CommunicationRecipients (Communication, Member) VALUES (102, 113);
INSERT INTO CommunicationRecipients (Communication, Member) VALUES (102, 100);
INSERT INTO CommunicationRecipients (Communication, Member) VALUES (102, 102);
INSERT INTO CommunicationRecipients (Communication, Member) VALUES (102, 141);
INSERT INTO CommunicationRecipients (Communication, Member) VALUES (102, 139);
INSERT INTO CommunicationRecipients (Communication, Member) VALUES (102, 162);
INSERT INTO CommunicationRecipients (Communication, Member) VALUES (102, 191);
INSERT INTO CommunicationRecipients (Communication, Member) VALUES (102, 190);
INSERT INTO CommunicationRecipients (Communication, Member) VALUES (102, 109);
INSERT INTO CommunicationRecipients (Communication, Member) VALUES (102, 146);
INSERT INTO CommunicationRecipients (Communication, Member) VALUES (102, 180);
INSERT INTO CommunicationRecipients (Communication, Member) VALUES (102, 188);
INSERT INTO CommunicationRecipients (Communication, Member) VALUES (102, 121);
INSERT INTO CommunicationRecipients (Communication, Member) VALUES (102, 167);
INSERT INTO CommunicationRecipients (Communication, Member) VALUES (102, 123);
INSERT INTO CommunicationRecipients (Communication, Member) VALUES (102, 132);
INSERT INTO CommunicationRecipients (Communication, Member) VALUES (102, 183);
INSERT INTO CommunicationRecipients (Communication, Member) VALUES (102, 179);
INSERT INTO CommunicationRecipients (Communication, Member) VALUES (102, 145);
INSERT INTO CommunicationRecipients (Communication, Member) VALUES (102, 103);
INSERT INTO CommunicationRecipients (Communication, Member) VALUES (102, 172);
INSERT INTO CommunicationRecipients (Communication, Member) VALUES (102, 160);
INSERT INTO CommunicationRecipients (Communication, Member) VALUES (102, 119);
INSERT INTO CommunicationRecipients (Communication, Member) VALUES (102, 140);
INSERT INTO CommunicationRecipients (Communication, Member) VALUES (102, 106);
INSERT INTO CommunicationRecipients (Communication, Member) VALUES (102, 171);
INSERT INTO CommunicationRecipients (Communication, Member) VALUES (102, 142);
INSERT INTO CommunicationRecipients (Communication, Member) VALUES (102, 199);
INSERT INTO CommunicationRecipients (Communication, Member) VALUES (102, 143);
INSERT INTO CommunicationRecipients (Communication, Member) VALUES (102, 149);
INSERT INTO CommunicationRecipients (Communication, Member) VALUES (102, 116);
INSERT INTO CommunicationRecipients (Communication, Member) VALUES (102, 128);
INSERT INTO CommunicationRecipients (Communication, Member) VALUES (102, 161);
INSERT INTO CommunicationRecipients (Communication, Member) VALUES (102, 173);
INSERT INTO CommunicationRecipients (Communication, Member) VALUES (102, 178);
INSERT INTO CommunicationRecipients (Communication, Member) VALUES (102, 163);
INSERT INTO CommunicationRecipients (Communication, Member) VALUES (102, 192);
INSERT INTO CommunicationRecipients (Communication, Member) VALUES (102, 152);
INSERT INTO CommunicationRecipients (Communication, Member) VALUES (102, 108);
INSERT INTO CommunicationRecipients (Communication, Member) VALUES (102, 174);
INSERT INTO CommunicationRecipients (Communication, Member) VALUES (102, 158);
INSERT INTO CommunicationRecipients (Communication, Member) VALUES (102, 120);
INSERT INTO CommunicationRecipients (Communication, Member) VALUES (102, 165);
INSERT INTO CommunicationRecipients (Communication, Member) VALUES (102, 185);
INSERT INTO CommunicationRecipients (Communication, Member) VALUES (102, 159);
INSERT INTO CommunicationRecipients (Communication, Member) VALUES (102, 135);
INSERT INTO CommunicationRecipients (Communication, Member) VALUES (102, 153);
INSERT INTO CommunicationRecipients (Communication, Member) VALUES (102, 166);
INSERT INTO CommunicationRecipients (Communication, Member) VALUES (102, 105);
INSERT INTO CommunicationRecipients (Communication, Member) VALUES (102, 112);
INSERT INTO CommunicationRecipients (Communication, Member) VALUES (102, 156);
INSERT INTO CommunicationRecipients (Communication, Member) VALUES (102, 104);
INSERT INTO CommunicationRecipients (Communication, Member) VALUES (102, 150);
INSERT INTO CommunicationRecipients (Communication, Member) VALUES (102, 129);
INSERT INTO CommunicationRecipients (Communication, Member) VALUES (102, 126);
INSERT INTO CommunicationRecipients (Communication, Member) VALUES (102, 107);
INSERT INTO CommunicationRecipients (Communication, Member) VALUES (102, 122);
INSERT INTO Communication (ID, Subject, Content, DateSent) VALUES (103, 'Photo Contest Winners', 'Assume machine amount side. Voice alone these town detail.
Rest service building. Save down off strategy wall they.
Type speak remember feel.
Address approach how skin glass. Believe network single cultural wrong knowledge down. Off less good former it day.', '2025-08-12 23:11:54');
INSERT INTO CommunicationRecipients (Communication, Member) VALUES (103, 149);
INSERT INTO CommunicationRecipients (Communication, Member) VALUES (103, 167);
INSERT INTO CommunicationRecipients (Communication, Member) VALUES (103, 197);
INSERT INTO CommunicationRecipients (Communication, Member) VALUES (103, 123);
INSERT INTO CommunicationRecipients (Communication, Member) VALUES (103, 128);
INSERT INTO CommunicationRecipients (Communication, Member) VALUES (103, 117);
INSERT INTO CommunicationRecipients (Communication, Member) VALUES (103, 169);
INSERT INTO CommunicationRecipients (Communication, Member) VALUES (103, 154);
INSERT INTO CommunicationRecipients (Communication, Member) VALUES (103, 133);
INSERT INTO CommunicationRecipients (Communication, Member) VALUES (103, 159);
INSERT INTO CommunicationRecipients (Communication, Member) VALUES (103, 148);
INSERT INTO CommunicationRecipients (Communication, Member) VALUES (103, 196);
INSERT INTO CommunicationRecipients (Communication, Member) VALUES (103, 139);
INSERT INTO CommunicationRecipients (Communication, Member) VALUES (103, 176);
INSERT INTO CommunicationRecipients (Communication, Member) VALUES (103, 173);
INSERT INTO CommunicationRecipients (Communication, Member) VALUES (103, 152);
INSERT INTO CommunicationRecipients (Communication, Member) VALUES (103, 193);
INSERT INTO CommunicationRecipients (Communication, Member) VALUES (103, 174);
INSERT INTO CommunicationRecipients (Communication, Member) VALUES (103, 140);
INSERT INTO CommunicationRecipients (Communication, Member) VALUES (103, 187);
INSERT INTO CommunicationRecipients (Communication, Member) VALUES (103, 103);
INSERT INTO CommunicationRecipients (Communication, Member) VALUES (103, 157);
INSERT INTO CommunicationRecipients (Communication, Member) VALUES (103, 195);
INSERT INTO CommunicationRecipients (Communication, Member) VALUES (103, 171);
INSERT INTO CommunicationRecipients (Communication, Member) VALUES (103, 121);
INSERT INTO CommunicationRecipients (Communication, Member) VALUES (103, 192);
INSERT INTO CommunicationRecipients (Communication, Member) VALUES (103, 104);
INSERT INTO CommunicationRecipients (Communication, Member) VALUES (103, 129);
INSERT INTO CommunicationRecipients (Communication, Member) VALUES (103, 120);
INSERT INTO CommunicationRecipients (Communication, Member) VALUES (103, 163);
INSERT INTO CommunicationRecipients (Communication, Member) VALUES (103, 172);
INSERT INTO CommunicationRecipients (Communication, Member) VALUES (103, 138);
INSERT INTO CommunicationRecipients (Communication, Member) VALUES (103, 124);
INSERT INTO CommunicationRecipients (Communication, Member) VALUES (103, 107);
INSERT INTO CommunicationRecipients (Communication, Member) VALUES (103, 186);
INSERT INTO CommunicationRecipients (Communication, Member) VALUES (103, 190);
INSERT INTO CommunicationRecipients (Communication, Member) VALUES (103, 181);
INSERT INTO CommunicationRecipients (Communication, Member) VALUES (103, 137);
INSERT INTO CommunicationRecipients (Communication, Member) VALUES (103, 144);
INSERT INTO CommunicationRecipients (Communication, Member) VALUES (103, 164);
INSERT INTO CommunicationRecipients (Communication, Member) VALUES (103, 178);
INSERT INTO CommunicationRecipients (Communication, Member) VALUES (103, 143);
INSERT INTO CommunicationRecipients (Communication, Member) VALUES (103, 116);
INSERT INTO CommunicationRecipients (Communication, Member) VALUES (103, 155);
INSERT INTO CommunicationRecipients (Communication, Member) VALUES (103, 111);
INSERT INTO CommunicationRecipients (Communication, Member) VALUES (103, 150);
INSERT INTO CommunicationRecipients (Communication, Member) VALUES (103, 161);
INSERT INTO CommunicationRecipients (Communication, Member) VALUES (103, 185);
INSERT INTO CommunicationRecipients (Communication, Member) VALUES (103, 101);
INSERT INTO CommunicationRecipients (Communication, Member) VALUES (103, 109);
INSERT INTO CommunicationRecipients (Communication, Member) VALUES (103, 182);
INSERT INTO CommunicationRecipients (Communication, Member) VALUES (103, 115);
INSERT INTO CommunicationRecipients (Communication, Member) VALUES (103, 112);
INSERT INTO CommunicationRecipients (Communication, Member) VALUES (103, 125);
INSERT INTO CommunicationRecipients (Communication, Member) VALUES (103, 142);
INSERT INTO CommunicationRecipients (Communication, Member) VALUES (103, 180);
INSERT INTO CommunicationRecipients (Communication, Member) VALUES (103, 118);
INSERT INTO CommunicationRecipients (Communication, Member) VALUES (103, 113);
INSERT INTO CommunicationRecipients (Communication, Member) VALUES (103, 145);
INSERT INTO CommunicationRecipients (Communication, Member) VALUES (103, 175);
INSERT INTO CommunicationRecipients (Communication, Member) VALUES (103, 134);
INSERT INTO CommunicationRecipients (Communication, Member) VALUES (103, 165);
INSERT INTO CommunicationRecipients (Communication, Member) VALUES (103, 160);
INSERT INTO CommunicationRecipients (Communication, Member) VALUES (103, 135);
INSERT INTO CommunicationRecipients (Communication, Member) VALUES (103, 156);
INSERT INTO CommunicationRecipients (Communication, Member) VALUES (103, 194);
INSERT INTO CommunicationRecipients (Communication, Member) VALUES (103, 108);
INSERT INTO CommunicationRecipients (Communication, Member) VALUES (103, 110);
INSERT INTO CommunicationRecipients (Communication, Member) VALUES (103, 177);
INSERT INTO CommunicationRecipients (Communication, Member) VALUES (103, 131);
INSERT INTO CommunicationRecipients (Communication, Member) VALUES (103, 168);
INSERT INTO CommunicationRecipients (Communication, Member) VALUES (103, 198);
INSERT INTO CommunicationRecipients (Communication, Member) VALUES (103, 162);
INSERT INTO CommunicationRecipients (Communication, Member) VALUES (103, 158);
INSERT INTO CommunicationRecipients (Communication, Member) VALUES (103, 147);
INSERT INTO CommunicationRecipients (Communication, Member) VALUES (103, 153);
INSERT INTO CommunicationRecipients (Communication, Member) VALUES (103, 141);
INSERT INTO CommunicationRecipients (Communication, Member) VALUES (103, 114);
INSERT INTO CommunicationRecipients (Communication, Member) VALUES (103, 122);
INSERT INTO CommunicationRecipients (Communication, Member) VALUES (103, 179);
INSERT INTO CommunicationRecipients (Communication, Member) VALUES (103, 130);
INSERT INTO CommunicationRecipients (Communication, Member) VALUES (103, 146);
INSERT INTO CommunicationRecipients (Communication, Member) VALUES (103, 183);
INSERT INTO CommunicationRecipients (Communication, Member) VALUES (103, 151);
INSERT INTO CommunicationRecipients (Communication, Member) VALUES (103, 102);
INSERT INTO CommunicationRecipients (Communication, Member) VALUES (103, 184);
INSERT INTO CommunicationRecipients (Communication, Member) VALUES (103, 188);
INSERT INTO CommunicationRecipients (Communication, Member) VALUES (103, 132);
INSERT INTO CommunicationRecipients (Communication, Member) VALUES (103, 106);
INSERT INTO CommunicationRecipients (Communication, Member) VALUES (103, 126);
INSERT INTO Communication (ID, Subject, Content, DateSent) VALUES (104, 'Officer Election Results', 'If morning hospital enough newspaper require. May least agency light scene college skin. Tell explain study affect.
Over front send everyone. Maintain determine kitchen traditional.
Hand avoid great play. Continue owner do tend cover.
Today measure respond. Indeed money scene you.', '2025-08-12 23:13:18');
INSERT INTO CommunicationRecipients (Communication, Member) VALUES (104, 150);
INSERT INTO CommunicationRecipients (Communication, Member) VALUES (104, 132);
INSERT INTO CommunicationRecipients (Communication, Member) VALUES (104, 190);
INSERT INTO CommunicationRecipients (Communication, Member) VALUES (104, 171);
INSERT INTO CommunicationRecipients (Communication, Member) VALUES (104, 117);
INSERT INTO CommunicationRecipients (Communication, Member) VALUES (104, 107);
INSERT INTO CommunicationRecipients (Communication, Member) VALUES (104, 182);
INSERT INTO CommunicationRecipients (Communication, Member) VALUES (104, 118);
INSERT INTO CommunicationRecipients (Communication, Member) VALUES (104, 196);
INSERT INTO CommunicationRecipients (Communication, Member) VALUES (104, 114);
INSERT INTO CommunicationRecipients (Communication, Member) VALUES (104, 152);
INSERT INTO CommunicationRecipients (Communication, Member) VALUES (104, 143);
INSERT INTO CommunicationRecipients (Communication, Member) VALUES (104, 130);
INSERT INTO CommunicationRecipients (Communication, Member) VALUES (104, 198);
INSERT INTO CommunicationRecipients (Communication, Member) VALUES (104, 105);
INSERT INTO CommunicationRecipients (Communication, Member) VALUES (104, 164);
INSERT INTO CommunicationRecipients (Communication, Member) VALUES (104, 126);
INSERT INTO CommunicationRecipients (Communication, Member) VALUES (104, 108);
INSERT INTO CommunicationRecipients (Communication, Member) VALUES (104, 156);
INSERT INTO CommunicationRecipients (Communication, Member) VALUES (104, 121);
INSERT INTO CommunicationRecipients (Communication, Member) VALUES (104, 162);
INSERT INTO CommunicationRecipients (Communication, Member) VALUES (104, 138);
INSERT INTO CommunicationRecipients (Communication, Member) VALUES (104, 127);
INSERT INTO CommunicationRecipients (Communication, Member) VALUES (104, 109);
INSERT INTO CommunicationRecipients (Communication, Member) VALUES (104, 139);
INSERT INTO CommunicationRecipients (Communication, Member) VALUES (104, 160);
INSERT INTO CommunicationRecipients (Communication, Member) VALUES (104, 125);
INSERT INTO CommunicationRecipients (Communication, Member) VALUES (104, 151);
INSERT INTO Communication (ID, Subject, Content, DateSent) VALUES (105, 'Upcoming Trip Reminder', 'Beautiful choose treatment mission create white hold. Such purpose ten member child. Relationship produce clearly address everything identify picture.
Purpose final between notice. Level property sister half network put power. Walk forget seven none.', '2025-08-12 23:14:59');
INSERT INTO CommunicationRecipients (Communication, Member) VALUES (105, 108);
INSERT INTO CommunicationRecipients (Communication, Member) VALUES (105, 125);
INSERT INTO CommunicationRecipients (Communication, Member) VALUES (105, 149);
INSERT INTO CommunicationRecipients (Communication, Member) VALUES (105, 111);
INSERT INTO CommunicationRecipients (Communication, Member) VALUES (105, 136);
INSERT INTO CommunicationRecipients (Communication, Member) VALUES (105, 197);
INSERT INTO CommunicationRecipients (Communication, Member) VALUES (105, 165);
INSERT INTO CommunicationRecipients (Communication, Member) VALUES (105, 191);
INSERT INTO CommunicationRecipients (Communication, Member) VALUES (105, 190);
INSERT INTO CommunicationRecipients (Communication, Member) VALUES (105, 145);
INSERT INTO CommunicationRecipients (Communication, Member) VALUES (105, 126);
INSERT INTO CommunicationRecipients (Communication, Member) VALUES (105, 189);
INSERT INTO CommunicationRecipients (Communication, Member) VALUES (105, 198);
INSERT INTO CommunicationRecipients (Communication, Member) VALUES (105, 148);
INSERT INTO CommunicationRecipients (Communication, Member) VALUES (105, 186);
INSERT INTO CommunicationRecipients (Communication, Member) VALUES (105, 144);
INSERT INTO CommunicationRecipients (Communication, Member) VALUES (105, 153);
INSERT INTO CommunicationRecipients (Communication, Member) VALUES (105, 140);
INSERT INTO CommunicationRecipients (Communication, Member) VALUES (105, 116);
INSERT INTO CommunicationRecipients (Communication, Member) VALUES (105, 156);
INSERT INTO CommunicationRecipients (Communication, Member) VALUES (105, 188);
INSERT INTO CommunicationRecipients (Communication, Member) VALUES (105, 115);
INSERT INTO CommunicationRecipients (Communication, Member) VALUES (105, 180);
INSERT INTO CommunicationRecipients (Communication, Member) VALUES (105, 127);
INSERT INTO CommunicationRecipients (Communication, Member) VALUES (105, 120);
INSERT INTO CommunicationRecipients (Communication, Member) VALUES (105, 182);
INSERT INTO CommunicationRecipients (Communication, Member) VALUES (105, 147);
INSERT INTO CommunicationRecipients (Communication, Member) VALUES (105, 122);
INSERT INTO CommunicationRecipients (Communication, Member) VALUES (105, 157);
INSERT INTO CommunicationRecipients (Communication, Member) VALUES (105, 195);
INSERT INTO CommunicationRecipients (Communication, Member) VALUES (105, 194);
INSERT INTO CommunicationRecipients (Communication, Member) VALUES (105, 162);
INSERT INTO CommunicationRecipients (Communication, Member) VALUES (105, 146);
INSERT INTO CommunicationRecipients (Communication, Member) VALUES (105, 119);
INSERT INTO CommunicationRecipients (Communication, Member) VALUES (105, 129);
INSERT INTO CommunicationRecipients (Communication, Member) VALUES (105, 102);
INSERT INTO CommunicationRecipients (Communication, Member) VALUES (105, 172);
INSERT INTO CommunicationRecipients (Communication, Member) VALUES (105, 171);
INSERT INTO CommunicationRecipients (Communication, Member) VALUES (105, 133);
INSERT INTO CommunicationRecipients (Communication, Member) VALUES (105, 168);
INSERT INTO CommunicationRecipients (Communication, Member) VALUES (105, 151);
INSERT INTO CommunicationRecipients (Communication, Member) VALUES (105, 123);
INSERT INTO Communication (ID, Subject, Content, DateSent) VALUES (106, 'Club Social Event', 'Become near speak possible.
Explain against risk enough nice even wide. Institution protect fish loss civil human.
Finally sort tonight than wait. After goal around if. Leave foreign common list relate through.
Sense court need especially hour arrive. Young after focus type cell.', '2025-08-12 23:11:50');
INSERT INTO CommunicationRecipients (Communication, Member) VALUES (106, 132);
INSERT INTO CommunicationRecipients (Communication, Member) VALUES (106, 187);
INSERT INTO CommunicationRecipients (Communication, Member) VALUES (106, 102);
INSERT INTO CommunicationRecipients (Communication, Member) VALUES (106, 120);
INSERT INTO CommunicationRecipients (Communication, Member) VALUES (106, 191);
INSERT INTO CommunicationRecipients (Communication, Member) VALUES (106, 117);
INSERT INTO CommunicationRecipients (Communication, Member) VALUES (106, 148);
INSERT INTO CommunicationRecipients (Communication, Member) VALUES (106, 151);
INSERT INTO CommunicationRecipients (Communication, Member) VALUES (106, 164);
INSERT INTO CommunicationRecipients (Communication, Member) VALUES (106, 180);
INSERT INTO CommunicationRecipients (Communication, Member) VALUES (106, 194);
INSERT INTO CommunicationRecipients (Communication, Member) VALUES (106, 192);
INSERT INTO CommunicationRecipients (Communication, Member) VALUES (106, 159);
INSERT INTO CommunicationRecipients (Communication, Member) VALUES (106, 179);
INSERT INTO CommunicationRecipients (Communication, Member) VALUES (106, 160);
INSERT INTO CommunicationRecipients (Communication, Member) VALUES (106, 149);
INSERT INTO CommunicationRecipients (Communication, Member) VALUES (106, 116);
INSERT INTO CommunicationRecipients (Communication, Member) VALUES (106, 195);
INSERT INTO CommunicationRecipients (Communication, Member) VALUES (106, 124);
INSERT INTO CommunicationRecipients (Communication, Member) VALUES (106, 162);
INSERT INTO CommunicationRecipients (Communication, Member) VALUES (106, 129);
INSERT INTO Communication (ID, Subject, Content, DateSent) VALUES (107, 'Club Social Event', 'Since themselves edge scientist open. Focus evening movement resource.
Dinner situation by. Middle civil treat yourself.
End argue trial member although. Technology tax knowledge goal question myself east. Clear financial record thousand answer.', '2025-08-12 23:12:36');
INSERT INTO CommunicationRecipients (Communication, Member) VALUES (107, 115);
INSERT INTO CommunicationRecipients (Communication, Member) VALUES (107, 171);
INSERT INTO CommunicationRecipients (Communication, Member) VALUES (107, 111);
INSERT INTO CommunicationRecipients (Communication, Member) VALUES (107, 192);
INSERT INTO CommunicationRecipients (Communication, Member) VALUES (107, 103);
INSERT INTO CommunicationRecipients (Communication, Member) VALUES (107, 172);
INSERT INTO CommunicationRecipients (Communication, Member) VALUES (107, 180);
INSERT INTO CommunicationRecipients (Communication, Member) VALUES (107, 194);
INSERT INTO CommunicationRecipients (Communication, Member) VALUES (107, 101);
INSERT INTO CommunicationRecipients (Communication, Member) VALUES (107, 183);
INSERT INTO CommunicationRecipients (Communication, Member) VALUES (107, 109);
INSERT INTO CommunicationRecipients (Communication, Member) VALUES (107, 105);
INSERT INTO CommunicationRecipients (Communication, Member) VALUES (107, 120);
INSERT INTO CommunicationRecipients (Communication, Member) VALUES (107, 138);
INSERT INTO CommunicationRecipients (Communication, Member) VALUES (107, 108);
INSERT INTO CommunicationRecipients (Communication, Member) VALUES (107, 196);
INSERT INTO CommunicationRecipients (Communication, Member) VALUES (107, 173);
INSERT INTO CommunicationRecipients (Communication, Member) VALUES (107, 166);
INSERT INTO CommunicationRecipients (Communication, Member) VALUES (107, 176);
INSERT INTO CommunicationRecipients (Communication, Member) VALUES (107, 145);
INSERT INTO CommunicationRecipients (Communication, Member) VALUES (107, 129);
INSERT INTO CommunicationRecipients (Communication, Member) VALUES (107, 186);
INSERT INTO CommunicationRecipients (Communication, Member) VALUES (107, 123);
INSERT INTO CommunicationRecipients (Communication, Member) VALUES (107, 197);
INSERT INTO CommunicationRecipients (Communication, Member) VALUES (107, 134);
INSERT INTO CommunicationRecipients (Communication, Member) VALUES (107, 188);
INSERT INTO CommunicationRecipients (Communication, Member) VALUES (107, 125);
INSERT INTO CommunicationRecipients (Communication, Member) VALUES (107, 107);
INSERT INTO CommunicationRecipients (Communication, Member) VALUES (107, 158);
INSERT INTO Communication (ID, Subject, Content, DateSent) VALUES (108, 'Trip Cancellation Notice', 'Second order present by newspaper kid stay. Challenge tree ago knowledge eight already.
Send onto but. Light event wall film training.
Several professor concern my. May relationship any call.
Themselves knowledge modern serve among. Example series capital often according would.', '2025-08-12 23:16:48');
INSERT INTO CommunicationRecipients (Communication, Member) VALUES (108, 142);
INSERT INTO CommunicationRecipients (Communication, Member) VALUES (108, 153);
INSERT INTO CommunicationRecipients (Communication, Member) VALUES (108, 100);
INSERT INTO CommunicationRecipients (Communication, Member) VALUES (108, 130);
INSERT INTO CommunicationRecipients (Communication, Member) VALUES (108, 181);
INSERT INTO CommunicationRecipients (Communication, Member) VALUES (108, 124);
INSERT INTO CommunicationRecipients (Communication, Member) VALUES (108, 155);
INSERT INTO CommunicationRecipients (Communication, Member) VALUES (108, 121);
INSERT INTO CommunicationRecipients (Communication, Member) VALUES (108, 110);
INSERT INTO CommunicationRecipients (Communication, Member) VALUES (108, 127);
INSERT INTO CommunicationRecipients (Communication, Member) VALUES (108, 132);
INSERT INTO CommunicationRecipients (Communication, Member) VALUES (108, 156);
INSERT INTO CommunicationRecipients (Communication, Member) VALUES (108, 170);
INSERT INTO CommunicationRecipients (Communication, Member) VALUES (108, 131);
INSERT INTO CommunicationRecipients (Communication, Member) VALUES (108, 106);
INSERT INTO CommunicationRecipients (Communication, Member) VALUES (108, 140);
INSERT INTO CommunicationRecipients (Communication, Member) VALUES (108, 101);
INSERT INTO CommunicationRecipients (Communication, Member) VALUES (108, 154);
INSERT INTO CommunicationRecipients (Communication, Member) VALUES (108, 166);
INSERT INTO CommunicationRecipients (Communication, Member) VALUES (108, 118);
INSERT INTO CommunicationRecipients (Communication, Member) VALUES (108, 168);
INSERT INTO CommunicationRecipients (Communication, Member) VALUES (108, 151);
INSERT INTO CommunicationRecipients (Communication, Member) VALUES (108, 145);
INSERT INTO CommunicationRecipients (Communication, Member) VALUES (108, 184);
INSERT INTO CommunicationRecipients (Communication, Member) VALUES (108, 122);
INSERT INTO CommunicationRecipients (Communication, Member) VALUES (108, 158);
INSERT INTO CommunicationRecipients (Communication, Member) VALUES (108, 115);
INSERT INTO CommunicationRecipients (Communication, Member) VALUES (108, 141);
INSERT INTO CommunicationRecipients (Communication, Member) VALUES (108, 195);
INSERT INTO Communication (ID, Subject, Content, DateSent) VALUES (109, 'Gear Checkout Hours Update', 'West thousand quickly important. System white specific decision remain. Music prepare view charge.
Upon another wish opportunity your case. Somebody three rest Mrs. Character religious hotel point.
Subject little well small while environmental middle mission. Exist mother wife.', '2025-08-12 23:16:25');
INSERT INTO CommunicationRecipients (Communication, Member) VALUES (109, 143);
INSERT INTO CommunicationRecipients (Communication, Member) VALUES (109, 148);
INSERT INTO CommunicationRecipients (Communication, Member) VALUES (109, 165);
INSERT INTO CommunicationRecipients (Communication, Member) VALUES (109, 179);
INSERT INTO CommunicationRecipients (Communication, Member) VALUES (109, 163);
INSERT INTO CommunicationRecipients (Communication, Member) VALUES (109, 180);
INSERT INTO CommunicationRecipients (Communication, Member) VALUES (109, 103);
INSERT INTO CommunicationRecipients (Communication, Member) VALUES (109, 183);
INSERT INTO CommunicationRecipients (Communication, Member) VALUES (109, 188);
INSERT INTO CommunicationRecipients (Communication, Member) VALUES (109, 170);
INSERT INTO CommunicationRecipients (Communication, Member) VALUES (109, 145);
INSERT INTO CommunicationRecipients (Communication, Member) VALUES (109, 146);
INSERT INTO CommunicationRecipients (Communication, Member) VALUES (109, 132);
INSERT INTO CommunicationRecipients (Communication, Member) VALUES (109, 126);
INSERT INTO CommunicationRecipients (Communication, Member) VALUES (109, 151);
INSERT INTO CommunicationRecipients (Communication, Member) VALUES (109, 191);
INSERT INTO CommunicationRecipients (Communication, Member) VALUES (109, 159);
INSERT INTO CommunicationRecipients (Communication, Member) VALUES (109, 127);
INSERT INTO CommunicationRecipients (Communication, Member) VALUES (109, 137);
INSERT INTO CommunicationRecipients (Communication, Member) VALUES (109, 164);
INSERT INTO CommunicationRecipients (Communication, Member) VALUES (109, 134);
INSERT INTO CommunicationRecipients (Communication, Member) VALUES (109, 199);
INSERT INTO CommunicationRecipients (Communication, Member) VALUES (109, 186);
INSERT INTO CommunicationRecipients (Communication, Member) VALUES (109, 110);
INSERT INTO CommunicationRecipients (Communication, Member) VALUES (109, 174);
INSERT INTO CommunicationRecipients (Communication, Member) VALUES (109, 168);
INSERT INTO CommunicationRecipients (Communication, Member) VALUES (109, 150);
INSERT INTO CommunicationRecipients (Communication, Member) VALUES (109, 175);
INSERT INTO CommunicationRecipients (Communication, Member) VALUES (109, 139);
INSERT INTO Communication (ID, Subject, Content, DateSent) VALUES (110, 'Trip Cancellation Notice', 'Point Democrat check nearly they his. Bank threat memory her along manager.
Simple better generation who protect drive. Various rich teach police with smile responsibility.
Exist boy once. Never history all attorney style enter. Commercial perhaps national compare on if country wife.', '2025-08-12 23:12:46');
INSERT INTO CommunicationRecipients (Communication, Member) VALUES (110, 127);
INSERT INTO CommunicationRecipients (Communication, Member) VALUES (110, 191);
INSERT INTO CommunicationRecipients (Communication, Member) VALUES (110, 180);
INSERT INTO CommunicationRecipients (Communication, Member) VALUES (110, 169);
INSERT INTO CommunicationRecipients (Communication, Member) VALUES (110, 132);
INSERT INTO CommunicationRecipients (Communication, Member) VALUES (110, 113);
INSERT INTO CommunicationRecipients (Communication, Member) VALUES (110, 153);
INSERT INTO CommunicationRecipients (Communication, Member) VALUES (110, 171);
INSERT INTO CommunicationRecipients (Communication, Member) VALUES (110, 102);
INSERT INTO CommunicationRecipients (Communication, Member) VALUES (110, 126);
INSERT INTO CommunicationRecipients (Communication, Member) VALUES (110, 128);
INSERT INTO CommunicationRecipients (Communication, Member) VALUES (110, 136);
INSERT INTO CommunicationRecipients (Communication, Member) VALUES (110, 173);
INSERT INTO CommunicationRecipients (Communication, Member) VALUES (110, 148);
INSERT INTO Communication (ID, Subject, Content, DateSent) VALUES (111, 'New Gear Available', 'Place address TV do. Clear him exactly thank eye.
Rather less character situation many we. Ahead before treat beautiful.
Section sing democratic onto street peace still reason. Mrs short alone government special possible.', '2025-08-12 23:13:16');
INSERT INTO CommunicationRecipients (Communication, Member) VALUES (111, 106);
INSERT INTO CommunicationRecipients (Communication, Member) VALUES (111, 160);
INSERT INTO CommunicationRecipients (Communication, Member) VALUES (111, 137);
INSERT INTO CommunicationRecipients (Communication, Member) VALUES (111, 159);
INSERT INTO CommunicationRecipients (Communication, Member) VALUES (111, 111);
INSERT INTO CommunicationRecipients (Communication, Member) VALUES (111, 167);
INSERT INTO CommunicationRecipients (Communication, Member) VALUES (111, 144);
INSERT INTO CommunicationRecipients (Communication, Member) VALUES (111, 191);
INSERT INTO CommunicationRecipients (Communication, Member) VALUES (111, 126);
INSERT INTO CommunicationRecipients (Communication, Member) VALUES (111, 192);
INSERT INTO CommunicationRecipients (Communication, Member) VALUES (111, 163);
INSERT INTO CommunicationRecipients (Communication, Member) VALUES (111, 158);
INSERT INTO CommunicationRecipients (Communication, Member) VALUES (111, 120);
INSERT INTO CommunicationRecipients (Communication, Member) VALUES (111, 169);
INSERT INTO CommunicationRecipients (Communication, Member) VALUES (111, 142);
INSERT INTO CommunicationRecipients (Communication, Member) VALUES (111, 199);
INSERT INTO CommunicationRecipients (Communication, Member) VALUES (111, 107);
INSERT INTO CommunicationRecipients (Communication, Member) VALUES (111, 130);
INSERT INTO CommunicationRecipients (Communication, Member) VALUES (111, 129);
INSERT INTO CommunicationRecipients (Communication, Member) VALUES (111, 171);
INSERT INTO CommunicationRecipients (Communication, Member) VALUES (111, 128);
INSERT INTO CommunicationRecipients (Communication, Member) VALUES (111, 104);
INSERT INTO CommunicationRecipients (Communication, Member) VALUES (111, 132);
INSERT INTO CommunicationRecipients (Communication, Member) VALUES (111, 176);
INSERT INTO CommunicationRecipients (Communication, Member) VALUES (111, 154);
INSERT INTO CommunicationRecipients (Communication, Member) VALUES (111, 197);
INSERT INTO CommunicationRecipients (Communication, Member) VALUES (111, 135);
INSERT INTO CommunicationRecipients (Communication, Member) VALUES (111, 182);
INSERT INTO CommunicationRecipients (Communication, Member) VALUES (111, 155);
INSERT INTO CommunicationRecipients (Communication, Member) VALUES (111, 164);
INSERT INTO CommunicationRecipients (Communication, Member) VALUES (111, 119);
INSERT INTO CommunicationRecipients (Communication, Member) VALUES (111, 131);
INSERT INTO CommunicationRecipients (Communication, Member) VALUES (111, 116);
INSERT INTO CommunicationRecipients (Communication, Member) VALUES (111, 143);
INSERT INTO CommunicationRecipients (Communication, Member) VALUES (111, 113);
INSERT INTO CommunicationRecipients (Communication, Member) VALUES (111, 157);
INSERT INTO CommunicationRecipients (Communication, Member) VALUES (111, 179);
INSERT INTO CommunicationRecipients (Communication, Member) VALUES (111, 150);
INSERT INTO CommunicationRecipients (Communication, Member) VALUES (111, 101);
INSERT INTO CommunicationRecipients (Communication, Member) VALUES (111, 147);
INSERT INTO CommunicationRecipients (Communication, Member) VALUES (111, 168);
INSERT INTO CommunicationRecipients (Communication, Member) VALUES (111, 170);
INSERT INTO CommunicationRecipients (Communication, Member) VALUES (111, 123);
INSERT INTO CommunicationRecipients (Communication, Member) VALUES (111, 153);
INSERT INTO CommunicationRecipients (Communication, Member) VALUES (111, 165);
INSERT INTO CommunicationRecipients (Communication, Member) VALUES (111, 156);
INSERT INTO CommunicationRecipients (Communication, Member) VALUES (111, 198);
INSERT INTO CommunicationRecipients (Communication, Member) VALUES (111, 127);
INSERT INTO CommunicationRecipients (Communication, Member) VALUES (111, 166);
INSERT INTO CommunicationRecipients (Communication, Member) VALUES (111, 174);
INSERT INTO CommunicationRecipients (Communication, Member) VALUES (111, 161);
INSERT INTO CommunicationRecipients (Communication, Member) VALUES (111, 149);
INSERT INTO CommunicationRecipients (Communication, Member) VALUES (111, 187);
INSERT INTO CommunicationRecipients (Communication, Member) VALUES (111, 181);
INSERT INTO CommunicationRecipients (Communication, Member) VALUES (111, 139);
INSERT INTO CommunicationRecipients (Communication, Member) VALUES (111, 193);
INSERT INTO CommunicationRecipients (Communication, Member) VALUES (111, 175);
INSERT INTO CommunicationRecipients (Communication, Member) VALUES (111, 146);
INSERT INTO CommunicationRecipients (Communication, Member) VALUES (111, 178);
INSERT INTO CommunicationRecipients (Communication, Member) VALUES (111, 152);
INSERT INTO CommunicationRecipients (Communication, Member) VALUES (111, 196);
INSERT INTO CommunicationRecipients (Communication, Member) VALUES (111, 162);
INSERT INTO CommunicationRecipients (Communication, Member) VALUES (111, 183);
INSERT INTO CommunicationRecipients (Communication, Member) VALUES (111, 190);
INSERT INTO CommunicationRecipients (Communication, Member) VALUES (111, 125);
INSERT INTO CommunicationRecipients (Communication, Member) VALUES (111, 114);
INSERT INTO CommunicationRecipients (Communication, Member) VALUES (111, 194);
INSERT INTO CommunicationRecipients (Communication, Member) VALUES (111, 145);
INSERT INTO CommunicationRecipients (Communication, Member) VALUES (111, 105);
INSERT INTO CommunicationRecipients (Communication, Member) VALUES (111, 138);
INSERT INTO CommunicationRecipients (Communication, Member) VALUES (111, 184);
INSERT INTO CommunicationRecipients (Communication, Member) VALUES (111, 140);
INSERT INTO CommunicationRecipients (Communication, Member) VALUES (111, 110);
INSERT INTO CommunicationRecipients (Communication, Member) VALUES (111, 102);
INSERT INTO CommunicationRecipients (Communication, Member) VALUES (111, 173);
INSERT INTO CommunicationRecipients (Communication, Member) VALUES (111, 121);
INSERT INTO CommunicationRecipients (Communication, Member) VALUES (111, 188);
INSERT INTO CommunicationRecipients (Communication, Member) VALUES (111, 100);
INSERT INTO CommunicationRecipients (Communication, Member) VALUES (111, 117);
INSERT INTO CommunicationRecipients (Communication, Member) VALUES (111, 180);
INSERT INTO CommunicationRecipients (Communication, Member) VALUES (111, 115);
INSERT INTO CommunicationRecipients (Communication, Member) VALUES (111, 141);
INSERT INTO CommunicationRecipients (Communication, Member) VALUES (111, 148);
INSERT INTO CommunicationRecipients (Communication, Member) VALUES (111, 118);
INSERT INTO CommunicationRecipients (Communication, Member) VALUES (111, 172);
INSERT INTO CommunicationRecipients (Communication, Member) VALUES (111, 177);
INSERT INTO CommunicationRecipients (Communication, Member) VALUES (111, 112);
INSERT INTO CommunicationRecipients (Communication, Member) VALUES (111, 195);
INSERT INTO CommunicationRecipients (Communication, Member) VALUES (111, 185);
INSERT INTO CommunicationRecipients (Communication, Member) VALUES (111, 124);
INSERT INTO CommunicationRecipients (Communication, Member) VALUES (111, 122);
INSERT INTO CommunicationRecipients (Communication, Member) VALUES (111, 186);
INSERT INTO CommunicationRecipients (Communication, Member) VALUES (111, 108);
INSERT INTO CommunicationRecipients (Communication, Member) VALUES (111, 103);
INSERT INTO CommunicationRecipients (Communication, Member) VALUES (111, 136);
INSERT INTO CommunicationRecipients (Communication, Member) VALUES (111, 189);
INSERT INTO Communication (ID, Subject, Content, DateSent) VALUES (112, 'Club Meeting This Thursday', 'Environmental air market drop. Lay subject summer spring ago PM never. Raise movie animal. Say happy call important consumer describe.
Phone way herself seek campaign factor. Focus for amount race experience place.
Shoulder theory tonight prepare.', '2025-08-12 23:16:35');
INSERT INTO CommunicationRecipients (Communication, Member) VALUES (112, 182);
INSERT INTO CommunicationRecipients (Communication, Member) VALUES (112, 128);
INSERT INTO CommunicationRecipients (Communication, Member) VALUES (112, 189);
INSERT INTO CommunicationRecipients (Communication, Member) VALUES (112, 170);
INSERT INTO CommunicationRecipients (Communication, Member) VALUES (112, 145);
INSERT INTO CommunicationRecipients (Communication, Member) VALUES (112, 148);
INSERT INTO CommunicationRecipients (Communication, Member) VALUES (112, 118);
INSERT INTO CommunicationRecipients (Communication, Member) VALUES (112, 123);
INSERT INTO CommunicationRecipients (Communication, Member) VALUES (112, 169);
INSERT INTO CommunicationRecipients (Communication, Member) VALUES (112, 109);
INSERT INTO CommunicationRecipients (Communication, Member) VALUES (112, 193);
INSERT INTO CommunicationRecipients (Communication, Member) VALUES (112, 162);
INSERT INTO CommunicationRecipients (Communication, Member) VALUES (112, 127);
INSERT INTO CommunicationRecipients (Communication, Member) VALUES (112, 122);
INSERT INTO CommunicationRecipients (Communication, Member) VALUES (112, 160);
INSERT INTO CommunicationRecipients (Communication, Member) VALUES (112, 104);
INSERT INTO CommunicationRecipients (Communication, Member) VALUES (112, 191);
INSERT INTO CommunicationRecipients (Communication, Member) VALUES (112, 158);
INSERT INTO CommunicationRecipients (Communication, Member) VALUES (112, 107);
INSERT INTO CommunicationRecipients (Communication, Member) VALUES (112, 185);
INSERT INTO CommunicationRecipients (Communication, Member) VALUES (112, 186);
INSERT INTO CommunicationRecipients (Communication, Member) VALUES (112, 179);
INSERT INTO CommunicationRecipients (Communication, Member) VALUES (112, 101);
INSERT INTO CommunicationRecipients (Communication, Member) VALUES (112, 173);
INSERT INTO CommunicationRecipients (Communication, Member) VALUES (112, 151);
INSERT INTO CommunicationRecipients (Communication, Member) VALUES (112, 187);
INSERT INTO CommunicationRecipients (Communication, Member) VALUES (112, 184);
INSERT INTO CommunicationRecipients (Communication, Member) VALUES (112, 130);
INSERT INTO CommunicationRecipients (Communication, Member) VALUES (112, 108);
INSERT INTO CommunicationRecipients (Communication, Member) VALUES (112, 131);
INSERT INTO CommunicationRecipients (Communication, Member) VALUES (112, 152);
INSERT INTO CommunicationRecipients (Communication, Member) VALUES (112, 116);
INSERT INTO CommunicationRecipients (Communication, Member) VALUES (112, 111);
INSERT INTO CommunicationRecipients (Communication, Member) VALUES (112, 168);
INSERT INTO CommunicationRecipients (Communication, Member) VALUES (112, 134);
INSERT INTO CommunicationRecipients (Communication, Member) VALUES (112, 112);
INSERT INTO CommunicationRecipients (Communication, Member) VALUES (112, 121);
INSERT INTO CommunicationRecipients (Communication, Member) VALUES (112, 137);
INSERT INTO CommunicationRecipients (Communication, Member) VALUES (112, 132);
INSERT INTO CommunicationRecipients (Communication, Member) VALUES (112, 197);
INSERT INTO CommunicationRecipients (Communication, Member) VALUES (112, 113);
INSERT INTO CommunicationRecipients (Communication, Member) VALUES (112, 180);
INSERT INTO CommunicationRecipients (Communication, Member) VALUES (112, 196);
INSERT INTO CommunicationRecipients (Communication, Member) VALUES (112, 115);
INSERT INTO CommunicationRecipients (Communication, Member) VALUES (112, 166);
INSERT INTO CommunicationRecipients (Communication, Member) VALUES (112, 190);
INSERT INTO CommunicationRecipients (Communication, Member) VALUES (112, 157);
INSERT INTO CommunicationRecipients (Communication, Member) VALUES (112, 161);
INSERT INTO CommunicationRecipients (Communication, Member) VALUES (112, 102);
INSERT INTO CommunicationRecipients (Communication, Member) VALUES (112, 124);
INSERT INTO CommunicationRecipients (Communication, Member) VALUES (112, 183);
INSERT INTO CommunicationRecipients (Communication, Member) VALUES (112, 154);
INSERT INTO CommunicationRecipients (Communication, Member) VALUES (112, 138);
INSERT INTO CommunicationRecipients (Communication, Member) VALUES (112, 129);
INSERT INTO CommunicationRecipients (Communication, Member) VALUES (112, 198);
INSERT INTO CommunicationRecipients (Communication, Member) VALUES (112, 176);
INSERT INTO CommunicationRecipients (Communication, Member) VALUES (112, 135);
INSERT INTO CommunicationRecipients (Communication, Member) VALUES (112, 144);
INSERT INTO CommunicationRecipients (Communication, Member) VALUES (112, 106);
INSERT INTO CommunicationRecipients (Communication, Member) VALUES (112, 177);
INSERT INTO CommunicationRecipients (Communication, Member) VALUES (112, 142);
INSERT INTO CommunicationRecipients (Communication, Member) VALUES (112, 117);
INSERT INTO CommunicationRecipients (Communication, Member) VALUES (112, 171);
INSERT INTO CommunicationRecipients (Communication, Member) VALUES (112, 125);
INSERT INTO CommunicationRecipients (Communication, Member) VALUES (112, 174);
INSERT INTO CommunicationRecipients (Communication, Member) VALUES (112, 199);
INSERT INTO CommunicationRecipients (Communication, Member) VALUES (112, 119);
INSERT INTO CommunicationRecipients (Communication, Member) VALUES (112, 163);
INSERT INTO CommunicationRecipients (Communication, Member) VALUES (112, 164);
INSERT INTO CommunicationRecipients (Communication, Member) VALUES (112, 165);
INSERT INTO CommunicationRecipients (Communication, Member) VALUES (112, 110);
INSERT INTO CommunicationRecipients (Communication, Member) VALUES (112, 159);
INSERT INTO CommunicationRecipients (Communication, Member) VALUES (112, 141);
INSERT INTO CommunicationRecipients (Communication, Member) VALUES (112, 178);
INSERT INTO CommunicationRecipients (Communication, Member) VALUES (112, 146);
INSERT INTO CommunicationRecipients (Communication, Member) VALUES (112, 136);
INSERT INTO CommunicationRecipients (Communication, Member) VALUES (112, 175);
INSERT INTO CommunicationRecipients (Communication, Member) VALUES (112, 172);
INSERT INTO CommunicationRecipients (Communication, Member) VALUES (112, 195);
INSERT INTO CommunicationRecipients (Communication, Member) VALUES (112, 100);
INSERT INTO CommunicationRecipients (Communication, Member) VALUES (112, 133);
INSERT INTO CommunicationRecipients (Communication, Member) VALUES (112, 147);
INSERT INTO CommunicationRecipients (Communication, Member) VALUES (112, 105);
INSERT INTO CommunicationRecipients (Communication, Member) VALUES (112, 188);
INSERT INTO CommunicationRecipients (Communication, Member) VALUES (112, 156);
INSERT INTO CommunicationRecipients (Communication, Member) VALUES (112, 126);
INSERT INTO CommunicationRecipients (Communication, Member) VALUES (112, 143);
INSERT INTO CommunicationRecipients (Communication, Member) VALUES (112, 139);
INSERT INTO CommunicationRecipients (Communication, Member) VALUES (112, 192);
INSERT INTO Communication (ID, Subject, Content, DateSent) VALUES (113, 'Budget Update', 'Yes watch message degree hundred. Enough operation admit read recently imagine from contain.
Itself over as him. Contain page true trial Democrat Mrs.
Director if lawyer day crime. Cup choose film tax series.
Not ability gun. Behind special water true data.', '2025-08-12 23:12:59');
INSERT INTO CommunicationRecipients (Communication, Member) VALUES (113, 138);
INSERT INTO CommunicationRecipients (Communication, Member) VALUES (113, 135);
INSERT INTO CommunicationRecipients (Communication, Member) VALUES (113, 165);
INSERT INTO CommunicationRecipients (Communication, Member) VALUES (113, 162);
INSERT INTO CommunicationRecipients (Communication, Member) VALUES (113, 147);
INSERT INTO CommunicationRecipients (Communication, Member) VALUES (113, 182);
INSERT INTO CommunicationRecipients (Communication, Member) VALUES (113, 106);
INSERT INTO CommunicationRecipients (Communication, Member) VALUES (113, 170);
INSERT INTO CommunicationRecipients (Communication, Member) VALUES (113, 169);
INSERT INTO CommunicationRecipients (Communication, Member) VALUES (113, 180);
INSERT INTO CommunicationRecipients (Communication, Member) VALUES (113, 140);
INSERT INTO CommunicationRecipients (Communication, Member) VALUES (113, 187);
INSERT INTO CommunicationRecipients (Communication, Member) VALUES (113, 194);
INSERT INTO CommunicationRecipients (Communication, Member) VALUES (113, 198);
INSERT INTO CommunicationRecipients (Communication, Member) VALUES (113, 183);
INSERT INTO CommunicationRecipients (Communication, Member) VALUES (113, 148);
INSERT INTO CommunicationRecipients (Communication, Member) VALUES (113, 130);
INSERT INTO CommunicationRecipients (Communication, Member) VALUES (113, 160);
INSERT INTO CommunicationRecipients (Communication, Member) VALUES (113, 125);
INSERT INTO CommunicationRecipients (Communication, Member) VALUES (113, 155);
INSERT INTO CommunicationRecipients (Communication, Member) VALUES (113, 188);
INSERT INTO CommunicationRecipients (Communication, Member) VALUES (113, 152);
INSERT INTO CommunicationRecipients (Communication, Member) VALUES (113, 186);
INSERT INTO CommunicationRecipients (Communication, Member) VALUES (113, 177);
INSERT INTO CommunicationRecipients (Communication, Member) VALUES (113, 142);
INSERT INTO CommunicationRecipients (Communication, Member) VALUES (113, 176);
INSERT INTO CommunicationRecipients (Communication, Member) VALUES (113, 113);
INSERT INTO CommunicationRecipients (Communication, Member) VALUES (113, 178);
INSERT INTO CommunicationRecipients (Communication, Member) VALUES (113, 189);
INSERT INTO CommunicationRecipients (Communication, Member) VALUES (113, 126);
INSERT INTO CommunicationRecipients (Communication, Member) VALUES (113, 144);
INSERT INTO CommunicationRecipients (Communication, Member) VALUES (113, 145);
INSERT INTO Communication (ID, Subject, Content, DateSent) VALUES (114, 'Club Social Event', 'Treatment price beyond development hold. Wear now low ability.
Skin son road. Fund kitchen note old factor available least ball.
Mouth similar carry once spend ten. Sing fire every career listen likely cup. Build prepare service machine author. Center herself money world key.', '2025-08-12 23:16:08');
INSERT INTO CommunicationRecipients (Communication, Member) VALUES (114, 116);
INSERT INTO CommunicationRecipients (Communication, Member) VALUES (114, 132);
INSERT INTO CommunicationRecipients (Communication, Member) VALUES (114, 180);
INSERT INTO CommunicationRecipients (Communication, Member) VALUES (114, 172);
INSERT INTO CommunicationRecipients (Communication, Member) VALUES (114, 128);
INSERT INTO CommunicationRecipients (Communication, Member) VALUES (114, 189);
INSERT INTO CommunicationRecipients (Communication, Member) VALUES (114, 126);
INSERT INTO CommunicationRecipients (Communication, Member) VALUES (114, 199);
INSERT INTO CommunicationRecipients (Communication, Member) VALUES (114, 135);
INSERT INTO CommunicationRecipients (Communication, Member) VALUES (114, 107);
INSERT INTO CommunicationRecipients (Communication, Member) VALUES (114, 197);
INSERT INTO CommunicationRecipients (Communication, Member) VALUES (114, 171);
INSERT INTO CommunicationRecipients (Communication, Member) VALUES (114, 174);
INSERT INTO CommunicationRecipients (Communication, Member) VALUES (114, 154);
INSERT INTO CommunicationRecipients (Communication, Member) VALUES (114, 121);
INSERT INTO CommunicationRecipients (Communication, Member) VALUES (114, 152);
INSERT INTO CommunicationRecipients (Communication, Member) VALUES (114, 133);
INSERT INTO CommunicationRecipients (Communication, Member) VALUES (114, 142);
INSERT INTO CommunicationRecipients (Communication, Member) VALUES (114, 143);
INSERT INTO CommunicationRecipients (Communication, Member) VALUES (114, 144);
INSERT INTO CommunicationRecipients (Communication, Member) VALUES (114, 122);
INSERT INTO CommunicationRecipients (Communication, Member) VALUES (114, 103);
INSERT INTO CommunicationRecipients (Communication, Member) VALUES (114, 106);
INSERT INTO CommunicationRecipients (Communication, Member) VALUES (114, 123);
INSERT INTO CommunicationRecipients (Communication, Member) VALUES (114, 101);
INSERT INTO CommunicationRecipients (Communication, Member) VALUES (114, 168);
INSERT INTO CommunicationRecipients (Communication, Member) VALUES (114, 198);
INSERT INTO CommunicationRecipients (Communication, Member) VALUES (114, 169);
INSERT INTO CommunicationRecipients (Communication, Member) VALUES (114, 160);
INSERT INTO CommunicationRecipients (Communication, Member) VALUES (114, 164);
INSERT INTO Communication (ID, Subject, Content, DateSent) VALUES (115, 'Officer Election Results', 'Trouble person matter dinner budget east place. Let behavior four kind toward near.
Manager his should. Head window produce oil represent local between.
Rate admit modern assume change win stock. Leg research we peace. Hundred six now station present model full.', '2025-08-12 23:11:35');
INSERT INTO CommunicationRecipients (Communication, Member) VALUES (115, 150);
INSERT INTO CommunicationRecipients (Communication, Member) VALUES (115, 176);
INSERT INTO CommunicationRecipients (Communication, Member) VALUES (115, 190);
INSERT INTO CommunicationRecipients (Communication, Member) VALUES (115, 115);
INSERT INTO CommunicationRecipients (Communication, Member) VALUES (115, 155);
INSERT INTO CommunicationRecipients (Communication, Member) VALUES (115, 126);
INSERT INTO CommunicationRecipients (Communication, Member) VALUES (115, 106);
INSERT INTO CommunicationRecipients (Communication, Member) VALUES (115, 178);
INSERT INTO CommunicationRecipients (Communication, Member) VALUES (115, 123);
INSERT INTO CommunicationRecipients (Communication, Member) VALUES (115, 197);
INSERT INTO CommunicationRecipients (Communication, Member) VALUES (115, 125);
INSERT INTO CommunicationRecipients (Communication, Member) VALUES (115, 194);
INSERT INTO CommunicationRecipients (Communication, Member) VALUES (115, 171);
INSERT INTO CommunicationRecipients (Communication, Member) VALUES (115, 110);
INSERT INTO CommunicationRecipients (Communication, Member) VALUES (115, 127);
INSERT INTO CommunicationRecipients (Communication, Member) VALUES (115, 166);
INSERT INTO CommunicationRecipients (Communication, Member) VALUES (115, 147);
INSERT INTO CommunicationRecipients (Communication, Member) VALUES (115, 172);
INSERT INTO CommunicationRecipients (Communication, Member) VALUES (115, 187);
INSERT INTO CommunicationRecipients (Communication, Member) VALUES (115, 183);
INSERT INTO CommunicationRecipients (Communication, Member) VALUES (115, 116);
INSERT INTO CommunicationRecipients (Communication, Member) VALUES (115, 160);
INSERT INTO CommunicationRecipients (Communication, Member) VALUES (115, 170);
INSERT INTO CommunicationRecipients (Communication, Member) VALUES (115, 195);
INSERT INTO CommunicationRecipients (Communication, Member) VALUES (115, 185);
INSERT INTO CommunicationRecipients (Communication, Member) VALUES (115, 134);
INSERT INTO CommunicationRecipients (Communication, Member) VALUES (115, 146);
INSERT INTO CommunicationRecipients (Communication, Member) VALUES (115, 141);
INSERT INTO CommunicationRecipients (Communication, Member) VALUES (115, 132);
INSERT INTO CommunicationRecipients (Communication, Member) VALUES (115, 174);
INSERT INTO CommunicationRecipients (Communication, Member) VALUES (115, 114);
INSERT INTO CommunicationRecipients (Communication, Member) VALUES (115, 103);
INSERT INTO CommunicationRecipients (Communication, Member) VALUES (115, 140);
INSERT INTO CommunicationRecipients (Communication, Member) VALUES (115, 167);
INSERT INTO CommunicationRecipients (Communication, Member) VALUES (115, 189);
INSERT INTO CommunicationRecipients (Communication, Member) VALUES (115, 101);
INSERT INTO CommunicationRecipients (Communication, Member) VALUES (115, 139);
INSERT INTO CommunicationRecipients (Communication, Member) VALUES (115, 182);
INSERT INTO CommunicationRecipients (Communication, Member) VALUES (115, 158);
INSERT INTO CommunicationRecipients (Communication, Member) VALUES (115, 105);
INSERT INTO CommunicationRecipients (Communication, Member) VALUES (115, 157);
INSERT INTO CommunicationRecipients (Communication, Member) VALUES (115, 151);
INSERT INTO CommunicationRecipients (Communication, Member) VALUES (115, 104);
INSERT INTO CommunicationRecipients (Communication, Member) VALUES (115, 149);
INSERT INTO CommunicationRecipients (Communication, Member) VALUES (115, 143);
INSERT INTO CommunicationRecipients (Communication, Member) VALUES (115, 112);
INSERT INTO CommunicationRecipients (Communication, Member) VALUES (115, 120);
INSERT INTO CommunicationRecipients (Communication, Member) VALUES (115, 128);
INSERT INTO CommunicationRecipients (Communication, Member) VALUES (115, 198);
INSERT INTO CommunicationRecipients (Communication, Member) VALUES (115, 161);
INSERT INTO CommunicationRecipients (Communication, Member) VALUES (115, 188);
INSERT INTO CommunicationRecipients (Communication, Member) VALUES (115, 168);
INSERT INTO CommunicationRecipients (Communication, Member) VALUES (115, 184);
INSERT INTO CommunicationRecipients (Communication, Member) VALUES (115, 163);
INSERT INTO CommunicationRecipients (Communication, Member) VALUES (115, 164);
INSERT INTO CommunicationRecipients (Communication, Member) VALUES (115, 102);
INSERT INTO CommunicationRecipients (Communication, Member) VALUES (115, 131);
INSERT INTO CommunicationRecipients (Communication, Member) VALUES (115, 159);
INSERT INTO CommunicationRecipients (Communication, Member) VALUES (115, 136);
INSERT INTO CommunicationRecipients (Communication, Member) VALUES (115, 191);
INSERT INTO CommunicationRecipients (Communication, Member) VALUES (115, 135);
INSERT INTO CommunicationRecipients (Communication, Member) VALUES (115, 137);
INSERT INTO CommunicationRecipients (Communication, Member) VALUES (115, 153);
INSERT INTO CommunicationRecipients (Communication, Member) VALUES (115, 152);
INSERT INTO CommunicationRecipients (Communication, Member) VALUES (115, 118);
INSERT INTO CommunicationRecipients (Communication, Member) VALUES (115, 122);
INSERT INTO CommunicationRecipients (Communication, Member) VALUES (115, 145);
INSERT INTO CommunicationRecipients (Communication, Member) VALUES (115, 107);
INSERT INTO CommunicationRecipients (Communication, Member) VALUES (115, 117);
INSERT INTO CommunicationRecipients (Communication, Member) VALUES (115, 142);
INSERT INTO CommunicationRecipients (Communication, Member) VALUES (115, 119);
INSERT INTO CommunicationRecipients (Communication, Member) VALUES (115, 180);
INSERT INTO CommunicationRecipients (Communication, Member) VALUES (115, 162);
INSERT INTO CommunicationRecipients (Communication, Member) VALUES (115, 121);
INSERT INTO CommunicationRecipients (Communication, Member) VALUES (115, 192);
INSERT INTO CommunicationRecipients (Communication, Member) VALUES (115, 144);
INSERT INTO CommunicationRecipients (Communication, Member) VALUES (115, 108);
INSERT INTO CommunicationRecipients (Communication, Member) VALUES (115, 179);
INSERT INTO CommunicationRecipients (Communication, Member) VALUES (115, 124);
INSERT INTO CommunicationRecipients (Communication, Member) VALUES (115, 130);
INSERT INTO CommunicationRecipients (Communication, Member) VALUES (115, 109);
INSERT INTO CommunicationRecipients (Communication, Member) VALUES (115, 156);
INSERT INTO CommunicationRecipients (Communication, Member) VALUES (115, 133);
INSERT INTO CommunicationRecipients (Communication, Member) VALUES (115, 181);
INSERT INTO CommunicationRecipients (Communication, Member) VALUES (115, 186);
INSERT INTO CommunicationRecipients (Communication, Member) VALUES (115, 196);
INSERT INTO CommunicationRecipients (Communication, Member) VALUES (115, 138);
INSERT INTO CommunicationRecipients (Communication, Member) VALUES (115, 193);
INSERT INTO CommunicationRecipients (Communication, Member) VALUES (115, 154);
INSERT INTO CommunicationRecipients (Communication, Member) VALUES (115, 169);
INSERT INTO CommunicationRecipients (Communication, Member) VALUES (115, 113);
INSERT INTO CommunicationRecipients (Communication, Member) VALUES (115, 199);
INSERT INTO CommunicationRecipients (Communication, Member) VALUES (115, 177);
INSERT INTO CommunicationRecipients (Communication, Member) VALUES (115, 100);
INSERT INTO CommunicationRecipients (Communication, Member) VALUES (115, 148);
INSERT INTO CommunicationRecipients (Communication, Member) VALUES (115, 129);
INSERT INTO CommunicationRecipients (Communication, Member) VALUES (115, 173);
INSERT INTO CommunicationRecipients (Communication, Member) VALUES (115, 175);
INSERT INTO CommunicationRecipients (Communication, Member) VALUES (115, 165);
INSERT INTO CommunicationRecipients (Communication, Member) VALUES (115, 111);
INSERT INTO Communication (ID, Subject, Content, DateSent) VALUES (116, 'Photo Contest Winners', 'Add yard film system time expect happen. From already any just shake opportunity professional. Record not own by buy loss anything give.', '2025-08-12 23:17:07');
INSERT INTO CommunicationRecipients (Communication, Member) VALUES (116, 193);
INSERT INTO CommunicationRecipients (Communication, Member) VALUES (116, 160);
INSERT INTO CommunicationRecipients (Communication, Member) VALUES (116, 115);
INSERT INTO CommunicationRecipients (Communication, Member) VALUES (116, 140);
INSERT INTO CommunicationRecipients (Communication, Member) VALUES (116, 165);
INSERT INTO CommunicationRecipients (Communication, Member) VALUES (116, 139);
INSERT INTO CommunicationRecipients (Communication, Member) VALUES (116, 148);
INSERT INTO CommunicationRecipients (Communication, Member) VALUES (116, 122);
INSERT INTO CommunicationRecipients (Communication, Member) VALUES (116, 126);
INSERT INTO CommunicationRecipients (Communication, Member) VALUES (116, 154);
INSERT INTO CommunicationRecipients (Communication, Member) VALUES (116, 144);
INSERT INTO CommunicationRecipients (Communication, Member) VALUES (116, 195);
INSERT INTO CommunicationRecipients (Communication, Member) VALUES (116, 186);
INSERT INTO CommunicationRecipients (Communication, Member) VALUES (116, 113);
INSERT INTO CommunicationRecipients (Communication, Member) VALUES (116, 153);
INSERT INTO CommunicationRecipients (Communication, Member) VALUES (116, 134);
INSERT INTO CommunicationRecipients (Communication, Member) VALUES (116, 190);
INSERT INTO CommunicationRecipients (Communication, Member) VALUES (116, 149);
INSERT INTO CommunicationRecipients (Communication, Member) VALUES (116, 177);
INSERT INTO CommunicationRecipients (Communication, Member) VALUES (116, 176);
INSERT INTO CommunicationRecipients (Communication, Member) VALUES (116, 132);
INSERT INTO CommunicationRecipients (Communication, Member) VALUES (116, 103);
INSERT INTO CommunicationRecipients (Communication, Member) VALUES (116, 164);
INSERT INTO CommunicationRecipients (Communication, Member) VALUES (116, 181);
INSERT INTO CommunicationRecipients (Communication, Member) VALUES (116, 118);
INSERT INTO CommunicationRecipients (Communication, Member) VALUES (116, 133);
INSERT INTO CommunicationRecipients (Communication, Member) VALUES (116, 131);
INSERT INTO CommunicationRecipients (Communication, Member) VALUES (116, 128);
INSERT INTO CommunicationRecipients (Communication, Member) VALUES (116, 151);
INSERT INTO CommunicationRecipients (Communication, Member) VALUES (116, 174);
INSERT INTO CommunicationRecipients (Communication, Member) VALUES (116, 166);
INSERT INTO CommunicationRecipients (Communication, Member) VALUES (116, 192);
INSERT INTO CommunicationRecipients (Communication, Member) VALUES (116, 184);
INSERT INTO CommunicationRecipients (Communication, Member) VALUES (116, 173);
INSERT INTO CommunicationRecipients (Communication, Member) VALUES (116, 129);
INSERT INTO CommunicationRecipients (Communication, Member) VALUES (116, 158);
INSERT INTO CommunicationRecipients (Communication, Member) VALUES (116, 137);
INSERT INTO CommunicationRecipients (Communication, Member) VALUES (116, 135);
INSERT INTO CommunicationRecipients (Communication, Member) VALUES (116, 110);
INSERT INTO CommunicationRecipients (Communication, Member) VALUES (116, 180);
INSERT INTO CommunicationRecipients (Communication, Member) VALUES (116, 159);
INSERT INTO CommunicationRecipients (Communication, Member) VALUES (116, 167);
INSERT INTO CommunicationRecipients (Communication, Member) VALUES (116, 170);
INSERT INTO CommunicationRecipients (Communication, Member) VALUES (116, 114);
INSERT INTO CommunicationRecipients (Communication, Member) VALUES (116, 143);
INSERT INTO CommunicationRecipients (Communication, Member) VALUES (116, 107);
INSERT INTO CommunicationRecipients (Communication, Member) VALUES (116, 182);
INSERT INTO CommunicationRecipients (Communication, Member) VALUES (116, 147);
INSERT INTO CommunicationRecipients (Communication, Member) VALUES (116, 125);
INSERT INTO CommunicationRecipients (Communication, Member) VALUES (116, 130);
INSERT INTO CommunicationRecipients (Communication, Member) VALUES (116, 197);
INSERT INTO CommunicationRecipients (Communication, Member) VALUES (116, 156);
INSERT INTO CommunicationRecipients (Communication, Member) VALUES (116, 198);
INSERT INTO CommunicationRecipients (Communication, Member) VALUES (116, 155);
INSERT INTO CommunicationRecipients (Communication, Member) VALUES (116, 169);
INSERT INTO CommunicationRecipients (Communication, Member) VALUES (116, 171);
INSERT INTO Communication (ID, Subject, Content, DateSent) VALUES (117, 'Volunteer Opportunity', 'Door billion method change pass still. Per nor entire much soon on.
Back thousand get military health. Power car field behavior she these almost.
See believe long walk American plan south school. Yourself similar say article goal.', '2025-08-12 23:14:18');
INSERT INTO CommunicationRecipients (Communication, Member) VALUES (117, 104);
INSERT INTO CommunicationRecipients (Communication, Member) VALUES (117, 143);
INSERT INTO CommunicationRecipients (Communication, Member) VALUES (117, 190);
INSERT INTO CommunicationRecipients (Communication, Member) VALUES (117, 156);
INSERT INTO CommunicationRecipients (Communication, Member) VALUES (117, 166);
INSERT INTO CommunicationRecipients (Communication, Member) VALUES (117, 144);
INSERT INTO CommunicationRecipients (Communication, Member) VALUES (117, 118);
INSERT INTO CommunicationRecipients (Communication, Member) VALUES (117, 163);
INSERT INTO CommunicationRecipients (Communication, Member) VALUES (117, 178);
INSERT INTO CommunicationRecipients (Communication, Member) VALUES (117, 191);
INSERT INTO CommunicationRecipients (Communication, Member) VALUES (117, 193);
INSERT INTO CommunicationRecipients (Communication, Member) VALUES (117, 184);
INSERT INTO CommunicationRecipients (Communication, Member) VALUES (117, 116);
INSERT INTO CommunicationRecipients (Communication, Member) VALUES (117, 183);
INSERT INTO CommunicationRecipients (Communication, Member) VALUES (117, 175);
INSERT INTO CommunicationRecipients (Communication, Member) VALUES (117, 199);
INSERT INTO CommunicationRecipients (Communication, Member) VALUES (117, 198);
INSERT INTO CommunicationRecipients (Communication, Member) VALUES (117, 128);
INSERT INTO CommunicationRecipients (Communication, Member) VALUES (117, 131);
INSERT INTO CommunicationRecipients (Communication, Member) VALUES (117, 139);
INSERT INTO CommunicationRecipients (Communication, Member) VALUES (117, 113);
INSERT INTO CommunicationRecipients (Communication, Member) VALUES (117, 136);
INSERT INTO CommunicationRecipients (Communication, Member) VALUES (117, 164);
INSERT INTO CommunicationRecipients (Communication, Member) VALUES (117, 170);
INSERT INTO CommunicationRecipients (Communication, Member) VALUES (117, 153);
INSERT INTO CommunicationRecipients (Communication, Member) VALUES (117, 187);
INSERT INTO CommunicationRecipients (Communication, Member) VALUES (117, 152);
INSERT INTO CommunicationRecipients (Communication, Member) VALUES (117, 165);
INSERT INTO CommunicationRecipients (Communication, Member) VALUES (117, 149);
INSERT INTO CommunicationRecipients (Communication, Member) VALUES (117, 172);
INSERT INTO CommunicationRecipients (Communication, Member) VALUES (117, 177);
INSERT INTO CommunicationRecipients (Communication, Member) VALUES (117, 167);
INSERT INTO CommunicationRecipients (Communication, Member) VALUES (117, 189);
INSERT INTO CommunicationRecipients (Communication, Member) VALUES (117, 155);
INSERT INTO CommunicationRecipients (Communication, Member) VALUES (117, 100);
INSERT INTO CommunicationRecipients (Communication, Member) VALUES (117, 195);
INSERT INTO CommunicationRecipients (Communication, Member) VALUES (117, 103);
INSERT INTO CommunicationRecipients (Communication, Member) VALUES (117, 171);
INSERT INTO CommunicationRecipients (Communication, Member) VALUES (117, 133);
INSERT INTO CommunicationRecipients (Communication, Member) VALUES (117, 108);
INSERT INTO CommunicationRecipients (Communication, Member) VALUES (117, 174);
INSERT INTO CommunicationRecipients (Communication, Member) VALUES (117, 197);
INSERT INTO CommunicationRecipients (Communication, Member) VALUES (117, 137);
INSERT INTO CommunicationRecipients (Communication, Member) VALUES (117, 126);
INSERT INTO CommunicationRecipients (Communication, Member) VALUES (117, 130);
INSERT INTO CommunicationRecipients (Communication, Member) VALUES (117, 140);
INSERT INTO CommunicationRecipients (Communication, Member) VALUES (117, 138);
INSERT INTO CommunicationRecipients (Communication, Member) VALUES (117, 158);
INSERT INTO CommunicationRecipients (Communication, Member) VALUES (117, 111);
INSERT INTO CommunicationRecipients (Communication, Member) VALUES (117, 180);
INSERT INTO CommunicationRecipients (Communication, Member) VALUES (117, 106);
INSERT INTO CommunicationRecipients (Communication, Member) VALUES (117, 127);
INSERT INTO CommunicationRecipients (Communication, Member) VALUES (117, 186);
INSERT INTO CommunicationRecipients (Communication, Member) VALUES (117, 105);
INSERT INTO CommunicationRecipients (Communication, Member) VALUES (117, 129);
INSERT INTO CommunicationRecipients (Communication, Member) VALUES (117, 196);
INSERT INTO CommunicationRecipients (Communication, Member) VALUES (117, 102);
INSERT INTO CommunicationRecipients (Communication, Member) VALUES (117, 109);
INSERT INTO CommunicationRecipients (Communication, Member) VALUES (117, 162);
INSERT INTO CommunicationRecipients (Communication, Member) VALUES (117, 112);
INSERT INTO CommunicationRecipients (Communication, Member) VALUES (117, 181);
INSERT INTO CommunicationRecipients (Communication, Member) VALUES (117, 115);
INSERT INTO CommunicationRecipients (Communication, Member) VALUES (117, 124);
INSERT INTO CommunicationRecipients (Communication, Member) VALUES (117, 157);
INSERT INTO CommunicationRecipients (Communication, Member) VALUES (117, 168);
INSERT INTO CommunicationRecipients (Communication, Member) VALUES (117, 154);
INSERT INTO CommunicationRecipients (Communication, Member) VALUES (117, 176);
INSERT INTO CommunicationRecipients (Communication, Member) VALUES (117, 146);
INSERT INTO CommunicationRecipients (Communication, Member) VALUES (117, 117);
INSERT INTO CommunicationRecipients (Communication, Member) VALUES (117, 145);
INSERT INTO CommunicationRecipients (Communication, Member) VALUES (117, 159);
INSERT INTO CommunicationRecipients (Communication, Member) VALUES (117, 134);
INSERT INTO CommunicationRecipients (Communication, Member) VALUES (117, 173);
INSERT INTO CommunicationRecipients (Communication, Member) VALUES (117, 114);
INSERT INTO CommunicationRecipients (Communication, Member) VALUES (117, 151);
INSERT INTO CommunicationRecipients (Communication, Member) VALUES (117, 121);
INSERT INTO CommunicationRecipients (Communication, Member) VALUES (117, 182);
INSERT INTO CommunicationRecipients (Communication, Member) VALUES (117, 110);
INSERT INTO CommunicationRecipients (Communication, Member) VALUES (117, 147);
INSERT INTO CommunicationRecipients (Communication, Member) VALUES (117, 185);
INSERT INTO CommunicationRecipients (Communication, Member) VALUES (117, 150);
INSERT INTO CommunicationRecipients (Communication, Member) VALUES (117, 125);
INSERT INTO CommunicationRecipients (Communication, Member) VALUES (117, 179);
INSERT INTO CommunicationRecipients (Communication, Member) VALUES (117, 119);
INSERT INTO CommunicationRecipients (Communication, Member) VALUES (117, 148);
INSERT INTO CommunicationRecipients (Communication, Member) VALUES (117, 132);
INSERT INTO CommunicationRecipients (Communication, Member) VALUES (117, 122);
INSERT INTO Communication (ID, Subject, Content, DateSent) VALUES (118, 'Upcoming Trip Reminder', 'Glass but couple computer detail others blue. So that pass speech section.
Eight decision hospital choose air. Sister part once almost. Account require population system mention.
Opportunity present then what add focus affect. Give which current hair. When lose energy tough clear general.', '2025-08-12 23:14:03');
INSERT INTO CommunicationRecipients (Communication, Member) VALUES (118, 173);
INSERT INTO CommunicationRecipients (Communication, Member) VALUES (118, 139);
INSERT INTO CommunicationRecipients (Communication, Member) VALUES (118, 192);
INSERT INTO CommunicationRecipients (Communication, Member) VALUES (118, 128);
INSERT INTO CommunicationRecipients (Communication, Member) VALUES (118, 116);
INSERT INTO CommunicationRecipients (Communication, Member) VALUES (118, 165);
INSERT INTO CommunicationRecipients (Communication, Member) VALUES (118, 125);
INSERT INTO CommunicationRecipients (Communication, Member) VALUES (118, 130);
INSERT INTO CommunicationRecipients (Communication, Member) VALUES (118, 143);
INSERT INTO CommunicationRecipients (Communication, Member) VALUES (118, 188);
INSERT INTO CommunicationRecipients (Communication, Member) VALUES (118, 141);
INSERT INTO CommunicationRecipients (Communication, Member) VALUES (118, 177);
INSERT INTO CommunicationRecipients (Communication, Member) VALUES (118, 110);
INSERT INTO CommunicationRecipients (Communication, Member) VALUES (118, 175);
INSERT INTO CommunicationRecipients (Communication, Member) VALUES (118, 129);
INSERT INTO CommunicationRecipients (Communication, Member) VALUES (118, 198);
INSERT INTO CommunicationRecipients (Communication, Member) VALUES (118, 163);
INSERT INTO CommunicationRecipients (Communication, Member) VALUES (118, 142);
INSERT INTO CommunicationRecipients (Communication, Member) VALUES (118, 133);
INSERT INTO CommunicationRecipients (Communication, Member) VALUES (118, 196);
INSERT INTO CommunicationRecipients (Communication, Member) VALUES (118, 154);
INSERT INTO CommunicationRecipients (Communication, Member) VALUES (118, 167);
INSERT INTO CommunicationRecipients (Communication, Member) VALUES (118, 114);
INSERT INTO CommunicationRecipients (Communication, Member) VALUES (118, 146);
INSERT INTO CommunicationRecipients (Communication, Member) VALUES (118, 134);
INSERT INTO CommunicationRecipients (Communication, Member) VALUES (118, 195);
INSERT INTO CommunicationRecipients (Communication, Member) VALUES (118, 194);
INSERT INTO CommunicationRecipients (Communication, Member) VALUES (118, 156);
INSERT INTO CommunicationRecipients (Communication, Member) VALUES (118, 190);
INSERT INTO CommunicationRecipients (Communication, Member) VALUES (118, 162);
INSERT INTO CommunicationRecipients (Communication, Member) VALUES (118, 115);
INSERT INTO CommunicationRecipients (Communication, Member) VALUES (118, 160);
INSERT INTO CommunicationRecipients (Communication, Member) VALUES (118, 197);
INSERT INTO CommunicationRecipients (Communication, Member) VALUES (118, 153);
INSERT INTO CommunicationRecipients (Communication, Member) VALUES (118, 147);
INSERT INTO CommunicationRecipients (Communication, Member) VALUES (118, 185);
INSERT INTO CommunicationRecipients (Communication, Member) VALUES (118, 164);
INSERT INTO CommunicationRecipients (Communication, Member) VALUES (118, 193);
INSERT INTO CommunicationRecipients (Communication, Member) VALUES (118, 186);
INSERT INTO CommunicationRecipients (Communication, Member) VALUES (118, 145);
INSERT INTO CommunicationRecipients (Communication, Member) VALUES (118, 140);
INSERT INTO CommunicationRecipients (Communication, Member) VALUES (118, 126);
INSERT INTO CommunicationRecipients (Communication, Member) VALUES (118, 104);
INSERT INTO CommunicationRecipients (Communication, Member) VALUES (118, 187);
INSERT INTO CommunicationRecipients (Communication, Member) VALUES (118, 117);
INSERT INTO CommunicationRecipients (Communication, Member) VALUES (118, 138);
INSERT INTO CommunicationRecipients (Communication, Member) VALUES (118, 174);
INSERT INTO CommunicationRecipients (Communication, Member) VALUES (118, 135);
INSERT INTO CommunicationRecipients (Communication, Member) VALUES (118, 171);
INSERT INTO CommunicationRecipients (Communication, Member) VALUES (118, 123);
INSERT INTO CommunicationRecipients (Communication, Member) VALUES (118, 109);
INSERT INTO CommunicationRecipients (Communication, Member) VALUES (118, 168);
INSERT INTO CommunicationRecipients (Communication, Member) VALUES (118, 112);
INSERT INTO CommunicationRecipients (Communication, Member) VALUES (118, 137);
INSERT INTO CommunicationRecipients (Communication, Member) VALUES (118, 100);
INSERT INTO CommunicationRecipients (Communication, Member) VALUES (118, 179);
INSERT INTO CommunicationRecipients (Communication, Member) VALUES (118, 152);
INSERT INTO CommunicationRecipients (Communication, Member) VALUES (118, 103);
INSERT INTO CommunicationRecipients (Communication, Member) VALUES (118, 108);
INSERT INTO CommunicationRecipients (Communication, Member) VALUES (118, 184);
INSERT INTO CommunicationRecipients (Communication, Member) VALUES (118, 166);
INSERT INTO CommunicationRecipients (Communication, Member) VALUES (118, 155);
INSERT INTO CommunicationRecipients (Communication, Member) VALUES (118, 161);
INSERT INTO CommunicationRecipients (Communication, Member) VALUES (118, 118);
INSERT INTO CommunicationRecipients (Communication, Member) VALUES (118, 159);
INSERT INTO CommunicationRecipients (Communication, Member) VALUES (118, 136);
INSERT INTO CommunicationRecipients (Communication, Member) VALUES (118, 169);
INSERT INTO CommunicationRecipients (Communication, Member) VALUES (118, 132);
INSERT INTO CommunicationRecipients (Communication, Member) VALUES (118, 107);
INSERT INTO CommunicationRecipients (Communication, Member) VALUES (118, 149);
INSERT INTO CommunicationRecipients (Communication, Member) VALUES (118, 178);
INSERT INTO CommunicationRecipients (Communication, Member) VALUES (118, 127);
INSERT INTO CommunicationRecipients (Communication, Member) VALUES (118, 199);
INSERT INTO CommunicationRecipients (Communication, Member) VALUES (118, 181);
INSERT INTO CommunicationRecipients (Communication, Member) VALUES (118, 148);
INSERT INTO CommunicationRecipients (Communication, Member) VALUES (118, 120);
INSERT INTO CommunicationRecipients (Communication, Member) VALUES (118, 183);
INSERT INTO CommunicationRecipients (Communication, Member) VALUES (118, 101);
INSERT INTO CommunicationRecipients (Communication, Member) VALUES (118, 131);
INSERT INTO CommunicationRecipients (Communication, Member) VALUES (118, 122);
INSERT INTO CommunicationRecipients (Communication, Member) VALUES (118, 124);
INSERT INTO Communication (ID, Subject, Content, DateSent) VALUES (119, 'Upcoming Trip Reminder', 'Spring federal amount similar. Reveal short easy worker note radio prevent. Glass consider six issue.
Protect bring language. Style friend son live friend. Account keep room raise truth book Democrat.', '2025-08-12 23:13:51');
INSERT INTO CommunicationRecipients (Communication, Member) VALUES (119, 157);
INSERT INTO CommunicationRecipients (Communication, Member) VALUES (119, 167);
INSERT INTO CommunicationRecipients (Communication, Member) VALUES (119, 140);
INSERT INTO CommunicationRecipients (Communication, Member) VALUES (119, 174);
INSERT INTO CommunicationRecipients (Communication, Member) VALUES (119, 190);
INSERT INTO CommunicationRecipients (Communication, Member) VALUES (119, 126);
INSERT INTO CommunicationRecipients (Communication, Member) VALUES (119, 122);
INSERT INTO CommunicationRecipients (Communication, Member) VALUES (119, 131);
INSERT INTO CommunicationRecipients (Communication, Member) VALUES (119, 197);
INSERT INTO CommunicationRecipients (Communication, Member) VALUES (119, 159);
INSERT INTO CommunicationRecipients (Communication, Member) VALUES (119, 172);
INSERT INTO CommunicationRecipients (Communication, Member) VALUES (119, 142);
INSERT INTO CommunicationRecipients (Communication, Member) VALUES (119, 176);
INSERT INTO CommunicationRecipients (Communication, Member) VALUES (119, 129);
INSERT INTO CommunicationRecipients (Communication, Member) VALUES (119, 171);
INSERT INTO CommunicationRecipients (Communication, Member) VALUES (119, 161);
INSERT INTO CommunicationRecipients (Communication, Member) VALUES (119, 177);
INSERT INTO Communication (ID, Subject, Content, DateSent) VALUES (120, 'Training Workshop Available', 'Increase stop environmental share significant receive. Buy present expert more case opportunity movement day.
Research mention determine. Summer how pass surface. Place everyone heavy tend.
Cold game quite per marriage. Total firm describe as current her public manage.', '2025-08-12 23:13:27');
INSERT INTO CommunicationRecipients (Communication, Member) VALUES (120, 176);
INSERT INTO CommunicationRecipients (Communication, Member) VALUES (120, 157);
INSERT INTO CommunicationRecipients (Communication, Member) VALUES (120, 186);
INSERT INTO CommunicationRecipients (Communication, Member) VALUES (120, 154);
INSERT INTO CommunicationRecipients (Communication, Member) VALUES (120, 177);
INSERT INTO CommunicationRecipients (Communication, Member) VALUES (120, 152);
INSERT INTO CommunicationRecipients (Communication, Member) VALUES (120, 123);
INSERT INTO CommunicationRecipients (Communication, Member) VALUES (120, 181);
INSERT INTO CommunicationRecipients (Communication, Member) VALUES (120, 119);
INSERT INTO CommunicationRecipients (Communication, Member) VALUES (120, 135);
INSERT INTO CommunicationRecipients (Communication, Member) VALUES (120, 195);
INSERT INTO CommunicationRecipients (Communication, Member) VALUES (120, 117);
INSERT INTO CommunicationRecipients (Communication, Member) VALUES (120, 197);
INSERT INTO CommunicationRecipients (Communication, Member) VALUES (120, 166);
INSERT INTO CommunicationRecipients (Communication, Member) VALUES (120, 137);
INSERT INTO CommunicationRecipients (Communication, Member) VALUES (120, 168);
INSERT INTO CommunicationRecipients (Communication, Member) VALUES (120, 167);
INSERT INTO CommunicationRecipients (Communication, Member) VALUES (120, 169);
INSERT INTO CommunicationRecipients (Communication, Member) VALUES (120, 159);
INSERT INTO CommunicationRecipients (Communication, Member) VALUES (120, 121);
INSERT INTO CommunicationRecipients (Communication, Member) VALUES (120, 139);
INSERT INTO CommunicationRecipients (Communication, Member) VALUES (120, 198);
INSERT INTO CommunicationRecipients (Communication, Member) VALUES (120, 126);
INSERT INTO CommunicationRecipients (Communication, Member) VALUES (120, 179);
INSERT INTO CommunicationRecipients (Communication, Member) VALUES (120, 106);
INSERT INTO CommunicationRecipients (Communication, Member) VALUES (120, 113);
INSERT INTO CommunicationRecipients (Communication, Member) VALUES (120, 127);
INSERT INTO CommunicationRecipients (Communication, Member) VALUES (120, 118);
INSERT INTO CommunicationRecipients (Communication, Member) VALUES (120, 105);
INSERT INTO CommunicationRecipients (Communication, Member) VALUES (120, 132);
INSERT INTO CommunicationRecipients (Communication, Member) VALUES (120, 171);
INSERT INTO CommunicationRecipients (Communication, Member) VALUES (120, 145);
INSERT INTO CommunicationRecipients (Communication, Member) VALUES (120, 192);
INSERT INTO CommunicationRecipients (Communication, Member) VALUES (120, 194);
INSERT INTO Communication (ID, Subject, Content, DateSent) VALUES (121, 'Officer Election Results', 'Up term support more financial. Amount him lawyer miss.
Technology million speak look. Choose family individual into only although other. Protect attention pick everyone. Fine wear series approach country Congress unit.', '2025-08-12 23:12:52');
INSERT INTO CommunicationRecipients (Communication, Member) VALUES (121, 155);
INSERT INTO CommunicationRecipients (Communication, Member) VALUES (121, 164);
INSERT INTO CommunicationRecipients (Communication, Member) VALUES (121, 197);
INSERT INTO CommunicationRecipients (Communication, Member) VALUES (121, 107);
INSERT INTO CommunicationRecipients (Communication, Member) VALUES (121, 118);
INSERT INTO CommunicationRecipients (Communication, Member) VALUES (121, 172);
INSERT INTO CommunicationRecipients (Communication, Member) VALUES (121, 195);
INSERT INTO CommunicationRecipients (Communication, Member) VALUES (121, 115);
INSERT INTO CommunicationRecipients (Communication, Member) VALUES (121, 185);
INSERT INTO CommunicationRecipients (Communication, Member) VALUES (121, 165);
INSERT INTO CommunicationRecipients (Communication, Member) VALUES (121, 174);
INSERT INTO CommunicationRecipients (Communication, Member) VALUES (121, 142);
INSERT INTO CommunicationRecipients (Communication, Member) VALUES (121, 188);
INSERT INTO CommunicationRecipients (Communication, Member) VALUES (121, 144);
INSERT INTO CommunicationRecipients (Communication, Member) VALUES (121, 152);
INSERT INTO CommunicationRecipients (Communication, Member) VALUES (121, 154);
INSERT INTO CommunicationRecipients (Communication, Member) VALUES (121, 163);
INSERT INTO CommunicationRecipients (Communication, Member) VALUES (121, 104);
INSERT INTO CommunicationRecipients (Communication, Member) VALUES (121, 189);
INSERT INTO CommunicationRecipients (Communication, Member) VALUES (121, 180);
INSERT INTO CommunicationRecipients (Communication, Member) VALUES (121, 169);
INSERT INTO CommunicationRecipients (Communication, Member) VALUES (121, 187);
INSERT INTO CommunicationRecipients (Communication, Member) VALUES (121, 150);
INSERT INTO CommunicationRecipients (Communication, Member) VALUES (121, 161);
INSERT INTO CommunicationRecipients (Communication, Member) VALUES (121, 100);
INSERT INTO CommunicationRecipients (Communication, Member) VALUES (121, 108);
INSERT INTO CommunicationRecipients (Communication, Member) VALUES (121, 111);
INSERT INTO CommunicationRecipients (Communication, Member) VALUES (121, 114);
INSERT INTO CommunicationRecipients (Communication, Member) VALUES (121, 147);
INSERT INTO CommunicationRecipients (Communication, Member) VALUES (121, 145);
INSERT INTO CommunicationRecipients (Communication, Member) VALUES (121, 153);
INSERT INTO CommunicationRecipients (Communication, Member) VALUES (121, 120);
INSERT INTO CommunicationRecipients (Communication, Member) VALUES (121, 138);
INSERT INTO CommunicationRecipients (Communication, Member) VALUES (121, 105);
INSERT INTO CommunicationRecipients (Communication, Member) VALUES (121, 109);
INSERT INTO CommunicationRecipients (Communication, Member) VALUES (121, 148);
INSERT INTO CommunicationRecipients (Communication, Member) VALUES (121, 136);
INSERT INTO CommunicationRecipients (Communication, Member) VALUES (121, 149);
INSERT INTO CommunicationRecipients (Communication, Member) VALUES (121, 186);
INSERT INTO CommunicationRecipients (Communication, Member) VALUES (121, 196);
INSERT INTO CommunicationRecipients (Communication, Member) VALUES (121, 116);
INSERT INTO CommunicationRecipients (Communication, Member) VALUES (121, 193);
INSERT INTO CommunicationRecipients (Communication, Member) VALUES (121, 198);
INSERT INTO CommunicationRecipients (Communication, Member) VALUES (121, 135);
INSERT INTO CommunicationRecipients (Communication, Member) VALUES (121, 132);
INSERT INTO CommunicationRecipients (Communication, Member) VALUES (121, 176);
INSERT INTO CommunicationRecipients (Communication, Member) VALUES (121, 113);
INSERT INTO CommunicationRecipients (Communication, Member) VALUES (121, 139);
INSERT INTO CommunicationRecipients (Communication, Member) VALUES (121, 133);
INSERT INTO Communication (ID, Subject, Content, DateSent) VALUES (122, 'Safety Reminder: Winter Conditions', 'Black build to all expert interesting. The term green which.
Accept full reveal toward nearly throughout threat until. Treat son interesting more similar wind lose represent. Message life agreement part coach.
Education enter glass west right water medical.', '2025-08-12 23:13:30');
INSERT INTO CommunicationRecipients (Communication, Member) VALUES (122, 137);
INSERT INTO CommunicationRecipients (Communication, Member) VALUES (122, 158);
INSERT INTO CommunicationRecipients (Communication, Member) VALUES (122, 168);
INSERT INTO CommunicationRecipients (Communication, Member) VALUES (122, 107);
INSERT INTO CommunicationRecipients (Communication, Member) VALUES (122, 142);
INSERT INTO CommunicationRecipients (Communication, Member) VALUES (122, 136);
INSERT INTO CommunicationRecipients (Communication, Member) VALUES (122, 139);
INSERT INTO CommunicationRecipients (Communication, Member) VALUES (122, 172);
INSERT INTO CommunicationRecipients (Communication, Member) VALUES (122, 148);
INSERT INTO CommunicationRecipients (Communication, Member) VALUES (122, 117);
INSERT INTO CommunicationRecipients (Communication, Member) VALUES (122, 127);
INSERT INTO CommunicationRecipients (Communication, Member) VALUES (122, 113);
INSERT INTO CommunicationRecipients (Communication, Member) VALUES (122, 150);
INSERT INTO CommunicationRecipients (Communication, Member) VALUES (122, 179);
INSERT INTO CommunicationRecipients (Communication, Member) VALUES (122, 100);
INSERT INTO CommunicationRecipients (Communication, Member) VALUES (122, 165);
INSERT INTO CommunicationRecipients (Communication, Member) VALUES (122, 104);
INSERT INTO CommunicationRecipients (Communication, Member) VALUES (122, 149);
INSERT INTO CommunicationRecipients (Communication, Member) VALUES (122, 144);
INSERT INTO CommunicationRecipients (Communication, Member) VALUES (122, 123);
INSERT INTO CommunicationRecipients (Communication, Member) VALUES (122, 111);
INSERT INTO CommunicationRecipients (Communication, Member) VALUES (122, 181);
INSERT INTO CommunicationRecipients (Communication, Member) VALUES (122, 194);
INSERT INTO CommunicationRecipients (Communication, Member) VALUES (122, 169);
INSERT INTO CommunicationRecipients (Communication, Member) VALUES (122, 110);
INSERT INTO CommunicationRecipients (Communication, Member) VALUES (122, 190);
INSERT INTO CommunicationRecipients (Communication, Member) VALUES (122, 133);
INSERT INTO CommunicationRecipients (Communication, Member) VALUES (122, 183);
INSERT INTO CommunicationRecipients (Communication, Member) VALUES (122, 166);
INSERT INTO CommunicationRecipients (Communication, Member) VALUES (122, 197);
INSERT INTO CommunicationRecipients (Communication, Member) VALUES (122, 198);
INSERT INTO CommunicationRecipients (Communication, Member) VALUES (122, 159);
INSERT INTO CommunicationRecipients (Communication, Member) VALUES (122, 118);
INSERT INTO CommunicationRecipients (Communication, Member) VALUES (122, 129);
INSERT INTO CommunicationRecipients (Communication, Member) VALUES (122, 196);
INSERT INTO CommunicationRecipients (Communication, Member) VALUES (122, 120);
INSERT INTO CommunicationRecipients (Communication, Member) VALUES (122, 124);
INSERT INTO CommunicationRecipients (Communication, Member) VALUES (122, 175);
INSERT INTO CommunicationRecipients (Communication, Member) VALUES (122, 191);
INSERT INTO CommunicationRecipients (Communication, Member) VALUES (122, 116);
INSERT INTO CommunicationRecipients (Communication, Member) VALUES (122, 128);
INSERT INTO CommunicationRecipients (Communication, Member) VALUES (122, 193);
INSERT INTO CommunicationRecipients (Communication, Member) VALUES (122, 195);
INSERT INTO CommunicationRecipients (Communication, Member) VALUES (122, 114);
INSERT INTO CommunicationRecipients (Communication, Member) VALUES (122, 171);
INSERT INTO CommunicationRecipients (Communication, Member) VALUES (122, 106);
INSERT INTO CommunicationRecipients (Communication, Member) VALUES (122, 186);
INSERT INTO CommunicationRecipients (Communication, Member) VALUES (122, 122);
INSERT INTO CommunicationRecipients (Communication, Member) VALUES (122, 187);
INSERT INTO CommunicationRecipients (Communication, Member) VALUES (122, 176);
INSERT INTO CommunicationRecipients (Communication, Member) VALUES (122, 170);
INSERT INTO CommunicationRecipients (Communication, Member) VALUES (122, 138);
INSERT INTO CommunicationRecipients (Communication, Member) VALUES (122, 188);
INSERT INTO CommunicationRecipients (Communication, Member) VALUES (122, 154);
INSERT INTO CommunicationRecipients (Communication, Member) VALUES (122, 105);
INSERT INTO CommunicationRecipients (Communication, Member) VALUES (122, 125);
INSERT INTO CommunicationRecipients (Communication, Member) VALUES (122, 157);
INSERT INTO CommunicationRecipients (Communication, Member) VALUES (122, 156);
INSERT INTO CommunicationRecipients (Communication, Member) VALUES (122, 177);
INSERT INTO CommunicationRecipients (Communication, Member) VALUES (122, 174);
INSERT INTO CommunicationRecipients (Communication, Member) VALUES (122, 130);
INSERT INTO CommunicationRecipients (Communication, Member) VALUES (122, 153);
INSERT INTO CommunicationRecipients (Communication, Member) VALUES (122, 146);
INSERT INTO CommunicationRecipients (Communication, Member) VALUES (122, 160);
INSERT INTO CommunicationRecipients (Communication, Member) VALUES (122, 185);
INSERT INTO CommunicationRecipients (Communication, Member) VALUES (122, 126);
INSERT INTO CommunicationRecipients (Communication, Member) VALUES (122, 145);
INSERT INTO CommunicationRecipients (Communication, Member) VALUES (122, 180);
INSERT INTO Communication (ID, Subject, Content, DateSent) VALUES (123, 'Photo Contest Winners', 'Movie prove approach. Someone time rich statement local pull.
Lead medical rich really thank. Nearly drive technology physical. Provide police ok say soldier.
Reveal walk team film. Chair edge something bad. Mission they guess job lose heart second without.', '2025-08-12 23:16:18');
INSERT INTO CommunicationRecipients (Communication, Member) VALUES (123, 184);
INSERT INTO CommunicationRecipients (Communication, Member) VALUES (123, 101);
INSERT INTO CommunicationRecipients (Communication, Member) VALUES (123, 177);
INSERT INTO CommunicationRecipients (Communication, Member) VALUES (123, 102);
INSERT INTO CommunicationRecipients (Communication, Member) VALUES (123, 150);
INSERT INTO CommunicationRecipients (Communication, Member) VALUES (123, 154);
INSERT INTO CommunicationRecipients (Communication, Member) VALUES (123, 195);
INSERT INTO CommunicationRecipients (Communication, Member) VALUES (123, 123);
INSERT INTO CommunicationRecipients (Communication, Member) VALUES (123, 163);
INSERT INTO CommunicationRecipients (Communication, Member) VALUES (123, 127);
INSERT INTO CommunicationRecipients (Communication, Member) VALUES (123, 199);
INSERT INTO CommunicationRecipients (Communication, Member) VALUES (123, 186);
INSERT INTO CommunicationRecipients (Communication, Member) VALUES (123, 128);
INSERT INTO CommunicationRecipients (Communication, Member) VALUES (123, 108);
INSERT INTO CommunicationRecipients (Communication, Member) VALUES (123, 131);
INSERT INTO CommunicationRecipients (Communication, Member) VALUES (123, 167);
INSERT INTO CommunicationRecipients (Communication, Member) VALUES (123, 180);
INSERT INTO CommunicationRecipients (Communication, Member) VALUES (123, 189);
INSERT INTO CommunicationRecipients (Communication, Member) VALUES (123, 169);
INSERT INTO CommunicationRecipients (Communication, Member) VALUES (123, 158);
INSERT INTO CommunicationRecipients (Communication, Member) VALUES (123, 136);
INSERT INTO CommunicationRecipients (Communication, Member) VALUES (123, 147);
INSERT INTO CommunicationRecipients (Communication, Member) VALUES (123, 156);
INSERT INTO CommunicationRecipients (Communication, Member) VALUES (123, 181);
INSERT INTO CommunicationRecipients (Communication, Member) VALUES (123, 129);
INSERT INTO CommunicationRecipients (Communication, Member) VALUES (123, 172);
INSERT INTO CommunicationRecipients (Communication, Member) VALUES (123, 116);
INSERT INTO CommunicationRecipients (Communication, Member) VALUES (123, 105);
INSERT INTO CommunicationRecipients (Communication, Member) VALUES (123, 100);
INSERT INTO CommunicationRecipients (Communication, Member) VALUES (123, 192);
INSERT INTO CommunicationRecipients (Communication, Member) VALUES (123, 191);
INSERT INTO CommunicationRecipients (Communication, Member) VALUES (123, 173);
INSERT INTO CommunicationRecipients (Communication, Member) VALUES (123, 166);
INSERT INTO CommunicationRecipients (Communication, Member) VALUES (123, 182);
INSERT INTO CommunicationRecipients (Communication, Member) VALUES (123, 188);
INSERT INTO CommunicationRecipients (Communication, Member) VALUES (123, 197);
INSERT INTO CommunicationRecipients (Communication, Member) VALUES (123, 119);
INSERT INTO CommunicationRecipients (Communication, Member) VALUES (123, 171);
INSERT INTO CommunicationRecipients (Communication, Member) VALUES (123, 178);
INSERT INTO CommunicationRecipients (Communication, Member) VALUES (123, 104);
INSERT INTO CommunicationRecipients (Communication, Member) VALUES (123, 143);
INSERT INTO Communication (ID, Subject, Content, DateSent) VALUES (124, 'Gear Checkout Hours Update', 'Charge seem image law word practice guy. Research writer Mrs well happy my. Meeting son run notice while trial.
Since entire to vote quality cost. It cut yard state present. Never such rather meet ground according.', '2025-08-12 23:12:31');
INSERT INTO CommunicationRecipients (Communication, Member) VALUES (124, 190);
INSERT INTO CommunicationRecipients (Communication, Member) VALUES (124, 182);
INSERT INTO CommunicationRecipients (Communication, Member) VALUES (124, 172);
INSERT INTO CommunicationRecipients (Communication, Member) VALUES (124, 167);
INSERT INTO CommunicationRecipients (Communication, Member) VALUES (124, 168);
INSERT INTO CommunicationRecipients (Communication, Member) VALUES (124, 173);
INSERT INTO CommunicationRecipients (Communication, Member) VALUES (124, 146);
INSERT INTO CommunicationRecipients (Communication, Member) VALUES (124, 195);
INSERT INTO CommunicationRecipients (Communication, Member) VALUES (124, 179);
INSERT INTO CommunicationRecipients (Communication, Member) VALUES (124, 155);
INSERT INTO CommunicationRecipients (Communication, Member) VALUES (124, 175);
INSERT INTO CommunicationRecipients (Communication, Member) VALUES (124, 120);
INSERT INTO CommunicationRecipients (Communication, Member) VALUES (124, 114);
INSERT INTO CommunicationRecipients (Communication, Member) VALUES (124, 184);
INSERT INTO CommunicationRecipients (Communication, Member) VALUES (124, 137);
INSERT INTO CommunicationRecipients (Communication, Member) VALUES (124, 141);
INSERT INTO CommunicationRecipients (Communication, Member) VALUES (124, 118);
INSERT INTO CommunicationRecipients (Communication, Member) VALUES (124, 139);
INSERT INTO CommunicationRecipients (Communication, Member) VALUES (124, 183);
INSERT INTO CommunicationRecipients (Communication, Member) VALUES (124, 149);
INSERT INTO CommunicationRecipients (Communication, Member) VALUES (124, 148);
INSERT INTO CommunicationRecipients (Communication, Member) VALUES (124, 188);
INSERT INTO CommunicationRecipients (Communication, Member) VALUES (124, 171);
INSERT INTO CommunicationRecipients (Communication, Member) VALUES (124, 196);
INSERT INTO CommunicationRecipients (Communication, Member) VALUES (124, 194);
INSERT INTO CommunicationRecipients (Communication, Member) VALUES (124, 150);
INSERT INTO CommunicationRecipients (Communication, Member) VALUES (124, 147);
INSERT INTO CommunicationRecipients (Communication, Member) VALUES (124, 111);
INSERT INTO CommunicationRecipients (Communication, Member) VALUES (124, 140);
INSERT INTO CommunicationRecipients (Communication, Member) VALUES (124, 109);
INSERT INTO CommunicationRecipients (Communication, Member) VALUES (124, 199);
INSERT INTO CommunicationRecipients (Communication, Member) VALUES (124, 108);
INSERT INTO CommunicationRecipients (Communication, Member) VALUES (124, 113);
INSERT INTO CommunicationRecipients (Communication, Member) VALUES (124, 178);
INSERT INTO CommunicationRecipients (Communication, Member) VALUES (124, 125);
INSERT INTO CommunicationRecipients (Communication, Member) VALUES (124, 198);
INSERT INTO CommunicationRecipients (Communication, Member) VALUES (124, 154);
INSERT INTO CommunicationRecipients (Communication, Member) VALUES (124, 144);
INSERT INTO CommunicationRecipients (Communication, Member) VALUES (124, 192);
INSERT INTO CommunicationRecipients (Communication, Member) VALUES (124, 128);
INSERT INTO CommunicationRecipients (Communication, Member) VALUES (124, 100);
INSERT INTO CommunicationRecipients (Communication, Member) VALUES (124, 157);
INSERT INTO CommunicationRecipients (Communication, Member) VALUES (124, 193);
INSERT INTO CommunicationRecipients (Communication, Member) VALUES (124, 110);
INSERT INTO CommunicationRecipients (Communication, Member) VALUES (124, 104);
INSERT INTO CommunicationRecipients (Communication, Member) VALUES (124, 166);
INSERT INTO CommunicationRecipients (Communication, Member) VALUES (124, 161);
INSERT INTO CommunicationRecipients (Communication, Member) VALUES (124, 107);
INSERT INTO CommunicationRecipients (Communication, Member) VALUES (124, 117);
INSERT INTO CommunicationRecipients (Communication, Member) VALUES (124, 187);
INSERT INTO CommunicationRecipients (Communication, Member) VALUES (124, 103);
INSERT INTO CommunicationRecipients (Communication, Member) VALUES (124, 131);
INSERT INTO CommunicationRecipients (Communication, Member) VALUES (124, 115);
INSERT INTO CommunicationRecipients (Communication, Member) VALUES (124, 121);
INSERT INTO CommunicationRecipients (Communication, Member) VALUES (124, 162);
INSERT INTO CommunicationRecipients (Communication, Member) VALUES (124, 181);
INSERT INTO CommunicationRecipients (Communication, Member) VALUES (124, 101);
INSERT INTO CommunicationRecipients (Communication, Member) VALUES (124, 160);
INSERT INTO CommunicationRecipients (Communication, Member) VALUES (124, 170);
INSERT INTO CommunicationRecipients (Communication, Member) VALUES (124, 135);
INSERT INTO CommunicationRecipients (Communication, Member) VALUES (124, 164);
INSERT INTO CommunicationRecipients (Communication, Member) VALUES (124, 176);
INSERT INTO CommunicationRecipients (Communication, Member) VALUES (124, 185);
INSERT INTO CommunicationRecipients (Communication, Member) VALUES (124, 143);
INSERT INTO CommunicationRecipients (Communication, Member) VALUES (124, 116);
INSERT INTO CommunicationRecipients (Communication, Member) VALUES (124, 156);
INSERT INTO CommunicationRecipients (Communication, Member) VALUES (124, 158);
INSERT INTO CommunicationRecipients (Communication, Member) VALUES (124, 197);
INSERT INTO CommunicationRecipients (Communication, Member) VALUES (124, 186);
INSERT INTO CommunicationRecipients (Communication, Member) VALUES (124, 102);
INSERT INTO CommunicationRecipients (Communication, Member) VALUES (124, 105);
INSERT INTO CommunicationRecipients (Communication, Member) VALUES (124, 138);
INSERT INTO CommunicationRecipients (Communication, Member) VALUES (124, 177);
INSERT INTO CommunicationRecipients (Communication, Member) VALUES (124, 159);
INSERT INTO CommunicationRecipients (Communication, Member) VALUES (124, 136);
INSERT INTO CommunicationRecipients (Communication, Member) VALUES (124, 124);
INSERT INTO CommunicationRecipients (Communication, Member) VALUES (124, 142);
INSERT INTO CommunicationRecipients (Communication, Member) VALUES (124, 191);
INSERT INTO CommunicationRecipients (Communication, Member) VALUES (124, 123);
INSERT INTO CommunicationRecipients (Communication, Member) VALUES (124, 152);
INSERT INTO CommunicationRecipients (Communication, Member) VALUES (124, 127);
INSERT INTO CommunicationRecipients (Communication, Member) VALUES (124, 130);
INSERT INTO CommunicationRecipients (Communication, Member) VALUES (124, 132);
INSERT INTO CommunicationRecipients (Communication, Member) VALUES (124, 129);
INSERT INTO CommunicationRecipients (Communication, Member) VALUES (124, 126);
INSERT INTO CommunicationRecipients (Communication, Member) VALUES (124, 134);
INSERT INTO CommunicationRecipients (Communication, Member) VALUES (124, 169);
INSERT INTO CommunicationRecipients (Communication, Member) VALUES (124, 145);
INSERT INTO CommunicationRecipients (Communication, Member) VALUES (124, 151);
INSERT INTO CommunicationRecipients (Communication, Member) VALUES (124, 106);
INSERT INTO CommunicationRecipients (Communication, Member) VALUES (124, 153);
INSERT INTO CommunicationRecipients (Communication, Member) VALUES (124, 122);
INSERT INTO CommunicationRecipients (Communication, Member) VALUES (124, 174);
INSERT INTO CommunicationRecipients (Communication, Member) VALUES (124, 163);
INSERT INTO CommunicationRecipients (Communication, Member) VALUES (124, 112);
INSERT INTO CommunicationRecipients (Communication, Member) VALUES (124, 165);
INSERT INTO CommunicationRecipients (Communication, Member) VALUES (124, 119);
INSERT INTO CommunicationRecipients (Communication, Member) VALUES (124, 180);

-- 💰 BUDGETS
INSERT INTO Budget (ID, ApprovedBy, Author, FiscalYear, Status) VALUES (20, 133, 132, 2023, 'PAST');
INSERT INTO Budget (ID, ApprovedBy, Author, FiscalYear, Status) VALUES (21, 168, 129, 2024, 'SUBMITTED');
INSERT INTO Budget (ID, ApprovedBy, Author, FiscalYear, Status) VALUES (22, NULL, 191, 2025, 'APPROVED');
INSERT INTO Budget (ID, ApprovedBy, Author, FiscalYear, Status) VALUES (23, 151, 121, 2026, 'SUBMITTED');

-- 💰 BUDGET ACCOUNTS
INSERT INTO BudgetAccount (ID, Budget, AcctCode, AcctTitle) VALUES (20, 20, 'MAINT498', 'Maintenance & Repairs');
INSERT INTO BudgetAccount (ID, Budget, AcctCode, AcctTitle) VALUES (21, 20, 'TRANS993', 'Transportation');
INSERT INTO BudgetAccount (ID, Budget, AcctCode, AcctTitle) VALUES (22, 20, 'FOOD979', 'Food & Catering');
INSERT INTO BudgetAccount (ID, Budget, AcctCode, AcctTitle) VALUES (23, 20, 'GEAR380', 'Equipment & Gear');
INSERT INTO BudgetAccount (ID, Budget, AcctCode, AcctTitle) VALUES (24, 20, 'TRAIN130', 'Training & Certification');
INSERT INTO BudgetAccount (ID, Budget, AcctCode, AcctTitle) VALUES (25, 21, 'ADMIN186', 'Administrative');
INSERT INTO BudgetAccount (ID, Budget, AcctCode, AcctTitle) VALUES (26, 21, 'TRANS683', 'Transportation');
INSERT INTO BudgetAccount (ID, Budget, AcctCode, AcctTitle) VALUES (27, 21, 'MAINT314', 'Maintenance & Repairs');
INSERT INTO BudgetAccount (ID, Budget, AcctCode, AcctTitle) VALUES (28, 21, 'TRAIN296', 'Training & Certification');
INSERT INTO BudgetAccount (ID, Budget, AcctCode, AcctTitle) VALUES (29, 21, 'FOOD766', 'Food & Catering');
INSERT INTO BudgetAccount (ID, Budget, AcctCode, AcctTitle) VALUES (30, 22, 'TRANS888', 'Transportation');
INSERT INTO BudgetAccount (ID, Budget, AcctCode, AcctTitle) VALUES (31, 22, 'MAINT871', 'Maintenance & Repairs');
INSERT INTO BudgetAccount (ID, Budget, AcctCode, AcctTitle) VALUES (32, 22, 'EVENT505', 'Event Supplies');
INSERT INTO BudgetAccount (ID, Budget, AcctCode, AcctTitle) VALUES (33, 22, 'TRAIN936', 'Training & Certification');
INSERT INTO BudgetAccount (ID, Budget, AcctCode, AcctTitle) VALUES (34, 22, 'FOOD479', 'Food & Catering');
INSERT INTO BudgetAccount (ID, Budget, AcctCode, AcctTitle) VALUES (35, 22, 'ADMIN129', 'Administrative');
INSERT INTO BudgetAccount (ID, Budget, AcctCode, AcctTitle) VALUES (36, 23, 'GEAR477', 'Equipment & Gear');
INSERT INTO BudgetAccount (ID, Budget, AcctCode, AcctTitle) VALUES (37, 23, 'TRANS576', 'Transportation');
INSERT INTO BudgetAccount (ID, Budget, AcctCode, AcctTitle) VALUES (38, 23, 'TRAIN139', 'Training & Certification');
INSERT INTO BudgetAccount (ID, Budget, AcctCode, AcctTitle) VALUES (39, 23, 'MAINT145', 'Maintenance & Repairs');
INSERT INTO BudgetAccount (ID, Budget, AcctCode, AcctTitle) VALUES (40, 23, 'ADMIN102', 'Administrative');

-- 🏪 VENDORS
INSERT INTO Vendor (ID, Address, Website, Contact) VALUES (20, '1302 Jill Isle Apt. 431, East Stephanieview, UT 93364', 'www.reicoop.com', 'catherine14@example.com');
INSERT INTO Vendor (ID, Address, Website, Contact) VALUES (21, '599 Dixon Island Suite 173, Newtonbury, WY 49551', 'www.easternmountainsports.com', 'kristinaford@example.com');
INSERT INTO Vendor (ID, Address, Website, Contact) VALUES (22, '078 Stephanie Branch Suite 722, Jennyton, SC 71719', 'www.outdoorgearexchange.com', 'michaelmiddleton@example.com');
INSERT INTO Vendor (ID, Address, Website, Contact) VALUES (23, '71940 Samantha Villages Apt. 452, East Mary, WI 89820', 'www.internationalmountainequipment.com', 'beckyheath@example.com');
INSERT INTO Vendor (ID, Address, Website, Contact) VALUES (24, '56151 Lynch Shoal Suite 363, Sarahstad, OR 48984', 'www.climbhigh.com', 'jeanking@example.com');
INSERT INTO Vendor (ID, Address, Website, Contact) VALUES (25, 'PSC 9951, Box 6005, APO AA 17235', 'www.backcountrygear.com', 'millertina@example.org');
INSERT INTO Vendor (ID, Address, Website, Contact) VALUES (26, '53873 Smith Islands, West Timothy, NH 23004', 'www.localoutdoorstore.com', 'coloncolleen@example.com');
INSERT INTO Vendor (ID, Address, Website, Contact) VALUES (27, 'Unit 6102 Box 0701, DPO AA 17994', 'www.mountainwarehouse.com', 'alexa20@example.org');
INSERT INTO Vendor (ID, Address, Website, Contact) VALUES (28, 'PSC 6226, Box 1672, APO AE 91664', 'www.gearcoop.com', 'vasquezrobert@example.org');
INSERT INTO Vendor (ID, Address, Website, Contact) VALUES (29, '8735 Pamela Lake, Burnston, WV 71298', 'www.adventureoutpost.com', 'laurendiaz@example.com');
INSERT INTO Vendor (ID, Address, Website, Contact) VALUES (30, '0506 Navarro Alley, New Dylanstad, KY 80407', 'www.summitsports.com', 'tiffanyhernandez@example.net');
INSERT INTO Vendor (ID, Address, Website, Contact) VALUES (31, '8692 Steven Course Suite 095, Morganfurt, OK 41699', 'www.basecampoutfitters.com', 'haleteresa@example.org');

-- 💳 REIMBURSEMENTS
INSERT INTO Reimbursement (ID, MemberID, Total, Type, Description) VALUES (20, 116, 373.87, 'Food', 'Example tax arm hotel find. Several section issue smile break western.');
INSERT INTO Reimbursement (ID, MemberID, Total, Type, Description) VALUES (21, 192, 236.52, 'Event Supplies', 'Event public lawyer. Compare mention perhaps ability party outside should.');
INSERT INTO Reimbursement (ID, MemberID, Total, Type, Description) VALUES (22, 148, 250.33, 'Training', 'Include hard store when go. Plant sometimes indeed step relate.');
INSERT INTO Reimbursement (ID, MemberID, Total, Type, Description) VALUES (23, 194, 97.33, 'Training', 'Community west however industry exactly save well. Conference election low in management.');
INSERT INTO Reimbursement (ID, MemberID, Total, Type, Description) VALUES (24, 173, 467.96, 'Food', 'Force defense forget. Throughout ground religious action east different month. Hotel true her.');
INSERT INTO Reimbursement (ID, MemberID, Total, Type, Description) VALUES (25, 114, 301.92, 'Maintenance', 'Mind enjoy future I analysis director. Control mouth into window style gas.');
INSERT INTO Reimbursement (ID, MemberID, Total, Type, Description) VALUES (26, 131, 49.96, 'Equipment', 'Organization just sound indicate country rise situation everyone. Social rate stage tend current.');
INSERT INTO Reimbursement (ID, MemberID, Total, Type, Description) VALUES (27, 104, 407.51, 'Equipment', 'Popular involve officer she care. Beautiful man left media term measure option father.');
INSERT INTO Reimbursement (ID, MemberID, Total, Type, Description) VALUES (28, 136, 303.17, 'Transportation', 'Feeling risk less owner glass trouble. Senior report trip newspaper community develop.');
INSERT INTO Reimbursement (ID, MemberID, Total, Type, Description) VALUES (29, 123, 195.36, 'Training', 'End those economic few.');
INSERT INTO Reimbursement (ID, MemberID, Total, Type, Description) VALUES (30, 185, 134.67, 'Food', 'My understand over. Accept heavy possible game card.');
INSERT INTO Reimbursement (ID, MemberID, Total, Type, Description) VALUES (31, 134, 332.41, 'Transportation', 'Value mean represent simply shoulder later. Glass gas government me sense. Likely person music.');
INSERT INTO Reimbursement (ID, MemberID, Total, Type, Description) VALUES (32, 112, 314.71, 'Transportation', 'A shake concern west. Outside who anything back until.');
INSERT INTO Reimbursement (ID, MemberID, Total, Type, Description) VALUES (33, 162, 421.58, 'Transportation', 'Near month relate door billion teach want know. Go few impact little. The political born.');
INSERT INTO Reimbursement (ID, MemberID, Total, Type, Description) VALUES (34, 182, 430.71, 'Food', 'Argue state all offer. Fund region enough Congress field. Minute compare great capital movie.');
INSERT INTO Reimbursement (ID, MemberID, Total, Type, Description) VALUES (35, 105, 141.4, 'Equipment', 'Standard Mr order.');
INSERT INTO Reimbursement (ID, MemberID, Total, Type, Description) VALUES (36, 125, 89.34, 'Transportation', 'Alone career major subject. Prove lay phone film.');
INSERT INTO Reimbursement (ID, MemberID, Total, Type, Description) VALUES (37, 134, 143.59, 'Equipment', 'Food forward term federal tree strong rule. Painting mother ago suffer.');
INSERT INTO Reimbursement (ID, MemberID, Total, Type, Description) VALUES (38, 113, 248.8, 'Training', 'Happen low others step wall financial identify. Go what where outside matter.');
INSERT INTO Reimbursement (ID, MemberID, Total, Type, Description) VALUES (39, 174, 316.92, 'Training', 'Hold born national increase do low new like.');
INSERT INTO Reimbursement (ID, MemberID, Total, Type, Description) VALUES (40, 183, 63.36, 'Food', 'Time public stage physical likely. Would away treatment necessary evening reason.');
INSERT INTO Reimbursement (ID, MemberID, Total, Type, Description) VALUES (41, 191, 409.67, 'Equipment', 'Form especially offer window.
Safe five keep together check sea more. Attack range social without.');
INSERT INTO Reimbursement (ID, MemberID, Total, Type, Description) VALUES (42, 162, 427.89, 'Event Supplies', 'Them begin happen later state trip nothing. Great most rule hour short.');
INSERT INTO Reimbursement (ID, MemberID, Total, Type, Description) VALUES (43, 116, 323.69, 'Equipment', 'More lead road cell word many sign.');
INSERT INTO Reimbursement (ID, MemberID, Total, Type, Description) VALUES (44, 180, 184.62, 'Transportation', 'Up approach war thank security. Natural court almost leader leave theory do at.');
INSERT INTO Reimbursement (ID, MemberID, Total, Type, Description) VALUES (45, 189, 360.81, 'Equipment', 'Research pretty east actually song. Six certain seat without. Six walk close nothing step.');
INSERT INTO Reimbursement (ID, MemberID, Total, Type, Description) VALUES (46, 125, 454.03, 'Event Supplies', 'West fill enough strategy situation into.');
INSERT INTO Reimbursement (ID, MemberID, Total, Type, Description) VALUES (47, 103, 30.93, 'Maintenance', 'Late she next affect large ground. Marriage fear light behind rather population.');
INSERT INTO Reimbursement (ID, MemberID, Total, Type, Description) VALUES (48, 143, 400.35, 'Transportation', 'Perhaps most also wish financial upon let. Oil song they concern purpose.');
INSERT INTO Reimbursement (ID, MemberID, Total, Type, Description) VALUES (49, 138, 29.07, 'Transportation', 'Source public than car. Improve simple street interview arrive. National cold opportunity ever.');

-- 🛒 PURCHASE ORDERS
INSERT INTO PurchaseOrder (ID, Vendor, Reimbursement, OrderDate) VALUES (1, 25, 45, '2025-04-21');
INSERT INTO PurchaseOrder (ID, Vendor, Reimbursement, OrderDate) VALUES (2, 25, 26, '2025-02-05');
INSERT INTO PurchaseOrder (ID, Vendor, Reimbursement, OrderDate) VALUES (3, 29, NULL, '2025-07-23');
INSERT INTO PurchaseOrder (ID, Vendor, Reimbursement, OrderDate) VALUES (4, 28, 30, '2025-07-02');
INSERT INTO PurchaseOrder (ID, Vendor, Reimbursement, OrderDate) VALUES (5, 29, 31, '2024-08-18');
INSERT INTO PurchaseOrder (ID, Vendor, Reimbursement, OrderDate) VALUES (6, 26, NULL, '2025-04-20');
INSERT INTO PurchaseOrder (ID, Vendor, Reimbursement, OrderDate) VALUES (7, 29, NULL, '2025-08-09');
INSERT INTO PurchaseOrder (ID, Vendor, Reimbursement, OrderDate) VALUES (8, 20, NULL, '2025-02-15');
INSERT INTO PurchaseOrder (ID, Vendor, Reimbursement, OrderDate) VALUES (9, 20, 43, '2025-06-09');
INSERT INTO PurchaseOrder (ID, Vendor, Reimbursement, OrderDate) VALUES (10, 24, 44, '2025-03-02');
INSERT INTO PurchaseOrder (ID, Vendor, Reimbursement, OrderDate) VALUES (11, 21, 48, '2025-04-30');
INSERT INTO PurchaseOrder (ID, Vendor, Reimbursement, OrderDate) VALUES (12, 22, 29, '2024-11-07');
INSERT INTO PurchaseOrder (ID, Vendor, Reimbursement, OrderDate) VALUES (13, 25, 36, '2025-03-08');
INSERT INTO PurchaseOrder (ID, Vendor, Reimbursement, OrderDate) VALUES (14, 22, 22, '2025-02-05');
INSERT INTO PurchaseOrder (ID, Vendor, Reimbursement, OrderDate) VALUES (15, 29, 39, '2024-12-18');

-- 🎒 RENTAL ITEMS
INSERT INTO RentalItem (ID, PurchaseOrder, Name, Price, Location, Quantity, Size, Availability, Status, Picture) VALUES (50, 7, 'Headlamp', 40.0, 'Gear Room C', 3, 'One Size', 'Status: CHECKED_OUT', 'CHECKED_OUT', 'headlamp.jpg');
INSERT INTO RentalItem (ID, PurchaseOrder, Name, Price, Location, Quantity, Size, Availability, Status, Picture) VALUES (51, 3, 'Camping Stove', 65.0, 'Gear Room B', 2, 'Single Burner', 'Available for checkout', 'AVAILABLE', 'camping_stove.jpg');
INSERT INTO RentalItem (ID, PurchaseOrder, Name, Price, Location, Quantity, Size, Availability, Status, Picture) VALUES (52, 7, 'Tent', 180.0, 'Gear Room B', 2, '4-Person', 'Status: CHECKED_OUT', 'CHECKED_OUT', 'tent.jpg');
INSERT INTO RentalItem (ID, PurchaseOrder, Name, Price, Location, Quantity, Size, Availability, Status, Picture) VALUES (53, 1, 'Headlamp', 40.0, 'Gear Room C', 2, 'One Size', 'Available for checkout', 'AVAILABLE', 'headlamp.jpg');
INSERT INTO RentalItem (ID, PurchaseOrder, Name, Price, Location, Quantity, Size, Availability, Status, Picture) VALUES (54, 10, 'Crampons', 120.0, 'Gear Room A', 3, 'Medium', 'Available for checkout', 'AVAILABLE', 'crampons.jpg');
INSERT INTO RentalItem (ID, PurchaseOrder, Name, Price, Location, Quantity, Size, Availability, Status, Picture) VALUES (55, 11, 'Headlamp', 40.0, 'Gear Room C', 3, 'One Size', 'Status: CHECKED_OUT', 'CHECKED_OUT', 'headlamp.jpg');
INSERT INTO RentalItem (ID, PurchaseOrder, Name, Price, Location, Quantity, Size, Availability, Status, Picture) VALUES (56, 10, 'Tent', 180.0, 'Gear Room B', 1, '2-Person', 'Available for checkout', 'AVAILABLE', 'tent.jpg');
INSERT INTO RentalItem (ID, PurchaseOrder, Name, Price, Location, Quantity, Size, Availability, Status, Picture) VALUES (57, 13, 'Sleeping Bag', 140.0, 'Gear Room B', 1, 'Long', 'Status: DAMAGED', 'DAMAGED', 'sleeping_bag.jpg');
INSERT INTO RentalItem (ID, PurchaseOrder, Name, Price, Location, Quantity, Size, Availability, Status, Picture) VALUES (58, 11, 'Climbing Shoes', 85.0, 'Gear Room A', 2, '12', 'Status: CHECKED_OUT', 'CHECKED_OUT', 'climbing_shoes.jpg');
INSERT INTO RentalItem (ID, PurchaseOrder, Name, Price, Location, Quantity, Size, Availability, Status, Picture) VALUES (59, 10, 'Climbing Shoes', 85.0, 'Gear Room A', 2, '9', 'Status: CHECKED_OUT', 'CHECKED_OUT', 'climbing_shoes.jpg');
INSERT INTO RentalItem (ID, PurchaseOrder, Name, Price, Location, Quantity, Size, Availability, Status, Picture) VALUES (60, 15, 'Tent', 180.0, 'Gear Room B', 1, '3-Person', 'Available for checkout', 'AVAILABLE', 'tent.jpg');
INSERT INTO RentalItem (ID, PurchaseOrder, Name, Price, Location, Quantity, Size, Availability, Status, Picture) VALUES (61, 5, 'Ice Axe', 80.0, 'Gear Room A', 1, '70cm', 'Available for checkout', 'AVAILABLE', 'ice_axe.jpg');
INSERT INTO RentalItem (ID, PurchaseOrder, Name, Price, Location, Quantity, Size, Availability, Status, Picture) VALUES (62, 8, 'Camping Stove', 65.0, 'Gear Room B', 3, 'Double Burner', 'Available for checkout', 'AVAILABLE', 'camping_stove.jpg');
INSERT INTO RentalItem (ID, PurchaseOrder, Name, Price, Location, Quantity, Size, Availability, Status, Picture) VALUES (63, 4, 'Sleeping Pad', 60.0, 'Gear Room B', 3, 'Long', 'Available for checkout', 'AVAILABLE', 'sleeping_pad.jpg');
INSERT INTO RentalItem (ID, PurchaseOrder, Name, Price, Location, Quantity, Size, Availability, Status, Picture) VALUES (64, 15, 'Ice Axe', 80.0, 'Gear Room A', 2, '70cm', 'Available for checkout', 'AVAILABLE', 'ice_axe.jpg');
INSERT INTO RentalItem (ID, PurchaseOrder, Name, Price, Location, Quantity, Size, Availability, Status, Picture) VALUES (65, 13, 'Climbing Shoes', 85.0, 'Gear Room A', 1, '12', 'Status: CHECKED_OUT', 'CHECKED_OUT', 'climbing_shoes.jpg');
INSERT INTO RentalItem (ID, PurchaseOrder, Name, Price, Location, Quantity, Size, Availability, Status, Picture) VALUES (66, 1, 'Sleeping Pad', 60.0, 'Gear Room B', 2, 'Regular', 'Available for checkout', 'AVAILABLE', 'sleeping_pad.jpg');
INSERT INTO RentalItem (ID, PurchaseOrder, Name, Price, Location, Quantity, Size, Availability, Status, Picture) VALUES (67, 15, 'Climbing Shoes', 85.0, 'Gear Room A', 2, '10', 'Available for checkout', 'AVAILABLE', 'climbing_shoes.jpg');
INSERT INTO RentalItem (ID, PurchaseOrder, Name, Price, Location, Quantity, Size, Availability, Status, Picture) VALUES (68, 11, 'Climbing Harness', 75.0, 'Gear Room A', 3, 'Small', 'Available for checkout', 'AVAILABLE', 'climbing_harness.jpg');
INSERT INTO RentalItem (ID, PurchaseOrder, Name, Price, Location, Quantity, Size, Availability, Status, Picture) VALUES (69, 14, 'Backpack', 95.0, 'Gear Room B', 2, '60L', 'Available for checkout', 'AVAILABLE', 'backpack.jpg');
INSERT INTO RentalItem (ID, PurchaseOrder, Name, Price, Location, Quantity, Size, Availability, Status, Picture) VALUES (70, 15, 'Crampons', 120.0, 'Gear Room A', 2, 'Small', 'Available for checkout', 'AVAILABLE', 'crampons.jpg');
INSERT INTO RentalItem (ID, PurchaseOrder, Name, Price, Location, Quantity, Size, Availability, Status, Picture) VALUES (71, 5, 'Camping Stove', 65.0, 'Gear Room B', 2, 'Double Burner', 'Available for checkout', 'AVAILABLE', 'camping_stove.jpg');
INSERT INTO RentalItem (ID, PurchaseOrder, Name, Price, Location, Quantity, Size, Availability, Status, Picture) VALUES (72, 14, 'Backpack', 95.0, 'Gear Room B', 1, '40L', 'Available for checkout', 'AVAILABLE', 'backpack.jpg');
INSERT INTO RentalItem (ID, PurchaseOrder, Name, Price, Location, Quantity, Size, Availability, Status, Picture) VALUES (73, 6, 'Sleeping Bag', 140.0, 'Gear Room B', 1, 'Regular', 'Available for checkout', 'AVAILABLE', 'sleeping_bag.jpg');
INSERT INTO RentalItem (ID, PurchaseOrder, Name, Price, Location, Quantity, Size, Availability, Status, Picture) VALUES (74, 14, 'Climbing Shoes', 85.0, 'Gear Room A', 2, '10', 'Available for checkout', 'AVAILABLE', 'climbing_shoes.jpg');
INSERT INTO RentalItem (ID, PurchaseOrder, Name, Price, Location, Quantity, Size, Availability, Status, Picture) VALUES (75, 9, 'Tent', 180.0, 'Gear Room B', 3, '4-Person', 'Status: CHECKED_OUT', 'CHECKED_OUT', 'tent.jpg');
INSERT INTO RentalItem (ID, PurchaseOrder, Name, Price, Location, Quantity, Size, Availability, Status, Picture) VALUES (76, 1, 'Crampons', 120.0, 'Gear Room A', 3, 'Medium', 'Available for checkout', 'AVAILABLE', 'crampons.jpg');
INSERT INTO RentalItem (ID, PurchaseOrder, Name, Price, Location, Quantity, Size, Availability, Status, Picture) VALUES (77, 13, 'Climbing Shoes', 85.0, 'Gear Room A', 1, '7', 'Available for checkout', 'AVAILABLE', 'climbing_shoes.jpg');
INSERT INTO RentalItem (ID, PurchaseOrder, Name, Price, Location, Quantity, Size, Availability, Status, Picture) VALUES (78, 12, 'Climbing Rope', 200.0, 'Gear Room A', 2, '70m Dynamic', 'Available for checkout', 'AVAILABLE', 'climbing_rope.jpg');
INSERT INTO RentalItem (ID, PurchaseOrder, Name, Price, Location, Quantity, Size, Availability, Status, Picture) VALUES (79, 4, 'Sleeping Bag', 140.0, 'Gear Room B', 1, 'Long', 'Available for checkout', 'AVAILABLE', 'sleeping_bag.jpg');
INSERT INTO RentalItem (ID, PurchaseOrder, Name, Price, Location, Quantity, Size, Availability, Status, Picture) VALUES (80, 13, 'Sleeping Pad', 60.0, 'Gear Room B', 1, 'Long', 'Available for checkout', 'AVAILABLE', 'sleeping_pad.jpg');
INSERT INTO RentalItem (ID, PurchaseOrder, Name, Price, Location, Quantity, Size, Availability, Status, Picture) VALUES (81, 8, 'Ice Axe', 80.0, 'Gear Room A', 1, '60cm', 'Available for checkout', 'AVAILABLE', 'ice_axe.jpg');
INSERT INTO RentalItem (ID, PurchaseOrder, Name, Price, Location, Quantity, Size, Availability, Status, Picture) VALUES (82, 8, 'Sleeping Pad', 60.0, 'Gear Room B', 1, 'Regular', 'Available for checkout', 'AVAILABLE', 'sleeping_pad.jpg');
INSERT INTO RentalItem (ID, PurchaseOrder, Name, Price, Location, Quantity, Size, Availability, Status, Picture) VALUES (83, 5, 'Sleeping Pad', 60.0, 'Gear Room B', 1, 'Regular', 'Available for checkout', 'AVAILABLE', 'sleeping_pad.jpg');
INSERT INTO RentalItem (ID, PurchaseOrder, Name, Price, Location, Quantity, Size, Availability, Status, Picture) VALUES (84, 2, 'Climbing Shoes', 85.0, 'Gear Room A', 3, '12', 'Available for checkout', 'AVAILABLE', 'climbing_shoes.jpg');
INSERT INTO RentalItem (ID, PurchaseOrder, Name, Price, Location, Quantity, Size, Availability, Status, Picture) VALUES (85, 11, 'Sleeping Bag', 140.0, 'Gear Room B', 2, 'Regular', 'Status: DAMAGED', 'DAMAGED', 'sleeping_bag.jpg');
INSERT INTO RentalItem (ID, PurchaseOrder, Name, Price, Location, Quantity, Size, Availability, Status, Picture) VALUES (86, 6, 'Sleeping Pad', 60.0, 'Gear Room B', 2, 'Long', 'Available for checkout', 'AVAILABLE', 'sleeping_pad.jpg');
INSERT INTO RentalItem (ID, PurchaseOrder, Name, Price, Location, Quantity, Size, Availability, Status, Picture) VALUES (87, 3, 'Sleeping Bag', 140.0, 'Gear Room B', 2, 'Regular', 'Available for checkout', 'AVAILABLE', 'sleeping_bag.jpg');
INSERT INTO RentalItem (ID, PurchaseOrder, Name, Price, Location, Quantity, Size, Availability, Status, Picture) VALUES (88, 11, 'Ice Axe', 80.0, 'Gear Room A', 1, '60cm', 'Available for checkout', 'AVAILABLE', 'ice_axe.jpg');
INSERT INTO RentalItem (ID, PurchaseOrder, Name, Price, Location, Quantity, Size, Availability, Status, Picture) VALUES (89, 2, 'Headlamp', 40.0, 'Gear Room C', 1, 'One Size', 'Status: CHECKED_OUT', 'CHECKED_OUT', 'headlamp.jpg');
INSERT INTO RentalItem (ID, PurchaseOrder, Name, Price, Location, Quantity, Size, Availability, Status, Picture) VALUES (90, 8, 'Climbing Shoes', 85.0, 'Gear Room A', 3, '12', 'Available for checkout', 'AVAILABLE', 'climbing_shoes.jpg');
INSERT INTO RentalItem (ID, PurchaseOrder, Name, Price, Location, Quantity, Size, Availability, Status, Picture) VALUES (91, 9, 'Tent', 180.0, 'Gear Room B', 1, '2-Person', 'Available for checkout', 'AVAILABLE', 'tent.jpg');
INSERT INTO RentalItem (ID, PurchaseOrder, Name, Price, Location, Quantity, Size, Availability, Status, Picture) VALUES (92, 3, 'Camping Stove', 65.0, 'Gear Room B', 3, 'Double Burner', 'Available for checkout', 'AVAILABLE', 'camping_stove.jpg');
INSERT INTO RentalItem (ID, PurchaseOrder, Name, Price, Location, Quantity, Size, Availability, Status, Picture) VALUES (93, 13, 'Ice Axe', 80.0, 'Gear Room A', 1, '70cm', 'Available for checkout', 'AVAILABLE', 'ice_axe.jpg');
INSERT INTO RentalItem (ID, PurchaseOrder, Name, Price, Location, Quantity, Size, Availability, Status, Picture) VALUES (94, 1, 'Ice Axe', 80.0, 'Gear Room A', 3, '60cm', 'Available for checkout', 'AVAILABLE', 'ice_axe.jpg');
INSERT INTO RentalItem (ID, PurchaseOrder, Name, Price, Location, Quantity, Size, Availability, Status, Picture) VALUES (95, 14, 'Headlamp', 40.0, 'Gear Room C', 2, 'One Size', 'Available for checkout', 'AVAILABLE', 'headlamp.jpg');
INSERT INTO RentalItem (ID, PurchaseOrder, Name, Price, Location, Quantity, Size, Availability, Status, Picture) VALUES (96, 10, 'Sleeping Bag', 140.0, 'Gear Room B', 1, 'Regular', 'Available for checkout', 'AVAILABLE', 'sleeping_bag.jpg');
INSERT INTO RentalItem (ID, PurchaseOrder, Name, Price, Location, Quantity, Size, Availability, Status, Picture) VALUES (97, 12, 'Headlamp', 40.0, 'Gear Room C', 2, 'One Size', 'Available for checkout', 'AVAILABLE', 'headlamp.jpg');
INSERT INTO RentalItem (ID, PurchaseOrder, Name, Price, Location, Quantity, Size, Availability, Status, Picture) VALUES (98, 4, 'Climbing Helmet', 50.0, 'Gear Room A', 2, 'One Size', 'Available for checkout', 'AVAILABLE', 'climbing_helmet.jpg');
INSERT INTO RentalItem (ID, PurchaseOrder, Name, Price, Location, Quantity, Size, Availability, Status, Picture) VALUES (99, 12, 'Climbing Harness', 75.0, 'Gear Room A', 2, 'Large', 'Status: CHECKED_OUT', 'CHECKED_OUT', 'climbing_harness.jpg');
INSERT INTO RentalItem (ID, PurchaseOrder, Name, Price, Location, Quantity, Size, Availability, Status, Picture) VALUES (100, 8, 'Climbing Harness', 75.0, 'Gear Room A', 2, 'Large', 'Status: CHECKED_OUT', 'CHECKED_OUT', 'climbing_harness.jpg');
INSERT INTO RentalItem (ID, PurchaseOrder, Name, Price, Location, Quantity, Size, Availability, Status, Picture) VALUES (101, 15, 'Climbing Harness', 75.0, 'Gear Room A', 3, 'Medium', 'Status: CHECKED_OUT', 'CHECKED_OUT', 'climbing_harness.jpg');
INSERT INTO RentalItem (ID, PurchaseOrder, Name, Price, Location, Quantity, Size, Availability, Status, Picture) VALUES (102, 7, 'Crampons', 120.0, 'Gear Room A', 2, 'Small', 'Available for checkout', 'AVAILABLE', 'crampons.jpg');
INSERT INTO RentalItem (ID, PurchaseOrder, Name, Price, Location, Quantity, Size, Availability, Status, Picture) VALUES (103, 1, 'Ice Axe', 80.0, 'Gear Room A', 1, '60cm', 'Status: CHECKED_OUT', 'CHECKED_OUT', 'ice_axe.jpg');
INSERT INTO RentalItem (ID, PurchaseOrder, Name, Price, Location, Quantity, Size, Availability, Status, Picture) VALUES (104, 10, 'Sleeping Bag', 140.0, 'Gear Room B', 2, 'Long', 'Status: CHECKED_OUT', 'CHECKED_OUT', 'sleeping_bag.jpg');
INSERT INTO RentalItem (ID, PurchaseOrder, Name, Price, Location, Quantity, Size, Availability, Status, Picture) VALUES (105, 8, 'Climbing Helmet', 50.0, 'Gear Room A', 1, 'One Size', 'Available for checkout', 'AVAILABLE', 'climbing_helmet.jpg');
INSERT INTO RentalItem (ID, PurchaseOrder, Name, Price, Location, Quantity, Size, Availability, Status, Picture) VALUES (106, 2, 'Backpack', 95.0, 'Gear Room B', 1, '40L', 'Available for checkout', 'AVAILABLE', 'backpack.jpg');
INSERT INTO RentalItem (ID, PurchaseOrder, Name, Price, Location, Quantity, Size, Availability, Status, Picture) VALUES (107, 12, 'Tent', 180.0, 'Gear Room B', 1, '4-Person', 'Status: CHECKED_OUT', 'CHECKED_OUT', 'tent.jpg');
INSERT INTO RentalItem (ID, PurchaseOrder, Name, Price, Location, Quantity, Size, Availability, Status, Picture) VALUES (108, 2, 'Ice Axe', 80.0, 'Gear Room A', 1, '60cm', 'Available for checkout', 'AVAILABLE', 'ice_axe.jpg');
INSERT INTO RentalItem (ID, PurchaseOrder, Name, Price, Location, Quantity, Size, Availability, Status, Picture) VALUES (109, 2, 'Ice Axe', 80.0, 'Gear Room A', 2, '60cm', 'Available for checkout', 'AVAILABLE', 'ice_axe.jpg');
INSERT INTO RentalItem (ID, PurchaseOrder, Name, Price, Location, Quantity, Size, Availability, Status, Picture) VALUES (110, 12, 'Sleeping Pad', 60.0, 'Gear Room B', 1, 'Regular', 'Status: CHECKED_OUT', 'CHECKED_OUT', 'sleeping_pad.jpg');
INSERT INTO RentalItem (ID, PurchaseOrder, Name, Price, Location, Quantity, Size, Availability, Status, Picture) VALUES (111, 1, 'Climbing Shoes', 85.0, 'Gear Room A', 2, '8', 'Status: CHECKED_OUT', 'CHECKED_OUT', 'climbing_shoes.jpg');
INSERT INTO RentalItem (ID, PurchaseOrder, Name, Price, Location, Quantity, Size, Availability, Status, Picture) VALUES (112, 4, 'Sleeping Pad', 60.0, 'Gear Room B', 3, 'Long', 'Status: CHECKED_OUT', 'CHECKED_OUT', 'sleeping_pad.jpg');
INSERT INTO RentalItem (ID, PurchaseOrder, Name, Price, Location, Quantity, Size, Availability, Status, Picture) VALUES (113, 15, 'Backpack', 95.0, 'Gear Room B', 2, '50L', 'Available for checkout', 'AVAILABLE', 'backpack.jpg');
INSERT INTO RentalItem (ID, PurchaseOrder, Name, Price, Location, Quantity, Size, Availability, Status, Picture) VALUES (114, 1, 'Ice Axe', 80.0, 'Gear Room A', 3, '60cm', 'Available for checkout', 'AVAILABLE', 'ice_axe.jpg');
INSERT INTO RentalItem (ID, PurchaseOrder, Name, Price, Location, Quantity, Size, Availability, Status, Picture) VALUES (115, 8, 'Headlamp', 40.0, 'Gear Room C', 3, 'One Size', 'Available for checkout', 'AVAILABLE', 'headlamp.jpg');
INSERT INTO RentalItem (ID, PurchaseOrder, Name, Price, Location, Quantity, Size, Availability, Status, Picture) VALUES (116, 10, 'Climbing Rope', 200.0, 'Gear Room A', 1, '70m Dynamic', 'Available for checkout', 'AVAILABLE', 'climbing_rope.jpg');
INSERT INTO RentalItem (ID, PurchaseOrder, Name, Price, Location, Quantity, Size, Availability, Status, Picture) VALUES (117, 6, 'Climbing Shoes', 85.0, 'Gear Room A', 2, '8', 'Available for checkout', 'AVAILABLE', 'climbing_shoes.jpg');
INSERT INTO RentalItem (ID, PurchaseOrder, Name, Price, Location, Quantity, Size, Availability, Status, Picture) VALUES (118, 3, 'Sleeping Pad', 60.0, 'Gear Room B', 3, 'Long', 'Available for checkout', 'AVAILABLE', 'sleeping_pad.jpg');
INSERT INTO RentalItem (ID, PurchaseOrder, Name, Price, Location, Quantity, Size, Availability, Status, Picture) VALUES (119, 12, 'Climbing Shoes', 85.0, 'Gear Room A', 3, '7', 'Status: CHECKED_OUT', 'CHECKED_OUT', 'climbing_shoes.jpg');
INSERT INTO RentalItem (ID, PurchaseOrder, Name, Price, Location, Quantity, Size, Availability, Status, Picture) VALUES (120, 1, 'Camping Stove', 65.0, 'Gear Room B', 3, 'Double Burner', 'Available for checkout', 'AVAILABLE', 'camping_stove.jpg');
INSERT INTO RentalItem (ID, PurchaseOrder, Name, Price, Location, Quantity, Size, Availability, Status, Picture) VALUES (121, 12, 'Crampons', 120.0, 'Gear Room A', 1, 'Large', 'Available for checkout', 'AVAILABLE', 'crampons.jpg');
INSERT INTO RentalItem (ID, PurchaseOrder, Name, Price, Location, Quantity, Size, Availability, Status, Picture) VALUES (122, 6, 'Climbing Shoes', 85.0, 'Gear Room A', 3, '7', 'Status: CHECKED_OUT', 'CHECKED_OUT', 'climbing_shoes.jpg');
INSERT INTO RentalItem (ID, PurchaseOrder, Name, Price, Location, Quantity, Size, Availability, Status, Picture) VALUES (123, 13, 'Climbing Helmet', 50.0, 'Gear Room A', 2, 'One Size', 'Available for checkout', 'AVAILABLE', 'climbing_helmet.jpg');
INSERT INTO RentalItem (ID, PurchaseOrder, Name, Price, Location, Quantity, Size, Availability, Status, Picture) VALUES (124, 5, 'Climbing Shoes', 85.0, 'Gear Room A', 2, '6', 'Available for checkout', 'AVAILABLE', 'climbing_shoes.jpg');
INSERT INTO RentalItem (ID, PurchaseOrder, Name, Price, Location, Quantity, Size, Availability, Status, Picture) VALUES (125, 12, 'Climbing Harness', 75.0, 'Gear Room A', 1, 'Large', 'Available for checkout', 'AVAILABLE', 'climbing_harness.jpg');
INSERT INTO RentalItem (ID, PurchaseOrder, Name, Price, Location, Quantity, Size, Availability, Status, Picture) VALUES (126, 15, 'Climbing Shoes', 85.0, 'Gear Room A', 3, '8', 'Status: CHECKED_OUT', 'CHECKED_OUT', 'climbing_shoes.jpg');
INSERT INTO RentalItem (ID, PurchaseOrder, Name, Price, Location, Quantity, Size, Availability, Status, Picture) VALUES (127, 11, 'Climbing Helmet', 50.0, 'Gear Room A', 1, 'One Size', 'Available for checkout', 'AVAILABLE', 'climbing_helmet.jpg');
INSERT INTO RentalItem (ID, PurchaseOrder, Name, Price, Location, Quantity, Size, Availability, Status, Picture) VALUES (128, 10, 'Climbing Rope', 200.0, 'Gear Room A', 1, '60m Dynamic', 'Available for checkout', 'AVAILABLE', 'climbing_rope.jpg');
INSERT INTO RentalItem (ID, PurchaseOrder, Name, Price, Location, Quantity, Size, Availability, Status, Picture) VALUES (129, 13, 'Climbing Helmet', 50.0, 'Gear Room A', 1, 'One Size', 'Available for checkout', 'AVAILABLE', 'climbing_helmet.jpg');
INSERT INTO RentalItem (ID, PurchaseOrder, Name, Price, Location, Quantity, Size, Availability, Status, Picture) VALUES (130, 9, 'Ice Axe', 80.0, 'Gear Room A', 1, '60cm', 'Available for checkout', 'AVAILABLE', 'ice_axe.jpg');
INSERT INTO RentalItem (ID, PurchaseOrder, Name, Price, Location, Quantity, Size, Availability, Status, Picture) VALUES (131, 3, 'Backpack', 95.0, 'Gear Room B', 2, '40L', 'Available for checkout', 'AVAILABLE', 'backpack.jpg');
INSERT INTO RentalItem (ID, PurchaseOrder, Name, Price, Location, Quantity, Size, Availability, Status, Picture) VALUES (132, 7, 'Sleeping Pad', 60.0, 'Gear Room B', 3, 'Regular', 'Status: CHECKED_OUT', 'CHECKED_OUT', 'sleeping_pad.jpg');
INSERT INTO RentalItem (ID, PurchaseOrder, Name, Price, Location, Quantity, Size, Availability, Status, Picture) VALUES (133, 9, 'Climbing Shoes', 85.0, 'Gear Room A', 1, '12', 'Status: DEPRECATED', 'DEPRECATED', 'climbing_shoes.jpg');
INSERT INTO RentalItem (ID, PurchaseOrder, Name, Price, Location, Quantity, Size, Availability, Status, Picture) VALUES (134, 12, 'Climbing Shoes', 85.0, 'Gear Room A', 3, '7', 'Available for checkout', 'AVAILABLE', 'climbing_shoes.jpg');
INSERT INTO RentalItem (ID, PurchaseOrder, Name, Price, Location, Quantity, Size, Availability, Status, Picture) VALUES (135, 12, 'Climbing Rope', 200.0, 'Gear Room A', 2, '70m Dynamic', 'Available for checkout', 'AVAILABLE', 'climbing_rope.jpg');
INSERT INTO RentalItem (ID, PurchaseOrder, Name, Price, Location, Quantity, Size, Availability, Status, Picture) VALUES (136, 15, 'Backpack', 95.0, 'Gear Room B', 3, '70L', 'Available for checkout', 'AVAILABLE', 'backpack.jpg');
INSERT INTO RentalItem (ID, PurchaseOrder, Name, Price, Location, Quantity, Size, Availability, Status, Picture) VALUES (137, 7, 'Climbing Harness', 75.0, 'Gear Room A', 2, 'Medium', 'Available for checkout', 'AVAILABLE', 'climbing_harness.jpg');
INSERT INTO RentalItem (ID, PurchaseOrder, Name, Price, Location, Quantity, Size, Availability, Status, Picture) VALUES (138, 14, 'Camping Stove', 65.0, 'Gear Room B', 3, 'Double Burner', 'Status: CHECKED_OUT', 'CHECKED_OUT', 'camping_stove.jpg');
INSERT INTO RentalItem (ID, PurchaseOrder, Name, Price, Location, Quantity, Size, Availability, Status, Picture) VALUES (139, 5, 'Crampons', 120.0, 'Gear Room A', 2, 'Medium', 'Available for checkout', 'AVAILABLE', 'crampons.jpg');
INSERT INTO RentalItem (ID, PurchaseOrder, Name, Price, Location, Quantity, Size, Availability, Status, Picture) VALUES (140, 13, 'Ice Axe', 80.0, 'Gear Room A', 3, '60cm', 'Available for checkout', 'AVAILABLE', 'ice_axe.jpg');
INSERT INTO RentalItem (ID, PurchaseOrder, Name, Price, Location, Quantity, Size, Availability, Status, Picture) VALUES (141, 12, 'Climbing Rope', 200.0, 'Gear Room A', 1, '70m Dynamic', 'Available for checkout', 'AVAILABLE', 'climbing_rope.jpg');
INSERT INTO RentalItem (ID, PurchaseOrder, Name, Price, Location, Quantity, Size, Availability, Status, Picture) VALUES (142, 11, 'Climbing Harness', 75.0, 'Gear Room A', 1, 'Large', 'Status: CHECKED_OUT', 'CHECKED_OUT', 'climbing_harness.jpg');
INSERT INTO RentalItem (ID, PurchaseOrder, Name, Price, Location, Quantity, Size, Availability, Status, Picture) VALUES (143, 3, 'Ice Axe', 80.0, 'Gear Room A', 3, '60cm', 'Status: CHECKED_OUT', 'CHECKED_OUT', 'ice_axe.jpg');
INSERT INTO RentalItem (ID, PurchaseOrder, Name, Price, Location, Quantity, Size, Availability, Status, Picture) VALUES (144, 4, 'Climbing Helmet', 50.0, 'Gear Room A', 3, 'One Size', 'Available for checkout', 'AVAILABLE', 'climbing_helmet.jpg');
INSERT INTO RentalItem (ID, PurchaseOrder, Name, Price, Location, Quantity, Size, Availability, Status, Picture) VALUES (145, 11, 'Sleeping Pad', 60.0, 'Gear Room B', 2, 'Regular', 'Available for checkout', 'AVAILABLE', 'sleeping_pad.jpg');
INSERT INTO RentalItem (ID, PurchaseOrder, Name, Price, Location, Quantity, Size, Availability, Status, Picture) VALUES (146, 10, 'Crampons', 120.0, 'Gear Room A', 1, 'Small', 'Available for checkout', 'AVAILABLE', 'crampons.jpg');
INSERT INTO RentalItem (ID, PurchaseOrder, Name, Price, Location, Quantity, Size, Availability, Status, Picture) VALUES (147, 14, 'Climbing Shoes', 85.0, 'Gear Room A', 1, '8', 'Available for checkout', 'AVAILABLE', 'climbing_shoes.jpg');
INSERT INTO RentalItem (ID, PurchaseOrder, Name, Price, Location, Quantity, Size, Availability, Status, Picture) VALUES (148, 1, 'Sleeping Pad', 60.0, 'Gear Room B', 2, 'Long', 'Available for checkout', 'AVAILABLE', 'sleeping_pad.jpg');
INSERT INTO RentalItem (ID, PurchaseOrder, Name, Price, Location, Quantity, Size, Availability, Status, Picture) VALUES (149, 7, 'Climbing Shoes', 85.0, 'Gear Room A', 2, '10', 'Status: DAMAGED', 'DAMAGED', 'climbing_shoes.jpg');

-- 🛍️ MERCHANDISE
INSERT INTO MerchItem (ID, PurchaseOrder, Price, Quantity, Name, Description, Location) VALUES (50, 9, 16.0, 30, 'Club Mug', 'Ceramic mug perfect for camp coffee', 'Merch Storage');
INSERT INTO MerchItem (ID, PurchaseOrder, Price, Quantity, Name, Description, Location) VALUES (51, 13, 25.0, 33, 'Club Hat', 'Adjustable baseball cap with logo', 'Merch Storage');
INSERT INTO MerchItem (ID, PurchaseOrder, Price, Quantity, Name, Description, Location) VALUES (52, 10, 18.0, 7, 'Water Bottle', 'Insulated stainless steel bottle', 'Merch Storage');
INSERT INTO MerchItem (ID, PurchaseOrder, Price, Quantity, Name, Description, Location) VALUES (53, 3, 10.0, 34, 'Club Pin', 'Enamel pin with mountain design', 'Merch Storage');
INSERT INTO MerchItem (ID, PurchaseOrder, Price, Quantity, Name, Description, Location) VALUES (54, 10, 10.0, 39, 'Club Pin', 'Enamel pin with mountain design', 'Merch Storage');
INSERT INTO MerchItem (ID, PurchaseOrder, Price, Quantity, Name, Description, Location) VALUES (55, 14, 5.0, 29, 'Club Stickers', 'Weather-resistant vinyl sticker pack', 'Merch Storage');
INSERT INTO MerchItem (ID, PurchaseOrder, Price, Quantity, Name, Description, Location) VALUES (56, 13, 18.0, 47, 'Water Bottle', 'Insulated stainless steel bottle', 'Merch Storage');
INSERT INTO MerchItem (ID, PurchaseOrder, Price, Quantity, Name, Description, Location) VALUES (57, 14, 8.0, 42, 'Club Patch', 'Iron-on embroidered patch', 'Merch Storage');
INSERT INTO MerchItem (ID, PurchaseOrder, Price, Quantity, Name, Description, Location) VALUES (58, 13, 5.0, 41, 'Club Stickers', 'Weather-resistant vinyl sticker pack', 'Merch Storage');
INSERT INTO MerchItem (ID, PurchaseOrder, Price, Quantity, Name, Description, Location) VALUES (59, 2, 10.0, 37, 'Club Pin', 'Enamel pin with mountain design', 'Merch Storage');
INSERT INTO MerchItem (ID, PurchaseOrder, Price, Quantity, Name, Description, Location) VALUES (60, 3, 25.0, 36, 'Club Hat', 'Adjustable baseball cap with logo', 'Merch Storage');
INSERT INTO MerchItem (ID, PurchaseOrder, Price, Quantity, Name, Description, Location) VALUES (61, 7, 16.0, 41, 'Club Mug', 'Ceramic mug perfect for camp coffee', 'Merch Storage');
INSERT INTO MerchItem (ID, PurchaseOrder, Price, Quantity, Name, Description, Location) VALUES (62, 15, 8.0, 30, 'Club Patch', 'Iron-on embroidered patch', 'Merch Storage');
INSERT INTO MerchItem (ID, PurchaseOrder, Price, Quantity, Name, Description, Location) VALUES (63, 7, 12.0, 21, 'Club Notebook', 'Weather-resistant field notebook', 'Merch Storage');
INSERT INTO MerchItem (ID, PurchaseOrder, Price, Quantity, Name, Description, Location) VALUES (64, 15, 5.0, 34, 'Club Stickers', 'Weather-resistant vinyl sticker pack', 'Merch Storage');
INSERT INTO MerchItem (ID, PurchaseOrder, Price, Quantity, Name, Description, Location) VALUES (65, 10, 20.0, 43, 'Club Buff', 'Versatile neck gaiter with logo', 'Merch Storage');
INSERT INTO MerchItem (ID, PurchaseOrder, Price, Quantity, Name, Description, Location) VALUES (66, 7, 8.0, 36, 'Club Patch', 'Iron-on embroidered patch', 'Merch Storage');
INSERT INTO MerchItem (ID, PurchaseOrder, Price, Quantity, Name, Description, Location) VALUES (67, 3, 25.0, 5, 'Club Hat', 'Adjustable baseball cap with logo', 'Merch Storage');
INSERT INTO MerchItem (ID, PurchaseOrder, Price, Quantity, Name, Description, Location) VALUES (68, 14, 22.0, 27, 'Club T-Shirt', 'Soft cotton t-shirt with club logo', 'Merch Storage');
INSERT INTO MerchItem (ID, PurchaseOrder, Price, Quantity, Name, Description, Location) VALUES (69, 7, 5.0, 38, 'Club Stickers', 'Weather-resistant vinyl sticker pack', 'Merch Storage');
INSERT INTO MerchItem (ID, PurchaseOrder, Price, Quantity, Name, Description, Location) VALUES (70, 11, 22.0, 38, 'Club T-Shirt', 'Soft cotton t-shirt with club logo', 'Merch Storage');
INSERT INTO MerchItem (ID, PurchaseOrder, Price, Quantity, Name, Description, Location) VALUES (71, 13, 22.0, 44, 'Club T-Shirt', 'Soft cotton t-shirt with club logo', 'Merch Storage');
INSERT INTO MerchItem (ID, PurchaseOrder, Price, Quantity, Name, Description, Location) VALUES (72, 15, 12.0, 35, 'Club Notebook', 'Weather-resistant field notebook', 'Merch Storage');
INSERT INTO MerchItem (ID, PurchaseOrder, Price, Quantity, Name, Description, Location) VALUES (73, 2, 22.0, 9, 'Club T-Shirt', 'Soft cotton t-shirt with club logo', 'Merch Storage');
INSERT INTO MerchItem (ID, PurchaseOrder, Price, Quantity, Name, Description, Location) VALUES (74, 13, 10.0, 26, 'Club Pin', 'Enamel pin with mountain design', 'Merch Storage');
INSERT INTO MerchItem (ID, PurchaseOrder, Price, Quantity, Name, Description, Location) VALUES (75, 15, 10.0, 13, 'Club Pin', 'Enamel pin with mountain design', 'Merch Storage');
INSERT INTO MerchItem (ID, PurchaseOrder, Price, Quantity, Name, Description, Location) VALUES (76, 6, 5.0, 48, 'Club Stickers', 'Weather-resistant vinyl sticker pack', 'Merch Storage');
INSERT INTO MerchItem (ID, PurchaseOrder, Price, Quantity, Name, Description, Location) VALUES (77, 14, 5.0, 26, 'Club Stickers', 'Weather-resistant vinyl sticker pack', 'Merch Storage');
INSERT INTO MerchItem (ID, PurchaseOrder, Price, Quantity, Name, Description, Location) VALUES (78, 7, 5.0, 39, 'Club Stickers', 'Weather-resistant vinyl sticker pack', 'Merch Storage');
INSERT INTO MerchItem (ID, PurchaseOrder, Price, Quantity, Name, Description, Location) VALUES (79, 5, 25.0, 20, 'Club Hat', 'Adjustable baseball cap with logo', 'Merch Storage');
INSERT INTO MerchItem (ID, PurchaseOrder, Price, Quantity, Name, Description, Location) VALUES (80, 15, 5.0, 10, 'Club Stickers', 'Weather-resistant vinyl sticker pack', 'Merch Storage');
INSERT INTO MerchItem (ID, PurchaseOrder, Price, Quantity, Name, Description, Location) VALUES (81, 8, 16.0, 43, 'Club Mug', 'Ceramic mug perfect for camp coffee', 'Merch Storage');
INSERT INTO MerchItem (ID, PurchaseOrder, Price, Quantity, Name, Description, Location) VALUES (82, 15, 22.0, 27, 'Club T-Shirt', 'Soft cotton t-shirt with club logo', 'Merch Storage');
INSERT INTO MerchItem (ID, PurchaseOrder, Price, Quantity, Name, Description, Location) VALUES (83, 1, 8.0, 48, 'Club Patch', 'Iron-on embroidered patch', 'Merch Storage');
INSERT INTO MerchItem (ID, PurchaseOrder, Price, Quantity, Name, Description, Location) VALUES (84, 15, 25.0, 7, 'Club Hat', 'Adjustable baseball cap with logo', 'Merch Storage');
INSERT INTO MerchItem (ID, PurchaseOrder, Price, Quantity, Name, Description, Location) VALUES (85, 8, 18.0, 33, 'Water Bottle', 'Insulated stainless steel bottle', 'Merch Storage');
INSERT INTO MerchItem (ID, PurchaseOrder, Price, Quantity, Name, Description, Location) VALUES (86, 12, 16.0, 27, 'Club Mug', 'Ceramic mug perfect for camp coffee', 'Merch Storage');
INSERT INTO MerchItem (ID, PurchaseOrder, Price, Quantity, Name, Description, Location) VALUES (87, 2, 25.0, 35, 'Club Hat', 'Adjustable baseball cap with logo', 'Merch Storage');
INSERT INTO MerchItem (ID, PurchaseOrder, Price, Quantity, Name, Description, Location) VALUES (88, 4, 22.0, 25, 'Club T-Shirt', 'Soft cotton t-shirt with club logo', 'Merch Storage');
INSERT INTO MerchItem (ID, PurchaseOrder, Price, Quantity, Name, Description, Location) VALUES (89, 3, 5.0, 31, 'Club Stickers', 'Weather-resistant vinyl sticker pack', 'Merch Storage');

-- 📅 GEAR RESERVATIONS
INSERT INTO GearReservation (ID, Member, CheckOutDate, ReturnDate) VALUES (20, 165, '2025-07-27', '2025-07-27');
INSERT INTO GearReservation (ID, Member, CheckOutDate, ReturnDate) VALUES (21, 107, '2025-06-25', '2025-06-28');
INSERT INTO GearReservation (ID, Member, CheckOutDate, ReturnDate) VALUES (22, 137, '2025-08-29', '2025-08-29');
INSERT INTO GearReservation (ID, Member, CheckOutDate, ReturnDate) VALUES (23, 185, '2025-08-07', '2025-08-08');
INSERT INTO GearReservation (ID, Member, CheckOutDate, ReturnDate) VALUES (24, 116, '2025-09-09', '2025-09-10');
INSERT INTO GearReservation (ID, Member, CheckOutDate, ReturnDate) VALUES (25, 147, '2025-08-17', '2025-08-17');
INSERT INTO GearReservation (ID, Member, CheckOutDate, ReturnDate) VALUES (26, 118, '2025-08-28', '2025-08-30');
INSERT INTO GearReservation (ID, Member, CheckOutDate, ReturnDate) VALUES (27, 113, '2025-06-30', '2025-06-30');
INSERT INTO GearReservation (ID, Member, CheckOutDate, ReturnDate) VALUES (28, 119, '2025-07-18', '2025-07-20');
INSERT INTO GearReservation (ID, Member, CheckOutDate, ReturnDate) VALUES (29, 182, '2025-09-05', '2025-09-05');
INSERT INTO GearReservation (ID, Member, CheckOutDate, ReturnDate) VALUES (30, 172, '2025-08-12', '2025-08-16');
INSERT INTO GearReservation (ID, Member, CheckOutDate, ReturnDate) VALUES (31, 197, '2025-08-19', '2025-08-19');
INSERT INTO GearReservation (ID, Member, CheckOutDate, ReturnDate) VALUES (32, 196, '2025-08-12', '2025-08-14');
INSERT INTO GearReservation (ID, Member, CheckOutDate, ReturnDate) VALUES (33, 130, '2025-06-26', '2025-06-27');
INSERT INTO GearReservation (ID, Member, CheckOutDate, ReturnDate) VALUES (34, 118, '2025-07-23', '2025-07-23');
INSERT INTO GearReservation (ID, Member, CheckOutDate, ReturnDate) VALUES (35, 182, '2025-07-28', '2025-07-30');
INSERT INTO GearReservation (ID, Member, CheckOutDate, ReturnDate) VALUES (36, 121, '2025-08-09', '2025-08-15');
INSERT INTO GearReservation (ID, Member, CheckOutDate, ReturnDate) VALUES (37, 159, '2025-09-07', '2025-09-07');
INSERT INTO GearReservation (ID, Member, CheckOutDate, ReturnDate) VALUES (38, 171, '2025-07-25', '2025-07-26');
INSERT INTO GearReservation (ID, Member, CheckOutDate, ReturnDate) VALUES (39, 106, '2025-06-27', '2025-06-27');
INSERT INTO GearReservation (ID, Member, CheckOutDate, ReturnDate) VALUES (40, 147, '2025-06-27', '2025-06-29');
INSERT INTO GearReservation (ID, Member, CheckOutDate, ReturnDate) VALUES (41, 113, '2025-06-28', '2025-06-28');
INSERT INTO GearReservation (ID, Member, CheckOutDate, ReturnDate) VALUES (42, 150, '2025-06-30', '2025-06-30');
INSERT INTO GearReservation (ID, Member, CheckOutDate, ReturnDate) VALUES (43, 199, '2025-09-03', '2025-09-04');
INSERT INTO GearReservation (ID, Member, CheckOutDate, ReturnDate) VALUES (44, 172, '2025-08-21', '2025-08-21');
INSERT INTO GearReservation (ID, Member, CheckOutDate, ReturnDate) VALUES (45, 168, '2025-06-28', '2025-06-29');
INSERT INTO GearReservation (ID, Member, CheckOutDate, ReturnDate) VALUES (46, 137, '2025-06-20', '2025-06-22');
INSERT INTO GearReservation (ID, Member, CheckOutDate, ReturnDate) VALUES (47, 147, '2025-08-17', '2025-08-20');
INSERT INTO GearReservation (ID, Member, CheckOutDate, ReturnDate) VALUES (48, 130, '2025-07-13', '2025-07-13');
INSERT INTO GearReservation (ID, Member, CheckOutDate, ReturnDate) VALUES (49, 174, '2025-06-29', '2025-06-30');
INSERT INTO GearReservation (ID, Member, CheckOutDate, ReturnDate) VALUES (50, 181, '2025-07-03', '2025-07-03');
INSERT INTO GearReservation (ID, Member, CheckOutDate, ReturnDate) VALUES (51, 142, '2025-09-05', '2025-09-05');
INSERT INTO GearReservation (ID, Member, CheckOutDate, ReturnDate) VALUES (52, 158, '2025-07-09', '2025-07-10');
INSERT INTO GearReservation (ID, Member, CheckOutDate, ReturnDate) VALUES (53, 118, '2025-07-02', '2025-07-05');
INSERT INTO GearReservation (ID, Member, CheckOutDate, ReturnDate) VALUES (54, 139, '2025-08-22', '2025-08-22');
INSERT INTO GearReservation (ID, Member, CheckOutDate, ReturnDate) VALUES (55, 193, '2025-06-23', '2025-06-23');
INSERT INTO GearReservation (ID, Member, CheckOutDate, ReturnDate) VALUES (56, 136, '2025-06-29', '2025-06-29');
INSERT INTO GearReservation (ID, Member, CheckOutDate, ReturnDate) VALUES (57, 184, '2025-08-07', '2025-08-09');
INSERT INTO GearReservation (ID, Member, CheckOutDate, ReturnDate) VALUES (58, 137, '2025-08-16', '2025-08-17');
INSERT INTO GearReservation (ID, Member, CheckOutDate, ReturnDate) VALUES (59, 171, '2025-08-25', '2025-08-25');
INSERT INTO GearReservation (ID, Member, CheckOutDate, ReturnDate) VALUES (60, 118, '2025-07-10', '2025-07-12');
INSERT INTO GearReservation (ID, Member, CheckOutDate, ReturnDate) VALUES (61, 149, '2025-08-16', '2025-08-17');
INSERT INTO GearReservation (ID, Member, CheckOutDate, ReturnDate) VALUES (62, 189, '2025-09-10', '2025-09-11');
INSERT INTO GearReservation (ID, Member, CheckOutDate, ReturnDate) VALUES (63, 128, '2025-07-06', '2025-07-09');
INSERT INTO GearReservation (ID, Member, CheckOutDate, ReturnDate) VALUES (64, 133, '2025-07-29', '2025-08-01');
INSERT INTO GearReservation (ID, Member, CheckOutDate, ReturnDate) VALUES (65, 181, '2025-06-23', '2025-06-24');
INSERT INTO GearReservation (ID, Member, CheckOutDate, ReturnDate) VALUES (66, 126, '2025-08-16', '2025-08-16');
INSERT INTO GearReservation (ID, Member, CheckOutDate, ReturnDate) VALUES (67, 114, '2025-09-05', '2025-09-05');
INSERT INTO GearReservation (ID, Member, CheckOutDate, ReturnDate) VALUES (68, 177, '2025-06-25', '2025-06-29');
INSERT INTO GearReservation (ID, Member, CheckOutDate, ReturnDate) VALUES (69, 189, '2025-07-20', '2025-07-20');
INSERT INTO GearReservation (ID, Member, CheckOutDate, ReturnDate) VALUES (70, 117, '2025-08-23', '2025-08-24');
INSERT INTO GearReservation (ID, Member, CheckOutDate, ReturnDate) VALUES (71, 190, '2025-07-09', '2025-07-11');
INSERT INTO GearReservation (ID, Member, CheckOutDate, ReturnDate) VALUES (72, 197, '2025-07-07', '2025-07-08');
INSERT INTO GearReservation (ID, Member, CheckOutDate, ReturnDate) VALUES (73, 185, '2025-07-16', '2025-07-17');
INSERT INTO GearReservation (ID, Member, CheckOutDate, ReturnDate) VALUES (74, 132, '2025-07-01', '2025-07-04');
INSERT INTO GearReservation (ID, Member, CheckOutDate, ReturnDate) VALUES (75, 123, '2025-08-14', '2025-08-15');
INSERT INTO GearReservation (ID, Member, CheckOutDate, ReturnDate) VALUES (76, 111, '2025-08-29', '2025-08-29');
INSERT INTO GearReservation (ID, Member, CheckOutDate, ReturnDate) VALUES (77, 174, '2025-07-31', '2025-08-01');
INSERT INTO GearReservation (ID, Member, CheckOutDate, ReturnDate) VALUES (78, 156, '2025-07-04', '2025-07-04');
INSERT INTO GearReservation (ID, Member, CheckOutDate, ReturnDate) VALUES (79, 186, '2025-08-12', '2025-08-14');
INSERT INTO GearReservation (ID, Member, CheckOutDate, ReturnDate) VALUES (80, 126, '2025-06-16', '2025-06-17');
INSERT INTO GearReservation (ID, Member, CheckOutDate, ReturnDate) VALUES (81, 152, '2025-08-28', '2025-08-30');
INSERT INTO GearReservation (ID, Member, CheckOutDate, ReturnDate) VALUES (82, 173, '2025-08-23', '2025-08-24');
INSERT INTO GearReservation (ID, Member, CheckOutDate, ReturnDate) VALUES (83, 127, '2025-09-07', '2025-09-07');
INSERT INTO GearReservation (ID, Member, CheckOutDate, ReturnDate) VALUES (84, 115, '2025-07-31', '2025-08-02');
INSERT INTO GearReservation (ID, Member, CheckOutDate, ReturnDate) VALUES (85, 173, '2025-07-08', '2025-07-17');
INSERT INTO GearReservation (ID, Member, CheckOutDate, ReturnDate) VALUES (86, 125, '2025-08-28', '2025-08-29');
INSERT INTO GearReservation (ID, Member, CheckOutDate, ReturnDate) VALUES (87, 105, '2025-07-07', '2025-07-12');
INSERT INTO GearReservation (ID, Member, CheckOutDate, ReturnDate) VALUES (88, 147, '2025-06-25', '2025-07-01');
INSERT INTO GearReservation (ID, Member, CheckOutDate, ReturnDate) VALUES (89, 102, '2025-08-21', '2025-08-22');
INSERT INTO GearReservation (ID, Member, CheckOutDate, ReturnDate) VALUES (90, 170, '2025-06-29', '2025-06-29');
INSERT INTO GearReservation (ID, Member, CheckOutDate, ReturnDate) VALUES (91, 197, '2025-08-09', '2025-08-09');
INSERT INTO GearReservation (ID, Member, CheckOutDate, ReturnDate) VALUES (92, 133, '2025-08-22', '2025-08-22');
INSERT INTO GearReservation (ID, Member, CheckOutDate, ReturnDate) VALUES (93, 128, '2025-07-20', '2025-07-21');
INSERT INTO GearReservation (ID, Member, CheckOutDate, ReturnDate) VALUES (94, 192, '2025-06-19', '2025-06-22');

-- 📅 GEAR RESERVATION ITEMS
INSERT INTO GearReservationItems (Reservation, Item) VALUES (20, 133);
INSERT INTO GearReservationItems (Reservation, Item) VALUES (21, 92);
INSERT INTO GearReservationItems (Reservation, Item) VALUES (21, 82);
INSERT INTO GearReservationItems (Reservation, Item) VALUES (21, 132);
INSERT INTO GearReservationItems (Reservation, Item) VALUES (21, 77);
INSERT INTO GearReservationItems (Reservation, Item) VALUES (22, 63);
INSERT INTO GearReservationItems (Reservation, Item) VALUES (22, 126);
INSERT INTO GearReservationItems (Reservation, Item) VALUES (22, 107);
INSERT INTO GearReservationItems (Reservation, Item) VALUES (23, 135);
INSERT INTO GearReservationItems (Reservation, Item) VALUES (23, 64);
INSERT INTO GearReservationItems (Reservation, Item) VALUES (23, 141);
INSERT INTO GearReservationItems (Reservation, Item) VALUES (23, 143);
INSERT INTO GearReservationItems (Reservation, Item) VALUES (24, 112);
INSERT INTO GearReservationItems (Reservation, Item) VALUES (24, 78);
INSERT INTO GearReservationItems (Reservation, Item) VALUES (25, 126);
INSERT INTO GearReservationItems (Reservation, Item) VALUES (25, 96);
INSERT INTO GearReservationItems (Reservation, Item) VALUES (26, 79);
INSERT INTO GearReservationItems (Reservation, Item) VALUES (26, 87);
INSERT INTO GearReservationItems (Reservation, Item) VALUES (26, 105);
INSERT INTO GearReservationItems (Reservation, Item) VALUES (27, 142);
INSERT INTO GearReservationItems (Reservation, Item) VALUES (27, 54);
INSERT INTO GearReservationItems (Reservation, Item) VALUES (27, 93);
INSERT INTO GearReservationItems (Reservation, Item) VALUES (27, 112);
INSERT INTO GearReservationItems (Reservation, Item) VALUES (28, 75);
INSERT INTO GearReservationItems (Reservation, Item) VALUES (28, 118);
INSERT INTO GearReservationItems (Reservation, Item) VALUES (29, 101);
INSERT INTO GearReservationItems (Reservation, Item) VALUES (29, 96);
INSERT INTO GearReservationItems (Reservation, Item) VALUES (29, 105);
INSERT INTO GearReservationItems (Reservation, Item) VALUES (30, 128);
INSERT INTO GearReservationItems (Reservation, Item) VALUES (30, 74);
INSERT INTO GearReservationItems (Reservation, Item) VALUES (30, 73);
INSERT INTO GearReservationItems (Reservation, Item) VALUES (31, 94);
INSERT INTO GearReservationItems (Reservation, Item) VALUES (32, 113);
INSERT INTO GearReservationItems (Reservation, Item) VALUES (32, 58);
INSERT INTO GearReservationItems (Reservation, Item) VALUES (32, 100);
INSERT INTO GearReservationItems (Reservation, Item) VALUES (33, 106);
INSERT INTO GearReservationItems (Reservation, Item) VALUES (34, 56);
INSERT INTO GearReservationItems (Reservation, Item) VALUES (34, 131);
INSERT INTO GearReservationItems (Reservation, Item) VALUES (35, 144);
INSERT INTO GearReservationItems (Reservation, Item) VALUES (35, 98);
INSERT INTO GearReservationItems (Reservation, Item) VALUES (36, 64);
INSERT INTO GearReservationItems (Reservation, Item) VALUES (36, 73);
INSERT INTO GearReservationItems (Reservation, Item) VALUES (36, 123);
INSERT INTO GearReservationItems (Reservation, Item) VALUES (36, 101);
INSERT INTO GearReservationItems (Reservation, Item) VALUES (36, 116);
INSERT INTO GearReservationItems (Reservation, Item) VALUES (37, 119);
INSERT INTO GearReservationItems (Reservation, Item) VALUES (38, 103);
INSERT INTO GearReservationItems (Reservation, Item) VALUES (38, 97);
INSERT INTO GearReservationItems (Reservation, Item) VALUES (39, 79);
INSERT INTO GearReservationItems (Reservation, Item) VALUES (39, 66);
INSERT INTO GearReservationItems (Reservation, Item) VALUES (40, 73);
INSERT INTO GearReservationItems (Reservation, Item) VALUES (40, 134);
INSERT INTO GearReservationItems (Reservation, Item) VALUES (41, 101);
INSERT INTO GearReservationItems (Reservation, Item) VALUES (41, 64);
INSERT INTO GearReservationItems (Reservation, Item) VALUES (41, 108);
INSERT INTO GearReservationItems (Reservation, Item) VALUES (41, 144);
INSERT INTO GearReservationItems (Reservation, Item) VALUES (42, 64);
INSERT INTO GearReservationItems (Reservation, Item) VALUES (42, 63);
INSERT INTO GearReservationItems (Reservation, Item) VALUES (42, 131);
INSERT INTO GearReservationItems (Reservation, Item) VALUES (42, 143);
INSERT INTO GearReservationItems (Reservation, Item) VALUES (43, 64);
INSERT INTO GearReservationItems (Reservation, Item) VALUES (43, 77);
INSERT INTO GearReservationItems (Reservation, Item) VALUES (44, 135);
INSERT INTO GearReservationItems (Reservation, Item) VALUES (44, 74);
INSERT INTO GearReservationItems (Reservation, Item) VALUES (44, 139);
INSERT INTO GearReservationItems (Reservation, Item) VALUES (45, 102);
INSERT INTO GearReservationItems (Reservation, Item) VALUES (45, 119);
INSERT INTO GearReservationItems (Reservation, Item) VALUES (45, 106);
INSERT INTO GearReservationItems (Reservation, Item) VALUES (46, 145);
INSERT INTO GearReservationItems (Reservation, Item) VALUES (46, 111);
INSERT INTO GearReservationItems (Reservation, Item) VALUES (46, 105);
INSERT INTO GearReservationItems (Reservation, Item) VALUES (47, 122);
INSERT INTO GearReservationItems (Reservation, Item) VALUES (47, 106);
INSERT INTO GearReservationItems (Reservation, Item) VALUES (47, 70);
INSERT INTO GearReservationItems (Reservation, Item) VALUES (48, 107);
INSERT INTO GearReservationItems (Reservation, Item) VALUES (48, 105);
INSERT INTO GearReservationItems (Reservation, Item) VALUES (48, 82);
INSERT INTO GearReservationItems (Reservation, Item) VALUES (48, 77);
INSERT INTO GearReservationItems (Reservation, Item) VALUES (49, 62);
INSERT INTO GearReservationItems (Reservation, Item) VALUES (49, 127);
INSERT INTO GearReservationItems (Reservation, Item) VALUES (49, 70);
INSERT INTO GearReservationItems (Reservation, Item) VALUES (50, 127);
INSERT INTO GearReservationItems (Reservation, Item) VALUES (51, 121);
INSERT INTO GearReservationItems (Reservation, Item) VALUES (51, 74);
INSERT INTO GearReservationItems (Reservation, Item) VALUES (51, 146);
INSERT INTO GearReservationItems (Reservation, Item) VALUES (52, 53);
INSERT INTO GearReservationItems (Reservation, Item) VALUES (52, 129);
INSERT INTO GearReservationItems (Reservation, Item) VALUES (52, 123);
INSERT INTO GearReservationItems (Reservation, Item) VALUES (53, 86);
INSERT INTO GearReservationItems (Reservation, Item) VALUES (54, 134);
INSERT INTO GearReservationItems (Reservation, Item) VALUES (55, 85);
INSERT INTO GearReservationItems (Reservation, Item) VALUES (56, 101);
INSERT INTO GearReservationItems (Reservation, Item) VALUES (56, 92);
INSERT INTO GearReservationItems (Reservation, Item) VALUES (57, 67);
INSERT INTO GearReservationItems (Reservation, Item) VALUES (57, 86);
INSERT INTO GearReservationItems (Reservation, Item) VALUES (57, 54);
INSERT INTO GearReservationItems (Reservation, Item) VALUES (58, 56);
INSERT INTO GearReservationItems (Reservation, Item) VALUES (58, 149);
INSERT INTO GearReservationItems (Reservation, Item) VALUES (58, 135);
INSERT INTO GearReservationItems (Reservation, Item) VALUES (59, 89);
INSERT INTO GearReservationItems (Reservation, Item) VALUES (59, 73);
INSERT INTO GearReservationItems (Reservation, Item) VALUES (60, 78);
INSERT INTO GearReservationItems (Reservation, Item) VALUES (60, 83);
INSERT INTO GearReservationItems (Reservation, Item) VALUES (60, 141);
INSERT INTO GearReservationItems (Reservation, Item) VALUES (60, 96);
INSERT INTO GearReservationItems (Reservation, Item) VALUES (61, 75);
INSERT INTO GearReservationItems (Reservation, Item) VALUES (61, 141);
INSERT INTO GearReservationItems (Reservation, Item) VALUES (61, 127);
INSERT INTO GearReservationItems (Reservation, Item) VALUES (62, 123);
INSERT INTO GearReservationItems (Reservation, Item) VALUES (62, 50);
INSERT INTO GearReservationItems (Reservation, Item) VALUES (62, 81);
INSERT INTO GearReservationItems (Reservation, Item) VALUES (62, 54);
INSERT INTO GearReservationItems (Reservation, Item) VALUES (63, 72);
INSERT INTO GearReservationItems (Reservation, Item) VALUES (63, 56);
INSERT INTO GearReservationItems (Reservation, Item) VALUES (63, 60);
INSERT INTO GearReservationItems (Reservation, Item) VALUES (63, 149);
INSERT INTO GearReservationItems (Reservation, Item) VALUES (64, 99);
INSERT INTO GearReservationItems (Reservation, Item) VALUES (65, 89);
INSERT INTO GearReservationItems (Reservation, Item) VALUES (65, 114);
INSERT INTO GearReservationItems (Reservation, Item) VALUES (66, 149);
INSERT INTO GearReservationItems (Reservation, Item) VALUES (66, 93);
INSERT INTO GearReservationItems (Reservation, Item) VALUES (66, 74);
INSERT INTO GearReservationItems (Reservation, Item) VALUES (67, 95);
INSERT INTO GearReservationItems (Reservation, Item) VALUES (67, 93);
INSERT INTO GearReservationItems (Reservation, Item) VALUES (67, 92);
INSERT INTO GearReservationItems (Reservation, Item) VALUES (67, 130);
INSERT INTO GearReservationItems (Reservation, Item) VALUES (68, 102);
INSERT INTO GearReservationItems (Reservation, Item) VALUES (68, 95);
INSERT INTO GearReservationItems (Reservation, Item) VALUES (69, 128);
INSERT INTO GearReservationItems (Reservation, Item) VALUES (69, 126);
INSERT INTO GearReservationItems (Reservation, Item) VALUES (69, 136);
INSERT INTO GearReservationItems (Reservation, Item) VALUES (69, 148);
INSERT INTO GearReservationItems (Reservation, Item) VALUES (69, 144);
INSERT INTO GearReservationItems (Reservation, Item) VALUES (70, 131);
INSERT INTO GearReservationItems (Reservation, Item) VALUES (70, 116);
INSERT INTO GearReservationItems (Reservation, Item) VALUES (71, 108);
INSERT INTO GearReservationItems (Reservation, Item) VALUES (71, 75);
INSERT INTO GearReservationItems (Reservation, Item) VALUES (72, 82);
INSERT INTO GearReservationItems (Reservation, Item) VALUES (72, 66);
INSERT INTO GearReservationItems (Reservation, Item) VALUES (72, 136);
INSERT INTO GearReservationItems (Reservation, Item) VALUES (73, 92);
INSERT INTO GearReservationItems (Reservation, Item) VALUES (73, 89);
INSERT INTO GearReservationItems (Reservation, Item) VALUES (73, 52);
INSERT INTO GearReservationItems (Reservation, Item) VALUES (74, 77);
INSERT INTO GearReservationItems (Reservation, Item) VALUES (74, 65);
INSERT INTO GearReservationItems (Reservation, Item) VALUES (75, 137);
INSERT INTO GearReservationItems (Reservation, Item) VALUES (75, 131);
INSERT INTO GearReservationItems (Reservation, Item) VALUES (76, 131);
INSERT INTO GearReservationItems (Reservation, Item) VALUES (76, 68);
INSERT INTO GearReservationItems (Reservation, Item) VALUES (76, 112);
INSERT INTO GearReservationItems (Reservation, Item) VALUES (77, 147);
INSERT INTO GearReservationItems (Reservation, Item) VALUES (77, 51);
INSERT INTO GearReservationItems (Reservation, Item) VALUES (77, 76);
INSERT INTO GearReservationItems (Reservation, Item) VALUES (77, 129);
INSERT INTO GearReservationItems (Reservation, Item) VALUES (78, 108);
INSERT INTO GearReservationItems (Reservation, Item) VALUES (78, 55);
INSERT INTO GearReservationItems (Reservation, Item) VALUES (79, 102);
INSERT INTO GearReservationItems (Reservation, Item) VALUES (79, 71);
INSERT INTO GearReservationItems (Reservation, Item) VALUES (80, 80);
INSERT INTO GearReservationItems (Reservation, Item) VALUES (80, 89);
INSERT INTO GearReservationItems (Reservation, Item) VALUES (81, 54);
INSERT INTO GearReservationItems (Reservation, Item) VALUES (81, 124);
INSERT INTO GearReservationItems (Reservation, Item) VALUES (81, 147);
INSERT INTO GearReservationItems (Reservation, Item) VALUES (81, 68);
INSERT INTO GearReservationItems (Reservation, Item) VALUES (82, 58);
INSERT INTO GearReservationItems (Reservation, Item) VALUES (82, 135);
INSERT INTO GearReservationItems (Reservation, Item) VALUES (83, 76);
INSERT INTO GearReservationItems (Reservation, Item) VALUES (83, 131);
INSERT INTO GearReservationItems (Reservation, Item) VALUES (83, 95);
INSERT INTO GearReservationItems (Reservation, Item) VALUES (83, 74);
INSERT INTO GearReservationItems (Reservation, Item) VALUES (83, 61);
INSERT INTO GearReservationItems (Reservation, Item) VALUES (84, 62);
INSERT INTO GearReservationItems (Reservation, Item) VALUES (84, 130);
INSERT INTO GearReservationItems (Reservation, Item) VALUES (84, 85);
INSERT INTO GearReservationItems (Reservation, Item) VALUES (84, 96);
INSERT INTO GearReservationItems (Reservation, Item) VALUES (85, 87);
INSERT INTO GearReservationItems (Reservation, Item) VALUES (85, 86);
INSERT INTO GearReservationItems (Reservation, Item) VALUES (86, 144);
INSERT INTO GearReservationItems (Reservation, Item) VALUES (87, 69);
INSERT INTO GearReservationItems (Reservation, Item) VALUES (87, 86);
INSERT INTO GearReservationItems (Reservation, Item) VALUES (87, 74);
INSERT INTO GearReservationItems (Reservation, Item) VALUES (88, 122);
INSERT INTO GearReservationItems (Reservation, Item) VALUES (88, 108);
INSERT INTO GearReservationItems (Reservation, Item) VALUES (88, 84);
INSERT INTO GearReservationItems (Reservation, Item) VALUES (88, 90);
INSERT INTO GearReservationItems (Reservation, Item) VALUES (89, 109);
INSERT INTO GearReservationItems (Reservation, Item) VALUES (89, 118);
INSERT INTO GearReservationItems (Reservation, Item) VALUES (89, 126);
INSERT INTO GearReservationItems (Reservation, Item) VALUES (89, 116);
INSERT INTO GearReservationItems (Reservation, Item) VALUES (90, 136);
INSERT INTO GearReservationItems (Reservation, Item) VALUES (90, 121);
INSERT INTO GearReservationItems (Reservation, Item) VALUES (90, 64);
INSERT INTO GearReservationItems (Reservation, Item) VALUES (90, 117);
INSERT INTO GearReservationItems (Reservation, Item) VALUES (91, 123);
INSERT INTO GearReservationItems (Reservation, Item) VALUES (91, 135);
INSERT INTO GearReservationItems (Reservation, Item) VALUES (91, 106);
INSERT INTO GearReservationItems (Reservation, Item) VALUES (92, 133);
INSERT INTO GearReservationItems (Reservation, Item) VALUES (93, 64);
INSERT INTO GearReservationItems (Reservation, Item) VALUES (93, 138);
INSERT INTO GearReservationItems (Reservation, Item) VALUES (93, 147);
INSERT INTO GearReservationItems (Reservation, Item) VALUES (94, 52);
INSERT INTO GearReservationItems (Reservation, Item) VALUES (94, 81);
INSERT INTO GearReservationItems (Reservation, Item) VALUES (94, 114);
INSERT INTO GearReservationItems (Reservation, Item) VALUES (94, 55);

-- ✅ End of generated fake data
