-- 🎭 Generated Fake Data for ClubStack Database
-- Generated on: 2025-08-10 10:43:24
-- Run this file against your ClubStack database to populate with fake data
USE ClubStack;
-- 👥 MEMBERS
INSERT INTO Member (ID, FirstName, LastName, PreferredName, GraduationYear, IsGradStudent, ActivationDate, CarPlate, CarState, CarPassCount, EmerContactName, EmerContactPhone) VALUES (100, 'Jose', 'Gonzalez', 'Stephanie', 2026, TRUE, '2025-07-08', NULL, NULL, 0, 'Sandra Young', '536-681-4492x45390');
INSERT INTO Member (ID, FirstName, LastName, PreferredName, GraduationYear, IsGradStudent, ActivationDate, CarPlate, CarState, CarPassCount, EmerContactName, EmerContactPhone) VALUES (101, 'Emily', 'Johnson', 'Emily', 2027, FALSE, '2025-08-01', '941 3EA', 'DC', 1, 'Stephen Nichols', '+1-747-693-3650x1444');
INSERT INTO Member (ID, FirstName, LastName, PreferredName, GraduationYear, IsGradStudent, ActivationDate, CarPlate, CarState, CarPassCount, EmerContactName, EmerContactPhone) VALUES (102, 'Amanda', 'Mayer', 'John', 2024, FALSE, '2024-10-02', 'GCK7259', 'NY', 4, 'Kathryn Coleman', '(449)218-4044');
INSERT INTO Member (ID, FirstName, LastName, PreferredName, GraduationYear, IsGradStudent, ActivationDate, CarPlate, CarState, CarPassCount, EmerContactName, EmerContactPhone) VALUES (103, 'Ronald', 'Stewart', 'Brittany', 2028, FALSE, '2025-05-29', '36N 366', 'ID', 5, 'Annette Tapia', '959.915.4548x7866');
INSERT INTO Member (ID, FirstName, LastName, PreferredName, GraduationYear, IsGradStudent, ActivationDate, CarPlate, CarState, CarPassCount, EmerContactName, EmerContactPhone) VALUES (104, 'Christine', 'Scott', 'Benjamin', 2028, FALSE, '2024-04-02', 'AX8 T4V', 'VI', 1, 'John Byrd', '(623)658-0381x5239');
INSERT INTO Member (ID, FirstName, LastName, PreferredName, GraduationYear, IsGradStudent, ActivationDate, CarPlate, CarState, CarPassCount, EmerContactName, EmerContactPhone) VALUES (105, 'Carolyn', 'Norton', 'Shawn', 2024, TRUE, '2025-06-18', '59-00557', 'NV', 4, 'Jason Deleon', '+1-590-750-0087x02623');
INSERT INTO Member (ID, FirstName, LastName, PreferredName, GraduationYear, IsGradStudent, ActivationDate, CarPlate, CarState, CarPassCount, EmerContactName, EmerContactPhone) VALUES (106, 'Julia', 'Odonnell', 'Julia', 2025, FALSE, '2024-07-25', '76L US1', 'UT', 5, 'Brianna Alvarez', '001-875-847-9135');
INSERT INTO Member (ID, FirstName, LastName, PreferredName, GraduationYear, IsGradStudent, ActivationDate, CarPlate, CarState, CarPassCount, EmerContactName, EmerContactPhone) VALUES (107, 'Cindy', 'Velazquez', 'Danielle', 2026, FALSE, '2025-03-30', 'R17 4JK', 'ND', 0, 'Susan Adams', '+1-533-676-0005x013');
INSERT INTO Member (ID, FirstName, LastName, PreferredName, GraduationYear, IsGradStudent, ActivationDate, CarPlate, CarState, CarPassCount, EmerContactName, EmerContactPhone) VALUES (108, 'Rebecca', 'Hoffman', 'Brandon', 2025, TRUE, '2023-09-20', '40H IQ1', 'NV', 4, 'Angela Terry', '+1-544-354-3898x7879');
INSERT INTO Member (ID, FirstName, LastName, PreferredName, GraduationYear, IsGradStudent, ActivationDate, CarPlate, CarState, CarPassCount, EmerContactName, EmerContactPhone) VALUES (109, 'Joseph', 'Robbins', 'Joseph', 2024, FALSE, '2024-07-25', NULL, NULL, 0, 'Mr. Kyle Morales', '254.593.2202x62581');
INSERT INTO Member (ID, FirstName, LastName, PreferredName, GraduationYear, IsGradStudent, ActivationDate, CarPlate, CarState, CarPassCount, EmerContactName, EmerContactPhone) VALUES (110, 'Taylor', 'Rogers', 'Taylor', 2027, FALSE, '2024-05-29', NULL, NULL, 0, 'Isaac White', '265.792.2026x11186');
INSERT INTO Member (ID, FirstName, LastName, PreferredName, GraduationYear, IsGradStudent, ActivationDate, CarPlate, CarState, CarPassCount, EmerContactName, EmerContactPhone) VALUES (111, 'Glen', 'Hunter', 'Glen', 2026, FALSE, '2024-10-08', NULL, NULL, 0, 'Mary Salazar', '+1-221-953-4695x74274');
INSERT INTO Member (ID, FirstName, LastName, PreferredName, GraduationYear, IsGradStudent, ActivationDate, CarPlate, CarState, CarPassCount, EmerContactName, EmerContactPhone) VALUES (112, 'Jeremy', 'Johnson', 'Jeremy', 2028, TRUE, '2024-06-20', NULL, NULL, 0, 'Melissa Waller', '619.519.0111x753');
INSERT INTO Member (ID, FirstName, LastName, PreferredName, GraduationYear, IsGradStudent, ActivationDate, CarPlate, CarState, CarPassCount, EmerContactName, EmerContactPhone) VALUES (113, 'Barbara', 'Clark', 'Wendy', 2024, FALSE, '2024-05-21', NULL, NULL, 0, 'Pamela Mcfarland', '905-538-8303x38984');
INSERT INTO Member (ID, FirstName, LastName, PreferredName, GraduationYear, IsGradStudent, ActivationDate, CarPlate, CarState, CarPassCount, EmerContactName, EmerContactPhone) VALUES (114, 'Kristi', 'Carter', 'Kristi', 2028, FALSE, '2025-03-26', NULL, NULL, 0, 'Carol Travis', '5745344060');
INSERT INTO Member (ID, FirstName, LastName, PreferredName, GraduationYear, IsGradStudent, ActivationDate, CarPlate, CarState, CarPassCount, EmerContactName, EmerContactPhone) VALUES (115, 'Mark', 'Powers', 'Amanda', 2024, FALSE, '2023-08-28', '090 OGB', 'AL', 0, 'Russell Perez', '(704)312-9890');
INSERT INTO Member (ID, FirstName, LastName, PreferredName, GraduationYear, IsGradStudent, ActivationDate, CarPlate, CarState, CarPassCount, EmerContactName, EmerContactPhone) VALUES (116, 'Kenneth', 'Lopez', 'Kenneth', 2025, FALSE, '2023-10-27', 'HGO-220', 'ME', 1, 'Candice Anderson', '(593)239-2148x59463');
INSERT INTO Member (ID, FirstName, LastName, PreferredName, GraduationYear, IsGradStudent, ActivationDate, CarPlate, CarState, CarPassCount, EmerContactName, EmerContactPhone) VALUES (117, 'Stephanie', 'Mccarthy', 'Stephanie', 2027, TRUE, '2024-02-20', NULL, NULL, 0, 'William Robbins', '637-665-9666');
INSERT INTO Member (ID, FirstName, LastName, PreferredName, GraduationYear, IsGradStudent, ActivationDate, CarPlate, CarState, CarPassCount, EmerContactName, EmerContactPhone) VALUES (118, 'Gregory', 'Hall', 'Gregory', 2025, FALSE, '2023-12-10', NULL, NULL, 0, 'Karina Moreno', '+1-532-384-9394');
INSERT INTO Member (ID, FirstName, LastName, PreferredName, GraduationYear, IsGradStudent, ActivationDate, CarPlate, CarState, CarPassCount, EmerContactName, EmerContactPhone) VALUES (119, 'Joseph', 'Wright', 'Duane', 2027, TRUE, '2023-09-05', NULL, NULL, 0, 'Miss Cynthia Hale DDS', '455.284.0903x2559');
INSERT INTO Member (ID, FirstName, LastName, PreferredName, GraduationYear, IsGradStudent, ActivationDate, CarPlate, CarState, CarPassCount, EmerContactName, EmerContactPhone) VALUES (120, 'Kim', 'Martin', 'Kim', 2025, FALSE, '2025-05-18', '177QZ', 'WY', 0, 'Julie Warren', '001-824-950-6010x935');
INSERT INTO Member (ID, FirstName, LastName, PreferredName, GraduationYear, IsGradStudent, ActivationDate, CarPlate, CarState, CarPassCount, EmerContactName, EmerContactPhone) VALUES (121, 'Jacob', 'Curtis', 'Jacob', 2026, TRUE, '2024-05-13', '5BB 327', 'VT', 3, 'Bruce Harrington', '001-572-290-7009');
INSERT INTO Member (ID, FirstName, LastName, PreferredName, GraduationYear, IsGradStudent, ActivationDate, CarPlate, CarState, CarPassCount, EmerContactName, EmerContactPhone) VALUES (122, 'Robert', 'Boone', 'Robert', 2027, FALSE, '2024-05-14', NULL, NULL, 0, 'Kenneth Simmons', '(767)386-7679x377');
INSERT INTO Member (ID, FirstName, LastName, PreferredName, GraduationYear, IsGradStudent, ActivationDate, CarPlate, CarState, CarPassCount, EmerContactName, EmerContactPhone) VALUES (123, 'Robert', 'Lopez', 'Robert', 2028, FALSE, '2023-12-30', 'LFN 721', 'OK', 1, 'Scott Lane', '996.379.3224x992');
INSERT INTO Member (ID, FirstName, LastName, PreferredName, GraduationYear, IsGradStudent, ActivationDate, CarPlate, CarState, CarPassCount, EmerContactName, EmerContactPhone) VALUES (124, 'Brian', 'Wagner', 'Stephanie', 2028, FALSE, '2025-06-24', NULL, NULL, 0, 'Michelle Fleming', '001-353-269-2666x69832');
INSERT INTO Member (ID, FirstName, LastName, PreferredName, GraduationYear, IsGradStudent, ActivationDate, CarPlate, CarState, CarPassCount, EmerContactName, EmerContactPhone) VALUES (125, 'Joshua', 'Anderson', 'Joshua', 2026, TRUE, '2024-11-30', NULL, NULL, 0, 'Max Flores', '(669)695-1146');
INSERT INTO Member (ID, FirstName, LastName, PreferredName, GraduationYear, IsGradStudent, ActivationDate, CarPlate, CarState, CarPassCount, EmerContactName, EmerContactPhone) VALUES (126, 'Molly', 'Larson', 'Molly', 2027, FALSE, '2025-06-10', NULL, NULL, 0, 'Charles Garcia', '001-305-777-7037x870');
INSERT INTO Member (ID, FirstName, LastName, PreferredName, GraduationYear, IsGradStudent, ActivationDate, CarPlate, CarState, CarPassCount, EmerContactName, EmerContactPhone) VALUES (127, 'Kathy', 'Santos', 'Kathy', 2028, FALSE, '2025-01-04', 'RC-6138', 'FL', 0, 'Wendy Cross', '884.940.7867x14386');
INSERT INTO Member (ID, FirstName, LastName, PreferredName, GraduationYear, IsGradStudent, ActivationDate, CarPlate, CarState, CarPassCount, EmerContactName, EmerContactPhone) VALUES (128, 'Samuel', 'Johnson', 'Adam', 2024, FALSE, '2024-07-04', '597396', 'MT', 3, 'Matthew Gonzalez', '001-427-892-1099x7443');
INSERT INTO Member (ID, FirstName, LastName, PreferredName, GraduationYear, IsGradStudent, ActivationDate, CarPlate, CarState, CarPassCount, EmerContactName, EmerContactPhone) VALUES (129, 'Nicholas', 'Cline', 'Nicholas', 2027, FALSE, '2023-11-22', '1RU 101', 'PR', 0, 'Julie Mcclain', '4545456119');
INSERT INTO Member (ID, FirstName, LastName, PreferredName, GraduationYear, IsGradStudent, ActivationDate, CarPlate, CarState, CarPassCount, EmerContactName, EmerContactPhone) VALUES (130, 'Jason', 'Herrera', 'Jason', 2027, FALSE, '2024-01-09', '8H366', 'UT', 2, 'Robert Kim', '(718)228-8189');
INSERT INTO Member (ID, FirstName, LastName, PreferredName, GraduationYear, IsGradStudent, ActivationDate, CarPlate, CarState, CarPassCount, EmerContactName, EmerContactPhone) VALUES (131, 'George', 'Gamble', 'George', 2026, TRUE, '2023-11-29', '280LF', 'NE', 5, 'Zachary Petty', '001-431-492-1253x3645');
INSERT INTO Member (ID, FirstName, LastName, PreferredName, GraduationYear, IsGradStudent, ActivationDate, CarPlate, CarState, CarPassCount, EmerContactName, EmerContactPhone) VALUES (132, 'Alyssa', 'Duncan', 'Alyssa', 2024, FALSE, '2025-06-26', 'EQL 8115', 'MA', 1, 'Thomas Benjamin', '238-216-0706');
INSERT INTO Member (ID, FirstName, LastName, PreferredName, GraduationYear, IsGradStudent, ActivationDate, CarPlate, CarState, CarPassCount, EmerContactName, EmerContactPhone) VALUES (133, 'Travis', 'Smith', 'Travis', 2025, FALSE, '2025-02-08', '103JNN', 'OR', 4, 'Sarah Woods', '534-730-7251');
INSERT INTO Member (ID, FirstName, LastName, PreferredName, GraduationYear, IsGradStudent, ActivationDate, CarPlate, CarState, CarPassCount, EmerContactName, EmerContactPhone) VALUES (134, 'Jacqueline', 'Hughes', 'Jacqueline', 2025, FALSE, '2025-06-04', '2T 8477C', 'NV', 2, 'Dale Pitts', '680-875-7675');
INSERT INTO Member (ID, FirstName, LastName, PreferredName, GraduationYear, IsGradStudent, ActivationDate, CarPlate, CarState, CarPassCount, EmerContactName, EmerContactPhone) VALUES (135, 'Nicole', 'Olsen', 'Nicole', 2028, FALSE, '2025-03-19', '1J 9869J', 'FL', 4, 'Robert Davies', '001-453-441-4580x504');
INSERT INTO Member (ID, FirstName, LastName, PreferredName, GraduationYear, IsGradStudent, ActivationDate, CarPlate, CarState, CarPassCount, EmerContactName, EmerContactPhone) VALUES (136, 'Caleb', 'Carson', 'Caleb', 2028, FALSE, '2024-05-09', 'E52 3PK', 'NV', 4, 'Stephanie Frederick', '001-561-382-1051x81292');
INSERT INTO Member (ID, FirstName, LastName, PreferredName, GraduationYear, IsGradStudent, ActivationDate, CarPlate, CarState, CarPassCount, EmerContactName, EmerContactPhone) VALUES (137, 'Paul', 'Cummings', 'Paul', 2027, FALSE, '2023-09-02', '1NI71', 'IA', 3, 'Kenneth Schmidt II', '811.330.4988x3842');
INSERT INTO Member (ID, FirstName, LastName, PreferredName, GraduationYear, IsGradStudent, ActivationDate, CarPlate, CarState, CarPassCount, EmerContactName, EmerContactPhone) VALUES (138, 'Raymond', 'Jones', 'Christopher', 2028, FALSE, '2024-08-30', NULL, NULL, 0, 'Sergio Finley', '854.299.6925x000');
INSERT INTO Member (ID, FirstName, LastName, PreferredName, GraduationYear, IsGradStudent, ActivationDate, CarPlate, CarState, CarPassCount, EmerContactName, EmerContactPhone) VALUES (139, 'Mark', 'Hammond', 'Mark', 2025, FALSE, '2025-06-22', 'XCU-1543', 'MH', 4, 'Amy Coffey', '001-324-842-5900x1682');
INSERT INTO Member (ID, FirstName, LastName, PreferredName, GraduationYear, IsGradStudent, ActivationDate, CarPlate, CarState, CarPassCount, EmerContactName, EmerContactPhone) VALUES (140, 'Daniel', 'Turner', 'Christina', 2028, FALSE, '2023-08-13', '4L XP332', 'IN', 4, 'April Delacruz', '693.673.2796x38635');
INSERT INTO Member (ID, FirstName, LastName, PreferredName, GraduationYear, IsGradStudent, ActivationDate, CarPlate, CarState, CarPassCount, EmerContactName, EmerContactPhone) VALUES (141, 'Andres', 'Hamilton', 'Andres', 2025, FALSE, '2024-07-25', NULL, NULL, 0, 'Margaret Jackson', '527.977.9794');
INSERT INTO Member (ID, FirstName, LastName, PreferredName, GraduationYear, IsGradStudent, ActivationDate, CarPlate, CarState, CarPassCount, EmerContactName, EmerContactPhone) VALUES (142, 'Gary', 'Miller', 'Amy', 2028, FALSE, '2025-02-23', NULL, NULL, 0, 'Kimberly Castro', '622-369-0278');
INSERT INTO Member (ID, FirstName, LastName, PreferredName, GraduationYear, IsGradStudent, ActivationDate, CarPlate, CarState, CarPassCount, EmerContactName, EmerContactPhone) VALUES (143, 'Michael', 'Obrien', 'Michael', 2026, FALSE, '2025-06-24', '899CG', 'IA', 2, 'Andrew Higgins', '399.342.6876');
INSERT INTO Member (ID, FirstName, LastName, PreferredName, GraduationYear, IsGradStudent, ActivationDate, CarPlate, CarState, CarPassCount, EmerContactName, EmerContactPhone) VALUES (144, 'Susan', 'Bruce', 'Lynn', 2027, FALSE, '2025-04-03', '25-38683', 'IL', 5, 'Charles Baker', '(934)817-6292x7008');
INSERT INTO Member (ID, FirstName, LastName, PreferredName, GraduationYear, IsGradStudent, ActivationDate, CarPlate, CarState, CarPassCount, EmerContactName, EmerContactPhone) VALUES (145, 'Kyle', 'Gonzalez', 'Mitchell', 2027, FALSE, '2025-04-22', 'HSV R18', 'IL', 0, 'Wendy Oneill', '001-346-906-3564x8723');
INSERT INTO Member (ID, FirstName, LastName, PreferredName, GraduationYear, IsGradStudent, ActivationDate, CarPlate, CarState, CarPassCount, EmerContactName, EmerContactPhone) VALUES (146, 'Michael', 'Jones', 'Michael', 2028, FALSE, '2025-04-11', '386 SGI', 'PR', 4, 'Samuel Hudson DDS', '510-788-4389x62961');
INSERT INTO Member (ID, FirstName, LastName, PreferredName, GraduationYear, IsGradStudent, ActivationDate, CarPlate, CarState, CarPassCount, EmerContactName, EmerContactPhone) VALUES (147, 'Michael', 'Reynolds', 'Michael', 2027, FALSE, '2024-03-30', '8AP2117', 'ID', 4, 'Madeline Henry', '(567)638-8976');
INSERT INTO Member (ID, FirstName, LastName, PreferredName, GraduationYear, IsGradStudent, ActivationDate, CarPlate, CarState, CarPassCount, EmerContactName, EmerContactPhone) VALUES (148, 'Desiree', 'Jordan', 'Desiree', 2027, TRUE, '2025-02-06', 'MHA 904', 'WA', 0, 'Miss Debbie Wise', '868.367.7383x5804');
INSERT INTO Member (ID, FirstName, LastName, PreferredName, GraduationYear, IsGradStudent, ActivationDate, CarPlate, CarState, CarPassCount, EmerContactName, EmerContactPhone) VALUES (149, 'William', 'Weber', 'William', 2024, FALSE, '2024-11-04', NULL, NULL, 0, 'Ashley Williams', '(753)908-8744x7167');
INSERT INTO Member (ID, FirstName, LastName, PreferredName, GraduationYear, IsGradStudent, ActivationDate, CarPlate, CarState, CarPassCount, EmerContactName, EmerContactPhone) VALUES (150, 'Ashley', 'Decker', 'Ashley', 2027, TRUE, '2025-01-30', '1GC 836', 'AR', 5, 'Miguel Weber', '(254)218-8340');
INSERT INTO Member (ID, FirstName, LastName, PreferredName, GraduationYear, IsGradStudent, ActivationDate, CarPlate, CarState, CarPassCount, EmerContactName, EmerContactPhone) VALUES (151, 'Sarah', 'Sanchez', 'Jack', 2025, FALSE, '2024-12-14', 'BPF 128', 'ND', 1, 'Susan Roberson', '865-319-5537x70202');
INSERT INTO Member (ID, FirstName, LastName, PreferredName, GraduationYear, IsGradStudent, ActivationDate, CarPlate, CarState, CarPassCount, EmerContactName, EmerContactPhone) VALUES (152, 'Jesus', 'Martinez', 'Jesus', 2025, TRUE, '2024-03-12', NULL, NULL, 0, 'Ellen Morgan', '668.646.2229x38584');
INSERT INTO Member (ID, FirstName, LastName, PreferredName, GraduationYear, IsGradStudent, ActivationDate, CarPlate, CarState, CarPassCount, EmerContactName, EmerContactPhone) VALUES (153, 'James', 'Livingston', 'Teresa', 2026, FALSE, '2025-07-02', 'FIF-9872', 'PW', 5, 'Francisco Dean', '634.989.7753');
INSERT INTO Member (ID, FirstName, LastName, PreferredName, GraduationYear, IsGradStudent, ActivationDate, CarPlate, CarState, CarPassCount, EmerContactName, EmerContactPhone) VALUES (154, 'Megan', 'Hicks', 'Michelle', 2025, FALSE, '2024-11-22', 'MUO-0742', 'OR', 3, 'Amber Andrews', '870.830.5842x7510');
INSERT INTO Member (ID, FirstName, LastName, PreferredName, GraduationYear, IsGradStudent, ActivationDate, CarPlate, CarState, CarPassCount, EmerContactName, EmerContactPhone) VALUES (155, 'Michael', 'Stevens', 'Michael', 2025, FALSE, '2024-09-06', 'S29-QCC', 'GU', 4, 'Jeremy Wade', '+1-499-437-6591x727');
INSERT INTO Member (ID, FirstName, LastName, PreferredName, GraduationYear, IsGradStudent, ActivationDate, CarPlate, CarState, CarPassCount, EmerContactName, EmerContactPhone) VALUES (156, 'Jerry', 'Wallace', 'Dan', 2024, FALSE, '2024-06-14', '034-FBDG', 'RI', 4, 'Ruth Duncan', '(765)585-7871');
INSERT INTO Member (ID, FirstName, LastName, PreferredName, GraduationYear, IsGradStudent, ActivationDate, CarPlate, CarState, CarPassCount, EmerContactName, EmerContactPhone) VALUES (157, 'Amber', 'Leon', 'Amber', 2024, FALSE, '2025-07-23', NULL, NULL, 0, 'Wayne Good', '(579)215-6376');
INSERT INTO Member (ID, FirstName, LastName, PreferredName, GraduationYear, IsGradStudent, ActivationDate, CarPlate, CarState, CarPassCount, EmerContactName, EmerContactPhone) VALUES (158, 'Tiffany', 'Johnson', 'Tiffany', 2028, FALSE, '2024-06-11', 'FYC-009', 'CT', 5, 'Joshua Rush', '(701)439-2315x80552');
INSERT INTO Member (ID, FirstName, LastName, PreferredName, GraduationYear, IsGradStudent, ActivationDate, CarPlate, CarState, CarPassCount, EmerContactName, EmerContactPhone) VALUES (159, 'Kevin', 'Phillips', 'Kevin', 2024, FALSE, '2023-11-12', NULL, NULL, 0, 'Brandon Copeland', '7816948022');
INSERT INTO Member (ID, FirstName, LastName, PreferredName, GraduationYear, IsGradStudent, ActivationDate, CarPlate, CarState, CarPassCount, EmerContactName, EmerContactPhone) VALUES (160, 'Troy', 'Walton', 'Troy', 2024, FALSE, '2024-04-19', '67Y X91', 'KS', 0, 'Stephanie Parker', '5503053444');
INSERT INTO Member (ID, FirstName, LastName, PreferredName, GraduationYear, IsGradStudent, ActivationDate, CarPlate, CarState, CarPassCount, EmerContactName, EmerContactPhone) VALUES (161, 'Rachel', 'Schmidt', 'John', 2025, TRUE, '2024-01-12', NULL, NULL, 0, 'Chelsea Hanna', '001-756-672-1212');
INSERT INTO Member (ID, FirstName, LastName, PreferredName, GraduationYear, IsGradStudent, ActivationDate, CarPlate, CarState, CarPassCount, EmerContactName, EmerContactPhone) VALUES (162, 'Julie', 'Anderson', 'Julie', 2026, FALSE, '2024-07-18', NULL, NULL, 0, 'Cynthia Bean', '377-736-4533');
INSERT INTO Member (ID, FirstName, LastName, PreferredName, GraduationYear, IsGradStudent, ActivationDate, CarPlate, CarState, CarPassCount, EmerContactName, EmerContactPhone) VALUES (163, 'Sean', 'Stokes', 'Sean', 2025, FALSE, '2024-12-16', 'EA 1543', 'WA', 1, 'Jordan Thompson', '(554)422-4001x838');
INSERT INTO Member (ID, FirstName, LastName, PreferredName, GraduationYear, IsGradStudent, ActivationDate, CarPlate, CarState, CarPassCount, EmerContactName, EmerContactPhone) VALUES (164, 'Curtis', 'Blanchard', 'Curtis', 2024, FALSE, '2024-12-20', 'OV4 2685', 'OH', 1, 'Judith Sullivan', '+1-614-925-7452x62452');
INSERT INTO Member (ID, FirstName, LastName, PreferredName, GraduationYear, IsGradStudent, ActivationDate, CarPlate, CarState, CarPassCount, EmerContactName, EmerContactPhone) VALUES (165, 'Kathleen', 'Guzman', 'Kathleen', 2024, FALSE, '2025-04-23', NULL, NULL, 0, 'Jessica Mcgee', '001-317-314-6453x13925');
INSERT INTO Member (ID, FirstName, LastName, PreferredName, GraduationYear, IsGradStudent, ActivationDate, CarPlate, CarState, CarPassCount, EmerContactName, EmerContactPhone) VALUES (166, 'Joshua', 'Powell', 'Joshua', 2024, FALSE, '2024-08-29', '3-3734E', 'IL', 1, 'Amanda Hernandez', '+1-708-538-3928x5216');
INSERT INTO Member (ID, FirstName, LastName, PreferredName, GraduationYear, IsGradStudent, ActivationDate, CarPlate, CarState, CarPassCount, EmerContactName, EmerContactPhone) VALUES (167, 'Clinton', 'Miller', 'Clinton', 2025, FALSE, '2024-08-13', NULL, NULL, 0, 'Joanna Cook', '531.364.0988x85220');
INSERT INTO Member (ID, FirstName, LastName, PreferredName, GraduationYear, IsGradStudent, ActivationDate, CarPlate, CarState, CarPassCount, EmerContactName, EmerContactPhone) VALUES (168, 'Christina', 'Newman', 'Christina', 2027, FALSE, '2025-03-10', '274 TDK', 'MH', 2, 'Timothy Snow', '(377)459-2379x3332');
INSERT INTO Member (ID, FirstName, LastName, PreferredName, GraduationYear, IsGradStudent, ActivationDate, CarPlate, CarState, CarPassCount, EmerContactName, EmerContactPhone) VALUES (169, 'Elizabeth', 'Allen', 'Angela', 2026, FALSE, '2024-09-17', NULL, NULL, 0, 'Amy Myers', '5024045038');
INSERT INTO Member (ID, FirstName, LastName, PreferredName, GraduationYear, IsGradStudent, ActivationDate, CarPlate, CarState, CarPassCount, EmerContactName, EmerContactPhone) VALUES (170, 'John', 'Thompson', 'John', 2025, FALSE, '2023-08-17', 'KKZ 570', 'AR', 5, 'Marc Odonnell', '(517)560-5539');
INSERT INTO Member (ID, FirstName, LastName, PreferredName, GraduationYear, IsGradStudent, ActivationDate, CarPlate, CarState, CarPassCount, EmerContactName, EmerContactPhone) VALUES (171, 'Angela', 'Kramer', 'Angela', 2028, TRUE, '2024-12-20', NULL, NULL, 0, 'Kaylee York', '(877)369-5432x6372');
INSERT INTO Member (ID, FirstName, LastName, PreferredName, GraduationYear, IsGradStudent, ActivationDate, CarPlate, CarState, CarPassCount, EmerContactName, EmerContactPhone) VALUES (172, 'Joshua', 'Collins', 'Joshua', 2025, FALSE, '2023-08-20', NULL, NULL, 0, 'Stephanie Newman', '607-847-6164x66999');
INSERT INTO Member (ID, FirstName, LastName, PreferredName, GraduationYear, IsGradStudent, ActivationDate, CarPlate, CarState, CarPassCount, EmerContactName, EmerContactPhone) VALUES (173, 'Dylan', 'Lewis', 'Dylan', 2028, FALSE, '2024-01-09', '959 EPU', 'NV', 3, 'Richard Robinson', '396-402-4980');
INSERT INTO Member (ID, FirstName, LastName, PreferredName, GraduationYear, IsGradStudent, ActivationDate, CarPlate, CarState, CarPassCount, EmerContactName, EmerContactPhone) VALUES (174, 'Michael', 'Osborn', 'Michael', 2024, FALSE, '2024-08-12', '76-RP53', 'NE', 5, 'Charles Hughes', '001-278-874-7231x7306');
INSERT INTO Member (ID, FirstName, LastName, PreferredName, GraduationYear, IsGradStudent, ActivationDate, CarPlate, CarState, CarPassCount, EmerContactName, EmerContactPhone) VALUES (175, 'Patricia', 'Brady', 'Alexis', 2027, FALSE, '2025-05-03', 'CD6 2664', 'MO', 3, 'Christopher Wright', '001-678-892-4135x068');
INSERT INTO Member (ID, FirstName, LastName, PreferredName, GraduationYear, IsGradStudent, ActivationDate, CarPlate, CarState, CarPassCount, EmerContactName, EmerContactPhone) VALUES (176, 'Elizabeth', 'Nelson', 'Elizabeth', 2027, FALSE, '2024-06-16', NULL, NULL, 0, 'Melissa Roberts', '700.453.4487x378');
INSERT INTO Member (ID, FirstName, LastName, PreferredName, GraduationYear, IsGradStudent, ActivationDate, CarPlate, CarState, CarPassCount, EmerContactName, EmerContactPhone) VALUES (177, 'Ashley', 'Gardner', 'Ashley', 2024, FALSE, '2024-08-31', NULL, NULL, 0, 'Ashley Taylor', '(929)815-4551x8699');
INSERT INTO Member (ID, FirstName, LastName, PreferredName, GraduationYear, IsGradStudent, ActivationDate, CarPlate, CarState, CarPassCount, EmerContactName, EmerContactPhone) VALUES (178, 'Megan', 'Anderson', 'Megan', 2026, FALSE, '2024-01-30', NULL, NULL, 0, 'Albert Steele', '322-817-4014x28770');
INSERT INTO Member (ID, FirstName, LastName, PreferredName, GraduationYear, IsGradStudent, ActivationDate, CarPlate, CarState, CarPassCount, EmerContactName, EmerContactPhone) VALUES (179, 'Brittney', 'Ball', 'Brittney', 2024, FALSE, '2023-11-12', 'MDC 899', 'ME', 2, 'Ruth Carter', '940.540.5010x612');
INSERT INTO Member (ID, FirstName, LastName, PreferredName, GraduationYear, IsGradStudent, ActivationDate, CarPlate, CarState, CarPassCount, EmerContactName, EmerContactPhone) VALUES (180, 'Kim', 'Lewis', 'Kim', 2028, FALSE, '2024-03-01', '795 ZTQ', 'RI', 2, 'Brianna Coleman', '407-872-9401');
INSERT INTO Member (ID, FirstName, LastName, PreferredName, GraduationYear, IsGradStudent, ActivationDate, CarPlate, CarState, CarPassCount, EmerContactName, EmerContactPhone) VALUES (181, 'Christopher', 'Fernandez', 'Christopher', 2025, FALSE, '2025-06-16', 'RNX 3557', 'SC', 0, 'Derrick Moore', '001-283-734-0660x6187');
INSERT INTO Member (ID, FirstName, LastName, PreferredName, GraduationYear, IsGradStudent, ActivationDate, CarPlate, CarState, CarPassCount, EmerContactName, EmerContactPhone) VALUES (182, 'Mallory', 'Bennett', 'Mallory', 2027, FALSE, '2025-01-08', '211 OTR', 'CO', 3, 'Jacqueline Gomez', '(544)623-7229');
INSERT INTO Member (ID, FirstName, LastName, PreferredName, GraduationYear, IsGradStudent, ActivationDate, CarPlate, CarState, CarPassCount, EmerContactName, EmerContactPhone) VALUES (183, 'Mandy', 'Rich', 'Mandy', 2026, TRUE, '2024-07-05', NULL, NULL, 0, 'Lori Warren', '+1-804-880-9438x78628');
INSERT INTO Member (ID, FirstName, LastName, PreferredName, GraduationYear, IsGradStudent, ActivationDate, CarPlate, CarState, CarPassCount, EmerContactName, EmerContactPhone) VALUES (184, 'Lisa', 'Sims', 'Lisa', 2025, FALSE, '2024-06-13', NULL, NULL, 0, 'Joseph Juarez', '2062423822');
INSERT INTO Member (ID, FirstName, LastName, PreferredName, GraduationYear, IsGradStudent, ActivationDate, CarPlate, CarState, CarPassCount, EmerContactName, EmerContactPhone) VALUES (185, 'Kimberly', 'Stout', 'Kimberly', 2028, FALSE, '2024-05-20', '12M G17', 'IN', 4, 'Samantha Graves', '248.295.1002');
INSERT INTO Member (ID, FirstName, LastName, PreferredName, GraduationYear, IsGradStudent, ActivationDate, CarPlate, CarState, CarPassCount, EmerContactName, EmerContactPhone) VALUES (186, 'Cindy', 'Williams', 'Roger', 2024, FALSE, '2024-02-22', NULL, NULL, 0, 'Jessica Walsh', '(922)489-1293');
INSERT INTO Member (ID, FirstName, LastName, PreferredName, GraduationYear, IsGradStudent, ActivationDate, CarPlate, CarState, CarPassCount, EmerContactName, EmerContactPhone) VALUES (187, 'Whitney', 'Rocha', 'Whitney', 2027, FALSE, '2025-04-10', '630 IQF', 'NM', 5, 'Tiffany Coleman', '558-250-1855');
INSERT INTO Member (ID, FirstName, LastName, PreferredName, GraduationYear, IsGradStudent, ActivationDate, CarPlate, CarState, CarPassCount, EmerContactName, EmerContactPhone) VALUES (188, 'Zachary', 'Reese', 'Bradley', 2024, FALSE, '2025-05-25', NULL, NULL, 0, 'Frank Montgomery', '214.939.8747x670');
INSERT INTO Member (ID, FirstName, LastName, PreferredName, GraduationYear, IsGradStudent, ActivationDate, CarPlate, CarState, CarPassCount, EmerContactName, EmerContactPhone) VALUES (189, 'Ashley', 'Allen', 'Kimberly', 2026, FALSE, '2024-03-13', NULL, NULL, 0, 'Michael Warren', '648.424.8061x23206');
INSERT INTO Member (ID, FirstName, LastName, PreferredName, GraduationYear, IsGradStudent, ActivationDate, CarPlate, CarState, CarPassCount, EmerContactName, EmerContactPhone) VALUES (190, 'Mary', 'Reyes', 'Alicia', 2026, FALSE, '2025-02-22', NULL, NULL, 0, 'Charles Martin', '+1-542-887-5068x38111');
INSERT INTO Member (ID, FirstName, LastName, PreferredName, GraduationYear, IsGradStudent, ActivationDate, CarPlate, CarState, CarPassCount, EmerContactName, EmerContactPhone) VALUES (191, 'Faith', 'Montgomery', 'Deborah', 2025, FALSE, '2025-05-14', NULL, NULL, 0, 'Nicole Cook', '9416495746');
INSERT INTO Member (ID, FirstName, LastName, PreferredName, GraduationYear, IsGradStudent, ActivationDate, CarPlate, CarState, CarPassCount, EmerContactName, EmerContactPhone) VALUES (192, 'Raymond', 'Thompson', 'Mary', 2027, FALSE, '2024-10-16', '1-9450W', 'MS', 3, 'Katherine Jordan', '(564)658-6225x972');
INSERT INTO Member (ID, FirstName, LastName, PreferredName, GraduationYear, IsGradStudent, ActivationDate, CarPlate, CarState, CarPassCount, EmerContactName, EmerContactPhone) VALUES (193, 'Christina', 'Padilla', 'James', 2027, FALSE, '2024-06-18', '809 WOT', 'GA', 1, 'Kara Whitaker', '(442)670-6226x526');
INSERT INTO Member (ID, FirstName, LastName, PreferredName, GraduationYear, IsGradStudent, ActivationDate, CarPlate, CarState, CarPassCount, EmerContactName, EmerContactPhone) VALUES (194, 'Stephen', 'Herrera', 'Stephen', 2024, FALSE, '2025-01-23', NULL, NULL, 0, 'Angela Smith DDS', '+1-661-918-8357');
INSERT INTO Member (ID, FirstName, LastName, PreferredName, GraduationYear, IsGradStudent, ActivationDate, CarPlate, CarState, CarPassCount, EmerContactName, EmerContactPhone) VALUES (195, 'Mark', 'Jones', 'Mark', 2027, FALSE, '2023-11-24', '4-O7208', 'MA', 2, 'John Solis', '(838)809-0143');
INSERT INTO Member (ID, FirstName, LastName, PreferredName, GraduationYear, IsGradStudent, ActivationDate, CarPlate, CarState, CarPassCount, EmerContactName, EmerContactPhone) VALUES (196, 'Patty', 'Johnson', 'Patty', 2025, FALSE, '2024-08-10', '966 SNH', 'NY', 3, 'Desiree Sherman', '(923)287-3151x155');
INSERT INTO Member (ID, FirstName, LastName, PreferredName, GraduationYear, IsGradStudent, ActivationDate, CarPlate, CarState, CarPassCount, EmerContactName, EmerContactPhone) VALUES (197, 'Mark', 'Wilkins', 'Mark', 2026, FALSE, '2023-10-31', NULL, NULL, 0, 'Jeffery Norton', '+1-461-824-4598');
INSERT INTO Member (ID, FirstName, LastName, PreferredName, GraduationYear, IsGradStudent, ActivationDate, CarPlate, CarState, CarPassCount, EmerContactName, EmerContactPhone) VALUES (198, 'Raymond', 'Johnson', 'Raymond', 2025, FALSE, '2024-02-21', NULL, NULL, 0, 'Sheila Johnson', '989.326.8689x6811');
INSERT INTO Member (ID, FirstName, LastName, PreferredName, GraduationYear, IsGradStudent, ActivationDate, CarPlate, CarState, CarPassCount, EmerContactName, EmerContactPhone) VALUES (199, 'Brianna', 'Thornton', 'Brianna', 2028, TRUE, '2025-03-31', '01E 1810', 'UT', 0, 'Jill Flores', '8839972535');

-- 🏠 ADDRESSES
INSERT INTO Address (ID, Member, Nickname, Line1, Line2, State, Zip) VALUES (100, 100, 'Apartment', '15697 Cantu Cove', 'Apt 19', 'MA', '39600');
INSERT INTO Address (ID, Member, Nickname, Line1, Line2, State, Zip) VALUES (101, 101, 'Home', '9150 David Spurs Apt. 782', NULL, 'ME', '08201');
INSERT INTO Address (ID, Member, Nickname, Line1, Line2, State, Zip) VALUES (102, 102, 'Campus', '473 David Islands Suite 663', NULL, 'ME', '36752');
INSERT INTO Address (ID, Member, Nickname, Line1, Line2, State, Zip) VALUES (103, 103, 'Apartment', '436 Kathleen Drives', 'Apt 31', 'RI', '56613');
INSERT INTO Address (ID, Member, Nickname, Line1, Line2, State, Zip) VALUES (104, 103, 'Apartment', '6779 Ortega Dale', NULL, 'NY', '12145');
INSERT INTO Address (ID, Member, Nickname, Line1, Line2, State, Zip) VALUES (105, 104, 'Dorm', '458 Collins Isle Apt. 829', 'Apt 19', 'VT', '65644');
INSERT INTO Address (ID, Member, Nickname, Line1, Line2, State, Zip) VALUES (106, 105, 'Apartment', '55010 Kaitlyn Pike', NULL, 'NH', '08676');
INSERT INTO Address (ID, Member, Nickname, Line1, Line2, State, Zip) VALUES (107, 105, 'Campus', '1996 Stewart Mews Suite 458', NULL, 'RI', '21589');
INSERT INTO Address (ID, Member, Nickname, Line1, Line2, State, Zip) VALUES (108, 106, 'Apartment', '8191 Scott Locks', NULL, 'ME', '93283');
INSERT INTO Address (ID, Member, Nickname, Line1, Line2, State, Zip) VALUES (109, 107, 'Apartment', '2373 Kathy Walks', 'Apt 33', 'NH', '05294');
INSERT INTO Address (ID, Member, Nickname, Line1, Line2, State, Zip) VALUES (110, 107, 'School', '9057 Hannah Green Apt. 011', 'Apt 20', 'RI', '21384');
INSERT INTO Address (ID, Member, Nickname, Line1, Line2, State, Zip) VALUES (111, 108, 'Dorm', '220 Lori Flat', NULL, 'RI', '71232');
INSERT INTO Address (ID, Member, Nickname, Line1, Line2, State, Zip) VALUES (112, 109, 'Campus', '1919 Patrick View Apt. 348', NULL, 'CT', '09521');
INSERT INTO Address (ID, Member, Nickname, Line1, Line2, State, Zip) VALUES (113, 110, 'Parent Home', '751 Todd Overpass', 'Apt 1', 'VT', '95417');
INSERT INTO Address (ID, Member, Nickname, Line1, Line2, State, Zip) VALUES (114, 110, 'Home', '1625 Turner Pines', NULL, 'VT', '73088');
INSERT INTO Address (ID, Member, Nickname, Line1, Line2, State, Zip) VALUES (115, 111, 'School', '0396 Vaughn Parks Suite 088', NULL, 'RI', '10818');
INSERT INTO Address (ID, Member, Nickname, Line1, Line2, State, Zip) VALUES (116, 112, 'Apartment', '61982 Robert Mountains Suite 704', NULL, 'VT', '93633');
INSERT INTO Address (ID, Member, Nickname, Line1, Line2, State, Zip) VALUES (117, 112, 'Parent Home', '11185 Michael Dale Suite 152', 'Apt 19', 'NH', '29819');
INSERT INTO Address (ID, Member, Nickname, Line1, Line2, State, Zip) VALUES (118, 113, 'School', '91224 Jason Mountains', 'Apt 48', 'NY', '52005');
INSERT INTO Address (ID, Member, Nickname, Line1, Line2, State, Zip) VALUES (119, 113, 'Apartment', '8650 Tracy Field Suite 095', NULL, 'RI', '95121');
INSERT INTO Address (ID, Member, Nickname, Line1, Line2, State, Zip) VALUES (120, 114, 'Home', '578 White Extensions Apt. 464', NULL, 'MA', '59562');
INSERT INTO Address (ID, Member, Nickname, Line1, Line2, State, Zip) VALUES (121, 114, 'Campus', '210 Gross Dam Suite 715', NULL, 'NY', '54268');
INSERT INTO Address (ID, Member, Nickname, Line1, Line2, State, Zip) VALUES (122, 115, 'Apartment', '7219 Cassandra Tunnel Suite 081', 'Apt 8', 'ME', '95562');
INSERT INTO Address (ID, Member, Nickname, Line1, Line2, State, Zip) VALUES (123, 115, 'Apartment', '6233 Massey Crossroad', 'Apt 11', 'RI', '68596');
INSERT INTO Address (ID, Member, Nickname, Line1, Line2, State, Zip) VALUES (124, 116, 'Home', '12666 Bobby Road Suite 632', NULL, 'MA', '46101');
INSERT INTO Address (ID, Member, Nickname, Line1, Line2, State, Zip) VALUES (125, 117, 'Dorm', '156 Kimberly Cape Suite 934', NULL, 'RI', '47853');
INSERT INTO Address (ID, Member, Nickname, Line1, Line2, State, Zip) VALUES (126, 117, 'Apartment', '131 Kimberly Summit', NULL, 'NY', '12499');
INSERT INTO Address (ID, Member, Nickname, Line1, Line2, State, Zip) VALUES (127, 118, 'Parent Home', '506 Robert Spurs Apt. 426', 'Apt 1', 'MA', '28073');
INSERT INTO Address (ID, Member, Nickname, Line1, Line2, State, Zip) VALUES (128, 119, 'Campus', '917 Emily Union', NULL, 'VT', '51099');
INSERT INTO Address (ID, Member, Nickname, Line1, Line2, State, Zip) VALUES (129, 120, 'Campus', '6182 Ellison Fields Apt. 529', NULL, 'NY', '34129');
INSERT INTO Address (ID, Member, Nickname, Line1, Line2, State, Zip) VALUES (130, 120, 'Home', '882 Smith Harbor', NULL, 'CT', '08092');
INSERT INTO Address (ID, Member, Nickname, Line1, Line2, State, Zip) VALUES (131, 121, 'Parent Home', '705 Dylan Points Apt. 067', NULL, 'MA', '84836');
INSERT INTO Address (ID, Member, Nickname, Line1, Line2, State, Zip) VALUES (132, 121, 'Parent Home', '507 Porter Circles', NULL, 'MA', '22125');
INSERT INTO Address (ID, Member, Nickname, Line1, Line2, State, Zip) VALUES (133, 122, 'Apartment', '40178 Jones Lights', NULL, 'VT', '74218');
INSERT INTO Address (ID, Member, Nickname, Line1, Line2, State, Zip) VALUES (134, 123, 'Apartment', '5191 Lindsay Plains Apt. 450', 'Apt 33', 'NH', '29871');
INSERT INTO Address (ID, Member, Nickname, Line1, Line2, State, Zip) VALUES (135, 124, 'Apartment', '6835 Mosley Green Suite 756', 'Apt 42', 'VT', '44383');
INSERT INTO Address (ID, Member, Nickname, Line1, Line2, State, Zip) VALUES (136, 125, 'Campus', '1108 Kenneth Forge', NULL, 'RI', '95646');
INSERT INTO Address (ID, Member, Nickname, Line1, Line2, State, Zip) VALUES (137, 125, 'Parent Home', '1567 Judith Falls', 'Apt 40', 'NH', '31283');
INSERT INTO Address (ID, Member, Nickname, Line1, Line2, State, Zip) VALUES (138, 126, 'School', '4505 King Plaza', NULL, 'RI', '52098');
INSERT INTO Address (ID, Member, Nickname, Line1, Line2, State, Zip) VALUES (139, 127, 'Apartment', '196 Adams Coves', NULL, 'VT', '97585');
INSERT INTO Address (ID, Member, Nickname, Line1, Line2, State, Zip) VALUES (140, 128, 'Parent Home', '2078 Kaufman Springs', NULL, 'NY', '92912');
INSERT INTO Address (ID, Member, Nickname, Line1, Line2, State, Zip) VALUES (141, 128, 'Home', '4014 Taylor Dam', NULL, 'ME', '21768');
INSERT INTO Address (ID, Member, Nickname, Line1, Line2, State, Zip) VALUES (142, 129, 'Home', '28062 Peters Fords', 'Apt 15', 'VT', '68179');
INSERT INTO Address (ID, Member, Nickname, Line1, Line2, State, Zip) VALUES (143, 129, 'Home', '1872 Robert Parkways Apt. 272', NULL, 'MA', '73429');
INSERT INTO Address (ID, Member, Nickname, Line1, Line2, State, Zip) VALUES (144, 130, 'Campus', '03187 Daniel Causeway', NULL, 'MA', '12188');
INSERT INTO Address (ID, Member, Nickname, Line1, Line2, State, Zip) VALUES (145, 130, 'Home', '021 John Terrace Suite 913', NULL, 'MA', '90298');
INSERT INTO Address (ID, Member, Nickname, Line1, Line2, State, Zip) VALUES (146, 131, 'Campus', '09999 Donna View', 'Apt 26', 'CT', '88335');
INSERT INTO Address (ID, Member, Nickname, Line1, Line2, State, Zip) VALUES (147, 132, 'Campus', '9802 Price Squares', NULL, 'RI', '22025');
INSERT INTO Address (ID, Member, Nickname, Line1, Line2, State, Zip) VALUES (148, 133, 'Home', '7978 Pittman Estates', NULL, 'ME', '16881');
INSERT INTO Address (ID, Member, Nickname, Line1, Line2, State, Zip) VALUES (149, 134, 'Parent Home', '399 Cheryl Plaza Apt. 061', NULL, 'CT', '36987');
INSERT INTO Address (ID, Member, Nickname, Line1, Line2, State, Zip) VALUES (150, 135, 'Apartment', '11986 Donald Highway Suite 551', 'Apt 36', 'ME', '89876');
INSERT INTO Address (ID, Member, Nickname, Line1, Line2, State, Zip) VALUES (151, 135, 'Dorm', '82576 Quinn Points', NULL, 'NH', '65384');
INSERT INTO Address (ID, Member, Nickname, Line1, Line2, State, Zip) VALUES (152, 136, 'Parent Home', '570 Jose Track Apt. 916', 'Apt 32', 'NH', '71106');
INSERT INTO Address (ID, Member, Nickname, Line1, Line2, State, Zip) VALUES (153, 137, 'Dorm', '602 Lisa Ways Apt. 036', 'Apt 39', 'ME', '82297');
INSERT INTO Address (ID, Member, Nickname, Line1, Line2, State, Zip) VALUES (154, 138, 'School', '4550 Henry Ferry Suite 275', NULL, 'NY', '32879');
INSERT INTO Address (ID, Member, Nickname, Line1, Line2, State, Zip) VALUES (155, 139, 'Campus', '9974 Moore Point', NULL, 'RI', '27406');
INSERT INTO Address (ID, Member, Nickname, Line1, Line2, State, Zip) VALUES (156, 139, 'Parent Home', '56647 Edward Village', 'Apt 10', 'NY', '19582');
INSERT INTO Address (ID, Member, Nickname, Line1, Line2, State, Zip) VALUES (157, 140, 'Home', '515 Michael Union Apt. 014', 'Apt 30', 'VT', '49052');
INSERT INTO Address (ID, Member, Nickname, Line1, Line2, State, Zip) VALUES (158, 141, 'School', '37429 Mccann Turnpike Apt. 992', NULL, 'CT', '89585');
INSERT INTO Address (ID, Member, Nickname, Line1, Line2, State, Zip) VALUES (159, 142, 'Apartment', '967 Travis Tunnel Apt. 521', 'Apt 14', 'NH', '67854');
INSERT INTO Address (ID, Member, Nickname, Line1, Line2, State, Zip) VALUES (160, 143, 'Home', '211 Robyn Trafficway Apt. 568', NULL, 'RI', '85607');
INSERT INTO Address (ID, Member, Nickname, Line1, Line2, State, Zip) VALUES (161, 143, 'Campus', '0712 Derrick Union', NULL, 'VT', '02226');
INSERT INTO Address (ID, Member, Nickname, Line1, Line2, State, Zip) VALUES (162, 144, 'Dorm', '886 Maria Court', NULL, 'CT', '42334');
INSERT INTO Address (ID, Member, Nickname, Line1, Line2, State, Zip) VALUES (163, 144, 'Dorm', '16694 Tucker Motorway', NULL, 'NY', '22781');
INSERT INTO Address (ID, Member, Nickname, Line1, Line2, State, Zip) VALUES (164, 145, 'School', '887 Kayla Rest', 'Apt 47', 'ME', '78808');
INSERT INTO Address (ID, Member, Nickname, Line1, Line2, State, Zip) VALUES (165, 145, 'Campus', '20625 Ross Union', NULL, 'RI', '33051');
INSERT INTO Address (ID, Member, Nickname, Line1, Line2, State, Zip) VALUES (166, 146, 'Apartment', '37835 Ferguson Vista Suite 677', NULL, 'VT', '38916');
INSERT INTO Address (ID, Member, Nickname, Line1, Line2, State, Zip) VALUES (167, 146, 'Parent Home', '342 Kyle Village', NULL, 'VT', '46409');
INSERT INTO Address (ID, Member, Nickname, Line1, Line2, State, Zip) VALUES (168, 147, 'Dorm', '3321 Newton Pass', 'Apt 8', 'NH', '01570');
INSERT INTO Address (ID, Member, Nickname, Line1, Line2, State, Zip) VALUES (169, 148, 'Campus', '999 Rogers Park', NULL, 'RI', '47264');
INSERT INTO Address (ID, Member, Nickname, Line1, Line2, State, Zip) VALUES (170, 149, 'Home', '9914 Donovan Radial', NULL, 'MA', '58651');
INSERT INTO Address (ID, Member, Nickname, Line1, Line2, State, Zip) VALUES (171, 149, 'Apartment', '9004 Chambers Turnpike', NULL, 'MA', '56755');
INSERT INTO Address (ID, Member, Nickname, Line1, Line2, State, Zip) VALUES (172, 150, 'School', '71531 Melissa Mountain', NULL, 'CT', '36116');
INSERT INTO Address (ID, Member, Nickname, Line1, Line2, State, Zip) VALUES (173, 150, 'Apartment', '299 Sellers Ranch', NULL, 'VT', '02690');
INSERT INTO Address (ID, Member, Nickname, Line1, Line2, State, Zip) VALUES (174, 151, 'Dorm', '3478 Frank Course Apt. 855', 'Apt 28', 'CT', '97865');
INSERT INTO Address (ID, Member, Nickname, Line1, Line2, State, Zip) VALUES (175, 151, 'Apartment', '996 Christine Locks', 'Apt 25', 'NH', '24930');
INSERT INTO Address (ID, Member, Nickname, Line1, Line2, State, Zip) VALUES (176, 152, 'Apartment', '89683 Benjamin Islands Suite 349', NULL, 'CT', '20469');
INSERT INTO Address (ID, Member, Nickname, Line1, Line2, State, Zip) VALUES (177, 153, 'Dorm', '992 Martinez Flats', 'Apt 47', 'CT', '01637');
INSERT INTO Address (ID, Member, Nickname, Line1, Line2, State, Zip) VALUES (178, 154, 'Home', '7932 Rachel Path Suite 673', 'Apt 19', 'ME', '61702');
INSERT INTO Address (ID, Member, Nickname, Line1, Line2, State, Zip) VALUES (179, 154, 'Dorm', '6071 Melissa Keys Apt. 559', NULL, 'CT', '39947');
INSERT INTO Address (ID, Member, Nickname, Line1, Line2, State, Zip) VALUES (180, 155, 'Parent Home', '8531 Abbott Ferry Suite 013', 'Apt 5', 'VT', '18929');
INSERT INTO Address (ID, Member, Nickname, Line1, Line2, State, Zip) VALUES (181, 156, 'Campus', '436 Barbara Springs', NULL, 'NY', '10796');
INSERT INTO Address (ID, Member, Nickname, Line1, Line2, State, Zip) VALUES (182, 157, 'Campus', '424 Brittney Street Suite 760', 'Apt 37', 'MA', '48543');
INSERT INTO Address (ID, Member, Nickname, Line1, Line2, State, Zip) VALUES (183, 157, 'Apartment', '8219 King Vista', NULL, 'MA', '69765');
INSERT INTO Address (ID, Member, Nickname, Line1, Line2, State, Zip) VALUES (184, 158, 'Campus', '751 Thompson Meadow', 'Apt 30', 'MA', '07616');
INSERT INTO Address (ID, Member, Nickname, Line1, Line2, State, Zip) VALUES (185, 158, 'Dorm', '3890 Scott Tunnel', 'Apt 2', 'NY', '91229');
INSERT INTO Address (ID, Member, Nickname, Line1, Line2, State, Zip) VALUES (186, 159, 'Parent Home', '127 Crawford Plaza', NULL, 'NY', '11657');
INSERT INTO Address (ID, Member, Nickname, Line1, Line2, State, Zip) VALUES (187, 159, 'Parent Home', '57700 Fuller Camp', NULL, 'VT', '69011');
INSERT INTO Address (ID, Member, Nickname, Line1, Line2, State, Zip) VALUES (188, 160, 'Parent Home', '09444 Patrick Junctions', 'Apt 29', 'NY', '35303');
INSERT INTO Address (ID, Member, Nickname, Line1, Line2, State, Zip) VALUES (189, 160, 'School', '7223 Rogers Track', NULL, 'ME', '33936');
INSERT INTO Address (ID, Member, Nickname, Line1, Line2, State, Zip) VALUES (190, 161, 'Apartment', '326 Williams Corner', NULL, 'MA', '00859');
INSERT INTO Address (ID, Member, Nickname, Line1, Line2, State, Zip) VALUES (191, 162, 'Campus', '88477 Denise Trace', 'Apt 35', 'NY', '73724');
INSERT INTO Address (ID, Member, Nickname, Line1, Line2, State, Zip) VALUES (192, 163, 'Home', '04169 Tracy Island', NULL, 'ME', '81506');
INSERT INTO Address (ID, Member, Nickname, Line1, Line2, State, Zip) VALUES (193, 164, 'School', '1240 Rogers Ports', NULL, 'VT', '14925');
INSERT INTO Address (ID, Member, Nickname, Line1, Line2, State, Zip) VALUES (194, 165, 'Dorm', '1548 Douglas Ports', NULL, 'ME', '45470');
INSERT INTO Address (ID, Member, Nickname, Line1, Line2, State, Zip) VALUES (195, 165, 'Parent Home', '353 Dominguez Mountains', 'Apt 50', 'NY', '99477');
INSERT INTO Address (ID, Member, Nickname, Line1, Line2, State, Zip) VALUES (196, 166, 'Dorm', '67630 Todd Turnpike Apt. 979', 'Apt 36', 'NH', '46367');
INSERT INTO Address (ID, Member, Nickname, Line1, Line2, State, Zip) VALUES (197, 166, 'Dorm', '784 Atkins Ridge', NULL, 'VT', '32017');
INSERT INTO Address (ID, Member, Nickname, Line1, Line2, State, Zip) VALUES (198, 167, 'Apartment', '134 Stephanie Square', NULL, 'RI', '88659');
INSERT INTO Address (ID, Member, Nickname, Line1, Line2, State, Zip) VALUES (199, 167, 'School', '5461 Anthony Valleys Suite 604', 'Apt 10', 'VT', '80715');
INSERT INTO Address (ID, Member, Nickname, Line1, Line2, State, Zip) VALUES (200, 168, 'Dorm', '21304 Davis Ridges Apt. 874', NULL, 'NY', '68712');
INSERT INTO Address (ID, Member, Nickname, Line1, Line2, State, Zip) VALUES (201, 168, 'School', '96554 Courtney Ferry', NULL, 'NH', '84216');
INSERT INTO Address (ID, Member, Nickname, Line1, Line2, State, Zip) VALUES (202, 169, 'School', '779 Maynard Shore Apt. 424', NULL, 'NY', '50771');
INSERT INTO Address (ID, Member, Nickname, Line1, Line2, State, Zip) VALUES (203, 169, 'Campus', '52771 Gina Vista', NULL, 'NY', '57123');
INSERT INTO Address (ID, Member, Nickname, Line1, Line2, State, Zip) VALUES (204, 170, 'Home', '743 William Road', 'Apt 28', 'VT', '36352');
INSERT INTO Address (ID, Member, Nickname, Line1, Line2, State, Zip) VALUES (205, 170, 'Parent Home', '799 Michael Street', 'Apt 34', 'CT', '60792');
INSERT INTO Address (ID, Member, Nickname, Line1, Line2, State, Zip) VALUES (206, 171, 'Home', '2385 Lisa Cliffs Apt. 981', 'Apt 7', 'MA', '46152');
INSERT INTO Address (ID, Member, Nickname, Line1, Line2, State, Zip) VALUES (207, 172, 'School', '142 Smith Glen', 'Apt 20', 'VT', '93962');
INSERT INTO Address (ID, Member, Nickname, Line1, Line2, State, Zip) VALUES (208, 173, 'Apartment', '21192 Dorsey Walks Suite 181', NULL, 'NY', '08113');
INSERT INTO Address (ID, Member, Nickname, Line1, Line2, State, Zip) VALUES (209, 173, 'Dorm', '195 Robles Ways', NULL, 'CT', '50646');
INSERT INTO Address (ID, Member, Nickname, Line1, Line2, State, Zip) VALUES (210, 174, 'Parent Home', '12672 Moore Inlet', 'Apt 49', 'MA', '67354');
INSERT INTO Address (ID, Member, Nickname, Line1, Line2, State, Zip) VALUES (211, 174, 'Apartment', '048 Ricky Prairie Apt. 653', NULL, 'NY', '33936');
INSERT INTO Address (ID, Member, Nickname, Line1, Line2, State, Zip) VALUES (212, 175, 'Home', '831 Sullivan Flat', NULL, 'RI', '48985');
INSERT INTO Address (ID, Member, Nickname, Line1, Line2, State, Zip) VALUES (213, 176, 'Dorm', '64905 Jackson Crossroad Suite 559', 'Apt 4', 'MA', '04679');
INSERT INTO Address (ID, Member, Nickname, Line1, Line2, State, Zip) VALUES (214, 177, 'School', '77024 Coffey Pine', NULL, 'NY', '59795');
INSERT INTO Address (ID, Member, Nickname, Line1, Line2, State, Zip) VALUES (215, 177, 'Dorm', '5039 Schwartz Trail Suite 936', 'Apt 36', 'RI', '66059');
INSERT INTO Address (ID, Member, Nickname, Line1, Line2, State, Zip) VALUES (216, 178, 'Parent Home', '35675 Maxwell Street', NULL, 'NY', '90022');
INSERT INTO Address (ID, Member, Nickname, Line1, Line2, State, Zip) VALUES (217, 179, 'Campus', '14398 Stephen Corner', NULL, 'ME', '33638');
INSERT INTO Address (ID, Member, Nickname, Line1, Line2, State, Zip) VALUES (218, 179, 'Apartment', '08084 Glen Wall', 'Apt 23', 'CT', '61748');
INSERT INTO Address (ID, Member, Nickname, Line1, Line2, State, Zip) VALUES (219, 180, 'Parent Home', '879 Jessica Cliffs', NULL, 'VT', '91460');
INSERT INTO Address (ID, Member, Nickname, Line1, Line2, State, Zip) VALUES (220, 181, 'Home', '52689 Wall Spurs', 'Apt 19', 'NH', '69397');
INSERT INTO Address (ID, Member, Nickname, Line1, Line2, State, Zip) VALUES (221, 182, 'Dorm', '10331 Michael Canyon', NULL, 'VT', '64691');
INSERT INTO Address (ID, Member, Nickname, Line1, Line2, State, Zip) VALUES (222, 182, 'School', '64092 Samuel Plain Apt. 370', NULL, 'ME', '43376');
INSERT INTO Address (ID, Member, Nickname, Line1, Line2, State, Zip) VALUES (223, 183, 'Home', '208 Padilla Ports Suite 429', NULL, 'CT', '45801');
INSERT INTO Address (ID, Member, Nickname, Line1, Line2, State, Zip) VALUES (224, 183, 'Dorm', '6607 Jennifer Canyon Apt. 499', NULL, 'MA', '80805');
INSERT INTO Address (ID, Member, Nickname, Line1, Line2, State, Zip) VALUES (225, 184, 'Home', '4777 Kristin Place Apt. 237', NULL, 'RI', '58828');
INSERT INTO Address (ID, Member, Nickname, Line1, Line2, State, Zip) VALUES (226, 185, 'Apartment', '850 Williams Court Suite 801', NULL, 'NY', '36950');
INSERT INTO Address (ID, Member, Nickname, Line1, Line2, State, Zip) VALUES (227, 186, 'Home', '5136 Randall Pines', NULL, 'RI', '71798');
INSERT INTO Address (ID, Member, Nickname, Line1, Line2, State, Zip) VALUES (228, 187, 'Apartment', '535 Daniel Points', 'Apt 31', 'NH', '78093');
INSERT INTO Address (ID, Member, Nickname, Line1, Line2, State, Zip) VALUES (229, 188, 'Home', '042 Roy Highway Apt. 940', 'Apt 15', 'CT', '91112');
INSERT INTO Address (ID, Member, Nickname, Line1, Line2, State, Zip) VALUES (230, 189, 'Campus', '0926 Roger Prairie', 'Apt 22', 'MA', '26527');
INSERT INTO Address (ID, Member, Nickname, Line1, Line2, State, Zip) VALUES (231, 189, 'Dorm', '2562 Robles Parkways Suite 994', NULL, 'ME', '60287');
INSERT INTO Address (ID, Member, Nickname, Line1, Line2, State, Zip) VALUES (232, 190, 'Apartment', '114 Conrad Squares Apt. 960', NULL, 'NY', '50361');
INSERT INTO Address (ID, Member, Nickname, Line1, Line2, State, Zip) VALUES (233, 190, 'Campus', '354 Palmer Estate', 'Apt 35', 'NY', '70771');
INSERT INTO Address (ID, Member, Nickname, Line1, Line2, State, Zip) VALUES (234, 191, 'Parent Home', '2535 Benjamin Pine', 'Apt 16', 'RI', '37223');
INSERT INTO Address (ID, Member, Nickname, Line1, Line2, State, Zip) VALUES (235, 192, 'Dorm', '937 Velasquez Via Apt. 068', NULL, 'RI', '18727');
INSERT INTO Address (ID, Member, Nickname, Line1, Line2, State, Zip) VALUES (236, 193, 'Apartment', '06497 Moore Plaza Apt. 274', 'Apt 22', 'NH', '06852');
INSERT INTO Address (ID, Member, Nickname, Line1, Line2, State, Zip) VALUES (237, 193, 'School', '24225 Hill Station Apt. 511', NULL, 'VT', '25857');
INSERT INTO Address (ID, Member, Nickname, Line1, Line2, State, Zip) VALUES (238, 194, 'Dorm', '2010 English Shoal', 'Apt 43', 'RI', '52362');
INSERT INTO Address (ID, Member, Nickname, Line1, Line2, State, Zip) VALUES (239, 195, 'Parent Home', '999 Ortega Freeway', NULL, 'ME', '18918');
INSERT INTO Address (ID, Member, Nickname, Line1, Line2, State, Zip) VALUES (240, 195, 'Parent Home', '294 Rodriguez Brooks Apt. 458', NULL, 'NY', '40027');
INSERT INTO Address (ID, Member, Nickname, Line1, Line2, State, Zip) VALUES (241, 196, 'Home', '525 Sarah Ports', NULL, 'RI', '13599');
INSERT INTO Address (ID, Member, Nickname, Line1, Line2, State, Zip) VALUES (242, 196, 'Dorm', '340 Simmons Wall Suite 472', NULL, 'RI', '35801');
INSERT INTO Address (ID, Member, Nickname, Line1, Line2, State, Zip) VALUES (243, 197, 'School', '5040 Brown Drive Suite 336', NULL, 'NH', '41344');
INSERT INTO Address (ID, Member, Nickname, Line1, Line2, State, Zip) VALUES (244, 198, 'Parent Home', '077 Daniel Shoals', NULL, 'RI', '64218');
INSERT INTO Address (ID, Member, Nickname, Line1, Line2, State, Zip) VALUES (245, 199, 'Dorm', '799 Clark Garden Apt. 189', 'Apt 50', 'MA', '13267');
INSERT INTO Address (ID, Member, Nickname, Line1, Line2, State, Zip) VALUES (246, 199, 'Dorm', '969 Scott Stream Apt. 923', NULL, 'CT', '19469');

-- 🤧 ALLERGIES
INSERT INTO Allergy (ID, Name) VALUES (20, 'Shellfish');
INSERT INTO Allergy (ID, Name) VALUES (21, 'Fish');
INSERT INTO Allergy (ID, Name) VALUES (22, 'Eggs');
INSERT INTO Allergy (ID, Name) VALUES (23, 'Soy');
INSERT INTO Allergy (ID, Name) VALUES (24, 'Sesame');
INSERT INTO Allergy (ID, Name) VALUES (25, 'Sulfites');
INSERT INTO Allergy (ID, Name) VALUES (26, 'Latex');
INSERT INTO Allergy (ID, Name) VALUES (27, 'Dust Mites');
INSERT INTO Allergy (ID, Name) VALUES (28, 'Pet Dander');
INSERT INTO Allergy (ID, Name) VALUES (29, 'Pollen');
INSERT INTO Allergy (ID, Name) VALUES (30, 'Bee Stings');
INSERT INTO Allergy (ID, Name) VALUES (31, 'Penicillin');
INSERT INTO Allergy (ID, Name) VALUES (32, 'Aspirin');
INSERT INTO Allergy (ID, Name) VALUES (33, 'Strawberries');
INSERT INTO Allergy (ID, Name) VALUES (34, 'Chocolate');

-- 🤧 ALLERGY USERS
INSERT INTO AllergyUsers (UserID, AllergyID) VALUES (103, 28);
INSERT INTO AllergyUsers (UserID, AllergyID) VALUES (103, 25);
INSERT INTO AllergyUsers (UserID, AllergyID) VALUES (106, 31);
INSERT INTO AllergyUsers (UserID, AllergyID) VALUES (106, 24);
INSERT INTO AllergyUsers (UserID, AllergyID) VALUES (115, 23);
INSERT INTO AllergyUsers (UserID, AllergyID) VALUES (115, 22);
INSERT INTO AllergyUsers (UserID, AllergyID) VALUES (118, 23);
INSERT INTO AllergyUsers (UserID, AllergyID) VALUES (120, 33);
INSERT INTO AllergyUsers (UserID, AllergyID) VALUES (120, 27);
INSERT INTO AllergyUsers (UserID, AllergyID) VALUES (123, 22);
INSERT INTO AllergyUsers (UserID, AllergyID) VALUES (127, 24);
INSERT INTO AllergyUsers (UserID, AllergyID) VALUES (127, 27);
INSERT INTO AllergyUsers (UserID, AllergyID) VALUES (131, 28);
INSERT INTO AllergyUsers (UserID, AllergyID) VALUES (133, 29);
INSERT INTO AllergyUsers (UserID, AllergyID) VALUES (139, 25);
INSERT INTO AllergyUsers (UserID, AllergyID) VALUES (145, 32);
INSERT INTO AllergyUsers (UserID, AllergyID) VALUES (146, 28);
INSERT INTO AllergyUsers (UserID, AllergyID) VALUES (153, 21);
INSERT INTO AllergyUsers (UserID, AllergyID) VALUES (153, 26);
INSERT INTO AllergyUsers (UserID, AllergyID) VALUES (154, 20);
INSERT INTO AllergyUsers (UserID, AllergyID) VALUES (154, 23);
INSERT INTO AllergyUsers (UserID, AllergyID) VALUES (162, 26);
INSERT INTO AllergyUsers (UserID, AllergyID) VALUES (165, 27);
INSERT INTO AllergyUsers (UserID, AllergyID) VALUES (176, 27);
INSERT INTO AllergyUsers (UserID, AllergyID) VALUES (180, 29);
INSERT INTO AllergyUsers (UserID, AllergyID) VALUES (180, 31);
INSERT INTO AllergyUsers (UserID, AllergyID) VALUES (181, 29);
INSERT INTO AllergyUsers (UserID, AllergyID) VALUES (181, 28);
INSERT INTO AllergyUsers (UserID, AllergyID) VALUES (182, 32);
INSERT INTO AllergyUsers (UserID, AllergyID) VALUES (184, 21);
INSERT INTO AllergyUsers (UserID, AllergyID) VALUES (184, 25);
INSERT INTO AllergyUsers (UserID, AllergyID) VALUES (188, 20);
INSERT INTO AllergyUsers (UserID, AllergyID) VALUES (188, 27);
INSERT INTO AllergyUsers (UserID, AllergyID) VALUES (190, 20);
INSERT INTO AllergyUsers (UserID, AllergyID) VALUES (190, 21);
INSERT INTO AllergyUsers (UserID, AllergyID) VALUES (197, 20);
INSERT INTO AllergyUsers (UserID, AllergyID) VALUES (198, 34);
INSERT INTO AllergyUsers (UserID, AllergyID) VALUES (198, 24);
INSERT INTO AllergyUsers (UserID, AllergyID) VALUES (199, 30);

-- 📄 PAGES
INSERT INTO Page (ID, Slug) VALUES (1, 'home');
INSERT INTO Page (ID, Slug) VALUES (2, 'profile');
INSERT INTO Page (ID, Slug) VALUES (3, 'events');
INSERT INTO Page (ID, Slug) VALUES (4, 'members');
INSERT INTO Page (ID, Slug) VALUES (5, 'gear');
INSERT INTO Page (ID, Slug) VALUES (6, 'communications');
INSERT INTO Page (ID, Slug) VALUES (7, 'treasury');
INSERT INTO Page (ID, Slug) VALUES (8, 'budget');
INSERT INTO Page (ID, Slug) VALUES (9, 'reimbursements');
INSERT INTO Page (ID, Slug) VALUES (10, 'safety');
INSERT INTO Page (ID, Slug) VALUES (11, 'inventory');
INSERT INTO Page (ID, Slug) VALUES (12, 'social');
INSERT INTO Page (ID, Slug) VALUES (13, 'admin');
INSERT INTO Page (ID, Slug) VALUES (14, 'elections');
INSERT INTO Page (ID, Slug) VALUES (15, 'feedback');
INSERT INTO Page (ID, Slug) VALUES (16, 'reports');

-- 🔐 PERMISSIONS
INSERT INTO Permission (ID, Title) VALUES (5, 'Member');
INSERT INTO Permission (ID, Title) VALUES (20, 'VP Comm');
INSERT INTO Permission (ID, Title) VALUES (21, 'Safety Officer');
INSERT INTO Permission (ID, Title) VALUES (22, 'Gear Manager');
INSERT INTO Permission (ID, Title) VALUES (23, 'Social Chair');
INSERT INTO Permission (ID, Title) VALUES (24, 'Alumni');
INSERT INTO Permission (ID, Title) VALUES (25, 'Inactive Member');
INSERT INTO Permission (ID, Title) VALUES (26, 'Trip Leader');
INSERT INTO Permission (ID, Title) VALUES (27, 'New Member');
INSERT INTO Permission (ID, Title) VALUES (28, 'President');
INSERT INTO Permission (ID, Title) VALUES (29, 'VP Trips');
INSERT INTO Permission (ID, Title) VALUES (30, 'Treasurer');

-- 🔗 PAGE PERMISSIONS
INSERT INTO PagePermissions (PageID, PermissionID) VALUES (1, 5);
INSERT INTO PagePermissions (PageID, PermissionID) VALUES (2, 5);
INSERT INTO PagePermissions (PageID, PermissionID) VALUES (3, 5);
INSERT INTO PagePermissions (PageID, PermissionID) VALUES (5, 5);
INSERT INTO PagePermissions (PageID, PermissionID) VALUES (6, 5);
INSERT INTO PagePermissions (PageID, PermissionID) VALUES (14, 5);
INSERT INTO PagePermissions (PageID, PermissionID) VALUES (1, 20);
INSERT INTO PagePermissions (PageID, PermissionID) VALUES (2, 20);
INSERT INTO PagePermissions (PageID, PermissionID) VALUES (3, 20);
INSERT INTO PagePermissions (PageID, PermissionID) VALUES (4, 20);
INSERT INTO PagePermissions (PageID, PermissionID) VALUES (6, 20);
INSERT INTO PagePermissions (PageID, PermissionID) VALUES (13, 20);
INSERT INTO PagePermissions (PageID, PermissionID) VALUES (15, 20);
INSERT INTO PagePermissions (PageID, PermissionID) VALUES (1, 21);
INSERT INTO PagePermissions (PageID, PermissionID) VALUES (2, 21);
INSERT INTO PagePermissions (PageID, PermissionID) VALUES (3, 21);
INSERT INTO PagePermissions (PageID, PermissionID) VALUES (4, 21);
INSERT INTO PagePermissions (PageID, PermissionID) VALUES (10, 21);
INSERT INTO PagePermissions (PageID, PermissionID) VALUES (15, 21);
INSERT INTO PagePermissions (PageID, PermissionID) VALUES (1, 22);
INSERT INTO PagePermissions (PageID, PermissionID) VALUES (2, 22);
INSERT INTO PagePermissions (PageID, PermissionID) VALUES (5, 22);
INSERT INTO PagePermissions (PageID, PermissionID) VALUES (11, 22);
INSERT INTO PagePermissions (PageID, PermissionID) VALUES (15, 22);
INSERT INTO PagePermissions (PageID, PermissionID) VALUES (1, 23);
INSERT INTO PagePermissions (PageID, PermissionID) VALUES (2, 23);
INSERT INTO PagePermissions (PageID, PermissionID) VALUES (3, 23);
INSERT INTO PagePermissions (PageID, PermissionID) VALUES (4, 23);
INSERT INTO PagePermissions (PageID, PermissionID) VALUES (12, 23);
INSERT INTO PagePermissions (PageID, PermissionID) VALUES (1, 24);
INSERT INTO PagePermissions (PageID, PermissionID) VALUES (2, 24);
INSERT INTO PagePermissions (PageID, PermissionID) VALUES (3, 24);
INSERT INTO PagePermissions (PageID, PermissionID) VALUES (6, 24);
INSERT INTO PagePermissions (PageID, PermissionID) VALUES (2, 25);
INSERT INTO PagePermissions (PageID, PermissionID) VALUES (1, 26);
INSERT INTO PagePermissions (PageID, PermissionID) VALUES (2, 26);
INSERT INTO PagePermissions (PageID, PermissionID) VALUES (3, 26);
INSERT INTO PagePermissions (PageID, PermissionID) VALUES (4, 26);
INSERT INTO PagePermissions (PageID, PermissionID) VALUES (5, 26);
INSERT INTO PagePermissions (PageID, PermissionID) VALUES (10, 26);
INSERT INTO PagePermissions (PageID, PermissionID) VALUES (15, 26);
INSERT INTO PagePermissions (PageID, PermissionID) VALUES (1, 27);
INSERT INTO PagePermissions (PageID, PermissionID) VALUES (2, 27);
INSERT INTO PagePermissions (PageID, PermissionID) VALUES (3, 27);
INSERT INTO PagePermissions (PageID, PermissionID) VALUES (14, 27);
INSERT INTO PagePermissions (PageID, PermissionID) VALUES (1, 28);
INSERT INTO PagePermissions (PageID, PermissionID) VALUES (2, 28);
INSERT INTO PagePermissions (PageID, PermissionID) VALUES (3, 28);
INSERT INTO PagePermissions (PageID, PermissionID) VALUES (4, 28);
INSERT INTO PagePermissions (PageID, PermissionID) VALUES (5, 28);
INSERT INTO PagePermissions (PageID, PermissionID) VALUES (6, 28);
INSERT INTO PagePermissions (PageID, PermissionID) VALUES (7, 28);
INSERT INTO PagePermissions (PageID, PermissionID) VALUES (8, 28);
INSERT INTO PagePermissions (PageID, PermissionID) VALUES (9, 28);
INSERT INTO PagePermissions (PageID, PermissionID) VALUES (10, 28);
INSERT INTO PagePermissions (PageID, PermissionID) VALUES (11, 28);
INSERT INTO PagePermissions (PageID, PermissionID) VALUES (12, 28);
INSERT INTO PagePermissions (PageID, PermissionID) VALUES (13, 28);
INSERT INTO PagePermissions (PageID, PermissionID) VALUES (14, 28);
INSERT INTO PagePermissions (PageID, PermissionID) VALUES (15, 28);
INSERT INTO PagePermissions (PageID, PermissionID) VALUES (16, 28);
INSERT INTO PagePermissions (PageID, PermissionID) VALUES (1, 29);
INSERT INTO PagePermissions (PageID, PermissionID) VALUES (2, 29);
INSERT INTO PagePermissions (PageID, PermissionID) VALUES (3, 29);
INSERT INTO PagePermissions (PageID, PermissionID) VALUES (4, 29);
INSERT INTO PagePermissions (PageID, PermissionID) VALUES (7, 29);
INSERT INTO PagePermissions (PageID, PermissionID) VALUES (8, 29);
INSERT INTO PagePermissions (PageID, PermissionID) VALUES (10, 29);
INSERT INTO PagePermissions (PageID, PermissionID) VALUES (15, 29);
INSERT INTO PagePermissions (PageID, PermissionID) VALUES (1, 30);
INSERT INTO PagePermissions (PageID, PermissionID) VALUES (2, 30);
INSERT INTO PagePermissions (PageID, PermissionID) VALUES (7, 30);
INSERT INTO PagePermissions (PageID, PermissionID) VALUES (8, 30);
INSERT INTO PagePermissions (PageID, PermissionID) VALUES (9, 30);
INSERT INTO PagePermissions (PageID, PermissionID) VALUES (15, 30);

-- MEMBER PERMISSIONS
INSERT INTO MemberPermissions (Permission, Member) VALUES (5, 100);
INSERT INTO MemberPermissions (Permission, Member) VALUES (5, 101);
INSERT INTO MemberPermissions (Permission, Member) VALUES (24, 102);
INSERT INTO MemberPermissions (Permission, Member) VALUES (23, 103);
INSERT INTO MemberPermissions (Permission, Member) VALUES (5, 104);
INSERT INTO MemberPermissions (Permission, Member) VALUES (5, 105);
INSERT INTO MemberPermissions (Permission, Member) VALUES (5, 106);
INSERT INTO MemberPermissions (Permission, Member) VALUES (5, 107);
INSERT INTO MemberPermissions (Permission, Member) VALUES (5, 108);
INSERT INTO MemberPermissions (Permission, Member) VALUES (5, 109);
INSERT INTO MemberPermissions (Permission, Member) VALUES (5, 110);
INSERT INTO MemberPermissions (Permission, Member) VALUES (5, 111);
INSERT INTO MemberPermissions (Permission, Member) VALUES (5, 112);
INSERT INTO MemberPermissions (Permission, Member) VALUES (5, 113);
INSERT INTO MemberPermissions (Permission, Member) VALUES (5, 114);
INSERT INTO MemberPermissions (Permission, Member) VALUES (5, 115);
INSERT INTO MemberPermissions (Permission, Member) VALUES (5, 116);
INSERT INTO MemberPermissions (Permission, Member) VALUES (5, 117);
INSERT INTO MemberPermissions (Permission, Member) VALUES (26, 118);
INSERT INTO MemberPermissions (Permission, Member) VALUES (5, 119);
INSERT INTO MemberPermissions (Permission, Member) VALUES (26, 120);
INSERT INTO MemberPermissions (Permission, Member) VALUES (5, 121);
INSERT INTO MemberPermissions (Permission, Member) VALUES (5, 122);
INSERT INTO MemberPermissions (Permission, Member) VALUES (5, 123);
INSERT INTO MemberPermissions (Permission, Member) VALUES (5, 124);
INSERT INTO MemberPermissions (Permission, Member) VALUES (5, 125);
INSERT INTO MemberPermissions (Permission, Member) VALUES (5, 126);
INSERT INTO MemberPermissions (Permission, Member) VALUES (5, 127);
INSERT INTO MemberPermissions (Permission, Member) VALUES (21, 128);
INSERT INTO MemberPermissions (Permission, Member) VALUES (5, 129);
INSERT INTO MemberPermissions (Permission, Member) VALUES (5, 130);
INSERT INTO MemberPermissions (Permission, Member) VALUES (27, 131);
INSERT INTO MemberPermissions (Permission, Member) VALUES (21, 132);
INSERT INTO MemberPermissions (Permission, Member) VALUES (24, 133);
INSERT INTO MemberPermissions (Permission, Member) VALUES (24, 134);
INSERT INTO MemberPermissions (Permission, Member) VALUES (27, 135);
INSERT INTO MemberPermissions (Permission, Member) VALUES (21, 136);
INSERT INTO MemberPermissions (Permission, Member) VALUES (5, 137);
INSERT INTO MemberPermissions (Permission, Member) VALUES (24, 138);
INSERT INTO MemberPermissions (Permission, Member) VALUES (23, 139);
INSERT INTO MemberPermissions (Permission, Member) VALUES (24, 140);
INSERT INTO MemberPermissions (Permission, Member) VALUES (5, 141);
INSERT INTO MemberPermissions (Permission, Member) VALUES (5, 142);
INSERT INTO MemberPermissions (Permission, Member) VALUES (5, 143);
INSERT INTO MemberPermissions (Permission, Member) VALUES (5, 144);
INSERT INTO MemberPermissions (Permission, Member) VALUES (24, 145);
INSERT INTO MemberPermissions (Permission, Member) VALUES (5, 146);
INSERT INTO MemberPermissions (Permission, Member) VALUES (5, 147);
INSERT INTO MemberPermissions (Permission, Member) VALUES (5, 148);
INSERT INTO MemberPermissions (Permission, Member) VALUES (5, 149);
INSERT INTO MemberPermissions (Permission, Member) VALUES (5, 150);
INSERT INTO MemberPermissions (Permission, Member) VALUES (5, 151);
INSERT INTO MemberPermissions (Permission, Member) VALUES (27, 152);
INSERT INTO MemberPermissions (Permission, Member) VALUES (27, 153);
INSERT INTO MemberPermissions (Permission, Member) VALUES (5, 154);
INSERT INTO MemberPermissions (Permission, Member) VALUES (24, 155);
INSERT INTO MemberPermissions (Permission, Member) VALUES (27, 156);
INSERT INTO MemberPermissions (Permission, Member) VALUES (5, 157);
INSERT INTO MemberPermissions (Permission, Member) VALUES (24, 158);
INSERT INTO MemberPermissions (Permission, Member) VALUES (5, 159);
INSERT INTO MemberPermissions (Permission, Member) VALUES (25, 160);
INSERT INTO MemberPermissions (Permission, Member) VALUES (23, 161);
INSERT INTO MemberPermissions (Permission, Member) VALUES (5, 162);
INSERT INTO MemberPermissions (Permission, Member) VALUES (5, 163);
INSERT INTO MemberPermissions (Permission, Member) VALUES (5, 164);
INSERT INTO MemberPermissions (Permission, Member) VALUES (5, 165);
INSERT INTO MemberPermissions (Permission, Member) VALUES (23, 166);
INSERT INTO MemberPermissions (Permission, Member) VALUES (21, 167);
INSERT INTO MemberPermissions (Permission, Member) VALUES (22, 168);
INSERT INTO MemberPermissions (Permission, Member) VALUES (24, 169);
INSERT INTO MemberPermissions (Permission, Member) VALUES (26, 170);
INSERT INTO MemberPermissions (Permission, Member) VALUES (5, 171);
INSERT INTO MemberPermissions (Permission, Member) VALUES (5, 172);
INSERT INTO MemberPermissions (Permission, Member) VALUES (5, 173);
INSERT INTO MemberPermissions (Permission, Member) VALUES (21, 174);
INSERT INTO MemberPermissions (Permission, Member) VALUES (21, 175);
INSERT INTO MemberPermissions (Permission, Member) VALUES (27, 176);
INSERT INTO MemberPermissions (Permission, Member) VALUES (5, 177);
INSERT INTO MemberPermissions (Permission, Member) VALUES (24, 178);
INSERT INTO MemberPermissions (Permission, Member) VALUES (26, 179);
INSERT INTO MemberPermissions (Permission, Member) VALUES (5, 180);
INSERT INTO MemberPermissions (Permission, Member) VALUES (5, 181);
INSERT INTO MemberPermissions (Permission, Member) VALUES (5, 182);
INSERT INTO MemberPermissions (Permission, Member) VALUES (5, 183);
INSERT INTO MemberPermissions (Permission, Member) VALUES (5, 184);
INSERT INTO MemberPermissions (Permission, Member) VALUES (5, 185);
INSERT INTO MemberPermissions (Permission, Member) VALUES (23, 186);
INSERT INTO MemberPermissions (Permission, Member) VALUES (24, 187);
INSERT INTO MemberPermissions (Permission, Member) VALUES (5, 188);
INSERT INTO MemberPermissions (Permission, Member) VALUES (5, 189);
INSERT INTO MemberPermissions (Permission, Member) VALUES (5, 190);
INSERT INTO MemberPermissions (Permission, Member) VALUES (5, 191);
INSERT INTO MemberPermissions (Permission, Member) VALUES (5, 192);
INSERT INTO MemberPermissions (Permission, Member) VALUES (5, 193);
INSERT INTO MemberPermissions (Permission, Member) VALUES (23, 194);
INSERT INTO MemberPermissions (Permission, Member) VALUES (24, 195);
INSERT INTO MemberPermissions (Permission, Member) VALUES (5, 196);
INSERT INTO MemberPermissions (Permission, Member) VALUES (5, 197);
INSERT INTO MemberPermissions (Permission, Member) VALUES (5, 198);
INSERT INTO MemberPermissions (Permission, Member) VALUES (5, 199);

-- 🎪 EVENTS
INSERT INTO Event (ID, Author, PartySize, MaxSize, EventLoc, Randomized, Name, Description, MeetLoc, LeadOrg, EventType, RecItems, Picture) VALUES (100, 152, 20, 29, 'Gear Room', TRUE, 'Trail Maintenance Day', 'Plant set put section opportunity fear far believe. Easy human but hair.
Body he need. Full sort ever her. North size president these question job.', 'Campus Quad', 'Social Committee', 'Training', 'hiking boots, water, snacks', 'trail_maintenance_day.jpg');
INSERT INTO Event (ID, Author, PartySize, MaxSize, EventLoc, Randomized, Name, Description, MeetLoc, LeadOrg, EventType, RecItems, Picture) VALUES (101, 126, 25, 31, 'Pub', FALSE, 'New Member BBQ', 'Chance would structure through. Herself fear door upon. Several approach list fight probably store alone. Population body language realize machine.', 'Curry Student Center', 'Social Committee', 'Social', 'first aid kit, whistle, compass', 'new_member_bbq.jpg');
INSERT INTO Event (ID, Author, PartySize, MaxSize, EventLoc, Randomized, Name, Description, MeetLoc, LeadOrg, EventType, RecItems, Picture) VALUES (102, 102, 24, 36, 'Local Crag', FALSE, 'Sunrise Photography Hike', 'Police factor hit goal tend must medical. Art light trade happy price sister final. Share have state one baby claim beat.', 'Curry Student Center', 'Social Committee', 'Meeting', 'sleeping bag, tent, camp stove', 'sunrise_photography_hike.jpg');
INSERT INTO Event (ID, Author, PartySize, MaxSize, EventLoc, Randomized, Name, Description, MeetLoc, LeadOrg, EventType, RecItems, Picture) VALUES (103, 147, 28, 43, 'Gear Room', FALSE, 'Leave No Trace Training', 'Environmental lot member indicate east. Let after final. Day yeah action important accept task until adult.', 'Curry Student Center', 'Safety Committee', 'Outdoor', 'sleeping bag, tent, camp stove', 'leave_no_trace_training.jpg');
INSERT INTO Event (ID, Author, PartySize, MaxSize, EventLoc, Randomized, Name, Description, MeetLoc, LeadOrg, EventType, RecItems, Picture) VALUES (104, 137, 25, 30, 'Loj', FALSE, 'Peak Bagging Challenge', 'Worker relationship be subject heart simply wife. Beyond some box store hard. Civil control night reflect nothing me avoid.', 'Back Bay Station', 'Safety Committee', 'Educational', 'sleeping bag, tent, camp stove', 'peak_bagging_challenge.jpg');
INSERT INTO Event (ID, Author, PartySize, MaxSize, EventLoc, Randomized, Name, Description, MeetLoc, LeadOrg, EventType, RecItems, Picture) VALUES (105, 159, 22, 31, 'Campus', FALSE, 'Budget Planning Meeting', 'Range support score five somebody audience will. Draw sign want same worker buy. Information quality bar sister artist give.', 'Curry Student Center', 'Climbing Committee', 'Outdoor', 'notebook, pen, enthusiasm', 'budget_planning_meeting.jpg');
INSERT INTO Event (ID, Author, PartySize, MaxSize, EventLoc, Randomized, Name, Description, MeetLoc, LeadOrg, EventType, RecItems, Picture) VALUES (106, 162, 26, 41, 'Local Crag', FALSE, 'Trip Planning Session', 'About policy according rate on store door suffer.
Myself however ready product trade friend.', 'Marino Center', 'Climbing Committee', 'Educational', 'hiking boots, water, snacks', 'trip_planning_session.jpg');
INSERT INTO Event (ID, Author, PartySize, MaxSize, EventLoc, Randomized, Name, Description, MeetLoc, LeadOrg, EventType, RecItems, Picture) VALUES (107, 133, 13, 29, 'Loj', FALSE, 'Gear Maintenance Session', 'Page less allow toward sometimes thought big. Something might skin idea.', 'Curry Student Center', 'Climbing Committee', 'Training', 'notebook, pen, enthusiasm', 'gear_maintenance_session.jpg');
INSERT INTO Event (ID, Author, PartySize, MaxSize, EventLoc, Randomized, Name, Description, MeetLoc, LeadOrg, EventType, RecItems, Picture) VALUES (108, 102, 13, 33, 'Pub', FALSE, 'Weekend Backpacking', 'Include business knowledge them. Region off oil.
Into big concern list. Book out issue close.', 'Campus Quad', 'Social Committee', 'Training', 'climbing shoes, harness, helmet', 'weekend_backpacking.jpg');
INSERT INTO Event (ID, Author, PartySize, MaxSize, EventLoc, Randomized, Name, Description, MeetLoc, LeadOrg, EventType, RecItems, Picture) VALUES (109, 180, 10, 22, 'Centennial', TRUE, 'White Mountain Day Hike', 'Go street under ever play increase among. Make act hot continue despite institution modern surface. Allow check west Congress moment.', 'Campus Quad', 'Social Committee', 'Outdoor', 'notebook, pen, enthusiasm', 'white_mountain_day_hike.jpg');
INSERT INTO Event (ID, Author, PartySize, MaxSize, EventLoc, Randomized, Name, Description, MeetLoc, LeadOrg, EventType, RecItems, Picture) VALUES (110, 158, 25, 34, 'Marino Center', FALSE, 'Ski Touring Basics', 'Risk goal human top especially. Avoid down itself meeting sport. Successful chair worry.
Most test author. Continue sister store seven behavior cup.', 'Marino Center', 'Membership Committee', 'Outdoor', 'hiking boots, water, snacks', 'ski_touring_basics.jpg');
INSERT INTO Event (ID, Author, PartySize, MaxSize, EventLoc, Randomized, Name, Description, MeetLoc, LeadOrg, EventType, RecItems, Picture) VALUES (111, 190, 11, 20, 'Pub', FALSE, 'Film Night: Mountain Movies', 'Glass discuss lose off.
Answer town clear program relate. Determine interest position local certain often show.', 'Back Bay Station', 'Hiking Committee', 'Competition', 'warm layers, headlamp, map', 'film_night_mountain_movies.jpg');
INSERT INTO Event (ID, Author, PartySize, MaxSize, EventLoc, Randomized, Name, Description, MeetLoc, LeadOrg, EventType, RecItems, Picture) VALUES (112, 107, 11, 30, 'White Mountains NH', FALSE, 'Safety Committee Meeting', 'Defense activity sister rise old ten case. Gun collection son article herself. Responsibility prevent task security media through.', 'Ruggles Station', 'Social Committee', 'Outdoor', 'notebook, pen, enthusiasm', 'safety_committee_meeting.jpg');
INSERT INTO Event (ID, Author, PartySize, MaxSize, EventLoc, Randomized, Name, Description, MeetLoc, LeadOrg, EventType, RecItems, Picture) VALUES (113, 114, 26, 43, 'Local Crag', FALSE, 'Weekend Backpacking', 'Mrs local someone hope pass successful.
Operation develop machine forget consumer medical. Score also tax card well physical.', 'Ruggles Station', 'Hiking Committee', 'Meeting', 'hiking boots, water, snacks', 'weekend_backpacking.jpg');
INSERT INTO Event (ID, Author, PartySize, MaxSize, EventLoc, Randomized, Name, Description, MeetLoc, LeadOrg, EventType, RecItems, Picture) VALUES (114, 179, 18, 26, 'Local Crag', FALSE, 'Gear Sale Event', 'Stock impact gas lawyer occur receive red. Thank occur talk student child affect. Include ground prevent final mind.', 'Campus Quad', 'Climbing Committee', 'Training', 'sleeping bag, tent, camp stove', 'gear_sale_event.jpg');
INSERT INTO Event (ID, Author, PartySize, MaxSize, EventLoc, Randomized, Name, Description, MeetLoc, LeadOrg, EventType, RecItems, Picture) VALUES (115, 172, 7, 24, 'White Mountains NH', FALSE, 'Ice Climbing Introduction', 'Commercial line situation pretty. Because suddenly defense smile anything eye. Six campaign you because night.', 'Back Bay Station', 'Safety Committee', 'Training', 'notebook, pen, enthusiasm', 'ice_climbing_introduction.jpg');
INSERT INTO Event (ID, Author, PartySize, MaxSize, EventLoc, Randomized, Name, Description, MeetLoc, LeadOrg, EventType, RecItems, Picture) VALUES (116, 136, 13, 22, 'Marino Center', FALSE, 'Film Night: Mountain Movies', 'Grow consider card represent almost worker everyone. Space rock wide series into. Little air them.', 'Curry Student Center', 'Hiking Committee', 'Social', 'first aid kit, whistle, compass', 'film_night_mountain_movies.jpg');
INSERT INTO Event (ID, Author, PartySize, MaxSize, EventLoc, Randomized, Name, Description, MeetLoc, LeadOrg, EventType, RecItems, Picture) VALUES (117, 163, 12, 23, 'Loj', FALSE, 'Sunrise Photography Hike', 'Short government create city end plan sense. Party century according hot human them. Born say alone cause.', 'Back Bay Station', 'Safety Committee', 'Training', 'climbing shoes, harness, helmet', 'sunrise_photography_hike.jpg');
INSERT INTO Event (ID, Author, PartySize, MaxSize, EventLoc, Randomized, Name, Description, MeetLoc, LeadOrg, EventType, RecItems, Picture) VALUES (118, 157, 16, 28, 'Centennial', FALSE, 'Photography Workshop', 'Game nature claim. Wind single government wrong car operation part. Training yourself control attention than base.', 'Campus Quad', 'Safety Committee', 'Training', 'climbing shoes, harness, helmet', 'photography_workshop.jpg');
INSERT INTO Event (ID, Author, PartySize, MaxSize, EventLoc, Randomized, Name, Description, MeetLoc, LeadOrg, EventType, RecItems, Picture) VALUES (119, 173, 16, 28, 'Campus', FALSE, 'Winter Camping Prep', 'Culture science ability full here organization author. Floor last physical generation.
Process half dream article exactly.', 'Campus Quad', 'Hiking Committee', 'Educational', 'first aid kit, whistle, compass', 'winter_camping_prep.jpg');
INSERT INTO Event (ID, Author, PartySize, MaxSize, EventLoc, Randomized, Name, Description, MeetLoc, LeadOrg, EventType, RecItems, Picture) VALUES (120, 196, 13, 27, 'Loj', FALSE, 'Knot Tying Workshop', 'Fund director large defense seat be. Financial voice green star.
Other tax option data. Adult reduce place policy career. Pass evening nor direction.', 'Curry Student Center', 'Social Committee', 'Social', 'first aid kit, whistle, compass', 'knot_tying_workshop.jpg');
INSERT INTO Event (ID, Author, PartySize, MaxSize, EventLoc, Randomized, Name, Description, MeetLoc, LeadOrg, EventType, RecItems, Picture) VALUES (121, 117, 8, 23, 'Loj', TRUE, 'Knot Tying Workshop', 'According home quality couple front think. Dark either partner establish difference fund.', 'Ruggles Station', 'Safety Committee', 'Meeting', 'sleeping bag, tent, camp stove', 'knot_tying_workshop.jpg');
INSERT INTO Event (ID, Author, PartySize, MaxSize, EventLoc, Randomized, Name, Description, MeetLoc, LeadOrg, EventType, RecItems, Picture) VALUES (122, 161, 28, 42, 'Gear Room', FALSE, 'Gear Maintenance Session', 'Information beyond hand. Which support then it brother notice leave home.', 'Curry Student Center', 'Hiking Committee', 'Educational', 'first aid kit, whistle, compass', 'gear_maintenance_session.jpg');
INSERT INTO Event (ID, Author, PartySize, MaxSize, EventLoc, Randomized, Name, Description, MeetLoc, LeadOrg, EventType, RecItems, Picture) VALUES (123, 162, 26, 34, 'Pub', FALSE, 'New Member BBQ', 'Mrs fire heart bank character. Save family single professional owner minute mean.', 'Curry Student Center', 'Membership Committee', 'Social', 'first aid kit, whistle, compass', 'new_member_bbq.jpg');
INSERT INTO Event (ID, Author, PartySize, MaxSize, EventLoc, Randomized, Name, Description, MeetLoc, LeadOrg, EventType, RecItems, Picture) VALUES (124, 156, 8, 21, 'Marino Center', FALSE, 'Photography Workshop', 'Model age hope single page religious. Conference dark think according edge three type. Right peace federal according on place sign.', 'Ruggles Station', 'Safety Committee', 'Training', 'first aid kit, whistle, compass', 'photography_workshop.jpg');
INSERT INTO Event (ID, Author, PartySize, MaxSize, EventLoc, Randomized, Name, Description, MeetLoc, LeadOrg, EventType, RecItems, Picture) VALUES (125, 165, 6, 15, 'Pub', FALSE, 'Safety Committee Meeting', 'Side including tend admit class seek short. Result someone minute stuff note drop to. People list reality physical.', 'Marino Center', 'Social Committee', 'Social', 'first aid kit, whistle, compass', 'safety_committee_meeting.jpg');
INSERT INTO Event (ID, Author, PartySize, MaxSize, EventLoc, Randomized, Name, Description, MeetLoc, LeadOrg, EventType, RecItems, Picture) VALUES (126, 167, 19, 26, 'Local Crag', FALSE, 'White Mountain Day Hike', 'Real film best well least individual. Feeling boy everything.', 'Marino Center', 'Hiking Committee', 'Training', 'climbing shoes, harness, helmet', 'white_mountain_day_hike.jpg');
INSERT INTO Event (ID, Author, PartySize, MaxSize, EventLoc, Randomized, Name, Description, MeetLoc, LeadOrg, EventType, RecItems, Picture) VALUES (127, 179, 16, 35, 'Campus', FALSE, 'Camping Fundamentals', 'Back rock thing fight population miss. Other defense by it decade.', 'Back Bay Station', 'Social Committee', 'Meeting', 'sleeping bag, tent, camp stove', 'camping_fundamentals.jpg');
INSERT INTO Event (ID, Author, PartySize, MaxSize, EventLoc, Randomized, Name, Description, MeetLoc, LeadOrg, EventType, RecItems, Picture) VALUES (128, 124, 16, 36, 'White Mountains NH', FALSE, 'Monthly Social Dinner', 'Baby city senior attorney within chair ahead. Tough past trouble year now success. Common election beyond unit everybody free.', 'Campus Quad', 'Climbing Committee', 'Training', 'warm layers, headlamp, map', 'monthly_social_dinner.jpg');
INSERT INTO Event (ID, Author, PartySize, MaxSize, EventLoc, Randomized, Name, Description, MeetLoc, LeadOrg, EventType, RecItems, Picture) VALUES (129, 125, 24, 33, 'Pub', FALSE, 'Ski Touring Basics', 'Produce talk travel last thus manager. Hotel look four learn nothing best well family.', 'Marino Center', 'Hiking Committee', 'Training', 'climbing shoes, harness, helmet', 'ski_touring_basics.jpg');
INSERT INTO Event (ID, Author, PartySize, MaxSize, EventLoc, Randomized, Name, Description, MeetLoc, LeadOrg, EventType, RecItems, Picture) VALUES (130, 192, 12, 21, 'Centennial', FALSE, 'Gear Maintenance Session', 'School big war agree scene site. Professor test task. Within keep American kind group several school.', 'Back Bay Station', 'Social Committee', 'Educational', 'warm layers, headlamp, map', 'gear_maintenance_session.jpg');
INSERT INTO Event (ID, Author, PartySize, MaxSize, EventLoc, Randomized, Name, Description, MeetLoc, LeadOrg, EventType, RecItems, Picture) VALUES (131, 121, 5, 22, 'Marino Center', TRUE, 'Trail Maintenance Day', 'Tend in commercial style page. Argue administration simple entire without by. Identify indicate still far nature.', 'Curry Student Center', 'Hiking Committee', 'Outdoor', 'warm layers, headlamp, map', 'trail_maintenance_day.jpg');
INSERT INTO Event (ID, Author, PartySize, MaxSize, EventLoc, Randomized, Name, Description, MeetLoc, LeadOrg, EventType, RecItems, Picture) VALUES (132, 100, 25, 30, 'Marino Center', FALSE, 'Camping Fundamentals', 'President third involve discuss agent. Quality inside development deep little.', 'Curry Student Center', 'Climbing Committee', 'Outdoor', 'climbing shoes, harness, helmet', 'camping_fundamentals.jpg');
INSERT INTO Event (ID, Author, PartySize, MaxSize, EventLoc, Randomized, Name, Description, MeetLoc, LeadOrg, EventType, RecItems, Picture) VALUES (133, 130, 22, 35, 'Campus', FALSE, 'Ski Touring Basics', 'Article thank glass mouth. Treat main politics.
Couple thank ahead where team no. View energy source ahead.
Effect out opportunity case idea.', 'Campus Quad', 'Climbing Committee', 'Outdoor', 'warm layers, headlamp, map', 'ski_touring_basics.jpg');
INSERT INTO Event (ID, Author, PartySize, MaxSize, EventLoc, Randomized, Name, Description, MeetLoc, LeadOrg, EventType, RecItems, Picture) VALUES (134, 107, 20, 40, 'Pub', TRUE, 'Gear Maintenance Session', 'Simply money goal radio degree mouth. Laugh computer but kid. Laugh say senior image tend ability. Economy bill team must girl.', 'Campus Quad', 'Social Committee', 'Meeting', 'climbing shoes, harness, helmet', 'gear_maintenance_session.jpg');
INSERT INTO Event (ID, Author, PartySize, MaxSize, EventLoc, Randomized, Name, Description, MeetLoc, LeadOrg, EventType, RecItems, Picture) VALUES (135, 122, 18, 37, 'Marino Center', FALSE, 'Winter Camping Prep', 'Small beautiful purpose just.
State but continue material red traditional. Best enjoy best contain phone.', 'Curry Student Center', 'Safety Committee', 'Educational', 'hiking boots, water, snacks', 'winter_camping_prep.jpg');
INSERT INTO Event (ID, Author, PartySize, MaxSize, EventLoc, Randomized, Name, Description, MeetLoc, LeadOrg, EventType, RecItems, Picture) VALUES (136, 171, 23, 42, 'Loj', FALSE, 'Budget Planning Meeting', 'Interesting this when explain identify. Indeed ahead fast defense.
Institution they help Republican. Build ten shake expect mouth again nature.', 'Ruggles Station', 'Membership Committee', 'Educational', 'notebook, pen, enthusiasm', 'budget_planning_meeting.jpg');
INSERT INTO Event (ID, Author, PartySize, MaxSize, EventLoc, Randomized, Name, Description, MeetLoc, LeadOrg, EventType, RecItems, Picture) VALUES (137, 156, 26, 43, 'Gear Room', TRUE, 'Winter Camping Prep', 'Our current production give nice explain expect. Water everybody type white huge stage.
Party hair maybe measure.', 'Back Bay Station', 'Membership Committee', 'Educational', 'hiking boots, water, snacks', 'winter_camping_prep.jpg');
INSERT INTO Event (ID, Author, PartySize, MaxSize, EventLoc, Randomized, Name, Description, MeetLoc, LeadOrg, EventType, RecItems, Picture) VALUES (138, 164, 7, 17, 'Gear Room', FALSE, 'Trail Maintenance Day', 'Wife customer point live must when.
Direction evidence he him fly resource throughout really.', 'Ruggles Station', 'Membership Committee', 'Educational', 'climbing shoes, harness, helmet', 'trail_maintenance_day.jpg');
INSERT INTO Event (ID, Author, PartySize, MaxSize, EventLoc, Randomized, Name, Description, MeetLoc, LeadOrg, EventType, RecItems, Picture) VALUES (139, 192, 7, 23, 'Gear Room', FALSE, 'Map and Compass Workshop', 'Particular data care magazine to bad. You cut low several able want. Across include teacher character.', 'Curry Student Center', 'Hiking Committee', 'Competition', 'climbing shoes, harness, helmet', 'map_and_compass_workshop.jpg');
INSERT INTO Event (ID, Author, PartySize, MaxSize, EventLoc, Randomized, Name, Description, MeetLoc, LeadOrg, EventType, RecItems, Picture) VALUES (140, 140, 6, 14, 'Local Crag', FALSE, 'Weekend Backpacking', 'Student partner machine. Plant state successful campaign you.', 'Curry Student Center', 'Membership Committee', 'Meeting', 'notebook, pen, enthusiasm', 'weekend_backpacking.jpg');
INSERT INTO Event (ID, Author, PartySize, MaxSize, EventLoc, Randomized, Name, Description, MeetLoc, LeadOrg, EventType, RecItems, Picture) VALUES (141, 197, 5, 21, 'Loj', FALSE, 'Ski Touring Basics', 'Inside where from green example trip onto impact. Store receive discover newspaper. Three bad enter chair if herself.', 'Campus Quad', 'Safety Committee', 'Meeting', 'sleeping bag, tent, camp stove', 'ski_touring_basics.jpg');
INSERT INTO Event (ID, Author, PartySize, MaxSize, EventLoc, Randomized, Name, Description, MeetLoc, LeadOrg, EventType, RecItems, Picture) VALUES (142, 188, 11, 26, 'Pub', FALSE, 'Beginner Rock Climbing', 'Improve ten mean blue wonder increase. Million during art challenge yes different. Class world manager tend.', 'Campus Quad', 'Safety Committee', 'Outdoor', 'sleeping bag, tent, camp stove', 'beginner_rock_climbing.jpg');
INSERT INTO Event (ID, Author, PartySize, MaxSize, EventLoc, Randomized, Name, Description, MeetLoc, LeadOrg, EventType, RecItems, Picture) VALUES (143, 176, 7, 22, 'Campus', FALSE, 'Safety Committee Meeting', 'Computer edge include career. Lay writer hair card maintain.', 'Back Bay Station', 'Social Committee', 'Social', 'sleeping bag, tent, camp stove', 'safety_committee_meeting.jpg');
INSERT INTO Event (ID, Author, PartySize, MaxSize, EventLoc, Randomized, Name, Description, MeetLoc, LeadOrg, EventType, RecItems, Picture) VALUES (144, 180, 14, 27, 'Loj', FALSE, 'Leave No Trace Training', 'Federal inside school interest. Smile build agency approach know over letter.
Production reality administration pattern learn.', 'Marino Center', 'Safety Committee', 'Training', 'notebook, pen, enthusiasm', 'leave_no_trace_training.jpg');
INSERT INTO Event (ID, Author, PartySize, MaxSize, EventLoc, Randomized, Name, Description, MeetLoc, LeadOrg, EventType, RecItems, Picture) VALUES (145, 174, 8, 26, 'White Mountains NH', FALSE, 'Club Fair Booth', 'Stage similar all food behind. Final national town late. Treatment once fill college expert unit throughout clear. Way front both live behavior bit.', 'Ruggles Station', 'Safety Committee', 'Competition', 'climbing shoes, harness, helmet', 'club_fair_booth.jpg');
INSERT INTO Event (ID, Author, PartySize, MaxSize, EventLoc, Randomized, Name, Description, MeetLoc, LeadOrg, EventType, RecItems, Picture) VALUES (146, 185, 17, 31, 'Pub', FALSE, 'Winter Camping Prep', 'View suggest serious fight health year challenge.', 'Campus Quad', 'Membership Committee', 'Outdoor', 'hiking boots, water, snacks', 'winter_camping_prep.jpg');
INSERT INTO Event (ID, Author, PartySize, MaxSize, EventLoc, Randomized, Name, Description, MeetLoc, LeadOrg, EventType, RecItems, Picture) VALUES (147, 151, 14, 25, 'Loj', FALSE, 'Map and Compass Workshop', 'Coach do police physical. Song Mrs think rock speak person.', 'Curry Student Center', 'Safety Committee', 'Social', 'first aid kit, whistle, compass', 'map_and_compass_workshop.jpg');
INSERT INTO Event (ID, Author, PartySize, MaxSize, EventLoc, Randomized, Name, Description, MeetLoc, LeadOrg, EventType, RecItems, Picture) VALUES (148, 164, 6, 11, 'Local Crag', FALSE, 'Budget Planning Meeting', 'Before edge tax. Include in seat size structure. Hundred conference hotel best staff notice shake. Public car loss cold suggest four.', 'Marino Center', 'Safety Committee', 'Meeting', 'first aid kit, whistle, compass', 'budget_planning_meeting.jpg');
INSERT INTO Event (ID, Author, PartySize, MaxSize, EventLoc, Randomized, Name, Description, MeetLoc, LeadOrg, EventType, RecItems, Picture) VALUES (149, 156, 29, 40, 'White Mountains NH', FALSE, 'Trail Maintenance Day', 'Production surface bit appear. Energy speech piece if perform.', 'Campus Quad', 'Membership Committee', 'Meeting', 'first aid kit, whistle, compass', 'trail_maintenance_day.jpg');

-- 📋 EVENT ROSTER
INSERT INTO EventRoster (ID, Event, Member, DateRegistered, Waitlisted) VALUES (100, 100, 117, '2025-08-03 10:55:27', FALSE);
INSERT INTO EventRoster (ID, Event, Member, DateRegistered, Waitlisted) VALUES (101, 100, 125, '2025-08-03 03:11:53', FALSE);
INSERT INTO EventRoster (ID, Event, Member, DateRegistered, Waitlisted) VALUES (102, 100, 127, '2025-07-25 17:37:48', FALSE);
INSERT INTO EventRoster (ID, Event, Member, DateRegistered, Waitlisted) VALUES (103, 100, 123, '2025-07-18 11:57:02', FALSE);
INSERT INTO EventRoster (ID, Event, Member, DateRegistered, Waitlisted) VALUES (104, 100, 109, '2025-07-20 10:18:08', FALSE);
INSERT INTO EventRoster (ID, Event, Member, DateRegistered, Waitlisted) VALUES (105, 100, 122, '2025-07-19 03:14:01', FALSE);
INSERT INTO EventRoster (ID, Event, Member, DateRegistered, Waitlisted) VALUES (106, 100, 147, '2025-07-27 05:33:25', FALSE);
INSERT INTO EventRoster (ID, Event, Member, DateRegistered, Waitlisted) VALUES (107, 100, 186, '2025-07-23 10:36:25', FALSE);
INSERT INTO EventRoster (ID, Event, Member, DateRegistered, Waitlisted) VALUES (108, 100, 168, '2025-07-11 22:24:11', FALSE);
INSERT INTO EventRoster (ID, Event, Member, DateRegistered, Waitlisted) VALUES (109, 100, 150, '2025-08-06 17:53:01', TRUE);
INSERT INTO EventRoster (ID, Event, Member, DateRegistered, Waitlisted) VALUES (110, 100, 161, '2025-07-24 08:20:34', FALSE);
INSERT INTO EventRoster (ID, Event, Member, DateRegistered, Waitlisted) VALUES (111, 100, 154, '2025-07-28 09:14:01', TRUE);
INSERT INTO EventRoster (ID, Event, Member, DateRegistered, Waitlisted) VALUES (112, 100, 179, '2025-07-31 09:03:07', FALSE);
INSERT INTO EventRoster (ID, Event, Member, DateRegistered, Waitlisted) VALUES (113, 100, 180, '2025-08-10 07:38:46', FALSE);
INSERT INTO EventRoster (ID, Event, Member, DateRegistered, Waitlisted) VALUES (114, 100, 189, '2025-07-16 03:03:25', FALSE);
INSERT INTO EventRoster (ID, Event, Member, DateRegistered, Waitlisted) VALUES (115, 100, 160, '2025-07-23 05:53:33', FALSE);
INSERT INTO EventRoster (ID, Event, Member, DateRegistered, Waitlisted) VALUES (116, 100, 124, '2025-07-15 06:53:11', FALSE);
INSERT INTO EventRoster (ID, Event, Member, DateRegistered, Waitlisted) VALUES (117, 100, 102, '2025-07-19 19:35:46', TRUE);
INSERT INTO EventRoster (ID, Event, Member, DateRegistered, Waitlisted) VALUES (118, 100, 199, '2025-07-14 22:17:23', FALSE);
INSERT INTO EventRoster (ID, Event, Member, DateRegistered, Waitlisted) VALUES (119, 100, 165, '2025-08-02 23:08:29', FALSE);
INSERT INTO EventRoster (ID, Event, Member, DateRegistered, Waitlisted) VALUES (120, 100, 115, '2025-08-05 18:27:13', TRUE);
INSERT INTO EventRoster (ID, Event, Member, DateRegistered, Waitlisted) VALUES (121, 100, 142, '2025-07-30 04:14:48', TRUE);
INSERT INTO EventRoster (ID, Event, Member, DateRegistered, Waitlisted) VALUES (122, 100, 188, '2025-07-20 01:45:45', FALSE);
INSERT INTO EventRoster (ID, Event, Member, DateRegistered, Waitlisted) VALUES (123, 100, 116, '2025-08-06 16:48:27', FALSE);
INSERT INTO EventRoster (ID, Event, Member, DateRegistered, Waitlisted) VALUES (124, 100, 128, '2025-07-29 08:29:49', FALSE);
INSERT INTO EventRoster (ID, Event, Member, DateRegistered, Waitlisted) VALUES (125, 100, 135, '2025-07-11 23:39:50', FALSE);
INSERT INTO EventRoster (ID, Event, Member, DateRegistered, Waitlisted) VALUES (126, 100, 139, '2025-08-08 23:27:33', FALSE);
INSERT INTO EventRoster (ID, Event, Member, DateRegistered, Waitlisted) VALUES (127, 100, 119, '2025-07-31 12:13:45', FALSE);
INSERT INTO EventRoster (ID, Event, Member, DateRegistered, Waitlisted) VALUES (128, 100, 105, '2025-07-29 10:53:23', FALSE);
INSERT INTO EventRoster (ID, Event, Member, DateRegistered, Waitlisted) VALUES (129, 101, 112, '2025-07-16 01:10:39', FALSE);
INSERT INTO EventRoster (ID, Event, Member, DateRegistered, Waitlisted) VALUES (130, 101, 129, '2025-08-01 14:07:45', FALSE);
INSERT INTO EventRoster (ID, Event, Member, DateRegistered, Waitlisted) VALUES (131, 101, 101, '2025-08-04 16:55:28', FALSE);
INSERT INTO EventRoster (ID, Event, Member, DateRegistered, Waitlisted) VALUES (132, 101, 109, '2025-07-14 03:14:54', FALSE);
INSERT INTO EventRoster (ID, Event, Member, DateRegistered, Waitlisted) VALUES (133, 101, 114, '2025-07-28 14:04:13', FALSE);
INSERT INTO EventRoster (ID, Event, Member, DateRegistered, Waitlisted) VALUES (134, 101, 177, '2025-08-10 07:28:42', FALSE);
INSERT INTO EventRoster (ID, Event, Member, DateRegistered, Waitlisted) VALUES (135, 101, 108, '2025-07-23 04:21:51', TRUE);
INSERT INTO EventRoster (ID, Event, Member, DateRegistered, Waitlisted) VALUES (136, 101, 155, '2025-08-09 07:09:14', FALSE);
INSERT INTO EventRoster (ID, Event, Member, DateRegistered, Waitlisted) VALUES (137, 101, 192, '2025-07-16 03:00:52', FALSE);
INSERT INTO EventRoster (ID, Event, Member, DateRegistered, Waitlisted) VALUES (138, 101, 153, '2025-07-12 19:33:14', FALSE);
INSERT INTO EventRoster (ID, Event, Member, DateRegistered, Waitlisted) VALUES (139, 101, 110, '2025-07-11 18:49:40', FALSE);
INSERT INTO EventRoster (ID, Event, Member, DateRegistered, Waitlisted) VALUES (140, 101, 130, '2025-07-23 09:49:32', FALSE);
INSERT INTO EventRoster (ID, Event, Member, DateRegistered, Waitlisted) VALUES (141, 101, 191, '2025-07-24 10:25:22', FALSE);
INSERT INTO EventRoster (ID, Event, Member, DateRegistered, Waitlisted) VALUES (142, 101, 157, '2025-08-03 09:43:09', FALSE);
INSERT INTO EventRoster (ID, Event, Member, DateRegistered, Waitlisted) VALUES (143, 101, 133, '2025-07-19 10:27:17', FALSE);
INSERT INTO EventRoster (ID, Event, Member, DateRegistered, Waitlisted) VALUES (144, 101, 167, '2025-07-16 11:18:44', FALSE);
INSERT INTO EventRoster (ID, Event, Member, DateRegistered, Waitlisted) VALUES (145, 101, 164, '2025-07-12 00:00:39', FALSE);
INSERT INTO EventRoster (ID, Event, Member, DateRegistered, Waitlisted) VALUES (146, 101, 174, '2025-07-20 11:34:52', FALSE);
INSERT INTO EventRoster (ID, Event, Member, DateRegistered, Waitlisted) VALUES (147, 101, 124, '2025-07-16 11:19:43', TRUE);
INSERT INTO EventRoster (ID, Event, Member, DateRegistered, Waitlisted) VALUES (148, 101, 188, '2025-07-25 08:05:38', FALSE);
INSERT INTO EventRoster (ID, Event, Member, DateRegistered, Waitlisted) VALUES (149, 102, 190, '2025-07-23 00:49:39', FALSE);
INSERT INTO EventRoster (ID, Event, Member, DateRegistered, Waitlisted) VALUES (150, 102, 113, '2025-07-23 13:09:52', FALSE);
INSERT INTO EventRoster (ID, Event, Member, DateRegistered, Waitlisted) VALUES (151, 102, 117, '2025-07-12 20:43:53', TRUE);
INSERT INTO EventRoster (ID, Event, Member, DateRegistered, Waitlisted) VALUES (152, 102, 154, '2025-07-20 11:57:22', FALSE);
INSERT INTO EventRoster (ID, Event, Member, DateRegistered, Waitlisted) VALUES (153, 102, 176, '2025-07-21 04:51:11', FALSE);
INSERT INTO EventRoster (ID, Event, Member, DateRegistered, Waitlisted) VALUES (154, 102, 142, '2025-08-03 21:14:03', FALSE);
INSERT INTO EventRoster (ID, Event, Member, DateRegistered, Waitlisted) VALUES (155, 102, 103, '2025-07-15 17:08:30', TRUE);
INSERT INTO EventRoster (ID, Event, Member, DateRegistered, Waitlisted) VALUES (156, 102, 148, '2025-07-19 08:38:50', FALSE);
INSERT INTO EventRoster (ID, Event, Member, DateRegistered, Waitlisted) VALUES (157, 102, 112, '2025-07-16 23:06:49', FALSE);
INSERT INTO EventRoster (ID, Event, Member, DateRegistered, Waitlisted) VALUES (158, 102, 130, '2025-07-17 05:32:05', FALSE);
INSERT INTO EventRoster (ID, Event, Member, DateRegistered, Waitlisted) VALUES (159, 102, 150, '2025-07-26 00:18:24', TRUE);
INSERT INTO EventRoster (ID, Event, Member, DateRegistered, Waitlisted) VALUES (160, 102, 139, '2025-07-31 02:07:53', FALSE);
INSERT INTO EventRoster (ID, Event, Member, DateRegistered, Waitlisted) VALUES (161, 102, 110, '2025-07-23 06:26:08', FALSE);
INSERT INTO EventRoster (ID, Event, Member, DateRegistered, Waitlisted) VALUES (162, 102, 134, '2025-08-08 09:52:58', TRUE);
INSERT INTO EventRoster (ID, Event, Member, DateRegistered, Waitlisted) VALUES (163, 103, 129, '2025-07-16 17:10:29', FALSE);
INSERT INTO EventRoster (ID, Event, Member, DateRegistered, Waitlisted) VALUES (164, 103, 166, '2025-07-16 06:04:29', TRUE);
INSERT INTO EventRoster (ID, Event, Member, DateRegistered, Waitlisted) VALUES (165, 103, 182, '2025-07-22 10:19:01', TRUE);
INSERT INTO EventRoster (ID, Event, Member, DateRegistered, Waitlisted) VALUES (166, 103, 148, '2025-07-29 16:45:03', FALSE);
INSERT INTO EventRoster (ID, Event, Member, DateRegistered, Waitlisted) VALUES (167, 103, 117, '2025-07-24 23:38:10', FALSE);
INSERT INTO EventRoster (ID, Event, Member, DateRegistered, Waitlisted) VALUES (168, 103, 191, '2025-08-03 14:21:25', FALSE);
INSERT INTO EventRoster (ID, Event, Member, DateRegistered, Waitlisted) VALUES (169, 103, 154, '2025-07-23 11:43:24', FALSE);
INSERT INTO EventRoster (ID, Event, Member, DateRegistered, Waitlisted) VALUES (170, 103, 104, '2025-07-26 09:57:27', FALSE);
INSERT INTO EventRoster (ID, Event, Member, DateRegistered, Waitlisted) VALUES (171, 103, 169, '2025-07-19 14:34:52', FALSE);
INSERT INTO EventRoster (ID, Event, Member, DateRegistered, Waitlisted) VALUES (172, 103, 192, '2025-07-11 17:14:34', FALSE);
INSERT INTO EventRoster (ID, Event, Member, DateRegistered, Waitlisted) VALUES (173, 103, 155, '2025-07-27 16:08:08', FALSE);
INSERT INTO EventRoster (ID, Event, Member, DateRegistered, Waitlisted) VALUES (174, 103, 149, '2025-07-16 13:25:24', FALSE);
INSERT INTO EventRoster (ID, Event, Member, DateRegistered, Waitlisted) VALUES (175, 103, 160, '2025-07-28 14:03:10', TRUE);
INSERT INTO EventRoster (ID, Event, Member, DateRegistered, Waitlisted) VALUES (176, 103, 172, '2025-07-19 05:24:55', FALSE);
INSERT INTO EventRoster (ID, Event, Member, DateRegistered, Waitlisted) VALUES (177, 103, 163, '2025-07-31 09:50:06', FALSE);
INSERT INTO EventRoster (ID, Event, Member, DateRegistered, Waitlisted) VALUES (178, 103, 139, '2025-07-14 05:47:37', FALSE);
INSERT INTO EventRoster (ID, Event, Member, DateRegistered, Waitlisted) VALUES (179, 103, 162, '2025-07-31 09:48:26', FALSE);
INSERT INTO EventRoster (ID, Event, Member, DateRegistered, Waitlisted) VALUES (180, 103, 146, '2025-07-25 13:12:27', FALSE);
INSERT INTO EventRoster (ID, Event, Member, DateRegistered, Waitlisted) VALUES (181, 104, 147, '2025-07-12 17:48:28', FALSE);
INSERT INTO EventRoster (ID, Event, Member, DateRegistered, Waitlisted) VALUES (182, 104, 164, '2025-07-27 12:31:09', TRUE);
INSERT INTO EventRoster (ID, Event, Member, DateRegistered, Waitlisted) VALUES (183, 104, 183, '2025-08-08 18:14:06', FALSE);
INSERT INTO EventRoster (ID, Event, Member, DateRegistered, Waitlisted) VALUES (184, 104, 141, '2025-08-02 21:17:52', TRUE);
INSERT INTO EventRoster (ID, Event, Member, DateRegistered, Waitlisted) VALUES (185, 104, 155, '2025-08-05 22:29:40', FALSE);
INSERT INTO EventRoster (ID, Event, Member, DateRegistered, Waitlisted) VALUES (186, 104, 110, '2025-08-02 12:17:01', FALSE);
INSERT INTO EventRoster (ID, Event, Member, DateRegistered, Waitlisted) VALUES (187, 104, 144, '2025-07-13 02:12:37', FALSE);
INSERT INTO EventRoster (ID, Event, Member, DateRegistered, Waitlisted) VALUES (188, 104, 190, '2025-07-15 15:00:06', FALSE);
INSERT INTO EventRoster (ID, Event, Member, DateRegistered, Waitlisted) VALUES (189, 104, 118, '2025-07-12 02:14:59', FALSE);
INSERT INTO EventRoster (ID, Event, Member, DateRegistered, Waitlisted) VALUES (190, 104, 188, '2025-07-16 14:56:39', TRUE);
INSERT INTO EventRoster (ID, Event, Member, DateRegistered, Waitlisted) VALUES (191, 104, 142, '2025-07-31 01:23:17', FALSE);
INSERT INTO EventRoster (ID, Event, Member, DateRegistered, Waitlisted) VALUES (192, 104, 127, '2025-08-09 15:41:31', FALSE);
INSERT INTO EventRoster (ID, Event, Member, DateRegistered, Waitlisted) VALUES (193, 104, 109, '2025-08-02 05:59:49', FALSE);
INSERT INTO EventRoster (ID, Event, Member, DateRegistered, Waitlisted) VALUES (194, 104, 151, '2025-07-22 05:12:34', FALSE);
INSERT INTO EventRoster (ID, Event, Member, DateRegistered, Waitlisted) VALUES (195, 104, 149, '2025-08-04 10:29:27', TRUE);
INSERT INTO EventRoster (ID, Event, Member, DateRegistered, Waitlisted) VALUES (196, 104, 126, '2025-07-14 16:50:42', FALSE);
INSERT INTO EventRoster (ID, Event, Member, DateRegistered, Waitlisted) VALUES (197, 104, 101, '2025-07-23 18:48:01', TRUE);
INSERT INTO EventRoster (ID, Event, Member, DateRegistered, Waitlisted) VALUES (198, 104, 170, '2025-07-26 05:04:55', FALSE);
INSERT INTO EventRoster (ID, Event, Member, DateRegistered, Waitlisted) VALUES (199, 104, 163, '2025-07-12 02:40:01', FALSE);
INSERT INTO EventRoster (ID, Event, Member, DateRegistered, Waitlisted) VALUES (200, 105, 100, '2025-08-09 02:39:09', FALSE);
INSERT INTO EventRoster (ID, Event, Member, DateRegistered, Waitlisted) VALUES (201, 105, 150, '2025-08-06 21:43:37', FALSE);
INSERT INTO EventRoster (ID, Event, Member, DateRegistered, Waitlisted) VALUES (202, 105, 111, '2025-07-16 08:36:50', FALSE);
INSERT INTO EventRoster (ID, Event, Member, DateRegistered, Waitlisted) VALUES (203, 105, 197, '2025-07-17 06:59:34', FALSE);
INSERT INTO EventRoster (ID, Event, Member, DateRegistered, Waitlisted) VALUES (204, 105, 137, '2025-07-15 21:59:21', FALSE);
INSERT INTO EventRoster (ID, Event, Member, DateRegistered, Waitlisted) VALUES (205, 105, 157, '2025-07-16 21:50:19', FALSE);
INSERT INTO EventRoster (ID, Event, Member, DateRegistered, Waitlisted) VALUES (206, 105, 148, '2025-07-15 20:32:29', FALSE);
INSERT INTO EventRoster (ID, Event, Member, DateRegistered, Waitlisted) VALUES (207, 105, 165, '2025-08-09 09:09:26', FALSE);
INSERT INTO EventRoster (ID, Event, Member, DateRegistered, Waitlisted) VALUES (208, 105, 188, '2025-08-10 08:00:58', FALSE);
INSERT INTO EventRoster (ID, Event, Member, DateRegistered, Waitlisted) VALUES (209, 105, 129, '2025-07-18 01:47:13', FALSE);
INSERT INTO EventRoster (ID, Event, Member, DateRegistered, Waitlisted) VALUES (210, 105, 182, '2025-08-02 03:56:22', FALSE);
INSERT INTO EventRoster (ID, Event, Member, DateRegistered, Waitlisted) VALUES (211, 105, 106, '2025-07-15 09:16:24', FALSE);
INSERT INTO EventRoster (ID, Event, Member, DateRegistered, Waitlisted) VALUES (212, 105, 147, '2025-07-23 19:06:58', FALSE);
INSERT INTO EventRoster (ID, Event, Member, DateRegistered, Waitlisted) VALUES (213, 106, 191, '2025-07-18 16:31:48', TRUE);
INSERT INTO EventRoster (ID, Event, Member, DateRegistered, Waitlisted) VALUES (214, 106, 189, '2025-07-22 20:39:00', FALSE);
INSERT INTO EventRoster (ID, Event, Member, DateRegistered, Waitlisted) VALUES (215, 106, 101, '2025-08-07 12:28:47', FALSE);
INSERT INTO EventRoster (ID, Event, Member, DateRegistered, Waitlisted) VALUES (216, 106, 149, '2025-08-05 01:30:42', FALSE);
INSERT INTO EventRoster (ID, Event, Member, DateRegistered, Waitlisted) VALUES (217, 106, 141, '2025-07-17 06:48:21', FALSE);
INSERT INTO EventRoster (ID, Event, Member, DateRegistered, Waitlisted) VALUES (218, 106, 103, '2025-07-21 09:09:23', FALSE);
INSERT INTO EventRoster (ID, Event, Member, DateRegistered, Waitlisted) VALUES (219, 106, 161, '2025-07-18 21:30:40', FALSE);
INSERT INTO EventRoster (ID, Event, Member, DateRegistered, Waitlisted) VALUES (220, 106, 128, '2025-07-14 03:40:47', FALSE);
INSERT INTO EventRoster (ID, Event, Member, DateRegistered, Waitlisted) VALUES (221, 106, 140, '2025-07-18 19:15:44', FALSE);
INSERT INTO EventRoster (ID, Event, Member, DateRegistered, Waitlisted) VALUES (222, 106, 144, '2025-08-07 04:58:05', FALSE);
INSERT INTO EventRoster (ID, Event, Member, DateRegistered, Waitlisted) VALUES (223, 106, 190, '2025-08-03 15:07:38', FALSE);
INSERT INTO EventRoster (ID, Event, Member, DateRegistered, Waitlisted) VALUES (224, 106, 164, '2025-07-14 08:49:10', FALSE);
INSERT INTO EventRoster (ID, Event, Member, DateRegistered, Waitlisted) VALUES (225, 106, 172, '2025-07-11 21:28:40', FALSE);
INSERT INTO EventRoster (ID, Event, Member, DateRegistered, Waitlisted) VALUES (226, 106, 113, '2025-07-20 11:53:35', FALSE);
INSERT INTO EventRoster (ID, Event, Member, DateRegistered, Waitlisted) VALUES (227, 106, 134, '2025-08-04 10:42:32', FALSE);
INSERT INTO EventRoster (ID, Event, Member, DateRegistered, Waitlisted) VALUES (228, 106, 185, '2025-07-21 22:57:20', FALSE);
INSERT INTO EventRoster (ID, Event, Member, DateRegistered, Waitlisted) VALUES (229, 106, 116, '2025-08-06 09:41:49', FALSE);
INSERT INTO EventRoster (ID, Event, Member, DateRegistered, Waitlisted) VALUES (230, 106, 138, '2025-07-30 14:49:02', FALSE);
INSERT INTO EventRoster (ID, Event, Member, DateRegistered, Waitlisted) VALUES (231, 106, 156, '2025-07-27 13:13:35', FALSE);
INSERT INTO EventRoster (ID, Event, Member, DateRegistered, Waitlisted) VALUES (232, 106, 143, '2025-07-11 15:28:23', FALSE);
INSERT INTO EventRoster (ID, Event, Member, DateRegistered, Waitlisted) VALUES (233, 106, 199, '2025-07-13 22:16:22', FALSE);
INSERT INTO EventRoster (ID, Event, Member, DateRegistered, Waitlisted) VALUES (234, 106, 176, '2025-07-13 00:25:51', FALSE);
INSERT INTO EventRoster (ID, Event, Member, DateRegistered, Waitlisted) VALUES (235, 106, 120, '2025-08-03 00:35:50', FALSE);
INSERT INTO EventRoster (ID, Event, Member, DateRegistered, Waitlisted) VALUES (236, 106, 146, '2025-07-14 17:58:57', TRUE);
INSERT INTO EventRoster (ID, Event, Member, DateRegistered, Waitlisted) VALUES (237, 106, 110, '2025-07-28 03:26:18', FALSE);
INSERT INTO EventRoster (ID, Event, Member, DateRegistered, Waitlisted) VALUES (238, 106, 157, '2025-07-23 06:18:24', FALSE);
INSERT INTO EventRoster (ID, Event, Member, DateRegistered, Waitlisted) VALUES (239, 106, 119, '2025-07-12 18:21:28', FALSE);
INSERT INTO EventRoster (ID, Event, Member, DateRegistered, Waitlisted) VALUES (240, 106, 123, '2025-07-14 10:35:15', FALSE);
INSERT INTO EventRoster (ID, Event, Member, DateRegistered, Waitlisted) VALUES (241, 106, 186, '2025-07-28 04:02:16', FALSE);
INSERT INTO EventRoster (ID, Event, Member, DateRegistered, Waitlisted) VALUES (242, 106, 170, '2025-08-04 16:43:37', FALSE);
INSERT INTO EventRoster (ID, Event, Member, DateRegistered, Waitlisted) VALUES (243, 106, 158, '2025-07-18 01:15:47', FALSE);
INSERT INTO EventRoster (ID, Event, Member, DateRegistered, Waitlisted) VALUES (244, 107, 131, '2025-07-25 12:36:37', FALSE);
INSERT INTO EventRoster (ID, Event, Member, DateRegistered, Waitlisted) VALUES (245, 107, 155, '2025-08-09 11:37:09', FALSE);
INSERT INTO EventRoster (ID, Event, Member, DateRegistered, Waitlisted) VALUES (246, 107, 169, '2025-07-13 22:39:18', FALSE);
INSERT INTO EventRoster (ID, Event, Member, DateRegistered, Waitlisted) VALUES (247, 107, 197, '2025-07-14 02:26:42', FALSE);
INSERT INTO EventRoster (ID, Event, Member, DateRegistered, Waitlisted) VALUES (248, 107, 174, '2025-07-13 02:34:13', TRUE);
INSERT INTO EventRoster (ID, Event, Member, DateRegistered, Waitlisted) VALUES (249, 107, 101, '2025-07-13 08:06:45', FALSE);
INSERT INTO EventRoster (ID, Event, Member, DateRegistered, Waitlisted) VALUES (250, 107, 143, '2025-07-17 18:12:06', FALSE);
INSERT INTO EventRoster (ID, Event, Member, DateRegistered, Waitlisted) VALUES (251, 107, 150, '2025-08-07 06:48:58', FALSE);
INSERT INTO EventRoster (ID, Event, Member, DateRegistered, Waitlisted) VALUES (252, 107, 167, '2025-08-08 04:05:07', FALSE);
INSERT INTO EventRoster (ID, Event, Member, DateRegistered, Waitlisted) VALUES (253, 107, 195, '2025-07-27 23:59:57', FALSE);
INSERT INTO EventRoster (ID, Event, Member, DateRegistered, Waitlisted) VALUES (254, 107, 194, '2025-07-29 15:11:04', FALSE);
INSERT INTO EventRoster (ID, Event, Member, DateRegistered, Waitlisted) VALUES (255, 107, 136, '2025-08-08 03:42:10', FALSE);
INSERT INTO EventRoster (ID, Event, Member, DateRegistered, Waitlisted) VALUES (256, 107, 113, '2025-07-29 18:38:26', FALSE);
INSERT INTO EventRoster (ID, Event, Member, DateRegistered, Waitlisted) VALUES (257, 107, 128, '2025-07-24 17:19:16', FALSE);
INSERT INTO EventRoster (ID, Event, Member, DateRegistered, Waitlisted) VALUES (258, 107, 123, '2025-07-13 19:57:19', FALSE);
INSERT INTO EventRoster (ID, Event, Member, DateRegistered, Waitlisted) VALUES (259, 107, 177, '2025-07-15 01:05:32', FALSE);
INSERT INTO EventRoster (ID, Event, Member, DateRegistered, Waitlisted) VALUES (260, 107, 152, '2025-07-17 14:29:59', FALSE);
INSERT INTO EventRoster (ID, Event, Member, DateRegistered, Waitlisted) VALUES (261, 107, 189, '2025-07-14 23:54:52', FALSE);
INSERT INTO EventRoster (ID, Event, Member, DateRegistered, Waitlisted) VALUES (262, 107, 161, '2025-07-26 06:00:07', FALSE);
INSERT INTO EventRoster (ID, Event, Member, DateRegistered, Waitlisted) VALUES (263, 107, 109, '2025-07-23 01:16:45', FALSE);
INSERT INTO EventRoster (ID, Event, Member, DateRegistered, Waitlisted) VALUES (264, 107, 158, '2025-07-26 17:31:25', FALSE);
INSERT INTO EventRoster (ID, Event, Member, DateRegistered, Waitlisted) VALUES (265, 107, 120, '2025-08-08 23:57:28', TRUE);
INSERT INTO EventRoster (ID, Event, Member, DateRegistered, Waitlisted) VALUES (266, 107, 100, '2025-07-13 07:44:05', FALSE);
INSERT INTO EventRoster (ID, Event, Member, DateRegistered, Waitlisted) VALUES (267, 107, 111, '2025-07-17 17:23:46', FALSE);
INSERT INTO EventRoster (ID, Event, Member, DateRegistered, Waitlisted) VALUES (268, 107, 192, '2025-08-08 21:00:16', FALSE);
INSERT INTO EventRoster (ID, Event, Member, DateRegistered, Waitlisted) VALUES (269, 107, 160, '2025-08-04 06:57:52', FALSE);
INSERT INTO EventRoster (ID, Event, Member, DateRegistered, Waitlisted) VALUES (270, 107, 198, '2025-07-16 07:33:39', FALSE);
INSERT INTO EventRoster (ID, Event, Member, DateRegistered, Waitlisted) VALUES (271, 107, 102, '2025-07-27 18:48:34', FALSE);
INSERT INTO EventRoster (ID, Event, Member, DateRegistered, Waitlisted) VALUES (272, 107, 159, '2025-07-21 19:28:35', FALSE);
INSERT INTO EventRoster (ID, Event, Member, DateRegistered, Waitlisted) VALUES (273, 108, 179, '2025-07-30 08:52:28', FALSE);
INSERT INTO EventRoster (ID, Event, Member, DateRegistered, Waitlisted) VALUES (274, 108, 131, '2025-07-23 02:14:37', FALSE);
INSERT INTO EventRoster (ID, Event, Member, DateRegistered, Waitlisted) VALUES (275, 108, 110, '2025-07-13 22:51:01', FALSE);
INSERT INTO EventRoster (ID, Event, Member, DateRegistered, Waitlisted) VALUES (276, 108, 133, '2025-08-02 18:38:10', FALSE);
INSERT INTO EventRoster (ID, Event, Member, DateRegistered, Waitlisted) VALUES (277, 108, 167, '2025-08-05 02:41:55', TRUE);
INSERT INTO EventRoster (ID, Event, Member, DateRegistered, Waitlisted) VALUES (278, 108, 139, '2025-07-24 07:18:47', TRUE);
INSERT INTO EventRoster (ID, Event, Member, DateRegistered, Waitlisted) VALUES (279, 108, 156, '2025-08-03 04:19:37', TRUE);
INSERT INTO EventRoster (ID, Event, Member, DateRegistered, Waitlisted) VALUES (280, 108, 104, '2025-08-08 06:06:36', FALSE);
INSERT INTO EventRoster (ID, Event, Member, DateRegistered, Waitlisted) VALUES (281, 109, 170, '2025-07-17 12:26:47', FALSE);
INSERT INTO EventRoster (ID, Event, Member, DateRegistered, Waitlisted) VALUES (282, 109, 159, '2025-07-30 13:02:04', FALSE);
INSERT INTO EventRoster (ID, Event, Member, DateRegistered, Waitlisted) VALUES (283, 109, 190, '2025-07-29 06:56:29', FALSE);
INSERT INTO EventRoster (ID, Event, Member, DateRegistered, Waitlisted) VALUES (284, 109, 166, '2025-07-28 16:29:53', FALSE);
INSERT INTO EventRoster (ID, Event, Member, DateRegistered, Waitlisted) VALUES (285, 109, 153, '2025-07-13 13:02:14', FALSE);
INSERT INTO EventRoster (ID, Event, Member, DateRegistered, Waitlisted) VALUES (286, 109, 175, '2025-08-09 20:30:30', FALSE);
INSERT INTO EventRoster (ID, Event, Member, DateRegistered, Waitlisted) VALUES (287, 109, 107, '2025-07-29 19:39:01', FALSE);
INSERT INTO EventRoster (ID, Event, Member, DateRegistered, Waitlisted) VALUES (288, 109, 152, '2025-07-24 15:15:22', FALSE);
INSERT INTO EventRoster (ID, Event, Member, DateRegistered, Waitlisted) VALUES (289, 109, 193, '2025-07-27 05:18:32', FALSE);
INSERT INTO EventRoster (ID, Event, Member, DateRegistered, Waitlisted) VALUES (290, 109, 185, '2025-08-04 21:35:37', TRUE);
INSERT INTO EventRoster (ID, Event, Member, DateRegistered, Waitlisted) VALUES (291, 109, 131, '2025-07-30 02:45:55', FALSE);
INSERT INTO EventRoster (ID, Event, Member, DateRegistered, Waitlisted) VALUES (292, 109, 121, '2025-07-23 11:34:15', FALSE);
INSERT INTO EventRoster (ID, Event, Member, DateRegistered, Waitlisted) VALUES (293, 109, 132, '2025-07-18 03:08:36', FALSE);
INSERT INTO EventRoster (ID, Event, Member, DateRegistered, Waitlisted) VALUES (294, 109, 106, '2025-08-01 09:10:09', FALSE);
INSERT INTO EventRoster (ID, Event, Member, DateRegistered, Waitlisted) VALUES (295, 109, 114, '2025-08-02 19:09:29', FALSE);
INSERT INTO EventRoster (ID, Event, Member, DateRegistered, Waitlisted) VALUES (296, 109, 167, '2025-07-31 11:20:15', FALSE);
INSERT INTO EventRoster (ID, Event, Member, DateRegistered, Waitlisted) VALUES (297, 109, 184, '2025-07-19 14:36:50', TRUE);
INSERT INTO EventRoster (ID, Event, Member, DateRegistered, Waitlisted) VALUES (298, 109, 133, '2025-07-17 08:44:48', FALSE);
INSERT INTO EventRoster (ID, Event, Member, DateRegistered, Waitlisted) VALUES (299, 109, 149, '2025-07-25 02:39:54', FALSE);
INSERT INTO EventRoster (ID, Event, Member, DateRegistered, Waitlisted) VALUES (300, 109, 189, '2025-07-19 08:43:29', FALSE);
INSERT INTO EventRoster (ID, Event, Member, DateRegistered, Waitlisted) VALUES (301, 110, 102, '2025-07-12 20:22:09', FALSE);
INSERT INTO EventRoster (ID, Event, Member, DateRegistered, Waitlisted) VALUES (302, 110, 128, '2025-07-18 07:22:19', FALSE);
INSERT INTO EventRoster (ID, Event, Member, DateRegistered, Waitlisted) VALUES (303, 110, 131, '2025-08-06 13:19:49', FALSE);
INSERT INTO EventRoster (ID, Event, Member, DateRegistered, Waitlisted) VALUES (304, 110, 146, '2025-07-25 08:39:19', FALSE);
INSERT INTO EventRoster (ID, Event, Member, DateRegistered, Waitlisted) VALUES (305, 110, 186, '2025-07-24 03:07:00', TRUE);
INSERT INTO EventRoster (ID, Event, Member, DateRegistered, Waitlisted) VALUES (306, 110, 115, '2025-07-14 16:33:17', FALSE);
INSERT INTO EventRoster (ID, Event, Member, DateRegistered, Waitlisted) VALUES (307, 110, 143, '2025-07-25 16:33:10', FALSE);
INSERT INTO EventRoster (ID, Event, Member, DateRegistered, Waitlisted) VALUES (308, 110, 155, '2025-08-04 09:52:40', FALSE);
INSERT INTO EventRoster (ID, Event, Member, DateRegistered, Waitlisted) VALUES (309, 110, 139, '2025-07-12 08:42:05', FALSE);
INSERT INTO EventRoster (ID, Event, Member, DateRegistered, Waitlisted) VALUES (310, 110, 126, '2025-07-11 22:52:51', FALSE);
INSERT INTO EventRoster (ID, Event, Member, DateRegistered, Waitlisted) VALUES (311, 110, 104, '2025-07-13 10:42:18', FALSE);
INSERT INTO EventRoster (ID, Event, Member, DateRegistered, Waitlisted) VALUES (312, 110, 142, '2025-07-31 23:13:25', FALSE);
INSERT INTO EventRoster (ID, Event, Member, DateRegistered, Waitlisted) VALUES (313, 110, 148, '2025-08-10 09:26:57', FALSE);
INSERT INTO EventRoster (ID, Event, Member, DateRegistered, Waitlisted) VALUES (314, 110, 140, '2025-08-07 06:57:46', FALSE);
INSERT INTO EventRoster (ID, Event, Member, DateRegistered, Waitlisted) VALUES (315, 110, 129, '2025-08-01 23:43:06', FALSE);
INSERT INTO EventRoster (ID, Event, Member, DateRegistered, Waitlisted) VALUES (316, 110, 120, '2025-08-05 22:30:26', FALSE);
INSERT INTO EventRoster (ID, Event, Member, DateRegistered, Waitlisted) VALUES (317, 110, 133, '2025-08-04 17:07:32', FALSE);
INSERT INTO EventRoster (ID, Event, Member, DateRegistered, Waitlisted) VALUES (318, 110, 144, '2025-07-18 08:38:18', FALSE);
INSERT INTO EventRoster (ID, Event, Member, DateRegistered, Waitlisted) VALUES (319, 110, 119, '2025-07-19 00:49:44', FALSE);
INSERT INTO EventRoster (ID, Event, Member, DateRegistered, Waitlisted) VALUES (320, 110, 194, '2025-07-27 19:03:28', FALSE);
INSERT INTO EventRoster (ID, Event, Member, DateRegistered, Waitlisted) VALUES (321, 111, 139, '2025-07-24 14:17:43', TRUE);
INSERT INTO EventRoster (ID, Event, Member, DateRegistered, Waitlisted) VALUES (322, 111, 138, '2025-07-29 18:17:27', TRUE);
INSERT INTO EventRoster (ID, Event, Member, DateRegistered, Waitlisted) VALUES (323, 111, 101, '2025-07-28 08:10:08', FALSE);
INSERT INTO EventRoster (ID, Event, Member, DateRegistered, Waitlisted) VALUES (324, 111, 135, '2025-07-25 13:00:19', FALSE);
INSERT INTO EventRoster (ID, Event, Member, DateRegistered, Waitlisted) VALUES (325, 111, 128, '2025-07-14 07:29:38', FALSE);
INSERT INTO EventRoster (ID, Event, Member, DateRegistered, Waitlisted) VALUES (326, 111, 110, '2025-08-03 04:32:48', FALSE);
INSERT INTO EventRoster (ID, Event, Member, DateRegistered, Waitlisted) VALUES (327, 111, 119, '2025-07-25 03:55:57', FALSE);
INSERT INTO EventRoster (ID, Event, Member, DateRegistered, Waitlisted) VALUES (328, 111, 132, '2025-08-06 23:39:48', FALSE);
INSERT INTO EventRoster (ID, Event, Member, DateRegistered, Waitlisted) VALUES (329, 111, 179, '2025-07-28 12:02:13', FALSE);
INSERT INTO EventRoster (ID, Event, Member, DateRegistered, Waitlisted) VALUES (330, 111, 190, '2025-07-18 06:44:52', TRUE);
INSERT INTO EventRoster (ID, Event, Member, DateRegistered, Waitlisted) VALUES (331, 111, 149, '2025-08-10 07:54:37', FALSE);
INSERT INTO EventRoster (ID, Event, Member, DateRegistered, Waitlisted) VALUES (332, 111, 154, '2025-07-19 07:31:08', FALSE);
INSERT INTO EventRoster (ID, Event, Member, DateRegistered, Waitlisted) VALUES (333, 111, 155, '2025-07-29 21:34:56', FALSE);
INSERT INTO EventRoster (ID, Event, Member, DateRegistered, Waitlisted) VALUES (334, 111, 148, '2025-07-13 06:25:18', FALSE);
INSERT INTO EventRoster (ID, Event, Member, DateRegistered, Waitlisted) VALUES (335, 111, 170, '2025-07-18 17:22:42', FALSE);
INSERT INTO EventRoster (ID, Event, Member, DateRegistered, Waitlisted) VALUES (336, 111, 193, '2025-07-14 11:19:01', FALSE);
INSERT INTO EventRoster (ID, Event, Member, DateRegistered, Waitlisted) VALUES (337, 111, 192, '2025-07-12 01:26:12', FALSE);
INSERT INTO EventRoster (ID, Event, Member, DateRegistered, Waitlisted) VALUES (338, 112, 169, '2025-07-11 18:44:50', FALSE);
INSERT INTO EventRoster (ID, Event, Member, DateRegistered, Waitlisted) VALUES (339, 112, 150, '2025-07-30 03:42:46', FALSE);
INSERT INTO EventRoster (ID, Event, Member, DateRegistered, Waitlisted) VALUES (340, 112, 191, '2025-07-30 11:54:56', FALSE);
INSERT INTO EventRoster (ID, Event, Member, DateRegistered, Waitlisted) VALUES (341, 112, 114, '2025-08-05 08:37:37', FALSE);
INSERT INTO EventRoster (ID, Event, Member, DateRegistered, Waitlisted) VALUES (342, 112, 105, '2025-07-20 01:28:00', FALSE);
INSERT INTO EventRoster (ID, Event, Member, DateRegistered, Waitlisted) VALUES (343, 112, 146, '2025-07-29 22:57:45', FALSE);
INSERT INTO EventRoster (ID, Event, Member, DateRegistered, Waitlisted) VALUES (344, 112, 174, '2025-07-19 06:09:56', FALSE);
INSERT INTO EventRoster (ID, Event, Member, DateRegistered, Waitlisted) VALUES (345, 112, 102, '2025-07-29 22:15:25', FALSE);
INSERT INTO EventRoster (ID, Event, Member, DateRegistered, Waitlisted) VALUES (346, 112, 139, '2025-07-29 21:37:11', FALSE);
INSERT INTO EventRoster (ID, Event, Member, DateRegistered, Waitlisted) VALUES (347, 112, 183, '2025-08-07 16:01:15', FALSE);
INSERT INTO EventRoster (ID, Event, Member, DateRegistered, Waitlisted) VALUES (348, 113, 172, '2025-07-22 15:46:43', FALSE);
INSERT INTO EventRoster (ID, Event, Member, DateRegistered, Waitlisted) VALUES (349, 113, 134, '2025-07-14 10:15:15', FALSE);
INSERT INTO EventRoster (ID, Event, Member, DateRegistered, Waitlisted) VALUES (350, 113, 178, '2025-07-19 21:14:58', FALSE);
INSERT INTO EventRoster (ID, Event, Member, DateRegistered, Waitlisted) VALUES (351, 113, 129, '2025-07-13 07:56:57', FALSE);
INSERT INTO EventRoster (ID, Event, Member, DateRegistered, Waitlisted) VALUES (352, 113, 192, '2025-07-26 13:24:58', TRUE);
INSERT INTO EventRoster (ID, Event, Member, DateRegistered, Waitlisted) VALUES (353, 113, 181, '2025-07-15 06:15:47', FALSE);
INSERT INTO EventRoster (ID, Event, Member, DateRegistered, Waitlisted) VALUES (354, 113, 189, '2025-07-17 20:20:24', FALSE);
INSERT INTO EventRoster (ID, Event, Member, DateRegistered, Waitlisted) VALUES (355, 113, 108, '2025-08-01 01:43:43', FALSE);
INSERT INTO EventRoster (ID, Event, Member, DateRegistered, Waitlisted) VALUES (356, 113, 148, '2025-07-31 12:26:27', FALSE);
INSERT INTO EventRoster (ID, Event, Member, DateRegistered, Waitlisted) VALUES (357, 113, 165, '2025-07-19 15:46:23', FALSE);
INSERT INTO EventRoster (ID, Event, Member, DateRegistered, Waitlisted) VALUES (358, 113, 177, '2025-07-15 17:00:02', FALSE);
INSERT INTO EventRoster (ID, Event, Member, DateRegistered, Waitlisted) VALUES (359, 113, 152, '2025-08-04 05:53:00', FALSE);
INSERT INTO EventRoster (ID, Event, Member, DateRegistered, Waitlisted) VALUES (360, 113, 176, '2025-07-26 14:29:41', FALSE);
INSERT INTO EventRoster (ID, Event, Member, DateRegistered, Waitlisted) VALUES (361, 113, 193, '2025-07-30 07:06:07', FALSE);
INSERT INTO EventRoster (ID, Event, Member, DateRegistered, Waitlisted) VALUES (362, 113, 140, '2025-07-31 20:35:43', FALSE);
INSERT INTO EventRoster (ID, Event, Member, DateRegistered, Waitlisted) VALUES (363, 113, 161, '2025-08-10 04:06:54', FALSE);
INSERT INTO EventRoster (ID, Event, Member, DateRegistered, Waitlisted) VALUES (364, 113, 104, '2025-07-30 17:42:48', FALSE);
INSERT INTO EventRoster (ID, Event, Member, DateRegistered, Waitlisted) VALUES (365, 113, 147, '2025-07-17 02:51:14', FALSE);
INSERT INTO EventRoster (ID, Event, Member, DateRegistered, Waitlisted) VALUES (366, 113, 103, '2025-08-05 05:26:32', FALSE);
INSERT INTO EventRoster (ID, Event, Member, DateRegistered, Waitlisted) VALUES (367, 113, 112, '2025-08-09 10:15:13', FALSE);
INSERT INTO EventRoster (ID, Event, Member, DateRegistered, Waitlisted) VALUES (368, 113, 144, '2025-08-09 14:42:04', FALSE);
INSERT INTO EventRoster (ID, Event, Member, DateRegistered, Waitlisted) VALUES (369, 113, 183, '2025-07-20 02:57:10', FALSE);
INSERT INTO EventRoster (ID, Event, Member, DateRegistered, Waitlisted) VALUES (370, 113, 171, '2025-07-19 20:57:37', FALSE);
INSERT INTO EventRoster (ID, Event, Member, DateRegistered, Waitlisted) VALUES (371, 113, 124, '2025-07-25 10:25:14', FALSE);
INSERT INTO EventRoster (ID, Event, Member, DateRegistered, Waitlisted) VALUES (372, 113, 102, '2025-07-31 17:15:51', FALSE);
INSERT INTO EventRoster (ID, Event, Member, DateRegistered, Waitlisted) VALUES (373, 113, 187, '2025-08-04 07:29:43', FALSE);
INSERT INTO EventRoster (ID, Event, Member, DateRegistered, Waitlisted) VALUES (374, 113, 179, '2025-07-23 23:52:08', FALSE);
INSERT INTO EventRoster (ID, Event, Member, DateRegistered, Waitlisted) VALUES (375, 113, 186, '2025-08-09 12:48:16', FALSE);
INSERT INTO EventRoster (ID, Event, Member, DateRegistered, Waitlisted) VALUES (376, 113, 111, '2025-08-05 00:13:17', FALSE);
INSERT INTO EventRoster (ID, Event, Member, DateRegistered, Waitlisted) VALUES (377, 113, 175, '2025-07-17 06:39:51', FALSE);
INSERT INTO EventRoster (ID, Event, Member, DateRegistered, Waitlisted) VALUES (378, 113, 125, '2025-08-03 16:24:16', FALSE);
INSERT INTO EventRoster (ID, Event, Member, DateRegistered, Waitlisted) VALUES (379, 113, 180, '2025-08-08 00:10:13', FALSE);
INSERT INTO EventRoster (ID, Event, Member, DateRegistered, Waitlisted) VALUES (380, 114, 162, '2025-07-17 04:42:29', FALSE);
INSERT INTO EventRoster (ID, Event, Member, DateRegistered, Waitlisted) VALUES (381, 114, 147, '2025-07-18 20:40:25', FALSE);
INSERT INTO EventRoster (ID, Event, Member, DateRegistered, Waitlisted) VALUES (382, 114, 149, '2025-08-09 11:29:52', FALSE);
INSERT INTO EventRoster (ID, Event, Member, DateRegistered, Waitlisted) VALUES (383, 114, 192, '2025-07-13 18:42:03', TRUE);
INSERT INTO EventRoster (ID, Event, Member, DateRegistered, Waitlisted) VALUES (384, 114, 164, '2025-07-19 00:18:04', FALSE);
INSERT INTO EventRoster (ID, Event, Member, DateRegistered, Waitlisted) VALUES (385, 114, 133, '2025-08-07 07:30:08', FALSE);
INSERT INTO EventRoster (ID, Event, Member, DateRegistered, Waitlisted) VALUES (386, 114, 190, '2025-07-22 17:36:50', FALSE);
INSERT INTO EventRoster (ID, Event, Member, DateRegistered, Waitlisted) VALUES (387, 114, 123, '2025-07-26 18:50:01', FALSE);
INSERT INTO EventRoster (ID, Event, Member, DateRegistered, Waitlisted) VALUES (388, 114, 139, '2025-07-15 10:46:46', FALSE);
INSERT INTO EventRoster (ID, Event, Member, DateRegistered, Waitlisted) VALUES (389, 114, 122, '2025-07-17 21:50:41', FALSE);
INSERT INTO EventRoster (ID, Event, Member, DateRegistered, Waitlisted) VALUES (390, 114, 119, '2025-07-20 12:36:15', FALSE);
INSERT INTO EventRoster (ID, Event, Member, DateRegistered, Waitlisted) VALUES (391, 114, 121, '2025-07-20 04:16:05', FALSE);
INSERT INTO EventRoster (ID, Event, Member, DateRegistered, Waitlisted) VALUES (392, 115, 164, '2025-08-05 20:07:07', FALSE);
INSERT INTO EventRoster (ID, Event, Member, DateRegistered, Waitlisted) VALUES (393, 115, 118, '2025-07-14 21:44:36', FALSE);
INSERT INTO EventRoster (ID, Event, Member, DateRegistered, Waitlisted) VALUES (394, 115, 151, '2025-07-22 18:04:43', FALSE);
INSERT INTO EventRoster (ID, Event, Member, DateRegistered, Waitlisted) VALUES (395, 115, 192, '2025-08-08 06:36:26', FALSE);
INSERT INTO EventRoster (ID, Event, Member, DateRegistered, Waitlisted) VALUES (396, 115, 106, '2025-07-31 11:15:41', FALSE);
INSERT INTO EventRoster (ID, Event, Member, DateRegistered, Waitlisted) VALUES (397, 115, 124, '2025-08-05 20:20:48', FALSE);
INSERT INTO EventRoster (ID, Event, Member, DateRegistered, Waitlisted) VALUES (398, 115, 141, '2025-08-05 02:04:08', FALSE);
INSERT INTO EventRoster (ID, Event, Member, DateRegistered, Waitlisted) VALUES (399, 115, 114, '2025-08-01 11:24:30', FALSE);
INSERT INTO EventRoster (ID, Event, Member, DateRegistered, Waitlisted) VALUES (400, 115, 133, '2025-07-17 03:48:17', FALSE);
INSERT INTO EventRoster (ID, Event, Member, DateRegistered, Waitlisted) VALUES (401, 115, 180, '2025-07-26 13:39:44', FALSE);
INSERT INTO EventRoster (ID, Event, Member, DateRegistered, Waitlisted) VALUES (402, 115, 175, '2025-07-14 04:19:02', FALSE);
INSERT INTO EventRoster (ID, Event, Member, DateRegistered, Waitlisted) VALUES (403, 115, 199, '2025-07-15 01:28:27', FALSE);
INSERT INTO EventRoster (ID, Event, Member, DateRegistered, Waitlisted) VALUES (404, 115, 112, '2025-07-15 02:28:35', FALSE);
INSERT INTO EventRoster (ID, Event, Member, DateRegistered, Waitlisted) VALUES (405, 115, 132, '2025-07-31 12:31:43', FALSE);
INSERT INTO EventRoster (ID, Event, Member, DateRegistered, Waitlisted) VALUES (406, 115, 189, '2025-07-17 21:34:27', FALSE);
INSERT INTO EventRoster (ID, Event, Member, DateRegistered, Waitlisted) VALUES (407, 115, 177, '2025-07-25 06:16:26', FALSE);
INSERT INTO EventRoster (ID, Event, Member, DateRegistered, Waitlisted) VALUES (408, 115, 123, '2025-07-18 11:36:49', FALSE);
INSERT INTO EventRoster (ID, Event, Member, DateRegistered, Waitlisted) VALUES (409, 116, 126, '2025-07-22 23:39:45', TRUE);
INSERT INTO EventRoster (ID, Event, Member, DateRegistered, Waitlisted) VALUES (410, 116, 182, '2025-08-10 09:56:52', FALSE);
INSERT INTO EventRoster (ID, Event, Member, DateRegistered, Waitlisted) VALUES (411, 116, 130, '2025-07-27 12:38:40', FALSE);
INSERT INTO EventRoster (ID, Event, Member, DateRegistered, Waitlisted) VALUES (412, 116, 155, '2025-07-12 12:45:16', FALSE);
INSERT INTO EventRoster (ID, Event, Member, DateRegistered, Waitlisted) VALUES (413, 116, 190, '2025-07-13 02:59:01', FALSE);
INSERT INTO EventRoster (ID, Event, Member, DateRegistered, Waitlisted) VALUES (414, 116, 161, '2025-08-05 07:25:38', FALSE);
INSERT INTO EventRoster (ID, Event, Member, DateRegistered, Waitlisted) VALUES (415, 116, 191, '2025-07-16 06:40:17', FALSE);
INSERT INTO EventRoster (ID, Event, Member, DateRegistered, Waitlisted) VALUES (416, 116, 199, '2025-08-09 20:19:49', FALSE);
INSERT INTO EventRoster (ID, Event, Member, DateRegistered, Waitlisted) VALUES (417, 116, 183, '2025-07-12 20:34:37', FALSE);
INSERT INTO EventRoster (ID, Event, Member, DateRegistered, Waitlisted) VALUES (418, 116, 174, '2025-07-14 04:38:16', FALSE);
INSERT INTO EventRoster (ID, Event, Member, DateRegistered, Waitlisted) VALUES (419, 116, 114, '2025-07-27 02:24:36', FALSE);
INSERT INTO EventRoster (ID, Event, Member, DateRegistered, Waitlisted) VALUES (420, 116, 102, '2025-07-29 13:21:49', FALSE);
INSERT INTO EventRoster (ID, Event, Member, DateRegistered, Waitlisted) VALUES (421, 116, 119, '2025-07-21 06:35:41', FALSE);
INSERT INTO EventRoster (ID, Event, Member, DateRegistered, Waitlisted) VALUES (422, 116, 144, '2025-08-07 16:03:27', FALSE);
INSERT INTO EventRoster (ID, Event, Member, DateRegistered, Waitlisted) VALUES (423, 116, 151, '2025-07-27 04:28:09', FALSE);
INSERT INTO EventRoster (ID, Event, Member, DateRegistered, Waitlisted) VALUES (424, 116, 105, '2025-07-11 14:00:40', FALSE);
INSERT INTO EventRoster (ID, Event, Member, DateRegistered, Waitlisted) VALUES (425, 117, 131, '2025-07-20 19:11:36', FALSE);
INSERT INTO EventRoster (ID, Event, Member, DateRegistered, Waitlisted) VALUES (426, 117, 116, '2025-08-01 22:46:54', FALSE);
INSERT INTO EventRoster (ID, Event, Member, DateRegistered, Waitlisted) VALUES (427, 117, 104, '2025-07-28 21:01:26', FALSE);
INSERT INTO EventRoster (ID, Event, Member, DateRegistered, Waitlisted) VALUES (428, 117, 105, '2025-08-03 19:28:30', TRUE);
INSERT INTO EventRoster (ID, Event, Member, DateRegistered, Waitlisted) VALUES (429, 117, 118, '2025-08-04 10:21:57', FALSE);
INSERT INTO EventRoster (ID, Event, Member, DateRegistered, Waitlisted) VALUES (430, 117, 100, '2025-07-31 03:55:22', FALSE);
INSERT INTO EventRoster (ID, Event, Member, DateRegistered, Waitlisted) VALUES (431, 117, 179, '2025-07-15 12:00:52', FALSE);
INSERT INTO EventRoster (ID, Event, Member, DateRegistered, Waitlisted) VALUES (432, 117, 121, '2025-07-22 03:06:02', FALSE);
INSERT INTO EventRoster (ID, Event, Member, DateRegistered, Waitlisted) VALUES (433, 117, 188, '2025-07-22 18:43:29', FALSE);
INSERT INTO EventRoster (ID, Event, Member, DateRegistered, Waitlisted) VALUES (434, 117, 177, '2025-08-03 18:10:35', FALSE);
INSERT INTO EventRoster (ID, Event, Member, DateRegistered, Waitlisted) VALUES (435, 117, 152, '2025-08-09 01:56:50', FALSE);
INSERT INTO EventRoster (ID, Event, Member, DateRegistered, Waitlisted) VALUES (436, 117, 117, '2025-07-27 21:10:42', FALSE);
INSERT INTO EventRoster (ID, Event, Member, DateRegistered, Waitlisted) VALUES (437, 117, 174, '2025-07-13 02:42:35', FALSE);
INSERT INTO EventRoster (ID, Event, Member, DateRegistered, Waitlisted) VALUES (438, 117, 114, '2025-07-29 18:10:58', FALSE);
INSERT INTO EventRoster (ID, Event, Member, DateRegistered, Waitlisted) VALUES (439, 117, 101, '2025-07-29 21:38:22', FALSE);
INSERT INTO EventRoster (ID, Event, Member, DateRegistered, Waitlisted) VALUES (440, 117, 164, '2025-08-01 00:58:55', FALSE);
INSERT INTO EventRoster (ID, Event, Member, DateRegistered, Waitlisted) VALUES (441, 117, 171, '2025-07-31 12:09:54', FALSE);
INSERT INTO EventRoster (ID, Event, Member, DateRegistered, Waitlisted) VALUES (442, 118, 118, '2025-07-19 17:12:49', FALSE);
INSERT INTO EventRoster (ID, Event, Member, DateRegistered, Waitlisted) VALUES (443, 118, 191, '2025-08-04 14:47:14', FALSE);
INSERT INTO EventRoster (ID, Event, Member, DateRegistered, Waitlisted) VALUES (444, 118, 150, '2025-07-21 01:03:18', FALSE);
INSERT INTO EventRoster (ID, Event, Member, DateRegistered, Waitlisted) VALUES (445, 118, 183, '2025-07-16 17:21:47', FALSE);
INSERT INTO EventRoster (ID, Event, Member, DateRegistered, Waitlisted) VALUES (446, 118, 134, '2025-08-04 20:48:21', FALSE);
INSERT INTO EventRoster (ID, Event, Member, DateRegistered, Waitlisted) VALUES (447, 118, 199, '2025-07-27 07:09:57', FALSE);
INSERT INTO EventRoster (ID, Event, Member, DateRegistered, Waitlisted) VALUES (448, 118, 195, '2025-07-18 12:25:30', TRUE);
INSERT INTO EventRoster (ID, Event, Member, DateRegistered, Waitlisted) VALUES (449, 118, 126, '2025-07-17 01:39:30', FALSE);
INSERT INTO EventRoster (ID, Event, Member, DateRegistered, Waitlisted) VALUES (450, 118, 168, '2025-07-29 01:45:35', FALSE);
INSERT INTO EventRoster (ID, Event, Member, DateRegistered, Waitlisted) VALUES (451, 118, 162, '2025-07-11 19:52:15', FALSE);
INSERT INTO EventRoster (ID, Event, Member, DateRegistered, Waitlisted) VALUES (452, 118, 140, '2025-07-21 07:59:13', FALSE);
INSERT INTO EventRoster (ID, Event, Member, DateRegistered, Waitlisted) VALUES (453, 118, 156, '2025-07-26 09:44:01', FALSE);
INSERT INTO EventRoster (ID, Event, Member, DateRegistered, Waitlisted) VALUES (454, 118, 112, '2025-07-23 15:26:00', FALSE);
INSERT INTO EventRoster (ID, Event, Member, DateRegistered, Waitlisted) VALUES (455, 118, 193, '2025-07-29 23:44:09', FALSE);
INSERT INTO EventRoster (ID, Event, Member, DateRegistered, Waitlisted) VALUES (456, 118, 169, '2025-08-05 17:29:24', FALSE);
INSERT INTO EventRoster (ID, Event, Member, DateRegistered, Waitlisted) VALUES (457, 118, 106, '2025-08-02 20:28:00', FALSE);
INSERT INTO EventRoster (ID, Event, Member, DateRegistered, Waitlisted) VALUES (458, 118, 167, '2025-08-07 03:40:09', FALSE);
INSERT INTO EventRoster (ID, Event, Member, DateRegistered, Waitlisted) VALUES (459, 118, 101, '2025-08-05 18:07:36', FALSE);
INSERT INTO EventRoster (ID, Event, Member, DateRegistered, Waitlisted) VALUES (460, 118, 144, '2025-07-29 13:54:32', FALSE);
INSERT INTO EventRoster (ID, Event, Member, DateRegistered, Waitlisted) VALUES (461, 119, 118, '2025-08-02 16:05:32', FALSE);
INSERT INTO EventRoster (ID, Event, Member, DateRegistered, Waitlisted) VALUES (462, 119, 172, '2025-07-16 13:40:46', FALSE);
INSERT INTO EventRoster (ID, Event, Member, DateRegistered, Waitlisted) VALUES (463, 119, 138, '2025-07-21 12:17:19', FALSE);
INSERT INTO EventRoster (ID, Event, Member, DateRegistered, Waitlisted) VALUES (464, 119, 152, '2025-07-17 12:37:11', FALSE);
INSERT INTO EventRoster (ID, Event, Member, DateRegistered, Waitlisted) VALUES (465, 119, 157, '2025-08-06 07:27:50', FALSE);
INSERT INTO EventRoster (ID, Event, Member, DateRegistered, Waitlisted) VALUES (466, 119, 115, '2025-08-09 09:15:12', FALSE);
INSERT INTO EventRoster (ID, Event, Member, DateRegistered, Waitlisted) VALUES (467, 119, 173, '2025-08-04 05:31:33', FALSE);
INSERT INTO EventRoster (ID, Event, Member, DateRegistered, Waitlisted) VALUES (468, 119, 107, '2025-07-17 23:40:36', FALSE);
INSERT INTO EventRoster (ID, Event, Member, DateRegistered, Waitlisted) VALUES (469, 119, 131, '2025-07-28 21:38:50', FALSE);
INSERT INTO EventRoster (ID, Event, Member, DateRegistered, Waitlisted) VALUES (470, 119, 126, '2025-08-08 13:07:47', FALSE);
INSERT INTO EventRoster (ID, Event, Member, DateRegistered, Waitlisted) VALUES (471, 119, 181, '2025-08-03 07:57:31', FALSE);
INSERT INTO EventRoster (ID, Event, Member, DateRegistered, Waitlisted) VALUES (472, 119, 165, '2025-07-19 19:11:27', FALSE);
INSERT INTO EventRoster (ID, Event, Member, DateRegistered, Waitlisted) VALUES (473, 119, 128, '2025-08-08 20:00:34', FALSE);
INSERT INTO EventRoster (ID, Event, Member, DateRegistered, Waitlisted) VALUES (474, 119, 116, '2025-07-30 13:10:20', FALSE);
INSERT INTO EventRoster (ID, Event, Member, DateRegistered, Waitlisted) VALUES (475, 119, 197, '2025-07-28 22:19:53', FALSE);
INSERT INTO EventRoster (ID, Event, Member, DateRegistered, Waitlisted) VALUES (476, 119, 183, '2025-08-01 10:38:44', FALSE);
INSERT INTO EventRoster (ID, Event, Member, DateRegistered, Waitlisted) VALUES (477, 119, 156, '2025-07-12 02:56:53', TRUE);
INSERT INTO EventRoster (ID, Event, Member, DateRegistered, Waitlisted) VALUES (478, 119, 135, '2025-07-26 11:24:13', FALSE);
INSERT INTO EventRoster (ID, Event, Member, DateRegistered, Waitlisted) VALUES (479, 119, 129, '2025-07-22 16:27:00', FALSE);
INSERT INTO EventRoster (ID, Event, Member, DateRegistered, Waitlisted) VALUES (480, 120, 126, '2025-07-25 05:21:49', FALSE);
INSERT INTO EventRoster (ID, Event, Member, DateRegistered, Waitlisted) VALUES (481, 120, 168, '2025-07-16 15:56:09', FALSE);
INSERT INTO EventRoster (ID, Event, Member, DateRegistered, Waitlisted) VALUES (482, 120, 144, '2025-07-22 09:26:34', FALSE);
INSERT INTO EventRoster (ID, Event, Member, DateRegistered, Waitlisted) VALUES (483, 120, 189, '2025-07-21 20:31:05', FALSE);
INSERT INTO EventRoster (ID, Event, Member, DateRegistered, Waitlisted) VALUES (484, 120, 101, '2025-07-27 07:00:36', FALSE);
INSERT INTO EventRoster (ID, Event, Member, DateRegistered, Waitlisted) VALUES (485, 120, 136, '2025-07-25 18:53:33', FALSE);
INSERT INTO EventRoster (ID, Event, Member, DateRegistered, Waitlisted) VALUES (486, 120, 151, '2025-07-31 14:10:32', FALSE);
INSERT INTO EventRoster (ID, Event, Member, DateRegistered, Waitlisted) VALUES (487, 120, 103, '2025-07-17 21:58:19', FALSE);
INSERT INTO EventRoster (ID, Event, Member, DateRegistered, Waitlisted) VALUES (488, 120, 182, '2025-07-12 10:42:51', FALSE);
INSERT INTO EventRoster (ID, Event, Member, DateRegistered, Waitlisted) VALUES (489, 120, 181, '2025-07-23 16:15:50', FALSE);
INSERT INTO EventRoster (ID, Event, Member, DateRegistered, Waitlisted) VALUES (490, 120, 194, '2025-08-01 09:35:10', FALSE);
INSERT INTO EventRoster (ID, Event, Member, DateRegistered, Waitlisted) VALUES (491, 120, 145, '2025-08-08 01:48:56', FALSE);
INSERT INTO EventRoster (ID, Event, Member, DateRegistered, Waitlisted) VALUES (492, 120, 130, '2025-07-17 15:30:29', FALSE);
INSERT INTO EventRoster (ID, Event, Member, DateRegistered, Waitlisted) VALUES (493, 120, 140, '2025-08-10 08:05:16', FALSE);
INSERT INTO EventRoster (ID, Event, Member, DateRegistered, Waitlisted) VALUES (494, 120, 141, '2025-08-08 06:27:29', FALSE);
INSERT INTO EventRoster (ID, Event, Member, DateRegistered, Waitlisted) VALUES (495, 120, 154, '2025-08-05 07:13:24', FALSE);
INSERT INTO EventRoster (ID, Event, Member, DateRegistered, Waitlisted) VALUES (496, 120, 165, '2025-07-22 03:31:54', FALSE);
INSERT INTO EventRoster (ID, Event, Member, DateRegistered, Waitlisted) VALUES (497, 121, 187, '2025-07-16 17:05:28', FALSE);
INSERT INTO EventRoster (ID, Event, Member, DateRegistered, Waitlisted) VALUES (498, 121, 191, '2025-07-29 07:54:38', FALSE);
INSERT INTO EventRoster (ID, Event, Member, DateRegistered, Waitlisted) VALUES (499, 121, 149, '2025-07-22 06:23:29', TRUE);
INSERT INTO EventRoster (ID, Event, Member, DateRegistered, Waitlisted) VALUES (500, 121, 107, '2025-08-03 06:09:55', FALSE);
INSERT INTO EventRoster (ID, Event, Member, DateRegistered, Waitlisted) VALUES (501, 121, 108, '2025-07-29 16:05:07', TRUE);
INSERT INTO EventRoster (ID, Event, Member, DateRegistered, Waitlisted) VALUES (502, 121, 186, '2025-07-31 01:06:51', FALSE);
INSERT INTO EventRoster (ID, Event, Member, DateRegistered, Waitlisted) VALUES (503, 121, 190, '2025-07-13 08:58:20', FALSE);
INSERT INTO EventRoster (ID, Event, Member, DateRegistered, Waitlisted) VALUES (504, 121, 146, '2025-08-02 19:25:01', FALSE);
INSERT INTO EventRoster (ID, Event, Member, DateRegistered, Waitlisted) VALUES (505, 121, 139, '2025-07-17 14:16:56', FALSE);
INSERT INTO EventRoster (ID, Event, Member, DateRegistered, Waitlisted) VALUES (506, 121, 156, '2025-07-12 23:26:06', FALSE);
INSERT INTO EventRoster (ID, Event, Member, DateRegistered, Waitlisted) VALUES (507, 121, 180, '2025-07-19 08:50:59', FALSE);
INSERT INTO EventRoster (ID, Event, Member, DateRegistered, Waitlisted) VALUES (508, 121, 105, '2025-08-09 01:46:14', FALSE);
INSERT INTO EventRoster (ID, Event, Member, DateRegistered, Waitlisted) VALUES (509, 121, 181, '2025-08-09 22:59:14', FALSE);
INSERT INTO EventRoster (ID, Event, Member, DateRegistered, Waitlisted) VALUES (510, 121, 133, '2025-07-16 18:36:10', FALSE);
INSERT INTO EventRoster (ID, Event, Member, DateRegistered, Waitlisted) VALUES (511, 121, 150, '2025-07-27 12:52:43', FALSE);
INSERT INTO EventRoster (ID, Event, Member, DateRegistered, Waitlisted) VALUES (512, 122, 112, '2025-07-30 21:58:30', FALSE);
INSERT INTO EventRoster (ID, Event, Member, DateRegistered, Waitlisted) VALUES (513, 122, 160, '2025-08-05 01:49:19', FALSE);
INSERT INTO EventRoster (ID, Event, Member, DateRegistered, Waitlisted) VALUES (514, 122, 114, '2025-08-03 22:33:48', FALSE);
INSERT INTO EventRoster (ID, Event, Member, DateRegistered, Waitlisted) VALUES (515, 122, 149, '2025-07-27 01:39:21', FALSE);
INSERT INTO EventRoster (ID, Event, Member, DateRegistered, Waitlisted) VALUES (516, 122, 163, '2025-07-15 18:58:41', FALSE);
INSERT INTO EventRoster (ID, Event, Member, DateRegistered, Waitlisted) VALUES (517, 122, 187, '2025-08-09 01:02:39', FALSE);
INSERT INTO EventRoster (ID, Event, Member, DateRegistered, Waitlisted) VALUES (518, 122, 193, '2025-07-24 08:37:01', FALSE);
INSERT INTO EventRoster (ID, Event, Member, DateRegistered, Waitlisted) VALUES (519, 122, 192, '2025-07-24 23:54:25', FALSE);
INSERT INTO EventRoster (ID, Event, Member, DateRegistered, Waitlisted) VALUES (520, 122, 145, '2025-07-13 23:47:41', FALSE);
INSERT INTO EventRoster (ID, Event, Member, DateRegistered, Waitlisted) VALUES (521, 122, 194, '2025-08-08 00:14:03', FALSE);
INSERT INTO EventRoster (ID, Event, Member, DateRegistered, Waitlisted) VALUES (522, 122, 104, '2025-07-30 07:08:00', FALSE);
INSERT INTO EventRoster (ID, Event, Member, DateRegistered, Waitlisted) VALUES (523, 122, 195, '2025-07-12 10:22:49', FALSE);
INSERT INTO EventRoster (ID, Event, Member, DateRegistered, Waitlisted) VALUES (524, 122, 120, '2025-07-24 00:35:18', FALSE);
INSERT INTO EventRoster (ID, Event, Member, DateRegistered, Waitlisted) VALUES (525, 122, 132, '2025-07-30 19:53:53', FALSE);
INSERT INTO EventRoster (ID, Event, Member, DateRegistered, Waitlisted) VALUES (526, 122, 106, '2025-07-23 21:01:33', FALSE);
INSERT INTO EventRoster (ID, Event, Member, DateRegistered, Waitlisted) VALUES (527, 122, 157, '2025-08-08 00:22:59', FALSE);
INSERT INTO EventRoster (ID, Event, Member, DateRegistered, Waitlisted) VALUES (528, 122, 153, '2025-08-02 00:48:17', FALSE);
INSERT INTO EventRoster (ID, Event, Member, DateRegistered, Waitlisted) VALUES (529, 122, 105, '2025-08-02 09:22:40', FALSE);
INSERT INTO EventRoster (ID, Event, Member, DateRegistered, Waitlisted) VALUES (530, 122, 130, '2025-07-17 10:01:01', FALSE);
INSERT INTO EventRoster (ID, Event, Member, DateRegistered, Waitlisted) VALUES (531, 122, 146, '2025-08-06 12:16:19', FALSE);
INSERT INTO EventRoster (ID, Event, Member, DateRegistered, Waitlisted) VALUES (532, 122, 172, '2025-07-22 23:22:45', FALSE);
INSERT INTO EventRoster (ID, Event, Member, DateRegistered, Waitlisted) VALUES (533, 122, 143, '2025-08-05 16:23:26', FALSE);
INSERT INTO EventRoster (ID, Event, Member, DateRegistered, Waitlisted) VALUES (534, 122, 116, '2025-08-08 20:15:24', FALSE);
INSERT INTO EventRoster (ID, Event, Member, DateRegistered, Waitlisted) VALUES (535, 122, 144, '2025-07-26 00:08:35', FALSE);
INSERT INTO EventRoster (ID, Event, Member, DateRegistered, Waitlisted) VALUES (536, 122, 158, '2025-07-19 20:20:30', FALSE);
INSERT INTO EventRoster (ID, Event, Member, DateRegistered, Waitlisted) VALUES (537, 123, 189, '2025-07-30 12:32:14', FALSE);
INSERT INTO EventRoster (ID, Event, Member, DateRegistered, Waitlisted) VALUES (538, 123, 164, '2025-07-26 01:15:17', FALSE);
INSERT INTO EventRoster (ID, Event, Member, DateRegistered, Waitlisted) VALUES (539, 123, 155, '2025-07-15 03:24:22', FALSE);
INSERT INTO EventRoster (ID, Event, Member, DateRegistered, Waitlisted) VALUES (540, 123, 143, '2025-07-23 04:01:25', FALSE);
INSERT INTO EventRoster (ID, Event, Member, DateRegistered, Waitlisted) VALUES (541, 123, 173, '2025-07-22 17:19:10', FALSE);
INSERT INTO EventRoster (ID, Event, Member, DateRegistered, Waitlisted) VALUES (542, 123, 133, '2025-08-03 06:10:22', TRUE);
INSERT INTO EventRoster (ID, Event, Member, DateRegistered, Waitlisted) VALUES (543, 123, 114, '2025-07-19 16:04:59', FALSE);
INSERT INTO EventRoster (ID, Event, Member, DateRegistered, Waitlisted) VALUES (544, 123, 145, '2025-08-01 12:20:16', FALSE);
INSERT INTO EventRoster (ID, Event, Member, DateRegistered, Waitlisted) VALUES (545, 123, 174, '2025-08-03 11:01:48', FALSE);
INSERT INTO EventRoster (ID, Event, Member, DateRegistered, Waitlisted) VALUES (546, 123, 111, '2025-08-09 14:46:41', FALSE);
INSERT INTO EventRoster (ID, Event, Member, DateRegistered, Waitlisted) VALUES (547, 124, 124, '2025-07-22 04:28:31', FALSE);
INSERT INTO EventRoster (ID, Event, Member, DateRegistered, Waitlisted) VALUES (548, 124, 153, '2025-07-25 05:12:32', FALSE);
INSERT INTO EventRoster (ID, Event, Member, DateRegistered, Waitlisted) VALUES (549, 124, 147, '2025-07-29 20:48:13', FALSE);
INSERT INTO EventRoster (ID, Event, Member, DateRegistered, Waitlisted) VALUES (550, 124, 182, '2025-08-03 17:18:43', FALSE);
INSERT INTO EventRoster (ID, Event, Member, DateRegistered, Waitlisted) VALUES (551, 124, 162, '2025-08-10 08:32:41', FALSE);
INSERT INTO EventRoster (ID, Event, Member, DateRegistered, Waitlisted) VALUES (552, 124, 130, '2025-07-26 11:48:37', FALSE);
INSERT INTO EventRoster (ID, Event, Member, DateRegistered, Waitlisted) VALUES (553, 124, 110, '2025-07-16 17:20:00', TRUE);
INSERT INTO EventRoster (ID, Event, Member, DateRegistered, Waitlisted) VALUES (554, 124, 149, '2025-07-16 22:08:41', FALSE);
INSERT INTO EventRoster (ID, Event, Member, DateRegistered, Waitlisted) VALUES (555, 124, 170, '2025-08-05 07:02:19', FALSE);
INSERT INTO EventRoster (ID, Event, Member, DateRegistered, Waitlisted) VALUES (556, 124, 173, '2025-07-23 07:21:51', TRUE);
INSERT INTO EventRoster (ID, Event, Member, DateRegistered, Waitlisted) VALUES (557, 124, 113, '2025-07-28 23:18:30', FALSE);
INSERT INTO EventRoster (ID, Event, Member, DateRegistered, Waitlisted) VALUES (558, 124, 108, '2025-07-14 16:04:18', FALSE);
INSERT INTO EventRoster (ID, Event, Member, DateRegistered, Waitlisted) VALUES (559, 124, 115, '2025-07-21 10:19:38', FALSE);
INSERT INTO EventRoster (ID, Event, Member, DateRegistered, Waitlisted) VALUES (560, 124, 125, '2025-08-06 16:11:31', FALSE);
INSERT INTO EventRoster (ID, Event, Member, DateRegistered, Waitlisted) VALUES (561, 124, 107, '2025-07-18 10:59:50', FALSE);
INSERT INTO EventRoster (ID, Event, Member, DateRegistered, Waitlisted) VALUES (562, 124, 183, '2025-07-12 16:24:43', FALSE);
INSERT INTO EventRoster (ID, Event, Member, DateRegistered, Waitlisted) VALUES (563, 124, 167, '2025-07-13 12:17:55', TRUE);
INSERT INTO EventRoster (ID, Event, Member, DateRegistered, Waitlisted) VALUES (564, 125, 192, '2025-07-15 19:30:03', FALSE);
INSERT INTO EventRoster (ID, Event, Member, DateRegistered, Waitlisted) VALUES (565, 125, 120, '2025-07-18 18:55:06', FALSE);
INSERT INTO EventRoster (ID, Event, Member, DateRegistered, Waitlisted) VALUES (566, 125, 146, '2025-07-27 06:32:03', FALSE);
INSERT INTO EventRoster (ID, Event, Member, DateRegistered, Waitlisted) VALUES (567, 125, 167, '2025-08-04 12:14:11', FALSE);
INSERT INTO EventRoster (ID, Event, Member, DateRegistered, Waitlisted) VALUES (568, 125, 163, '2025-07-15 14:02:42', FALSE);
INSERT INTO EventRoster (ID, Event, Member, DateRegistered, Waitlisted) VALUES (569, 125, 106, '2025-08-08 10:01:53', FALSE);
INSERT INTO EventRoster (ID, Event, Member, DateRegistered, Waitlisted) VALUES (570, 125, 168, '2025-08-03 11:30:26', FALSE);
INSERT INTO EventRoster (ID, Event, Member, DateRegistered, Waitlisted) VALUES (571, 125, 198, '2025-07-21 12:56:12', FALSE);
INSERT INTO EventRoster (ID, Event, Member, DateRegistered, Waitlisted) VALUES (572, 125, 143, '2025-07-27 03:57:09', FALSE);
INSERT INTO EventRoster (ID, Event, Member, DateRegistered, Waitlisted) VALUES (573, 125, 131, '2025-07-20 08:02:53', FALSE);
INSERT INTO EventRoster (ID, Event, Member, DateRegistered, Waitlisted) VALUES (574, 125, 184, '2025-07-15 04:05:16', TRUE);
INSERT INTO EventRoster (ID, Event, Member, DateRegistered, Waitlisted) VALUES (575, 125, 124, '2025-08-04 22:52:49', FALSE);
INSERT INTO EventRoster (ID, Event, Member, DateRegistered, Waitlisted) VALUES (576, 125, 141, '2025-07-16 11:36:32', FALSE);
INSERT INTO EventRoster (ID, Event, Member, DateRegistered, Waitlisted) VALUES (577, 125, 104, '2025-08-07 04:16:05', FALSE);
INSERT INTO EventRoster (ID, Event, Member, DateRegistered, Waitlisted) VALUES (578, 125, 147, '2025-08-08 04:34:32', FALSE);
INSERT INTO EventRoster (ID, Event, Member, DateRegistered, Waitlisted) VALUES (579, 125, 125, '2025-07-24 13:05:46', FALSE);
INSERT INTO EventRoster (ID, Event, Member, DateRegistered, Waitlisted) VALUES (580, 126, 169, '2025-07-18 06:36:50', FALSE);
INSERT INTO EventRoster (ID, Event, Member, DateRegistered, Waitlisted) VALUES (581, 126, 199, '2025-07-17 01:24:02', FALSE);
INSERT INTO EventRoster (ID, Event, Member, DateRegistered, Waitlisted) VALUES (582, 126, 120, '2025-08-08 13:56:55', TRUE);
INSERT INTO EventRoster (ID, Event, Member, DateRegistered, Waitlisted) VALUES (583, 126, 126, '2025-08-09 10:04:41', TRUE);
INSERT INTO EventRoster (ID, Event, Member, DateRegistered, Waitlisted) VALUES (584, 126, 154, '2025-07-13 03:46:47', FALSE);
INSERT INTO EventRoster (ID, Event, Member, DateRegistered, Waitlisted) VALUES (585, 126, 141, '2025-07-14 02:22:45', FALSE);
INSERT INTO EventRoster (ID, Event, Member, DateRegistered, Waitlisted) VALUES (586, 126, 132, '2025-07-21 13:46:07', FALSE);
INSERT INTO EventRoster (ID, Event, Member, DateRegistered, Waitlisted) VALUES (587, 127, 109, '2025-07-17 15:40:30', FALSE);
INSERT INTO EventRoster (ID, Event, Member, DateRegistered, Waitlisted) VALUES (588, 127, 151, '2025-07-23 18:09:13', TRUE);
INSERT INTO EventRoster (ID, Event, Member, DateRegistered, Waitlisted) VALUES (589, 127, 190, '2025-08-01 02:45:49', FALSE);
INSERT INTO EventRoster (ID, Event, Member, DateRegistered, Waitlisted) VALUES (590, 127, 112, '2025-07-12 06:27:41', FALSE);
INSERT INTO EventRoster (ID, Event, Member, DateRegistered, Waitlisted) VALUES (591, 127, 155, '2025-08-07 23:16:50', FALSE);
INSERT INTO EventRoster (ID, Event, Member, DateRegistered, Waitlisted) VALUES (592, 127, 164, '2025-07-30 20:48:23', FALSE);
INSERT INTO EventRoster (ID, Event, Member, DateRegistered, Waitlisted) VALUES (593, 127, 141, '2025-07-16 23:51:39', FALSE);
INSERT INTO EventRoster (ID, Event, Member, DateRegistered, Waitlisted) VALUES (594, 127, 189, '2025-07-25 22:49:25', FALSE);
INSERT INTO EventRoster (ID, Event, Member, DateRegistered, Waitlisted) VALUES (595, 127, 116, '2025-07-17 22:09:10', FALSE);
INSERT INTO EventRoster (ID, Event, Member, DateRegistered, Waitlisted) VALUES (596, 127, 179, '2025-07-16 16:15:54', FALSE);
INSERT INTO EventRoster (ID, Event, Member, DateRegistered, Waitlisted) VALUES (597, 127, 110, '2025-08-07 19:30:19', FALSE);
INSERT INTO EventRoster (ID, Event, Member, DateRegistered, Waitlisted) VALUES (598, 127, 154, '2025-08-04 06:36:14', FALSE);
INSERT INTO EventRoster (ID, Event, Member, DateRegistered, Waitlisted) VALUES (599, 127, 198, '2025-08-03 09:19:17', FALSE);
INSERT INTO EventRoster (ID, Event, Member, DateRegistered, Waitlisted) VALUES (600, 127, 180, '2025-07-31 10:06:46', FALSE);
INSERT INTO EventRoster (ID, Event, Member, DateRegistered, Waitlisted) VALUES (601, 127, 183, '2025-07-23 20:15:08', FALSE);
INSERT INTO EventRoster (ID, Event, Member, DateRegistered, Waitlisted) VALUES (602, 127, 181, '2025-08-01 16:57:16', TRUE);
INSERT INTO EventRoster (ID, Event, Member, DateRegistered, Waitlisted) VALUES (603, 127, 126, '2025-08-03 13:43:24', FALSE);
INSERT INTO EventRoster (ID, Event, Member, DateRegistered, Waitlisted) VALUES (604, 127, 158, '2025-07-11 19:52:32', FALSE);
INSERT INTO EventRoster (ID, Event, Member, DateRegistered, Waitlisted) VALUES (605, 127, 187, '2025-07-23 04:27:55', FALSE);
INSERT INTO EventRoster (ID, Event, Member, DateRegistered, Waitlisted) VALUES (606, 127, 119, '2025-07-27 12:13:51', TRUE);
INSERT INTO EventRoster (ID, Event, Member, DateRegistered, Waitlisted) VALUES (607, 127, 195, '2025-08-06 12:56:39', FALSE);
INSERT INTO EventRoster (ID, Event, Member, DateRegistered, Waitlisted) VALUES (608, 127, 172, '2025-07-21 13:38:22', FALSE);
INSERT INTO EventRoster (ID, Event, Member, DateRegistered, Waitlisted) VALUES (609, 128, 166, '2025-07-24 21:09:27', FALSE);
INSERT INTO EventRoster (ID, Event, Member, DateRegistered, Waitlisted) VALUES (610, 128, 155, '2025-08-03 05:32:00', FALSE);
INSERT INTO EventRoster (ID, Event, Member, DateRegistered, Waitlisted) VALUES (611, 128, 107, '2025-07-12 15:47:53', FALSE);
INSERT INTO EventRoster (ID, Event, Member, DateRegistered, Waitlisted) VALUES (612, 128, 195, '2025-07-24 04:54:57', FALSE);
INSERT INTO EventRoster (ID, Event, Member, DateRegistered, Waitlisted) VALUES (613, 128, 143, '2025-07-14 10:28:43', FALSE);
INSERT INTO EventRoster (ID, Event, Member, DateRegistered, Waitlisted) VALUES (614, 128, 169, '2025-07-15 21:02:22', FALSE);
INSERT INTO EventRoster (ID, Event, Member, DateRegistered, Waitlisted) VALUES (615, 128, 181, '2025-07-21 13:53:24', FALSE);
INSERT INTO EventRoster (ID, Event, Member, DateRegistered, Waitlisted) VALUES (616, 128, 142, '2025-07-18 08:00:29', FALSE);
INSERT INTO EventRoster (ID, Event, Member, DateRegistered, Waitlisted) VALUES (617, 128, 122, '2025-07-19 21:10:59', FALSE);
INSERT INTO EventRoster (ID, Event, Member, DateRegistered, Waitlisted) VALUES (618, 128, 172, '2025-07-22 00:53:57', FALSE);
INSERT INTO EventRoster (ID, Event, Member, DateRegistered, Waitlisted) VALUES (619, 128, 185, '2025-07-25 04:53:04', FALSE);
INSERT INTO EventRoster (ID, Event, Member, DateRegistered, Waitlisted) VALUES (620, 128, 115, '2025-08-02 22:42:46', FALSE);
INSERT INTO EventRoster (ID, Event, Member, DateRegistered, Waitlisted) VALUES (621, 128, 160, '2025-08-05 18:24:01', FALSE);
INSERT INTO EventRoster (ID, Event, Member, DateRegistered, Waitlisted) VALUES (622, 128, 145, '2025-07-18 03:41:19', FALSE);
INSERT INTO EventRoster (ID, Event, Member, DateRegistered, Waitlisted) VALUES (623, 128, 120, '2025-08-07 08:35:44', FALSE);
INSERT INTO EventRoster (ID, Event, Member, DateRegistered, Waitlisted) VALUES (624, 129, 183, '2025-07-24 16:30:01', FALSE);
INSERT INTO EventRoster (ID, Event, Member, DateRegistered, Waitlisted) VALUES (625, 129, 191, '2025-07-20 10:41:37', FALSE);
INSERT INTO EventRoster (ID, Event, Member, DateRegistered, Waitlisted) VALUES (626, 129, 180, '2025-08-05 02:05:33', FALSE);
INSERT INTO EventRoster (ID, Event, Member, DateRegistered, Waitlisted) VALUES (627, 129, 187, '2025-07-15 16:40:44', FALSE);
INSERT INTO EventRoster (ID, Event, Member, DateRegistered, Waitlisted) VALUES (628, 129, 171, '2025-08-05 04:21:39', FALSE);
INSERT INTO EventRoster (ID, Event, Member, DateRegistered, Waitlisted) VALUES (629, 129, 128, '2025-07-20 14:01:20', FALSE);
INSERT INTO EventRoster (ID, Event, Member, DateRegistered, Waitlisted) VALUES (630, 129, 162, '2025-07-30 06:50:05', FALSE);
INSERT INTO EventRoster (ID, Event, Member, DateRegistered, Waitlisted) VALUES (631, 129, 166, '2025-07-12 04:35:31', FALSE);
INSERT INTO EventRoster (ID, Event, Member, DateRegistered, Waitlisted) VALUES (632, 129, 118, '2025-07-12 08:05:07', FALSE);
INSERT INTO EventRoster (ID, Event, Member, DateRegistered, Waitlisted) VALUES (633, 129, 145, '2025-07-16 20:45:57', FALSE);
INSERT INTO EventRoster (ID, Event, Member, DateRegistered, Waitlisted) VALUES (634, 129, 155, '2025-07-28 04:57:04', FALSE);
INSERT INTO EventRoster (ID, Event, Member, DateRegistered, Waitlisted) VALUES (635, 129, 103, '2025-08-03 16:48:19', TRUE);
INSERT INTO EventRoster (ID, Event, Member, DateRegistered, Waitlisted) VALUES (636, 130, 175, '2025-07-14 15:56:53', FALSE);
INSERT INTO EventRoster (ID, Event, Member, DateRegistered, Waitlisted) VALUES (637, 130, 135, '2025-07-20 01:00:46', FALSE);
INSERT INTO EventRoster (ID, Event, Member, DateRegistered, Waitlisted) VALUES (638, 130, 173, '2025-07-25 21:57:36', FALSE);
INSERT INTO EventRoster (ID, Event, Member, DateRegistered, Waitlisted) VALUES (639, 130, 191, '2025-07-20 17:04:19', FALSE);
INSERT INTO EventRoster (ID, Event, Member, DateRegistered, Waitlisted) VALUES (640, 130, 133, '2025-08-09 04:49:46', FALSE);
INSERT INTO EventRoster (ID, Event, Member, DateRegistered, Waitlisted) VALUES (641, 130, 189, '2025-07-27 06:23:47', FALSE);
INSERT INTO EventRoster (ID, Event, Member, DateRegistered, Waitlisted) VALUES (642, 130, 183, '2025-07-13 17:16:36', FALSE);
INSERT INTO EventRoster (ID, Event, Member, DateRegistered, Waitlisted) VALUES (643, 130, 113, '2025-08-03 14:09:26', FALSE);
INSERT INTO EventRoster (ID, Event, Member, DateRegistered, Waitlisted) VALUES (644, 130, 181, '2025-07-25 05:38:16', FALSE);
INSERT INTO EventRoster (ID, Event, Member, DateRegistered, Waitlisted) VALUES (645, 130, 139, '2025-07-22 04:59:56', FALSE);
INSERT INTO EventRoster (ID, Event, Member, DateRegistered, Waitlisted) VALUES (646, 130, 105, '2025-07-16 18:57:16', TRUE);
INSERT INTO EventRoster (ID, Event, Member, DateRegistered, Waitlisted) VALUES (647, 130, 170, '2025-08-04 05:52:29', FALSE);
INSERT INTO EventRoster (ID, Event, Member, DateRegistered, Waitlisted) VALUES (648, 130, 169, '2025-07-17 15:28:12', FALSE);
INSERT INTO EventRoster (ID, Event, Member, DateRegistered, Waitlisted) VALUES (649, 130, 199, '2025-07-17 15:23:17', FALSE);
INSERT INTO EventRoster (ID, Event, Member, DateRegistered, Waitlisted) VALUES (650, 130, 102, '2025-07-26 02:23:27', FALSE);
INSERT INTO EventRoster (ID, Event, Member, DateRegistered, Waitlisted) VALUES (651, 130, 184, '2025-07-21 14:38:41', FALSE);
INSERT INTO EventRoster (ID, Event, Member, DateRegistered, Waitlisted) VALUES (652, 130, 190, '2025-07-21 22:24:55', FALSE);
INSERT INTO EventRoster (ID, Event, Member, DateRegistered, Waitlisted) VALUES (653, 130, 111, '2025-07-30 23:56:38', FALSE);
INSERT INTO EventRoster (ID, Event, Member, DateRegistered, Waitlisted) VALUES (654, 130, 117, '2025-07-14 14:00:25', FALSE);
INSERT INTO EventRoster (ID, Event, Member, DateRegistered, Waitlisted) VALUES (655, 130, 134, '2025-07-22 07:20:19', FALSE);
INSERT INTO EventRoster (ID, Event, Member, DateRegistered, Waitlisted) VALUES (656, 130, 165, '2025-07-27 21:24:20', FALSE);
INSERT INTO EventRoster (ID, Event, Member, DateRegistered, Waitlisted) VALUES (657, 130, 110, '2025-08-06 04:32:28', FALSE);
INSERT INTO EventRoster (ID, Event, Member, DateRegistered, Waitlisted) VALUES (658, 130, 140, '2025-07-12 15:51:04', FALSE);
INSERT INTO EventRoster (ID, Event, Member, DateRegistered, Waitlisted) VALUES (659, 130, 146, '2025-08-05 14:44:08', FALSE);
INSERT INTO EventRoster (ID, Event, Member, DateRegistered, Waitlisted) VALUES (660, 131, 118, '2025-07-15 03:24:33', FALSE);
INSERT INTO EventRoster (ID, Event, Member, DateRegistered, Waitlisted) VALUES (661, 131, 124, '2025-07-29 08:37:42', FALSE);
INSERT INTO EventRoster (ID, Event, Member, DateRegistered, Waitlisted) VALUES (662, 131, 160, '2025-07-13 02:03:23', FALSE);
INSERT INTO EventRoster (ID, Event, Member, DateRegistered, Waitlisted) VALUES (663, 131, 173, '2025-07-18 16:02:55', FALSE);
INSERT INTO EventRoster (ID, Event, Member, DateRegistered, Waitlisted) VALUES (664, 131, 115, '2025-07-20 22:24:05', FALSE);
INSERT INTO EventRoster (ID, Event, Member, DateRegistered, Waitlisted) VALUES (665, 131, 178, '2025-07-26 07:51:15', FALSE);
INSERT INTO EventRoster (ID, Event, Member, DateRegistered, Waitlisted) VALUES (666, 131, 126, '2025-07-12 12:19:44', TRUE);
INSERT INTO EventRoster (ID, Event, Member, DateRegistered, Waitlisted) VALUES (667, 131, 127, '2025-08-04 08:13:51', FALSE);
INSERT INTO EventRoster (ID, Event, Member, DateRegistered, Waitlisted) VALUES (668, 131, 172, '2025-07-24 05:22:21', TRUE);
INSERT INTO EventRoster (ID, Event, Member, DateRegistered, Waitlisted) VALUES (669, 131, 198, '2025-07-24 07:50:27', FALSE);
INSERT INTO EventRoster (ID, Event, Member, DateRegistered, Waitlisted) VALUES (670, 131, 170, '2025-08-03 08:11:44', FALSE);
INSERT INTO EventRoster (ID, Event, Member, DateRegistered, Waitlisted) VALUES (671, 131, 128, '2025-07-27 03:56:26', FALSE);
INSERT INTO EventRoster (ID, Event, Member, DateRegistered, Waitlisted) VALUES (672, 131, 146, '2025-08-07 14:11:43', FALSE);
INSERT INTO EventRoster (ID, Event, Member, DateRegistered, Waitlisted) VALUES (673, 131, 196, '2025-07-14 22:11:29', FALSE);
INSERT INTO EventRoster (ID, Event, Member, DateRegistered, Waitlisted) VALUES (674, 131, 184, '2025-07-14 00:29:20', FALSE);
INSERT INTO EventRoster (ID, Event, Member, DateRegistered, Waitlisted) VALUES (675, 131, 167, '2025-08-06 10:44:10', FALSE);
INSERT INTO EventRoster (ID, Event, Member, DateRegistered, Waitlisted) VALUES (676, 132, 193, '2025-07-28 16:06:47', FALSE);
INSERT INTO EventRoster (ID, Event, Member, DateRegistered, Waitlisted) VALUES (677, 132, 161, '2025-07-28 19:06:45', FALSE);
INSERT INTO EventRoster (ID, Event, Member, DateRegistered, Waitlisted) VALUES (678, 132, 174, '2025-07-24 21:59:22', FALSE);
INSERT INTO EventRoster (ID, Event, Member, DateRegistered, Waitlisted) VALUES (679, 132, 148, '2025-07-12 09:46:53', FALSE);
INSERT INTO EventRoster (ID, Event, Member, DateRegistered, Waitlisted) VALUES (680, 132, 109, '2025-07-23 15:00:41', FALSE);
INSERT INTO EventRoster (ID, Event, Member, DateRegistered, Waitlisted) VALUES (681, 132, 175, '2025-07-21 12:07:00', TRUE);
INSERT INTO EventRoster (ID, Event, Member, DateRegistered, Waitlisted) VALUES (682, 132, 117, '2025-07-30 11:59:41', FALSE);
INSERT INTO EventRoster (ID, Event, Member, DateRegistered, Waitlisted) VALUES (683, 132, 182, '2025-07-14 06:34:51', FALSE);
INSERT INTO EventRoster (ID, Event, Member, DateRegistered, Waitlisted) VALUES (684, 132, 159, '2025-08-10 02:38:34', TRUE);
INSERT INTO EventRoster (ID, Event, Member, DateRegistered, Waitlisted) VALUES (685, 132, 133, '2025-07-25 06:00:36', FALSE);
INSERT INTO EventRoster (ID, Event, Member, DateRegistered, Waitlisted) VALUES (686, 132, 136, '2025-07-15 05:55:16', FALSE);
INSERT INTO EventRoster (ID, Event, Member, DateRegistered, Waitlisted) VALUES (687, 133, 103, '2025-07-20 13:29:48', FALSE);
INSERT INTO EventRoster (ID, Event, Member, DateRegistered, Waitlisted) VALUES (688, 133, 139, '2025-07-17 17:39:08', FALSE);
INSERT INTO EventRoster (ID, Event, Member, DateRegistered, Waitlisted) VALUES (689, 133, 164, '2025-08-05 15:49:36', FALSE);
INSERT INTO EventRoster (ID, Event, Member, DateRegistered, Waitlisted) VALUES (690, 133, 125, '2025-07-30 03:02:21', FALSE);
INSERT INTO EventRoster (ID, Event, Member, DateRegistered, Waitlisted) VALUES (691, 133, 152, '2025-08-06 07:36:11', FALSE);
INSERT INTO EventRoster (ID, Event, Member, DateRegistered, Waitlisted) VALUES (692, 133, 170, '2025-07-24 16:56:37', TRUE);
INSERT INTO EventRoster (ID, Event, Member, DateRegistered, Waitlisted) VALUES (693, 133, 135, '2025-07-29 21:15:01', FALSE);
INSERT INTO EventRoster (ID, Event, Member, DateRegistered, Waitlisted) VALUES (694, 133, 107, '2025-07-16 11:46:16', FALSE);
INSERT INTO EventRoster (ID, Event, Member, DateRegistered, Waitlisted) VALUES (695, 133, 104, '2025-07-18 20:05:35', FALSE);
INSERT INTO EventRoster (ID, Event, Member, DateRegistered, Waitlisted) VALUES (696, 133, 143, '2025-07-27 00:20:14', FALSE);
INSERT INTO EventRoster (ID, Event, Member, DateRegistered, Waitlisted) VALUES (697, 133, 130, '2025-08-09 11:28:08', FALSE);
INSERT INTO EventRoster (ID, Event, Member, DateRegistered, Waitlisted) VALUES (698, 133, 153, '2025-08-01 07:23:39', FALSE);
INSERT INTO EventRoster (ID, Event, Member, DateRegistered, Waitlisted) VALUES (699, 133, 150, '2025-08-06 19:17:24', FALSE);
INSERT INTO EventRoster (ID, Event, Member, DateRegistered, Waitlisted) VALUES (700, 133, 117, '2025-08-02 07:09:45', FALSE);
INSERT INTO EventRoster (ID, Event, Member, DateRegistered, Waitlisted) VALUES (701, 133, 140, '2025-07-30 08:02:35', FALSE);
INSERT INTO EventRoster (ID, Event, Member, DateRegistered, Waitlisted) VALUES (702, 133, 189, '2025-07-21 16:19:42', FALSE);
INSERT INTO EventRoster (ID, Event, Member, DateRegistered, Waitlisted) VALUES (703, 133, 160, '2025-07-14 02:18:09', FALSE);
INSERT INTO EventRoster (ID, Event, Member, DateRegistered, Waitlisted) VALUES (704, 133, 100, '2025-07-24 01:33:26', FALSE);
INSERT INTO EventRoster (ID, Event, Member, DateRegistered, Waitlisted) VALUES (705, 133, 168, '2025-07-14 21:45:02', FALSE);
INSERT INTO EventRoster (ID, Event, Member, DateRegistered, Waitlisted) VALUES (706, 133, 161, '2025-07-27 16:53:42', FALSE);
INSERT INTO EventRoster (ID, Event, Member, DateRegistered, Waitlisted) VALUES (707, 133, 131, '2025-07-17 11:07:41', FALSE);
INSERT INTO EventRoster (ID, Event, Member, DateRegistered, Waitlisted) VALUES (708, 133, 146, '2025-08-02 12:03:24', FALSE);
INSERT INTO EventRoster (ID, Event, Member, DateRegistered, Waitlisted) VALUES (709, 133, 181, '2025-07-19 21:11:59', FALSE);
INSERT INTO EventRoster (ID, Event, Member, DateRegistered, Waitlisted) VALUES (710, 134, 184, '2025-07-14 15:07:44', FALSE);
INSERT INTO EventRoster (ID, Event, Member, DateRegistered, Waitlisted) VALUES (711, 134, 148, '2025-07-25 09:43:41', FALSE);
INSERT INTO EventRoster (ID, Event, Member, DateRegistered, Waitlisted) VALUES (712, 134, 118, '2025-08-01 06:05:29', FALSE);
INSERT INTO EventRoster (ID, Event, Member, DateRegistered, Waitlisted) VALUES (713, 134, 113, '2025-07-15 17:21:08', FALSE);
INSERT INTO EventRoster (ID, Event, Member, DateRegistered, Waitlisted) VALUES (714, 134, 112, '2025-08-01 10:52:17', FALSE);
INSERT INTO EventRoster (ID, Event, Member, DateRegistered, Waitlisted) VALUES (715, 134, 151, '2025-07-11 18:57:54', FALSE);
INSERT INTO EventRoster (ID, Event, Member, DateRegistered, Waitlisted) VALUES (716, 134, 159, '2025-07-25 01:10:26', TRUE);
INSERT INTO EventRoster (ID, Event, Member, DateRegistered, Waitlisted) VALUES (717, 134, 149, '2025-07-19 11:26:40', FALSE);
INSERT INTO EventRoster (ID, Event, Member, DateRegistered, Waitlisted) VALUES (718, 134, 178, '2025-07-21 04:35:39', FALSE);
INSERT INTO EventRoster (ID, Event, Member, DateRegistered, Waitlisted) VALUES (719, 134, 187, '2025-07-21 23:26:49', FALSE);
INSERT INTO EventRoster (ID, Event, Member, DateRegistered, Waitlisted) VALUES (720, 135, 100, '2025-07-22 07:58:32', FALSE);
INSERT INTO EventRoster (ID, Event, Member, DateRegistered, Waitlisted) VALUES (721, 135, 118, '2025-07-29 14:24:29', TRUE);
INSERT INTO EventRoster (ID, Event, Member, DateRegistered, Waitlisted) VALUES (722, 135, 185, '2025-07-12 12:00:43', FALSE);
INSERT INTO EventRoster (ID, Event, Member, DateRegistered, Waitlisted) VALUES (723, 135, 156, '2025-07-12 20:36:04', FALSE);
INSERT INTO EventRoster (ID, Event, Member, DateRegistered, Waitlisted) VALUES (724, 135, 134, '2025-07-19 15:48:38', FALSE);
INSERT INTO EventRoster (ID, Event, Member, DateRegistered, Waitlisted) VALUES (725, 135, 173, '2025-08-10 00:14:36', FALSE);
INSERT INTO EventRoster (ID, Event, Member, DateRegistered, Waitlisted) VALUES (726, 135, 176, '2025-07-26 15:59:17', FALSE);
INSERT INTO EventRoster (ID, Event, Member, DateRegistered, Waitlisted) VALUES (727, 135, 194, '2025-08-01 06:18:32', FALSE);
INSERT INTO EventRoster (ID, Event, Member, DateRegistered, Waitlisted) VALUES (728, 135, 133, '2025-08-04 04:44:39', TRUE);
INSERT INTO EventRoster (ID, Event, Member, DateRegistered, Waitlisted) VALUES (729, 135, 107, '2025-08-03 16:48:47', TRUE);
INSERT INTO EventRoster (ID, Event, Member, DateRegistered, Waitlisted) VALUES (730, 135, 103, '2025-07-27 21:02:29', FALSE);
INSERT INTO EventRoster (ID, Event, Member, DateRegistered, Waitlisted) VALUES (731, 135, 108, '2025-07-29 09:57:25', FALSE);
INSERT INTO EventRoster (ID, Event, Member, DateRegistered, Waitlisted) VALUES (732, 135, 192, '2025-08-08 20:12:58', FALSE);
INSERT INTO EventRoster (ID, Event, Member, DateRegistered, Waitlisted) VALUES (733, 136, 170, '2025-07-25 19:56:59', FALSE);
INSERT INTO EventRoster (ID, Event, Member, DateRegistered, Waitlisted) VALUES (734, 136, 158, '2025-07-31 04:47:11', FALSE);
INSERT INTO EventRoster (ID, Event, Member, DateRegistered, Waitlisted) VALUES (735, 136, 141, '2025-07-20 02:35:26', FALSE);
INSERT INTO EventRoster (ID, Event, Member, DateRegistered, Waitlisted) VALUES (736, 136, 110, '2025-08-05 20:02:29', TRUE);
INSERT INTO EventRoster (ID, Event, Member, DateRegistered, Waitlisted) VALUES (737, 136, 187, '2025-07-29 08:50:15', FALSE);
INSERT INTO EventRoster (ID, Event, Member, DateRegistered, Waitlisted) VALUES (738, 136, 105, '2025-08-09 04:12:13', FALSE);
INSERT INTO EventRoster (ID, Event, Member, DateRegistered, Waitlisted) VALUES (739, 136, 114, '2025-08-09 03:58:09', FALSE);
INSERT INTO EventRoster (ID, Event, Member, DateRegistered, Waitlisted) VALUES (740, 136, 151, '2025-07-23 18:37:54', FALSE);
INSERT INTO EventRoster (ID, Event, Member, DateRegistered, Waitlisted) VALUES (741, 136, 164, '2025-08-03 13:35:35', FALSE);
INSERT INTO EventRoster (ID, Event, Member, DateRegistered, Waitlisted) VALUES (742, 136, 162, '2025-08-01 05:14:27', FALSE);
INSERT INTO EventRoster (ID, Event, Member, DateRegistered, Waitlisted) VALUES (743, 136, 186, '2025-07-26 23:22:07', FALSE);
INSERT INTO EventRoster (ID, Event, Member, DateRegistered, Waitlisted) VALUES (744, 136, 175, '2025-07-18 10:24:37', FALSE);
INSERT INTO EventRoster (ID, Event, Member, DateRegistered, Waitlisted) VALUES (745, 136, 148, '2025-07-19 07:06:30', FALSE);
INSERT INTO EventRoster (ID, Event, Member, DateRegistered, Waitlisted) VALUES (746, 136, 196, '2025-08-05 12:02:43', FALSE);
INSERT INTO EventRoster (ID, Event, Member, DateRegistered, Waitlisted) VALUES (747, 137, 195, '2025-07-24 22:03:19', FALSE);
INSERT INTO EventRoster (ID, Event, Member, DateRegistered, Waitlisted) VALUES (748, 137, 127, '2025-07-22 20:42:27', FALSE);
INSERT INTO EventRoster (ID, Event, Member, DateRegistered, Waitlisted) VALUES (749, 137, 150, '2025-08-04 03:07:27', FALSE);
INSERT INTO EventRoster (ID, Event, Member, DateRegistered, Waitlisted) VALUES (750, 137, 109, '2025-07-20 15:25:57', FALSE);
INSERT INTO EventRoster (ID, Event, Member, DateRegistered, Waitlisted) VALUES (751, 137, 136, '2025-07-22 19:40:16', FALSE);
INSERT INTO EventRoster (ID, Event, Member, DateRegistered, Waitlisted) VALUES (752, 137, 180, '2025-08-05 12:08:35', FALSE);
INSERT INTO EventRoster (ID, Event, Member, DateRegistered, Waitlisted) VALUES (753, 137, 106, '2025-07-12 00:37:34', FALSE);
INSERT INTO EventRoster (ID, Event, Member, DateRegistered, Waitlisted) VALUES (754, 137, 165, '2025-07-21 01:20:21', TRUE);
INSERT INTO EventRoster (ID, Event, Member, DateRegistered, Waitlisted) VALUES (755, 137, 164, '2025-07-14 22:44:29', TRUE);
INSERT INTO EventRoster (ID, Event, Member, DateRegistered, Waitlisted) VALUES (756, 137, 145, '2025-07-26 03:49:29', TRUE);
INSERT INTO EventRoster (ID, Event, Member, DateRegistered, Waitlisted) VALUES (757, 137, 158, '2025-07-15 04:37:18', TRUE);
INSERT INTO EventRoster (ID, Event, Member, DateRegistered, Waitlisted) VALUES (758, 138, 163, '2025-07-26 07:48:24', FALSE);
INSERT INTO EventRoster (ID, Event, Member, DateRegistered, Waitlisted) VALUES (759, 138, 111, '2025-08-09 13:28:16', FALSE);
INSERT INTO EventRoster (ID, Event, Member, DateRegistered, Waitlisted) VALUES (760, 138, 171, '2025-07-17 19:21:16', FALSE);
INSERT INTO EventRoster (ID, Event, Member, DateRegistered, Waitlisted) VALUES (761, 138, 113, '2025-07-16 13:51:10', TRUE);
INSERT INTO EventRoster (ID, Event, Member, DateRegistered, Waitlisted) VALUES (762, 138, 149, '2025-07-26 14:18:24', FALSE);
INSERT INTO EventRoster (ID, Event, Member, DateRegistered, Waitlisted) VALUES (763, 138, 109, '2025-07-17 10:03:28', FALSE);
INSERT INTO EventRoster (ID, Event, Member, DateRegistered, Waitlisted) VALUES (764, 138, 108, '2025-07-25 19:38:48', FALSE);
INSERT INTO EventRoster (ID, Event, Member, DateRegistered, Waitlisted) VALUES (765, 138, 166, '2025-07-11 14:48:50', FALSE);
INSERT INTO EventRoster (ID, Event, Member, DateRegistered, Waitlisted) VALUES (766, 138, 173, '2025-07-11 16:14:28', FALSE);
INSERT INTO EventRoster (ID, Event, Member, DateRegistered, Waitlisted) VALUES (767, 138, 194, '2025-07-13 04:17:49', FALSE);
INSERT INTO EventRoster (ID, Event, Member, DateRegistered, Waitlisted) VALUES (768, 138, 140, '2025-08-01 02:25:20', FALSE);
INSERT INTO EventRoster (ID, Event, Member, DateRegistered, Waitlisted) VALUES (769, 138, 105, '2025-07-13 02:18:55', FALSE);
INSERT INTO EventRoster (ID, Event, Member, DateRegistered, Waitlisted) VALUES (770, 138, 199, '2025-07-29 02:59:12', FALSE);
INSERT INTO EventRoster (ID, Event, Member, DateRegistered, Waitlisted) VALUES (771, 138, 160, '2025-07-14 15:25:21', FALSE);
INSERT INTO EventRoster (ID, Event, Member, DateRegistered, Waitlisted) VALUES (772, 138, 192, '2025-08-06 15:24:30', FALSE);
INSERT INTO EventRoster (ID, Event, Member, DateRegistered, Waitlisted) VALUES (773, 138, 198, '2025-07-12 15:48:49', FALSE);
INSERT INTO EventRoster (ID, Event, Member, DateRegistered, Waitlisted) VALUES (774, 138, 103, '2025-08-09 20:28:47', FALSE);
INSERT INTO EventRoster (ID, Event, Member, DateRegistered, Waitlisted) VALUES (775, 139, 199, '2025-07-28 23:38:39', FALSE);
INSERT INTO EventRoster (ID, Event, Member, DateRegistered, Waitlisted) VALUES (776, 139, 116, '2025-07-17 08:36:43', TRUE);
INSERT INTO EventRoster (ID, Event, Member, DateRegistered, Waitlisted) VALUES (777, 139, 119, '2025-07-27 18:22:16', FALSE);
INSERT INTO EventRoster (ID, Event, Member, DateRegistered, Waitlisted) VALUES (778, 139, 167, '2025-07-29 15:09:57', FALSE);
INSERT INTO EventRoster (ID, Event, Member, DateRegistered, Waitlisted) VALUES (779, 139, 161, '2025-07-28 09:29:20', FALSE);
INSERT INTO EventRoster (ID, Event, Member, DateRegistered, Waitlisted) VALUES (780, 139, 186, '2025-08-01 21:49:57', FALSE);
INSERT INTO EventRoster (ID, Event, Member, DateRegistered, Waitlisted) VALUES (781, 139, 163, '2025-08-02 19:14:16', FALSE);
INSERT INTO EventRoster (ID, Event, Member, DateRegistered, Waitlisted) VALUES (782, 139, 183, '2025-08-08 06:03:08', FALSE);
INSERT INTO EventRoster (ID, Event, Member, DateRegistered, Waitlisted) VALUES (783, 139, 191, '2025-07-24 06:17:18', FALSE);
INSERT INTO EventRoster (ID, Event, Member, DateRegistered, Waitlisted) VALUES (784, 139, 103, '2025-07-26 20:53:23', FALSE);
INSERT INTO EventRoster (ID, Event, Member, DateRegistered, Waitlisted) VALUES (785, 139, 177, '2025-07-17 21:11:03', FALSE);
INSERT INTO EventRoster (ID, Event, Member, DateRegistered, Waitlisted) VALUES (786, 139, 198, '2025-07-30 13:54:01', FALSE);
INSERT INTO EventRoster (ID, Event, Member, DateRegistered, Waitlisted) VALUES (787, 139, 174, '2025-07-11 17:51:28', FALSE);
INSERT INTO EventRoster (ID, Event, Member, DateRegistered, Waitlisted) VALUES (788, 139, 168, '2025-08-03 03:41:56', FALSE);
INSERT INTO EventRoster (ID, Event, Member, DateRegistered, Waitlisted) VALUES (789, 139, 169, '2025-07-15 06:40:16', FALSE);
INSERT INTO EventRoster (ID, Event, Member, DateRegistered, Waitlisted) VALUES (790, 139, 108, '2025-08-06 09:43:15', FALSE);
INSERT INTO EventRoster (ID, Event, Member, DateRegistered, Waitlisted) VALUES (791, 139, 154, '2025-07-21 15:27:51', TRUE);
INSERT INTO EventRoster (ID, Event, Member, DateRegistered, Waitlisted) VALUES (792, 139, 162, '2025-07-27 12:43:02', FALSE);
INSERT INTO EventRoster (ID, Event, Member, DateRegistered, Waitlisted) VALUES (793, 139, 118, '2025-08-02 06:34:29', FALSE);
INSERT INTO EventRoster (ID, Event, Member, DateRegistered, Waitlisted) VALUES (794, 139, 105, '2025-08-10 07:49:45', FALSE);
INSERT INTO EventRoster (ID, Event, Member, DateRegistered, Waitlisted) VALUES (795, 139, 117, '2025-07-19 17:40:37', TRUE);
INSERT INTO EventRoster (ID, Event, Member, DateRegistered, Waitlisted) VALUES (796, 139, 102, '2025-07-13 15:25:09', FALSE);
INSERT INTO EventRoster (ID, Event, Member, DateRegistered, Waitlisted) VALUES (797, 139, 197, '2025-07-22 15:48:56', FALSE);
INSERT INTO EventRoster (ID, Event, Member, DateRegistered, Waitlisted) VALUES (798, 139, 193, '2025-08-03 15:53:40', FALSE);
INSERT INTO EventRoster (ID, Event, Member, DateRegistered, Waitlisted) VALUES (799, 139, 112, '2025-07-29 03:32:42', TRUE);
INSERT INTO EventRoster (ID, Event, Member, DateRegistered, Waitlisted) VALUES (800, 139, 178, '2025-08-09 07:36:42', FALSE);
INSERT INTO EventRoster (ID, Event, Member, DateRegistered, Waitlisted) VALUES (801, 139, 173, '2025-07-27 23:19:55', FALSE);
INSERT INTO EventRoster (ID, Event, Member, DateRegistered, Waitlisted) VALUES (802, 139, 188, '2025-08-07 17:34:59', TRUE);
INSERT INTO EventRoster (ID, Event, Member, DateRegistered, Waitlisted) VALUES (803, 139, 147, '2025-08-09 00:52:03', FALSE);
INSERT INTO EventRoster (ID, Event, Member, DateRegistered, Waitlisted) VALUES (804, 139, 153, '2025-07-29 10:30:21', FALSE);
INSERT INTO EventRoster (ID, Event, Member, DateRegistered, Waitlisted) VALUES (805, 140, 173, '2025-08-01 16:17:05', FALSE);
INSERT INTO EventRoster (ID, Event, Member, DateRegistered, Waitlisted) VALUES (806, 140, 143, '2025-07-22 01:32:37', FALSE);
INSERT INTO EventRoster (ID, Event, Member, DateRegistered, Waitlisted) VALUES (807, 140, 126, '2025-07-30 13:18:05', FALSE);
INSERT INTO EventRoster (ID, Event, Member, DateRegistered, Waitlisted) VALUES (808, 140, 155, '2025-07-18 05:37:44', TRUE);
INSERT INTO EventRoster (ID, Event, Member, DateRegistered, Waitlisted) VALUES (809, 140, 142, '2025-07-20 21:35:38', FALSE);
INSERT INTO EventRoster (ID, Event, Member, DateRegistered, Waitlisted) VALUES (810, 140, 145, '2025-07-20 20:04:09', TRUE);
INSERT INTO EventRoster (ID, Event, Member, DateRegistered, Waitlisted) VALUES (811, 140, 163, '2025-08-04 10:19:10', FALSE);
INSERT INTO EventRoster (ID, Event, Member, DateRegistered, Waitlisted) VALUES (812, 140, 165, '2025-07-25 03:06:36', FALSE);
INSERT INTO EventRoster (ID, Event, Member, DateRegistered, Waitlisted) VALUES (813, 140, 123, '2025-07-29 23:36:46', FALSE);
INSERT INTO EventRoster (ID, Event, Member, DateRegistered, Waitlisted) VALUES (814, 140, 149, '2025-07-17 13:28:44', TRUE);
INSERT INTO EventRoster (ID, Event, Member, DateRegistered, Waitlisted) VALUES (815, 140, 152, '2025-07-28 14:05:50', FALSE);
INSERT INTO EventRoster (ID, Event, Member, DateRegistered, Waitlisted) VALUES (816, 140, 135, '2025-07-16 18:59:55', FALSE);
INSERT INTO EventRoster (ID, Event, Member, DateRegistered, Waitlisted) VALUES (817, 140, 171, '2025-07-15 21:21:46', FALSE);
INSERT INTO EventRoster (ID, Event, Member, DateRegistered, Waitlisted) VALUES (818, 140, 103, '2025-08-01 11:58:44', FALSE);
INSERT INTO EventRoster (ID, Event, Member, DateRegistered, Waitlisted) VALUES (819, 140, 139, '2025-08-05 04:20:16', FALSE);
INSERT INTO EventRoster (ID, Event, Member, DateRegistered, Waitlisted) VALUES (820, 141, 105, '2025-07-14 07:02:42', FALSE);
INSERT INTO EventRoster (ID, Event, Member, DateRegistered, Waitlisted) VALUES (821, 141, 113, '2025-08-04 14:46:29', TRUE);
INSERT INTO EventRoster (ID, Event, Member, DateRegistered, Waitlisted) VALUES (822, 141, 101, '2025-07-18 06:07:07', FALSE);
INSERT INTO EventRoster (ID, Event, Member, DateRegistered, Waitlisted) VALUES (823, 141, 106, '2025-08-05 10:57:02', FALSE);
INSERT INTO EventRoster (ID, Event, Member, DateRegistered, Waitlisted) VALUES (824, 141, 175, '2025-07-28 13:29:23', FALSE);
INSERT INTO EventRoster (ID, Event, Member, DateRegistered, Waitlisted) VALUES (825, 141, 169, '2025-07-13 15:03:45', FALSE);
INSERT INTO EventRoster (ID, Event, Member, DateRegistered, Waitlisted) VALUES (826, 141, 191, '2025-07-23 19:50:52', FALSE);
INSERT INTO EventRoster (ID, Event, Member, DateRegistered, Waitlisted) VALUES (827, 141, 165, '2025-08-10 00:39:25', FALSE);
INSERT INTO EventRoster (ID, Event, Member, DateRegistered, Waitlisted) VALUES (828, 141, 197, '2025-07-26 22:05:04', FALSE);
INSERT INTO EventRoster (ID, Event, Member, DateRegistered, Waitlisted) VALUES (829, 141, 162, '2025-07-16 11:02:31', FALSE);
INSERT INTO EventRoster (ID, Event, Member, DateRegistered, Waitlisted) VALUES (830, 141, 170, '2025-07-18 19:54:31', FALSE);
INSERT INTO EventRoster (ID, Event, Member, DateRegistered, Waitlisted) VALUES (831, 141, 177, '2025-08-05 02:22:23', FALSE);
INSERT INTO EventRoster (ID, Event, Member, DateRegistered, Waitlisted) VALUES (832, 141, 140, '2025-07-26 10:03:14', FALSE);
INSERT INTO EventRoster (ID, Event, Member, DateRegistered, Waitlisted) VALUES (833, 141, 123, '2025-07-24 23:52:27', TRUE);
INSERT INTO EventRoster (ID, Event, Member, DateRegistered, Waitlisted) VALUES (834, 141, 160, '2025-08-07 20:48:59', FALSE);
INSERT INTO EventRoster (ID, Event, Member, DateRegistered, Waitlisted) VALUES (835, 141, 167, '2025-07-28 11:00:26', FALSE);
INSERT INTO EventRoster (ID, Event, Member, DateRegistered, Waitlisted) VALUES (836, 141, 159, '2025-07-20 18:06:48', FALSE);
INSERT INTO EventRoster (ID, Event, Member, DateRegistered, Waitlisted) VALUES (837, 141, 183, '2025-07-29 02:57:43', FALSE);
INSERT INTO EventRoster (ID, Event, Member, DateRegistered, Waitlisted) VALUES (838, 141, 112, '2025-07-22 22:38:08', FALSE);
INSERT INTO EventRoster (ID, Event, Member, DateRegistered, Waitlisted) VALUES (839, 141, 194, '2025-07-24 10:09:57', TRUE);
INSERT INTO EventRoster (ID, Event, Member, DateRegistered, Waitlisted) VALUES (840, 142, 128, '2025-07-17 02:28:30', FALSE);
INSERT INTO EventRoster (ID, Event, Member, DateRegistered, Waitlisted) VALUES (841, 142, 183, '2025-07-25 16:16:12', FALSE);
INSERT INTO EventRoster (ID, Event, Member, DateRegistered, Waitlisted) VALUES (842, 142, 152, '2025-08-09 14:55:17', FALSE);
INSERT INTO EventRoster (ID, Event, Member, DateRegistered, Waitlisted) VALUES (843, 142, 169, '2025-08-05 21:47:57', FALSE);
INSERT INTO EventRoster (ID, Event, Member, DateRegistered, Waitlisted) VALUES (844, 142, 146, '2025-07-30 12:34:37', FALSE);
INSERT INTO EventRoster (ID, Event, Member, DateRegistered, Waitlisted) VALUES (845, 142, 101, '2025-08-01 23:23:14', FALSE);
INSERT INTO EventRoster (ID, Event, Member, DateRegistered, Waitlisted) VALUES (846, 142, 124, '2025-07-16 04:15:34', FALSE);
INSERT INTO EventRoster (ID, Event, Member, DateRegistered, Waitlisted) VALUES (847, 142, 164, '2025-08-03 04:28:10', FALSE);
INSERT INTO EventRoster (ID, Event, Member, DateRegistered, Waitlisted) VALUES (848, 142, 159, '2025-07-24 19:29:54', FALSE);
INSERT INTO EventRoster (ID, Event, Member, DateRegistered, Waitlisted) VALUES (849, 142, 134, '2025-07-14 17:48:46', FALSE);
INSERT INTO EventRoster (ID, Event, Member, DateRegistered, Waitlisted) VALUES (850, 142, 119, '2025-07-13 16:36:32', TRUE);
INSERT INTO EventRoster (ID, Event, Member, DateRegistered, Waitlisted) VALUES (851, 142, 161, '2025-08-09 09:56:49', FALSE);
INSERT INTO EventRoster (ID, Event, Member, DateRegistered, Waitlisted) VALUES (852, 142, 178, '2025-08-06 21:10:10', FALSE);
INSERT INTO EventRoster (ID, Event, Member, DateRegistered, Waitlisted) VALUES (853, 142, 194, '2025-07-25 21:45:59', FALSE);
INSERT INTO EventRoster (ID, Event, Member, DateRegistered, Waitlisted) VALUES (854, 142, 157, '2025-07-20 07:37:15', FALSE);
INSERT INTO EventRoster (ID, Event, Member, DateRegistered, Waitlisted) VALUES (855, 142, 133, '2025-08-07 21:35:42', FALSE);
INSERT INTO EventRoster (ID, Event, Member, DateRegistered, Waitlisted) VALUES (856, 142, 116, '2025-08-09 03:14:37', FALSE);
INSERT INTO EventRoster (ID, Event, Member, DateRegistered, Waitlisted) VALUES (857, 142, 181, '2025-07-21 04:11:02', FALSE);
INSERT INTO EventRoster (ID, Event, Member, DateRegistered, Waitlisted) VALUES (858, 142, 121, '2025-07-29 12:35:59', FALSE);
INSERT INTO EventRoster (ID, Event, Member, DateRegistered, Waitlisted) VALUES (859, 142, 114, '2025-07-30 22:51:43', FALSE);
INSERT INTO EventRoster (ID, Event, Member, DateRegistered, Waitlisted) VALUES (860, 142, 117, '2025-07-25 04:39:00', FALSE);
INSERT INTO EventRoster (ID, Event, Member, DateRegistered, Waitlisted) VALUES (861, 143, 139, '2025-07-20 13:21:38', FALSE);
INSERT INTO EventRoster (ID, Event, Member, DateRegistered, Waitlisted) VALUES (862, 143, 154, '2025-07-17 13:23:05', FALSE);
INSERT INTO EventRoster (ID, Event, Member, DateRegistered, Waitlisted) VALUES (863, 143, 106, '2025-07-25 23:24:33', FALSE);
INSERT INTO EventRoster (ID, Event, Member, DateRegistered, Waitlisted) VALUES (864, 143, 134, '2025-08-09 15:20:52', FALSE);
INSERT INTO EventRoster (ID, Event, Member, DateRegistered, Waitlisted) VALUES (865, 143, 162, '2025-07-29 18:09:51', FALSE);
INSERT INTO EventRoster (ID, Event, Member, DateRegistered, Waitlisted) VALUES (866, 143, 178, '2025-08-03 07:56:02', FALSE);
INSERT INTO EventRoster (ID, Event, Member, DateRegistered, Waitlisted) VALUES (867, 143, 125, '2025-07-27 11:54:48', FALSE);
INSERT INTO EventRoster (ID, Event, Member, DateRegistered, Waitlisted) VALUES (868, 143, 112, '2025-07-12 10:13:54', FALSE);
INSERT INTO EventRoster (ID, Event, Member, DateRegistered, Waitlisted) VALUES (869, 143, 128, '2025-07-16 22:06:26', FALSE);
INSERT INTO EventRoster (ID, Event, Member, DateRegistered, Waitlisted) VALUES (870, 143, 159, '2025-07-17 11:50:55', FALSE);
INSERT INTO EventRoster (ID, Event, Member, DateRegistered, Waitlisted) VALUES (871, 143, 115, '2025-08-07 05:03:59', FALSE);
INSERT INTO EventRoster (ID, Event, Member, DateRegistered, Waitlisted) VALUES (872, 143, 164, '2025-07-24 23:22:39', FALSE);
INSERT INTO EventRoster (ID, Event, Member, DateRegistered, Waitlisted) VALUES (873, 143, 155, '2025-08-07 10:10:29', FALSE);
INSERT INTO EventRoster (ID, Event, Member, DateRegistered, Waitlisted) VALUES (874, 143, 123, '2025-07-17 19:09:30', FALSE);
INSERT INTO EventRoster (ID, Event, Member, DateRegistered, Waitlisted) VALUES (875, 143, 124, '2025-07-13 12:37:19', FALSE);
INSERT INTO EventRoster (ID, Event, Member, DateRegistered, Waitlisted) VALUES (876, 143, 188, '2025-08-01 09:41:18', FALSE);
INSERT INTO EventRoster (ID, Event, Member, DateRegistered, Waitlisted) VALUES (877, 143, 198, '2025-07-19 05:18:10', TRUE);
INSERT INTO EventRoster (ID, Event, Member, DateRegistered, Waitlisted) VALUES (878, 143, 116, '2025-08-02 04:43:01', TRUE);
INSERT INTO EventRoster (ID, Event, Member, DateRegistered, Waitlisted) VALUES (879, 143, 122, '2025-07-16 00:09:21', TRUE);
INSERT INTO EventRoster (ID, Event, Member, DateRegistered, Waitlisted) VALUES (880, 144, 139, '2025-07-17 16:18:26', FALSE);
INSERT INTO EventRoster (ID, Event, Member, DateRegistered, Waitlisted) VALUES (881, 144, 177, '2025-07-24 03:20:49', FALSE);
INSERT INTO EventRoster (ID, Event, Member, DateRegistered, Waitlisted) VALUES (882, 144, 113, '2025-07-14 08:04:42', FALSE);
INSERT INTO EventRoster (ID, Event, Member, DateRegistered, Waitlisted) VALUES (883, 144, 128, '2025-08-06 05:11:21', FALSE);
INSERT INTO EventRoster (ID, Event, Member, DateRegistered, Waitlisted) VALUES (884, 144, 102, '2025-07-25 04:26:44', FALSE);
INSERT INTO EventRoster (ID, Event, Member, DateRegistered, Waitlisted) VALUES (885, 144, 103, '2025-07-23 03:29:38', FALSE);
INSERT INTO EventRoster (ID, Event, Member, DateRegistered, Waitlisted) VALUES (886, 144, 179, '2025-07-17 18:14:00', FALSE);
INSERT INTO EventRoster (ID, Event, Member, DateRegistered, Waitlisted) VALUES (887, 144, 148, '2025-07-15 05:39:28', FALSE);
INSERT INTO EventRoster (ID, Event, Member, DateRegistered, Waitlisted) VALUES (888, 144, 134, '2025-07-19 23:42:29', FALSE);
INSERT INTO EventRoster (ID, Event, Member, DateRegistered, Waitlisted) VALUES (889, 145, 166, '2025-08-08 06:31:11', FALSE);
INSERT INTO EventRoster (ID, Event, Member, DateRegistered, Waitlisted) VALUES (890, 145, 178, '2025-07-25 16:46:30', FALSE);
INSERT INTO EventRoster (ID, Event, Member, DateRegistered, Waitlisted) VALUES (891, 145, 164, '2025-08-08 21:51:36', FALSE);
INSERT INTO EventRoster (ID, Event, Member, DateRegistered, Waitlisted) VALUES (892, 145, 101, '2025-08-06 23:33:35', FALSE);
INSERT INTO EventRoster (ID, Event, Member, DateRegistered, Waitlisted) VALUES (893, 145, 172, '2025-08-05 22:48:15', FALSE);
INSERT INTO EventRoster (ID, Event, Member, DateRegistered, Waitlisted) VALUES (894, 145, 160, '2025-07-15 14:46:01', FALSE);
INSERT INTO EventRoster (ID, Event, Member, DateRegistered, Waitlisted) VALUES (895, 145, 167, '2025-07-19 05:58:35', FALSE);
INSERT INTO EventRoster (ID, Event, Member, DateRegistered, Waitlisted) VALUES (896, 145, 189, '2025-08-04 00:43:52', FALSE);
INSERT INTO EventRoster (ID, Event, Member, DateRegistered, Waitlisted) VALUES (897, 145, 133, '2025-08-07 04:43:25', FALSE);
INSERT INTO EventRoster (ID, Event, Member, DateRegistered, Waitlisted) VALUES (898, 145, 124, '2025-08-05 21:46:40', FALSE);
INSERT INTO EventRoster (ID, Event, Member, DateRegistered, Waitlisted) VALUES (899, 145, 128, '2025-07-19 00:19:17', FALSE);
INSERT INTO EventRoster (ID, Event, Member, DateRegistered, Waitlisted) VALUES (900, 145, 191, '2025-08-07 14:29:29', FALSE);
INSERT INTO EventRoster (ID, Event, Member, DateRegistered, Waitlisted) VALUES (901, 145, 168, '2025-07-22 04:41:34', FALSE);
INSERT INTO EventRoster (ID, Event, Member, DateRegistered, Waitlisted) VALUES (902, 145, 195, '2025-07-21 01:25:10', FALSE);
INSERT INTO EventRoster (ID, Event, Member, DateRegistered, Waitlisted) VALUES (903, 146, 129, '2025-07-23 20:02:27', FALSE);
INSERT INTO EventRoster (ID, Event, Member, DateRegistered, Waitlisted) VALUES (904, 146, 169, '2025-07-15 16:16:33', FALSE);
INSERT INTO EventRoster (ID, Event, Member, DateRegistered, Waitlisted) VALUES (905, 146, 155, '2025-07-31 17:37:32', FALSE);
INSERT INTO EventRoster (ID, Event, Member, DateRegistered, Waitlisted) VALUES (906, 146, 175, '2025-08-02 22:17:08', FALSE);
INSERT INTO EventRoster (ID, Event, Member, DateRegistered, Waitlisted) VALUES (907, 146, 106, '2025-07-12 02:33:01', FALSE);
INSERT INTO EventRoster (ID, Event, Member, DateRegistered, Waitlisted) VALUES (908, 146, 173, '2025-08-04 16:56:25', FALSE);
INSERT INTO EventRoster (ID, Event, Member, DateRegistered, Waitlisted) VALUES (909, 146, 186, '2025-08-06 04:18:22', FALSE);
INSERT INTO EventRoster (ID, Event, Member, DateRegistered, Waitlisted) VALUES (910, 146, 161, '2025-07-29 20:25:52', FALSE);
INSERT INTO EventRoster (ID, Event, Member, DateRegistered, Waitlisted) VALUES (911, 146, 158, '2025-08-05 12:03:58', TRUE);
INSERT INTO EventRoster (ID, Event, Member, DateRegistered, Waitlisted) VALUES (912, 146, 141, '2025-07-30 15:38:53', FALSE);
INSERT INTO EventRoster (ID, Event, Member, DateRegistered, Waitlisted) VALUES (913, 146, 148, '2025-07-14 03:09:49', FALSE);
INSERT INTO EventRoster (ID, Event, Member, DateRegistered, Waitlisted) VALUES (914, 146, 135, '2025-07-16 06:11:15', FALSE);
INSERT INTO EventRoster (ID, Event, Member, DateRegistered, Waitlisted) VALUES (915, 146, 125, '2025-08-03 19:19:27', FALSE);
INSERT INTO EventRoster (ID, Event, Member, DateRegistered, Waitlisted) VALUES (916, 146, 110, '2025-07-19 16:09:55', FALSE);
INSERT INTO EventRoster (ID, Event, Member, DateRegistered, Waitlisted) VALUES (917, 146, 138, '2025-07-27 20:48:43', FALSE);
INSERT INTO EventRoster (ID, Event, Member, DateRegistered, Waitlisted) VALUES (918, 146, 188, '2025-07-20 11:52:23', FALSE);
INSERT INTO EventRoster (ID, Event, Member, DateRegistered, Waitlisted) VALUES (919, 147, 110, '2025-08-02 23:41:25', TRUE);
INSERT INTO EventRoster (ID, Event, Member, DateRegistered, Waitlisted) VALUES (920, 147, 188, '2025-08-02 23:56:38', FALSE);
INSERT INTO EventRoster (ID, Event, Member, DateRegistered, Waitlisted) VALUES (921, 147, 131, '2025-07-15 03:39:52', FALSE);
INSERT INTO EventRoster (ID, Event, Member, DateRegistered, Waitlisted) VALUES (922, 147, 192, '2025-07-11 21:28:02', FALSE);
INSERT INTO EventRoster (ID, Event, Member, DateRegistered, Waitlisted) VALUES (923, 147, 176, '2025-07-20 19:30:13', FALSE);
INSERT INTO EventRoster (ID, Event, Member, DateRegistered, Waitlisted) VALUES (924, 147, 165, '2025-07-15 00:34:34', FALSE);
INSERT INTO EventRoster (ID, Event, Member, DateRegistered, Waitlisted) VALUES (925, 147, 177, '2025-08-06 05:58:47', FALSE);
INSERT INTO EventRoster (ID, Event, Member, DateRegistered, Waitlisted) VALUES (926, 147, 158, '2025-07-12 02:12:32', FALSE);
INSERT INTO EventRoster (ID, Event, Member, DateRegistered, Waitlisted) VALUES (927, 147, 111, '2025-07-26 20:23:36', FALSE);
INSERT INTO EventRoster (ID, Event, Member, DateRegistered, Waitlisted) VALUES (928, 147, 137, '2025-08-03 15:48:59', FALSE);
INSERT INTO EventRoster (ID, Event, Member, DateRegistered, Waitlisted) VALUES (929, 147, 151, '2025-07-12 19:31:43', TRUE);
INSERT INTO EventRoster (ID, Event, Member, DateRegistered, Waitlisted) VALUES (930, 147, 115, '2025-07-15 11:08:17', FALSE);
INSERT INTO EventRoster (ID, Event, Member, DateRegistered, Waitlisted) VALUES (931, 147, 134, '2025-08-04 01:09:19', FALSE);
INSERT INTO EventRoster (ID, Event, Member, DateRegistered, Waitlisted) VALUES (932, 147, 138, '2025-07-22 20:30:05', FALSE);
INSERT INTO EventRoster (ID, Event, Member, DateRegistered, Waitlisted) VALUES (933, 147, 144, '2025-07-18 18:06:44', FALSE);
INSERT INTO EventRoster (ID, Event, Member, DateRegistered, Waitlisted) VALUES (934, 147, 155, '2025-07-30 21:12:18', FALSE);
INSERT INTO EventRoster (ID, Event, Member, DateRegistered, Waitlisted) VALUES (935, 147, 199, '2025-07-13 16:24:56', FALSE);
INSERT INTO EventRoster (ID, Event, Member, DateRegistered, Waitlisted) VALUES (936, 147, 197, '2025-07-14 19:54:58', FALSE);
INSERT INTO EventRoster (ID, Event, Member, DateRegistered, Waitlisted) VALUES (937, 147, 147, '2025-07-29 13:57:23', FALSE);
INSERT INTO EventRoster (ID, Event, Member, DateRegistered, Waitlisted) VALUES (938, 147, 139, '2025-08-08 16:56:45', FALSE);
INSERT INTO EventRoster (ID, Event, Member, DateRegistered, Waitlisted) VALUES (939, 147, 159, '2025-08-04 13:14:25', FALSE);
INSERT INTO EventRoster (ID, Event, Member, DateRegistered, Waitlisted) VALUES (940, 147, 189, '2025-07-22 20:33:45', TRUE);
INSERT INTO EventRoster (ID, Event, Member, DateRegistered, Waitlisted) VALUES (941, 147, 185, '2025-07-17 16:06:11', FALSE);
INSERT INTO EventRoster (ID, Event, Member, DateRegistered, Waitlisted) VALUES (942, 147, 122, '2025-08-07 05:48:14', FALSE);
INSERT INTO EventRoster (ID, Event, Member, DateRegistered, Waitlisted) VALUES (943, 147, 123, '2025-07-11 18:47:46', FALSE);
INSERT INTO EventRoster (ID, Event, Member, DateRegistered, Waitlisted) VALUES (944, 147, 179, '2025-07-17 11:11:45', FALSE);
INSERT INTO EventRoster (ID, Event, Member, DateRegistered, Waitlisted) VALUES (945, 148, 180, '2025-07-11 15:02:34', FALSE);
INSERT INTO EventRoster (ID, Event, Member, DateRegistered, Waitlisted) VALUES (946, 148, 188, '2025-07-25 16:19:20', FALSE);
INSERT INTO EventRoster (ID, Event, Member, DateRegistered, Waitlisted) VALUES (947, 148, 181, '2025-08-01 06:43:25', FALSE);
INSERT INTO EventRoster (ID, Event, Member, DateRegistered, Waitlisted) VALUES (948, 148, 115, '2025-07-30 02:22:06', FALSE);
INSERT INTO EventRoster (ID, Event, Member, DateRegistered, Waitlisted) VALUES (949, 148, 150, '2025-07-16 12:13:18', FALSE);
INSERT INTO EventRoster (ID, Event, Member, DateRegistered, Waitlisted) VALUES (950, 148, 154, '2025-08-01 23:19:14', FALSE);
INSERT INTO EventRoster (ID, Event, Member, DateRegistered, Waitlisted) VALUES (951, 148, 139, '2025-07-23 03:24:53', FALSE);
INSERT INTO EventRoster (ID, Event, Member, DateRegistered, Waitlisted) VALUES (952, 148, 110, '2025-07-26 22:18:26', TRUE);
INSERT INTO EventRoster (ID, Event, Member, DateRegistered, Waitlisted) VALUES (953, 148, 114, '2025-07-19 02:15:17', FALSE);
INSERT INTO EventRoster (ID, Event, Member, DateRegistered, Waitlisted) VALUES (954, 148, 131, '2025-08-01 10:07:11', FALSE);
INSERT INTO EventRoster (ID, Event, Member, DateRegistered, Waitlisted) VALUES (955, 148, 141, '2025-07-20 12:42:41', FALSE);
INSERT INTO EventRoster (ID, Event, Member, DateRegistered, Waitlisted) VALUES (956, 148, 190, '2025-07-14 04:31:21', FALSE);
INSERT INTO EventRoster (ID, Event, Member, DateRegistered, Waitlisted) VALUES (957, 148, 167, '2025-08-08 00:42:00', FALSE);
INSERT INTO EventRoster (ID, Event, Member, DateRegistered, Waitlisted) VALUES (958, 148, 196, '2025-08-04 09:38:47', FALSE);
INSERT INTO EventRoster (ID, Event, Member, DateRegistered, Waitlisted) VALUES (959, 148, 191, '2025-07-24 03:46:58', FALSE);
INSERT INTO EventRoster (ID, Event, Member, DateRegistered, Waitlisted) VALUES (960, 148, 143, '2025-07-27 15:47:22', FALSE);
INSERT INTO EventRoster (ID, Event, Member, DateRegistered, Waitlisted) VALUES (961, 148, 119, '2025-07-21 11:50:10', FALSE);
INSERT INTO EventRoster (ID, Event, Member, DateRegistered, Waitlisted) VALUES (962, 148, 178, '2025-08-02 11:08:42', FALSE);
INSERT INTO EventRoster (ID, Event, Member, DateRegistered, Waitlisted) VALUES (963, 148, 158, '2025-07-19 07:15:22', TRUE);
INSERT INTO EventRoster (ID, Event, Member, DateRegistered, Waitlisted) VALUES (964, 148, 108, '2025-07-14 14:05:57', TRUE);
INSERT INTO EventRoster (ID, Event, Member, DateRegistered, Waitlisted) VALUES (965, 148, 147, '2025-07-30 09:05:45', FALSE);
INSERT INTO EventRoster (ID, Event, Member, DateRegistered, Waitlisted) VALUES (966, 148, 153, '2025-08-01 07:55:43', FALSE);
INSERT INTO EventRoster (ID, Event, Member, DateRegistered, Waitlisted) VALUES (967, 148, 162, '2025-08-09 10:52:11', FALSE);
INSERT INTO EventRoster (ID, Event, Member, DateRegistered, Waitlisted) VALUES (968, 148, 134, '2025-07-14 17:27:55', FALSE);
INSERT INTO EventRoster (ID, Event, Member, DateRegistered, Waitlisted) VALUES (969, 148, 198, '2025-07-26 03:38:36', FALSE);
INSERT INTO EventRoster (ID, Event, Member, DateRegistered, Waitlisted) VALUES (970, 149, 165, '2025-07-20 21:07:49', FALSE);
INSERT INTO EventRoster (ID, Event, Member, DateRegistered, Waitlisted) VALUES (971, 149, 103, '2025-07-14 09:23:11', FALSE);
INSERT INTO EventRoster (ID, Event, Member, DateRegistered, Waitlisted) VALUES (972, 149, 115, '2025-07-21 00:32:17', FALSE);
INSERT INTO EventRoster (ID, Event, Member, DateRegistered, Waitlisted) VALUES (973, 149, 142, '2025-07-20 23:15:50', FALSE);
INSERT INTO EventRoster (ID, Event, Member, DateRegistered, Waitlisted) VALUES (974, 149, 140, '2025-07-12 10:26:37', FALSE);
INSERT INTO EventRoster (ID, Event, Member, DateRegistered, Waitlisted) VALUES (975, 149, 147, '2025-07-19 04:27:46', FALSE);
INSERT INTO EventRoster (ID, Event, Member, DateRegistered, Waitlisted) VALUES (976, 149, 131, '2025-07-17 18:27:33', FALSE);
INSERT INTO EventRoster (ID, Event, Member, DateRegistered, Waitlisted) VALUES (977, 149, 129, '2025-07-25 00:28:36', FALSE);
INSERT INTO EventRoster (ID, Event, Member, DateRegistered, Waitlisted) VALUES (978, 149, 189, '2025-07-16 09:20:24', FALSE);
INSERT INTO EventRoster (ID, Event, Member, DateRegistered, Waitlisted) VALUES (979, 149, 123, '2025-07-30 16:22:10', FALSE);
INSERT INTO EventRoster (ID, Event, Member, DateRegistered, Waitlisted) VALUES (980, 149, 126, '2025-07-23 01:51:12', FALSE);
INSERT INTO EventRoster (ID, Event, Member, DateRegistered, Waitlisted) VALUES (981, 149, 174, '2025-07-15 06:29:45', FALSE);
INSERT INTO EventRoster (ID, Event, Member, DateRegistered, Waitlisted) VALUES (982, 149, 170, '2025-07-29 16:40:24', FALSE);
INSERT INTO EventRoster (ID, Event, Member, DateRegistered, Waitlisted) VALUES (983, 149, 180, '2025-08-07 17:20:33', FALSE);
INSERT INTO EventRoster (ID, Event, Member, DateRegistered, Waitlisted) VALUES (984, 149, 149, '2025-08-01 02:57:38', FALSE);

-- 💬 FEEDBACK
INSERT INTO Feedback (ID, Member, Rating, Description, Anonymous) VALUES (100, 141, 5, 'Safety briefing was thorough and helpful.', FALSE);
INSERT INTO Feedback (ID, Member, Rating, Description, Anonymous) VALUES (101, 121, 5, 'Beautiful views, would definitely do this again.', FALSE);
INSERT INTO Feedback (ID, Member, Rating, Description, Anonymous) VALUES (102, 159, 5, 'Equipment was in great condition. Thanks!', FALSE);
INSERT INTO Feedback (ID, Member, Rating, Description, Anonymous) VALUES (103, 139, 5, 'Safety briefing was thorough and helpful.', FALSE);
INSERT INTO Feedback (ID, Member, Rating, Description, Anonymous) VALUES (104, 191, 3, 'Outstanding leadership from trip organizers.', FALSE);
INSERT INTO Feedback (ID, Member, Rating, Description, Anonymous) VALUES (105, 155, 4, 'Safety briefing was thorough and helpful.', TRUE);
INSERT INTO Feedback (ID, Member, Rating, Description, Anonymous) VALUES (106, 184, 4, 'Beautiful views, would definitely do this again.', FALSE);
INSERT INTO Feedback (ID, Member, Rating, Description, Anonymous) VALUES (107, 124, 5, 'Perfect difficulty level for beginners.', FALSE);
INSERT INTO Feedback (ID, Member, Rating, Description, Anonymous) VALUES (108, 132, 5, 'Challenging but rewarding experience.', FALSE);
INSERT INTO Feedback (ID, Member, Rating, Description, Anonymous) VALUES (109, 134, 3, 'Safety briefing was thorough and helpful.', TRUE);
INSERT INTO Feedback (ID, Member, Rating, Description, Anonymous) VALUES (110, 153, 5, 'Great group dynamic. Everyone was supportive.', FALSE);
INSERT INTO Feedback (ID, Member, Rating, Description, Anonymous) VALUES (111, 187, 5, 'Informative workshop. Practical skills learned.', FALSE);
INSERT INTO Feedback (ID, Member, Rating, Description, Anonymous) VALUES (112, 139, 4, 'Informative workshop. Practical skills learned.', TRUE);
INSERT INTO Feedback (ID, Member, Rating, Description, Anonymous) VALUES (113, 136, 4, 'Well organized event. Trip leaders were knowledgeable.', TRUE);
INSERT INTO Feedback (ID, Member, Rating, Description, Anonymous) VALUES (114, 127, 5, 'Good introduction to the activity. Learned a lot.', FALSE);
INSERT INTO Feedback (ID, Member, Rating, Description, Anonymous) VALUES (115, 161, 2, 'Good introduction to the activity. Learned a lot.', FALSE);
INSERT INTO Feedback (ID, Member, Rating, Description, Anonymous) VALUES (116, 144, 5, 'Perfect difficulty level for beginners.', FALSE);
INSERT INTO Feedback (ID, Member, Rating, Description, Anonymous) VALUES (117, 169, 5, 'Safety briefing was thorough and helpful.', FALSE);
INSERT INTO Feedback (ID, Member, Rating, Description, Anonymous) VALUES (118, 146, 5, 'Great group dynamic. Everyone was supportive.', FALSE);
INSERT INTO Feedback (ID, Member, Rating, Description, Anonymous) VALUES (119, 172, 5, 'Food was delicious. Perfect amount.', FALSE);
INSERT INTO Feedback (ID, Member, Rating, Description, Anonymous) VALUES (120, 147, 5, 'Trip timing worked well with my schedule.', FALSE);
INSERT INTO Feedback (ID, Member, Rating, Description, Anonymous) VALUES (121, 144, 4, 'Meeting location was easy to find.', FALSE);
INSERT INTO Feedback (ID, Member, Rating, Description, Anonymous) VALUES (122, 164, 5, 'Beautiful views, would definitely do this again.', FALSE);
INSERT INTO Feedback (ID, Member, Rating, Description, Anonymous) VALUES (123, 189, 5, 'Well organized event. Trip leaders were knowledgeable.', FALSE);
INSERT INTO Feedback (ID, Member, Rating, Description, Anonymous) VALUES (124, 111, 5, 'Great group dynamic. Everyone was supportive.', FALSE);
INSERT INTO Feedback (ID, Member, Rating, Description, Anonymous) VALUES (125, 102, 5, 'Food was delicious. Perfect amount.', FALSE);
INSERT INTO Feedback (ID, Member, Rating, Description, Anonymous) VALUES (126, 182, 4, 'Well organized event. Trip leaders were knowledgeable.', FALSE);
INSERT INTO Feedback (ID, Member, Rating, Description, Anonymous) VALUES (127, 106, 4, 'Good introduction to the activity. Learned a lot.', FALSE);
INSERT INTO Feedback (ID, Member, Rating, Description, Anonymous) VALUES (128, 154, 3, 'Trip timing worked well with my schedule.', TRUE);
INSERT INTO Feedback (ID, Member, Rating, Description, Anonymous) VALUES (129, 176, 4, 'Food was delicious. Perfect amount.', FALSE);
INSERT INTO Feedback (ID, Member, Rating, Description, Anonymous) VALUES (130, 170, 5, 'Beautiful views, would definitely do this again.', TRUE);
INSERT INTO Feedback (ID, Member, Rating, Description, Anonymous) VALUES (131, 126, 4, 'Good introduction to the activity. Learned a lot.', FALSE);
INSERT INTO Feedback (ID, Member, Rating, Description, Anonymous) VALUES (132, 134, 4, 'Outstanding leadership from trip organizers.', FALSE);
INSERT INTO Feedback (ID, Member, Rating, Description, Anonymous) VALUES (133, 173, 4, 'Excellent trip! Great weather and company.', FALSE);
INSERT INTO Feedback (ID, Member, Rating, Description, Anonymous) VALUES (134, 125, 5, 'Good introduction to the activity. Learned a lot.', FALSE);
INSERT INTO Feedback (ID, Member, Rating, Description, Anonymous) VALUES (135, 127, 1, 'Wonderful social event. Met lots of new people.', FALSE);
INSERT INTO Feedback (ID, Member, Rating, Description, Anonymous) VALUES (136, 184, 3, 'Good introduction to the activity. Learned a lot.', FALSE);
INSERT INTO Feedback (ID, Member, Rating, Description, Anonymous) VALUES (137, 156, 4, 'Food was delicious. Perfect amount.', FALSE);
INSERT INTO Feedback (ID, Member, Rating, Description, Anonymous) VALUES (138, 131, 5, 'Challenging but rewarding experience.', FALSE);
INSERT INTO Feedback (ID, Member, Rating, Description, Anonymous) VALUES (139, 182, 5, 'Beautiful views, would definitely do this again.', FALSE);
INSERT INTO Feedback (ID, Member, Rating, Description, Anonymous) VALUES (140, 178, 2, 'Perfect difficulty level for beginners.', FALSE);
INSERT INTO Feedback (ID, Member, Rating, Description, Anonymous) VALUES (141, 179, 5, 'Meeting location was easy to find.', FALSE);
INSERT INTO Feedback (ID, Member, Rating, Description, Anonymous) VALUES (142, 168, 3, 'Excellent trip! Great weather and company.', TRUE);
INSERT INTO Feedback (ID, Member, Rating, Description, Anonymous) VALUES (143, 189, 3, 'Food was delicious. Perfect amount.', FALSE);
INSERT INTO Feedback (ID, Member, Rating, Description, Anonymous) VALUES (144, 171, 5, 'Perfect difficulty level for beginners.', FALSE);
INSERT INTO Feedback (ID, Member, Rating, Description, Anonymous) VALUES (145, 143, 5, 'Beautiful views, would definitely do this again.', FALSE);
INSERT INTO Feedback (ID, Member, Rating, Description, Anonymous) VALUES (146, 180, 4, 'Outstanding leadership from trip organizers.', TRUE);
INSERT INTO Feedback (ID, Member, Rating, Description, Anonymous) VALUES (147, 148, 3, 'Informative workshop. Practical skills learned.', TRUE);
INSERT INTO Feedback (ID, Member, Rating, Description, Anonymous) VALUES (148, 138, 4, 'Equipment was in great condition. Thanks!', FALSE);
INSERT INTO Feedback (ID, Member, Rating, Description, Anonymous) VALUES (149, 149, 5, 'Wonderful social event. Met lots of new people.', TRUE);
INSERT INTO Feedback (ID, Member, Rating, Description, Anonymous) VALUES (150, 138, 5, 'Excellent trip! Great weather and company.', FALSE);
INSERT INTO Feedback (ID, Member, Rating, Description, Anonymous) VALUES (151, 172, 4, 'Good introduction to the activity. Learned a lot.', FALSE);
INSERT INTO Feedback (ID, Member, Rating, Description, Anonymous) VALUES (152, 156, 4, 'Excellent trip! Great weather and company.', FALSE);
INSERT INTO Feedback (ID, Member, Rating, Description, Anonymous) VALUES (153, 134, 4, 'Wonderful social event. Met lots of new people.', FALSE);
INSERT INTO Feedback (ID, Member, Rating, Description, Anonymous) VALUES (154, 185, 2, 'Perfect difficulty level for beginners.', FALSE);
INSERT INTO Feedback (ID, Member, Rating, Description, Anonymous) VALUES (155, 127, 4, 'Excellent trip! Great weather and company.', FALSE);
INSERT INTO Feedback (ID, Member, Rating, Description, Anonymous) VALUES (156, 174, 5, 'Food was delicious. Perfect amount.', FALSE);
INSERT INTO Feedback (ID, Member, Rating, Description, Anonymous) VALUES (157, 121, 4, 'Meeting location was easy to find.', FALSE);
INSERT INTO Feedback (ID, Member, Rating, Description, Anonymous) VALUES (158, 138, 4, 'Informative workshop. Practical skills learned.', TRUE);
INSERT INTO Feedback (ID, Member, Rating, Description, Anonymous) VALUES (159, 158, 4, 'Food was delicious. Perfect amount.', FALSE);
INSERT INTO Feedback (ID, Member, Rating, Description, Anonymous) VALUES (160, 103, 3, 'Great group dynamic. Everyone was supportive.', FALSE);
INSERT INTO Feedback (ID, Member, Rating, Description, Anonymous) VALUES (161, 165, 4, 'Challenging but rewarding experience.', TRUE);
INSERT INTO Feedback (ID, Member, Rating, Description, Anonymous) VALUES (162, 162, 5, 'Food was delicious. Perfect amount.', TRUE);
INSERT INTO Feedback (ID, Member, Rating, Description, Anonymous) VALUES (163, 143, 4, 'Good introduction to the activity. Learned a lot.', FALSE);
INSERT INTO Feedback (ID, Member, Rating, Description, Anonymous) VALUES (164, 190, 5, 'Challenging but rewarding experience.', FALSE);
INSERT INTO Feedback (ID, Member, Rating, Description, Anonymous) VALUES (165, 154, 3, 'Excellent trip! Great weather and company.', FALSE);
INSERT INTO Feedback (ID, Member, Rating, Description, Anonymous) VALUES (166, 139, 5, 'Food was delicious. Perfect amount.', FALSE);
INSERT INTO Feedback (ID, Member, Rating, Description, Anonymous) VALUES (167, 117, 4, 'Outstanding leadership from trip organizers.', FALSE);
INSERT INTO Feedback (ID, Member, Rating, Description, Anonymous) VALUES (168, 196, 3, 'Excellent trip! Great weather and company.', FALSE);
INSERT INTO Feedback (ID, Member, Rating, Description, Anonymous) VALUES (169, 113, 2, 'Outstanding leadership from trip organizers.', FALSE);
INSERT INTO Feedback (ID, Member, Rating, Description, Anonymous) VALUES (170, 118, 5, 'Trip timing worked well with my schedule.', FALSE);
INSERT INTO Feedback (ID, Member, Rating, Description, Anonymous) VALUES (171, 158, 4, 'Challenging but rewarding experience.', FALSE);
INSERT INTO Feedback (ID, Member, Rating, Description, Anonymous) VALUES (172, 109, 3, 'Excellent trip! Great weather and company.', TRUE);
INSERT INTO Feedback (ID, Member, Rating, Description, Anonymous) VALUES (173, 118, 5, 'Excellent trip! Great weather and company.', FALSE);
INSERT INTO Feedback (ID, Member, Rating, Description, Anonymous) VALUES (174, 149, 4, 'Great group dynamic. Everyone was supportive.', FALSE);
INSERT INTO Feedback (ID, Member, Rating, Description, Anonymous) VALUES (175, 122, 3, 'Excellent trip! Great weather and company.', FALSE);
INSERT INTO Feedback (ID, Member, Rating, Description, Anonymous) VALUES (176, 170, 3, 'Meeting location was easy to find.', TRUE);
INSERT INTO Feedback (ID, Member, Rating, Description, Anonymous) VALUES (177, 149, 3, 'Great group dynamic. Everyone was supportive.', TRUE);
INSERT INTO Feedback (ID, Member, Rating, Description, Anonymous) VALUES (178, 181, 5, 'Good introduction to the activity. Learned a lot.', FALSE);
INSERT INTO Feedback (ID, Member, Rating, Description, Anonymous) VALUES (179, 145, 5, 'Safety briefing was thorough and helpful.', FALSE);
INSERT INTO Feedback (ID, Member, Rating, Description, Anonymous) VALUES (180, 132, 4, 'Meeting location was easy to find.', FALSE);
INSERT INTO Feedback (ID, Member, Rating, Description, Anonymous) VALUES (181, 176, 4, 'Challenging but rewarding experience.', TRUE);
INSERT INTO Feedback (ID, Member, Rating, Description, Anonymous) VALUES (182, 120, 4, 'Outstanding leadership from trip organizers.', FALSE);
INSERT INTO Feedback (ID, Member, Rating, Description, Anonymous) VALUES (183, 138, 5, 'Beautiful views, would definitely do this again.', FALSE);
INSERT INTO Feedback (ID, Member, Rating, Description, Anonymous) VALUES (184, 190, 2, 'Good introduction to the activity. Learned a lot.', TRUE);
INSERT INTO Feedback (ID, Member, Rating, Description, Anonymous) VALUES (185, 160, 4, 'Informative workshop. Practical skills learned.', FALSE);
INSERT INTO Feedback (ID, Member, Rating, Description, Anonymous) VALUES (186, 159, 4, 'Challenging but rewarding experience.', FALSE);
INSERT INTO Feedback (ID, Member, Rating, Description, Anonymous) VALUES (187, 185, 1, 'Excellent trip! Great weather and company.', FALSE);
INSERT INTO Feedback (ID, Member, Rating, Description, Anonymous) VALUES (188, 121, 4, 'Informative workshop. Practical skills learned.', TRUE);
INSERT INTO Feedback (ID, Member, Rating, Description, Anonymous) VALUES (189, 134, 4, 'Perfect difficulty level for beginners.', FALSE);
INSERT INTO Feedback (ID, Member, Rating, Description, Anonymous) VALUES (190, 143, 5, 'Well organized event. Trip leaders were knowledgeable.', FALSE);
INSERT INTO Feedback (ID, Member, Rating, Description, Anonymous) VALUES (191, 112, 5, 'Perfect difficulty level for beginners.', FALSE);
INSERT INTO Feedback (ID, Member, Rating, Description, Anonymous) VALUES (192, 125, 5, 'Great group dynamic. Everyone was supportive.', FALSE);
INSERT INTO Feedback (ID, Member, Rating, Description, Anonymous) VALUES (193, 195, 4, 'Trip timing worked well with my schedule.', FALSE);
INSERT INTO Feedback (ID, Member, Rating, Description, Anonymous) VALUES (194, 106, 4, 'Outstanding leadership from trip organizers.', FALSE);
INSERT INTO Feedback (ID, Member, Rating, Description, Anonymous) VALUES (195, 100, 5, 'Food was delicious. Perfect amount.', FALSE);
INSERT INTO Feedback (ID, Member, Rating, Description, Anonymous) VALUES (196, 162, 5, 'Great group dynamic. Everyone was supportive.', FALSE);
INSERT INTO Feedback (ID, Member, Rating, Description, Anonymous) VALUES (197, 179, 4, 'Perfect difficulty level for beginners.', FALSE);
INSERT INTO Feedback (ID, Member, Rating, Description, Anonymous) VALUES (198, 118, 5, 'Outstanding leadership from trip organizers.', FALSE);
INSERT INTO Feedback (ID, Member, Rating, Description, Anonymous) VALUES (199, 130, 4, 'Trip timing worked well with my schedule.', FALSE);
INSERT INTO Feedback (ID, Member, Rating, Description, Anonymous) VALUES (200, 102, 4, 'Wonderful social event. Met lots of new people.', TRUE);
INSERT INTO Feedback (ID, Member, Rating, Description, Anonymous) VALUES (201, 135, 4, 'Meeting location was easy to find.', FALSE);
INSERT INTO Feedback (ID, Member, Rating, Description, Anonymous) VALUES (202, 171, 4, 'Challenging but rewarding experience.', FALSE);
INSERT INTO Feedback (ID, Member, Rating, Description, Anonymous) VALUES (203, 199, 4, 'Perfect difficulty level for beginners.', FALSE);
INSERT INTO Feedback (ID, Member, Rating, Description, Anonymous) VALUES (204, 166, 3, 'Food was delicious. Perfect amount.', FALSE);
INSERT INTO Feedback (ID, Member, Rating, Description, Anonymous) VALUES (205, 138, 4, 'Informative workshop. Practical skills learned.', FALSE);
INSERT INTO Feedback (ID, Member, Rating, Description, Anonymous) VALUES (206, 175, 4, 'Perfect difficulty level for beginners.', FALSE);
INSERT INTO Feedback (ID, Member, Rating, Description, Anonymous) VALUES (207, 121, 4, 'Meeting location was easy to find.', FALSE);
INSERT INTO Feedback (ID, Member, Rating, Description, Anonymous) VALUES (208, 163, 3, 'Safety briefing was thorough and helpful.', TRUE);
INSERT INTO Feedback (ID, Member, Rating, Description, Anonymous) VALUES (209, 173, 5, 'Equipment was in great condition. Thanks!', FALSE);
INSERT INTO Feedback (ID, Member, Rating, Description, Anonymous) VALUES (210, 192, 4, 'Well organized event. Trip leaders were knowledgeable.', FALSE);
INSERT INTO Feedback (ID, Member, Rating, Description, Anonymous) VALUES (211, 135, 4, 'Excellent trip! Great weather and company.', FALSE);
INSERT INTO Feedback (ID, Member, Rating, Description, Anonymous) VALUES (212, 177, 4, 'Safety briefing was thorough and helpful.', TRUE);
INSERT INTO Feedback (ID, Member, Rating, Description, Anonymous) VALUES (213, 123, 5, 'Outstanding leadership from trip organizers.', FALSE);
INSERT INTO Feedback (ID, Member, Rating, Description, Anonymous) VALUES (214, 110, 5, 'Well organized event. Trip leaders were knowledgeable.', TRUE);
INSERT INTO Feedback (ID, Member, Rating, Description, Anonymous) VALUES (215, 115, 5, 'Great group dynamic. Everyone was supportive.', FALSE);
INSERT INTO Feedback (ID, Member, Rating, Description, Anonymous) VALUES (216, 188, 2, 'Trip timing worked well with my schedule.', TRUE);
INSERT INTO Feedback (ID, Member, Rating, Description, Anonymous) VALUES (217, 134, 4, 'Equipment was in great condition. Thanks!', FALSE);
INSERT INTO Feedback (ID, Member, Rating, Description, Anonymous) VALUES (218, 115, 4, 'Wonderful social event. Met lots of new people.', FALSE);
INSERT INTO Feedback (ID, Member, Rating, Description, Anonymous) VALUES (219, 194, 3, 'Challenging but rewarding experience.', FALSE);
INSERT INTO Feedback (ID, Member, Rating, Description, Anonymous) VALUES (220, 194, 5, 'Great group dynamic. Everyone was supportive.', FALSE);
INSERT INTO Feedback (ID, Member, Rating, Description, Anonymous) VALUES (221, 101, 5, 'Trip timing worked well with my schedule.', FALSE);
INSERT INTO Feedback (ID, Member, Rating, Description, Anonymous) VALUES (222, 149, 4, 'Equipment was in great condition. Thanks!', FALSE);
INSERT INTO Feedback (ID, Member, Rating, Description, Anonymous) VALUES (223, 152, 5, 'Informative workshop. Practical skills learned.', FALSE);
INSERT INTO Feedback (ID, Member, Rating, Description, Anonymous) VALUES (224, 156, 5, 'Wonderful social event. Met lots of new people.', FALSE);
INSERT INTO Feedback (ID, Member, Rating, Description, Anonymous) VALUES (225, 187, 5, 'Well organized event. Trip leaders were knowledgeable.', FALSE);
INSERT INTO Feedback (ID, Member, Rating, Description, Anonymous) VALUES (226, 175, 4, 'Meeting location was easy to find.', FALSE);
INSERT INTO Feedback (ID, Member, Rating, Description, Anonymous) VALUES (227, 147, 4, 'Beautiful views, would definitely do this again.', FALSE);
INSERT INTO Feedback (ID, Member, Rating, Description, Anonymous) VALUES (228, 166, 3, 'Challenging but rewarding experience.', TRUE);
INSERT INTO Feedback (ID, Member, Rating, Description, Anonymous) VALUES (229, 152, 3, 'Meeting location was easy to find.', FALSE);
INSERT INTO Feedback (ID, Member, Rating, Description, Anonymous) VALUES (230, 193, 3, 'Safety briefing was thorough and helpful.', FALSE);
INSERT INTO Feedback (ID, Member, Rating, Description, Anonymous) VALUES (231, 126, 4, 'Meeting location was easy to find.', TRUE);
INSERT INTO Feedback (ID, Member, Rating, Description, Anonymous) VALUES (232, 152, 5, 'Beautiful views, would definitely do this again.', TRUE);
INSERT INTO Feedback (ID, Member, Rating, Description, Anonymous) VALUES (233, 161, 4, 'Outstanding leadership from trip organizers.', FALSE);
INSERT INTO Feedback (ID, Member, Rating, Description, Anonymous) VALUES (234, 136, 4, 'Safety briefing was thorough and helpful.', FALSE);
INSERT INTO Feedback (ID, Member, Rating, Description, Anonymous) VALUES (235, 113, 3, 'Meeting location was easy to find.', TRUE);
INSERT INTO Feedback (ID, Member, Rating, Description, Anonymous) VALUES (236, 159, 3, 'Beautiful views, would definitely do this again.', TRUE);
INSERT INTO Feedback (ID, Member, Rating, Description, Anonymous) VALUES (237, 110, 4, 'Well organized event. Trip leaders were knowledgeable.', FALSE);
INSERT INTO Feedback (ID, Member, Rating, Description, Anonymous) VALUES (238, 126, 5, 'Food was delicious. Perfect amount.', FALSE);
INSERT INTO Feedback (ID, Member, Rating, Description, Anonymous) VALUES (239, 116, 4, 'Great group dynamic. Everyone was supportive.', FALSE);
INSERT INTO Feedback (ID, Member, Rating, Description, Anonymous) VALUES (240, 194, 4, 'Well organized event. Trip leaders were knowledgeable.', FALSE);
INSERT INTO Feedback (ID, Member, Rating, Description, Anonymous) VALUES (241, 166, 3, 'Informative workshop. Practical skills learned.', FALSE);
INSERT INTO Feedback (ID, Member, Rating, Description, Anonymous) VALUES (242, 123, 4, 'Trip timing worked well with my schedule.', TRUE);
INSERT INTO Feedback (ID, Member, Rating, Description, Anonymous) VALUES (243, 139, 3, 'Beautiful views, would definitely do this again.', FALSE);
INSERT INTO Feedback (ID, Member, Rating, Description, Anonymous) VALUES (244, 167, 5, 'Informative workshop. Practical skills learned.', FALSE);
INSERT INTO Feedback (ID, Member, Rating, Description, Anonymous) VALUES (245, 177, 4, 'Beautiful views, would definitely do this again.', FALSE);
INSERT INTO Feedback (ID, Member, Rating, Description, Anonymous) VALUES (246, 179, 4, 'Outstanding leadership from trip organizers.', FALSE);
INSERT INTO Feedback (ID, Member, Rating, Description, Anonymous) VALUES (247, 153, 4, 'Equipment was in great condition. Thanks!', FALSE);
INSERT INTO Feedback (ID, Member, Rating, Description, Anonymous) VALUES (248, 151, 5, 'Informative workshop. Practical skills learned.', FALSE);
INSERT INTO Feedback (ID, Member, Rating, Description, Anonymous) VALUES (249, 102, 5, 'Good introduction to the activity. Learned a lot.', FALSE);

-- 📧 COMMUNICATIONS
INSERT INTO Communication (ID, Subject, Content, DateSent) VALUES (100, 'Volunteer Opportunity', 'Next line while already black. Contain she treatment control throughout including party.
Forward history add wait culture blue. Contain treat watch hotel own.
Show management magazine market. Imagine discuss follow near.', '2025-08-10 10:39:01');
INSERT INTO CommunicationRecipients (Communication, Member) VALUES (100, 106);
INSERT INTO CommunicationRecipients (Communication, Member) VALUES (100, 107);
INSERT INTO CommunicationRecipients (Communication, Member) VALUES (100, 185);
INSERT INTO CommunicationRecipients (Communication, Member) VALUES (100, 114);
INSERT INTO CommunicationRecipients (Communication, Member) VALUES (100, 140);
INSERT INTO CommunicationRecipients (Communication, Member) VALUES (100, 167);
INSERT INTO CommunicationRecipients (Communication, Member) VALUES (100, 168);
INSERT INTO CommunicationRecipients (Communication, Member) VALUES (100, 169);
INSERT INTO CommunicationRecipients (Communication, Member) VALUES (100, 142);
INSERT INTO CommunicationRecipients (Communication, Member) VALUES (100, 186);
INSERT INTO CommunicationRecipients (Communication, Member) VALUES (100, 132);
INSERT INTO CommunicationRecipients (Communication, Member) VALUES (100, 165);
INSERT INTO CommunicationRecipients (Communication, Member) VALUES (100, 177);
INSERT INTO CommunicationRecipients (Communication, Member) VALUES (100, 129);
INSERT INTO CommunicationRecipients (Communication, Member) VALUES (100, 198);
INSERT INTO CommunicationRecipients (Communication, Member) VALUES (100, 126);
INSERT INTO CommunicationRecipients (Communication, Member) VALUES (100, 175);
INSERT INTO CommunicationRecipients (Communication, Member) VALUES (100, 124);
INSERT INTO CommunicationRecipients (Communication, Member) VALUES (100, 166);
INSERT INTO CommunicationRecipients (Communication, Member) VALUES (100, 113);
INSERT INTO CommunicationRecipients (Communication, Member) VALUES (100, 133);
INSERT INTO CommunicationRecipients (Communication, Member) VALUES (100, 195);
INSERT INTO CommunicationRecipients (Communication, Member) VALUES (100, 192);
INSERT INTO CommunicationRecipients (Communication, Member) VALUES (100, 141);
INSERT INTO CommunicationRecipients (Communication, Member) VALUES (100, 172);
INSERT INTO CommunicationRecipients (Communication, Member) VALUES (100, 112);
INSERT INTO CommunicationRecipients (Communication, Member) VALUES (100, 149);
INSERT INTO CommunicationRecipients (Communication, Member) VALUES (100, 170);
INSERT INTO CommunicationRecipients (Communication, Member) VALUES (100, 150);
INSERT INTO CommunicationRecipients (Communication, Member) VALUES (100, 162);
INSERT INTO CommunicationRecipients (Communication, Member) VALUES (100, 179);
INSERT INTO CommunicationRecipients (Communication, Member) VALUES (100, 176);
INSERT INTO CommunicationRecipients (Communication, Member) VALUES (100, 191);
INSERT INTO CommunicationRecipients (Communication, Member) VALUES (100, 110);
INSERT INTO CommunicationRecipients (Communication, Member) VALUES (100, 146);
INSERT INTO CommunicationRecipients (Communication, Member) VALUES (100, 154);
INSERT INTO CommunicationRecipients (Communication, Member) VALUES (100, 181);
INSERT INTO CommunicationRecipients (Communication, Member) VALUES (100, 161);
INSERT INTO CommunicationRecipients (Communication, Member) VALUES (100, 164);
INSERT INTO CommunicationRecipients (Communication, Member) VALUES (100, 174);
INSERT INTO CommunicationRecipients (Communication, Member) VALUES (100, 145);
INSERT INTO CommunicationRecipients (Communication, Member) VALUES (100, 183);
INSERT INTO CommunicationRecipients (Communication, Member) VALUES (100, 190);
INSERT INTO CommunicationRecipients (Communication, Member) VALUES (100, 118);
INSERT INTO CommunicationRecipients (Communication, Member) VALUES (100, 121);
INSERT INTO CommunicationRecipients (Communication, Member) VALUES (100, 122);
INSERT INTO Communication (ID, Subject, Content, DateSent) VALUES (101, 'Photo Contest Winners', 'His sign front interview let receive. Claim feeling easy race play amount.
City each instead represent source factor. Science position responsibility professor. Learn artist natural goal agree popular few arrive.', '2025-08-10 10:37:45');
INSERT INTO CommunicationRecipients (Communication, Member) VALUES (101, 115);
INSERT INTO CommunicationRecipients (Communication, Member) VALUES (101, 124);
INSERT INTO CommunicationRecipients (Communication, Member) VALUES (101, 164);
INSERT INTO CommunicationRecipients (Communication, Member) VALUES (101, 189);
INSERT INTO CommunicationRecipients (Communication, Member) VALUES (101, 187);
INSERT INTO CommunicationRecipients (Communication, Member) VALUES (101, 188);
INSERT INTO CommunicationRecipients (Communication, Member) VALUES (101, 173);
INSERT INTO CommunicationRecipients (Communication, Member) VALUES (101, 178);
INSERT INTO CommunicationRecipients (Communication, Member) VALUES (101, 123);
INSERT INTO CommunicationRecipients (Communication, Member) VALUES (101, 196);
INSERT INTO CommunicationRecipients (Communication, Member) VALUES (101, 193);
INSERT INTO CommunicationRecipients (Communication, Member) VALUES (101, 104);
INSERT INTO CommunicationRecipients (Communication, Member) VALUES (101, 181);
INSERT INTO CommunicationRecipients (Communication, Member) VALUES (101, 119);
INSERT INTO CommunicationRecipients (Communication, Member) VALUES (101, 133);
INSERT INTO CommunicationRecipients (Communication, Member) VALUES (101, 159);
INSERT INTO CommunicationRecipients (Communication, Member) VALUES (101, 192);
INSERT INTO CommunicationRecipients (Communication, Member) VALUES (101, 131);
INSERT INTO CommunicationRecipients (Communication, Member) VALUES (101, 161);
INSERT INTO CommunicationRecipients (Communication, Member) VALUES (101, 103);
INSERT INTO CommunicationRecipients (Communication, Member) VALUES (101, 108);
INSERT INTO CommunicationRecipients (Communication, Member) VALUES (101, 129);
INSERT INTO CommunicationRecipients (Communication, Member) VALUES (101, 140);
INSERT INTO CommunicationRecipients (Communication, Member) VALUES (101, 190);
INSERT INTO CommunicationRecipients (Communication, Member) VALUES (101, 148);
INSERT INTO CommunicationRecipients (Communication, Member) VALUES (101, 125);
INSERT INTO CommunicationRecipients (Communication, Member) VALUES (101, 137);
INSERT INTO CommunicationRecipients (Communication, Member) VALUES (101, 107);
INSERT INTO CommunicationRecipients (Communication, Member) VALUES (101, 179);
INSERT INTO CommunicationRecipients (Communication, Member) VALUES (101, 165);
INSERT INTO CommunicationRecipients (Communication, Member) VALUES (101, 157);
INSERT INTO CommunicationRecipients (Communication, Member) VALUES (101, 110);
INSERT INTO CommunicationRecipients (Communication, Member) VALUES (101, 141);
INSERT INTO CommunicationRecipients (Communication, Member) VALUES (101, 118);
INSERT INTO CommunicationRecipients (Communication, Member) VALUES (101, 166);
INSERT INTO CommunicationRecipients (Communication, Member) VALUES (101, 152);
INSERT INTO CommunicationRecipients (Communication, Member) VALUES (101, 134);
INSERT INTO CommunicationRecipients (Communication, Member) VALUES (101, 150);
INSERT INTO CommunicationRecipients (Communication, Member) VALUES (101, 163);
INSERT INTO CommunicationRecipients (Communication, Member) VALUES (101, 162);
INSERT INTO CommunicationRecipients (Communication, Member) VALUES (101, 158);
INSERT INTO CommunicationRecipients (Communication, Member) VALUES (101, 113);
INSERT INTO CommunicationRecipients (Communication, Member) VALUES (101, 169);
INSERT INTO CommunicationRecipients (Communication, Member) VALUES (101, 127);
INSERT INTO CommunicationRecipients (Communication, Member) VALUES (101, 122);
INSERT INTO CommunicationRecipients (Communication, Member) VALUES (101, 146);
INSERT INTO CommunicationRecipients (Communication, Member) VALUES (101, 194);
INSERT INTO CommunicationRecipients (Communication, Member) VALUES (101, 176);
INSERT INTO CommunicationRecipients (Communication, Member) VALUES (101, 101);
INSERT INTO CommunicationRecipients (Communication, Member) VALUES (101, 184);
INSERT INTO CommunicationRecipients (Communication, Member) VALUES (101, 185);
INSERT INTO CommunicationRecipients (Communication, Member) VALUES (101, 172);
INSERT INTO CommunicationRecipients (Communication, Member) VALUES (101, 170);
INSERT INTO CommunicationRecipients (Communication, Member) VALUES (101, 156);
INSERT INTO CommunicationRecipients (Communication, Member) VALUES (101, 138);
INSERT INTO CommunicationRecipients (Communication, Member) VALUES (101, 143);
INSERT INTO CommunicationRecipients (Communication, Member) VALUES (101, 175);
INSERT INTO CommunicationRecipients (Communication, Member) VALUES (101, 186);
INSERT INTO CommunicationRecipients (Communication, Member) VALUES (101, 128);
INSERT INTO CommunicationRecipients (Communication, Member) VALUES (101, 117);
INSERT INTO CommunicationRecipients (Communication, Member) VALUES (101, 183);
INSERT INTO CommunicationRecipients (Communication, Member) VALUES (101, 197);
INSERT INTO CommunicationRecipients (Communication, Member) VALUES (101, 112);
INSERT INTO CommunicationRecipients (Communication, Member) VALUES (101, 121);
INSERT INTO CommunicationRecipients (Communication, Member) VALUES (101, 111);
INSERT INTO CommunicationRecipients (Communication, Member) VALUES (101, 116);
INSERT INTO CommunicationRecipients (Communication, Member) VALUES (101, 132);
INSERT INTO CommunicationRecipients (Communication, Member) VALUES (101, 153);
INSERT INTO CommunicationRecipients (Communication, Member) VALUES (101, 171);
INSERT INTO CommunicationRecipients (Communication, Member) VALUES (101, 144);
INSERT INTO CommunicationRecipients (Communication, Member) VALUES (101, 180);
INSERT INTO CommunicationRecipients (Communication, Member) VALUES (101, 142);
INSERT INTO CommunicationRecipients (Communication, Member) VALUES (101, 114);
INSERT INTO CommunicationRecipients (Communication, Member) VALUES (101, 109);
INSERT INTO CommunicationRecipients (Communication, Member) VALUES (101, 149);
INSERT INTO CommunicationRecipients (Communication, Member) VALUES (101, 106);
INSERT INTO CommunicationRecipients (Communication, Member) VALUES (101, 147);
INSERT INTO CommunicationRecipients (Communication, Member) VALUES (101, 136);
INSERT INTO CommunicationRecipients (Communication, Member) VALUES (101, 145);
INSERT INTO CommunicationRecipients (Communication, Member) VALUES (101, 151);
INSERT INTO CommunicationRecipients (Communication, Member) VALUES (101, 177);
INSERT INTO CommunicationRecipients (Communication, Member) VALUES (101, 160);
INSERT INTO CommunicationRecipients (Communication, Member) VALUES (101, 154);
INSERT INTO CommunicationRecipients (Communication, Member) VALUES (101, 120);
INSERT INTO CommunicationRecipients (Communication, Member) VALUES (101, 126);
INSERT INTO CommunicationRecipients (Communication, Member) VALUES (101, 135);
INSERT INTO CommunicationRecipients (Communication, Member) VALUES (101, 195);
INSERT INTO CommunicationRecipients (Communication, Member) VALUES (101, 198);
INSERT INTO Communication (ID, Subject, Content, DateSent) VALUES (102, 'Photo Contest Winners', 'Staff national write guy compare window ok ahead. Last subject major wonder culture feeling. Feel simple common pull. Yourself capital couple pull notice growth less.
Page help worry attack accept. Camera loss exist over. Issue if protect sister option. Series positive foreign wind former.', '2025-08-10 10:43:23');
INSERT INTO CommunicationRecipients (Communication, Member) VALUES (102, 197);
INSERT INTO CommunicationRecipients (Communication, Member) VALUES (102, 184);
INSERT INTO CommunicationRecipients (Communication, Member) VALUES (102, 105);
INSERT INTO CommunicationRecipients (Communication, Member) VALUES (102, 121);
INSERT INTO CommunicationRecipients (Communication, Member) VALUES (102, 196);
INSERT INTO CommunicationRecipients (Communication, Member) VALUES (102, 117);
INSERT INTO CommunicationRecipients (Communication, Member) VALUES (102, 190);
INSERT INTO CommunicationRecipients (Communication, Member) VALUES (102, 143);
INSERT INTO CommunicationRecipients (Communication, Member) VALUES (102, 179);
INSERT INTO CommunicationRecipients (Communication, Member) VALUES (102, 135);
INSERT INTO CommunicationRecipients (Communication, Member) VALUES (102, 146);
INSERT INTO CommunicationRecipients (Communication, Member) VALUES (102, 162);
INSERT INTO CommunicationRecipients (Communication, Member) VALUES (102, 177);
INSERT INTO CommunicationRecipients (Communication, Member) VALUES (102, 156);
INSERT INTO CommunicationRecipients (Communication, Member) VALUES (102, 170);
INSERT INTO CommunicationRecipients (Communication, Member) VALUES (102, 185);
INSERT INTO CommunicationRecipients (Communication, Member) VALUES (102, 140);
INSERT INTO CommunicationRecipients (Communication, Member) VALUES (102, 113);
INSERT INTO CommunicationRecipients (Communication, Member) VALUES (102, 159);
INSERT INTO CommunicationRecipients (Communication, Member) VALUES (102, 120);
INSERT INTO CommunicationRecipients (Communication, Member) VALUES (102, 191);
INSERT INTO CommunicationRecipients (Communication, Member) VALUES (102, 114);
INSERT INTO CommunicationRecipients (Communication, Member) VALUES (102, 100);
INSERT INTO CommunicationRecipients (Communication, Member) VALUES (102, 141);
INSERT INTO CommunicationRecipients (Communication, Member) VALUES (102, 107);
INSERT INTO CommunicationRecipients (Communication, Member) VALUES (102, 130);
INSERT INTO CommunicationRecipients (Communication, Member) VALUES (102, 118);
INSERT INTO CommunicationRecipients (Communication, Member) VALUES (102, 136);
INSERT INTO CommunicationRecipients (Communication, Member) VALUES (102, 150);
INSERT INTO CommunicationRecipients (Communication, Member) VALUES (102, 168);
INSERT INTO CommunicationRecipients (Communication, Member) VALUES (102, 148);
INSERT INTO CommunicationRecipients (Communication, Member) VALUES (102, 189);
INSERT INTO CommunicationRecipients (Communication, Member) VALUES (102, 165);
INSERT INTO CommunicationRecipients (Communication, Member) VALUES (102, 138);
INSERT INTO CommunicationRecipients (Communication, Member) VALUES (102, 144);
INSERT INTO CommunicationRecipients (Communication, Member) VALUES (102, 153);
INSERT INTO CommunicationRecipients (Communication, Member) VALUES (102, 106);
INSERT INTO CommunicationRecipients (Communication, Member) VALUES (102, 180);
INSERT INTO CommunicationRecipients (Communication, Member) VALUES (102, 193);
INSERT INTO CommunicationRecipients (Communication, Member) VALUES (102, 178);
INSERT INTO CommunicationRecipients (Communication, Member) VALUES (102, 128);
INSERT INTO CommunicationRecipients (Communication, Member) VALUES (102, 134);
INSERT INTO CommunicationRecipients (Communication, Member) VALUES (102, 151);
INSERT INTO CommunicationRecipients (Communication, Member) VALUES (102, 126);
INSERT INTO CommunicationRecipients (Communication, Member) VALUES (102, 108);
INSERT INTO CommunicationRecipients (Communication, Member) VALUES (102, 160);
INSERT INTO CommunicationRecipients (Communication, Member) VALUES (102, 154);
INSERT INTO CommunicationRecipients (Communication, Member) VALUES (102, 123);
INSERT INTO CommunicationRecipients (Communication, Member) VALUES (102, 164);
INSERT INTO CommunicationRecipients (Communication, Member) VALUES (102, 183);
INSERT INTO CommunicationRecipients (Communication, Member) VALUES (102, 145);
INSERT INTO CommunicationRecipients (Communication, Member) VALUES (102, 163);
INSERT INTO CommunicationRecipients (Communication, Member) VALUES (102, 161);
INSERT INTO CommunicationRecipients (Communication, Member) VALUES (102, 158);
INSERT INTO CommunicationRecipients (Communication, Member) VALUES (102, 157);
INSERT INTO CommunicationRecipients (Communication, Member) VALUES (102, 176);
INSERT INTO CommunicationRecipients (Communication, Member) VALUES (102, 109);
INSERT INTO CommunicationRecipients (Communication, Member) VALUES (102, 169);
INSERT INTO CommunicationRecipients (Communication, Member) VALUES (102, 137);
INSERT INTO CommunicationRecipients (Communication, Member) VALUES (102, 173);
INSERT INTO CommunicationRecipients (Communication, Member) VALUES (102, 152);
INSERT INTO CommunicationRecipients (Communication, Member) VALUES (102, 155);
INSERT INTO CommunicationRecipients (Communication, Member) VALUES (102, 110);
INSERT INTO CommunicationRecipients (Communication, Member) VALUES (102, 195);
INSERT INTO CommunicationRecipients (Communication, Member) VALUES (102, 166);
INSERT INTO CommunicationRecipients (Communication, Member) VALUES (102, 188);
INSERT INTO CommunicationRecipients (Communication, Member) VALUES (102, 129);
INSERT INTO CommunicationRecipients (Communication, Member) VALUES (102, 142);
INSERT INTO CommunicationRecipients (Communication, Member) VALUES (102, 101);
INSERT INTO CommunicationRecipients (Communication, Member) VALUES (102, 125);
INSERT INTO Communication (ID, Subject, Content, DateSent) VALUES (103, 'Officer Election Results', 'Leg step partner explain talk risk. Manager support quickly run. Soon area rest.
Face side nearly specific. Child shoulder they gas technology.
Money first chair pick sometimes. Where break by employee. Me everything name whom point draw turn hospital.', '2025-08-10 10:42:00');
INSERT INTO CommunicationRecipients (Communication, Member) VALUES (103, 161);
INSERT INTO CommunicationRecipients (Communication, Member) VALUES (103, 130);
INSERT INTO CommunicationRecipients (Communication, Member) VALUES (103, 183);
INSERT INTO CommunicationRecipients (Communication, Member) VALUES (103, 158);
INSERT INTO CommunicationRecipients (Communication, Member) VALUES (103, 141);
INSERT INTO CommunicationRecipients (Communication, Member) VALUES (103, 188);
INSERT INTO CommunicationRecipients (Communication, Member) VALUES (103, 186);
INSERT INTO CommunicationRecipients (Communication, Member) VALUES (103, 121);
INSERT INTO CommunicationRecipients (Communication, Member) VALUES (103, 100);
INSERT INTO CommunicationRecipients (Communication, Member) VALUES (103, 113);
INSERT INTO CommunicationRecipients (Communication, Member) VALUES (103, 190);
INSERT INTO CommunicationRecipients (Communication, Member) VALUES (103, 142);
INSERT INTO CommunicationRecipients (Communication, Member) VALUES (103, 198);
INSERT INTO CommunicationRecipients (Communication, Member) VALUES (103, 184);
INSERT INTO Communication (ID, Subject, Content, DateSent) VALUES (104, 'Safety Reminder: Winter Conditions', 'Beat off their. Respond section finally live suddenly show.
Treat care late structure news since power either. Service must TV second hot reason. Expert data recent nor blood life since.
Without sport street suddenly close although law.', '2025-08-10 10:40:57');
INSERT INTO CommunicationRecipients (Communication, Member) VALUES (104, 175);
INSERT INTO CommunicationRecipients (Communication, Member) VALUES (104, 141);
INSERT INTO CommunicationRecipients (Communication, Member) VALUES (104, 136);
INSERT INTO CommunicationRecipients (Communication, Member) VALUES (104, 120);
INSERT INTO CommunicationRecipients (Communication, Member) VALUES (104, 128);
INSERT INTO CommunicationRecipients (Communication, Member) VALUES (104, 192);
INSERT INTO CommunicationRecipients (Communication, Member) VALUES (104, 113);
INSERT INTO CommunicationRecipients (Communication, Member) VALUES (104, 127);
INSERT INTO CommunicationRecipients (Communication, Member) VALUES (104, 104);
INSERT INTO CommunicationRecipients (Communication, Member) VALUES (104, 161);
INSERT INTO CommunicationRecipients (Communication, Member) VALUES (104, 118);
INSERT INTO CommunicationRecipients (Communication, Member) VALUES (104, 149);
INSERT INTO CommunicationRecipients (Communication, Member) VALUES (104, 123);
INSERT INTO CommunicationRecipients (Communication, Member) VALUES (104, 143);
INSERT INTO CommunicationRecipients (Communication, Member) VALUES (104, 111);
INSERT INTO CommunicationRecipients (Communication, Member) VALUES (104, 140);
INSERT INTO CommunicationRecipients (Communication, Member) VALUES (104, 185);
INSERT INTO CommunicationRecipients (Communication, Member) VALUES (104, 181);
INSERT INTO CommunicationRecipients (Communication, Member) VALUES (104, 174);
INSERT INTO CommunicationRecipients (Communication, Member) VALUES (104, 196);
INSERT INTO CommunicationRecipients (Communication, Member) VALUES (104, 179);
INSERT INTO CommunicationRecipients (Communication, Member) VALUES (104, 155);
INSERT INTO CommunicationRecipients (Communication, Member) VALUES (104, 115);
INSERT INTO CommunicationRecipients (Communication, Member) VALUES (104, 116);
INSERT INTO CommunicationRecipients (Communication, Member) VALUES (104, 170);
INSERT INTO CommunicationRecipients (Communication, Member) VALUES (104, 139);
INSERT INTO CommunicationRecipients (Communication, Member) VALUES (104, 188);
INSERT INTO CommunicationRecipients (Communication, Member) VALUES (104, 189);
INSERT INTO CommunicationRecipients (Communication, Member) VALUES (104, 117);
INSERT INTO CommunicationRecipients (Communication, Member) VALUES (104, 193);
INSERT INTO CommunicationRecipients (Communication, Member) VALUES (104, 180);
INSERT INTO CommunicationRecipients (Communication, Member) VALUES (104, 168);
INSERT INTO CommunicationRecipients (Communication, Member) VALUES (104, 191);
INSERT INTO CommunicationRecipients (Communication, Member) VALUES (104, 172);
INSERT INTO CommunicationRecipients (Communication, Member) VALUES (104, 194);
INSERT INTO CommunicationRecipients (Communication, Member) VALUES (104, 156);
INSERT INTO Communication (ID, Subject, Content, DateSent) VALUES (105, 'New Member Welcome', 'Area or brother receive various base food.
Protect until organization follow. President bill until would really end.
Clearly cultural discover point standard. Current leader kind include. Company politics home party surface successful simply single.', '2025-08-10 10:41:00');
INSERT INTO CommunicationRecipients (Communication, Member) VALUES (105, 121);
INSERT INTO CommunicationRecipients (Communication, Member) VALUES (105, 114);
INSERT INTO CommunicationRecipients (Communication, Member) VALUES (105, 134);
INSERT INTO CommunicationRecipients (Communication, Member) VALUES (105, 185);
INSERT INTO CommunicationRecipients (Communication, Member) VALUES (105, 187);
INSERT INTO CommunicationRecipients (Communication, Member) VALUES (105, 159);
INSERT INTO CommunicationRecipients (Communication, Member) VALUES (105, 107);
INSERT INTO CommunicationRecipients (Communication, Member) VALUES (105, 164);
INSERT INTO CommunicationRecipients (Communication, Member) VALUES (105, 160);
INSERT INTO CommunicationRecipients (Communication, Member) VALUES (105, 198);
INSERT INTO CommunicationRecipients (Communication, Member) VALUES (105, 173);
INSERT INTO CommunicationRecipients (Communication, Member) VALUES (105, 169);
INSERT INTO CommunicationRecipients (Communication, Member) VALUES (105, 146);
INSERT INTO CommunicationRecipients (Communication, Member) VALUES (105, 151);
INSERT INTO CommunicationRecipients (Communication, Member) VALUES (105, 119);
INSERT INTO CommunicationRecipients (Communication, Member) VALUES (105, 131);
INSERT INTO CommunicationRecipients (Communication, Member) VALUES (105, 106);
INSERT INTO CommunicationRecipients (Communication, Member) VALUES (105, 180);
INSERT INTO CommunicationRecipients (Communication, Member) VALUES (105, 133);
INSERT INTO CommunicationRecipients (Communication, Member) VALUES (105, 118);
INSERT INTO CommunicationRecipients (Communication, Member) VALUES (105, 192);
INSERT INTO CommunicationRecipients (Communication, Member) VALUES (105, 190);
INSERT INTO CommunicationRecipients (Communication, Member) VALUES (105, 154);
INSERT INTO CommunicationRecipients (Communication, Member) VALUES (105, 167);
INSERT INTO CommunicationRecipients (Communication, Member) VALUES (105, 193);
INSERT INTO CommunicationRecipients (Communication, Member) VALUES (105, 153);
INSERT INTO CommunicationRecipients (Communication, Member) VALUES (105, 150);
INSERT INTO CommunicationRecipients (Communication, Member) VALUES (105, 123);
INSERT INTO CommunicationRecipients (Communication, Member) VALUES (105, 168);
INSERT INTO CommunicationRecipients (Communication, Member) VALUES (105, 162);
INSERT INTO CommunicationRecipients (Communication, Member) VALUES (105, 184);
INSERT INTO CommunicationRecipients (Communication, Member) VALUES (105, 197);
INSERT INTO CommunicationRecipients (Communication, Member) VALUES (105, 111);
INSERT INTO CommunicationRecipients (Communication, Member) VALUES (105, 147);
INSERT INTO CommunicationRecipients (Communication, Member) VALUES (105, 120);
INSERT INTO CommunicationRecipients (Communication, Member) VALUES (105, 124);
INSERT INTO CommunicationRecipients (Communication, Member) VALUES (105, 186);
INSERT INTO CommunicationRecipients (Communication, Member) VALUES (105, 158);
INSERT INTO CommunicationRecipients (Communication, Member) VALUES (105, 135);
INSERT INTO CommunicationRecipients (Communication, Member) VALUES (105, 152);
INSERT INTO CommunicationRecipients (Communication, Member) VALUES (105, 174);
INSERT INTO CommunicationRecipients (Communication, Member) VALUES (105, 132);
INSERT INTO CommunicationRecipients (Communication, Member) VALUES (105, 101);
INSERT INTO CommunicationRecipients (Communication, Member) VALUES (105, 110);
INSERT INTO CommunicationRecipients (Communication, Member) VALUES (105, 189);
INSERT INTO CommunicationRecipients (Communication, Member) VALUES (105, 127);
INSERT INTO CommunicationRecipients (Communication, Member) VALUES (105, 196);
INSERT INTO CommunicationRecipients (Communication, Member) VALUES (105, 195);
INSERT INTO CommunicationRecipients (Communication, Member) VALUES (105, 181);
INSERT INTO CommunicationRecipients (Communication, Member) VALUES (105, 145);
INSERT INTO CommunicationRecipients (Communication, Member) VALUES (105, 105);
INSERT INTO CommunicationRecipients (Communication, Member) VALUES (105, 191);
INSERT INTO CommunicationRecipients (Communication, Member) VALUES (105, 108);
INSERT INTO CommunicationRecipients (Communication, Member) VALUES (105, 138);
INSERT INTO CommunicationRecipients (Communication, Member) VALUES (105, 125);
INSERT INTO CommunicationRecipients (Communication, Member) VALUES (105, 144);
INSERT INTO CommunicationRecipients (Communication, Member) VALUES (105, 130);
INSERT INTO CommunicationRecipients (Communication, Member) VALUES (105, 141);
INSERT INTO CommunicationRecipients (Communication, Member) VALUES (105, 183);
INSERT INTO CommunicationRecipients (Communication, Member) VALUES (105, 156);
INSERT INTO Communication (ID, Subject, Content, DateSent) VALUES (106, 'Trip Cancellation Notice', 'Subject so campaign two admit still share performance. Unit back piece space couple story. My with feeling section service entire.
Get dream method. History compare six.
Give camera create floor want ask project.', '2025-08-10 10:41:47');
INSERT INTO CommunicationRecipients (Communication, Member) VALUES (106, 196);
INSERT INTO CommunicationRecipients (Communication, Member) VALUES (106, 113);
INSERT INTO CommunicationRecipients (Communication, Member) VALUES (106, 136);
INSERT INTO CommunicationRecipients (Communication, Member) VALUES (106, 151);
INSERT INTO CommunicationRecipients (Communication, Member) VALUES (106, 152);
INSERT INTO CommunicationRecipients (Communication, Member) VALUES (106, 186);
INSERT INTO CommunicationRecipients (Communication, Member) VALUES (106, 194);
INSERT INTO CommunicationRecipients (Communication, Member) VALUES (106, 161);
INSERT INTO CommunicationRecipients (Communication, Member) VALUES (106, 191);
INSERT INTO CommunicationRecipients (Communication, Member) VALUES (106, 150);
INSERT INTO CommunicationRecipients (Communication, Member) VALUES (106, 135);
INSERT INTO CommunicationRecipients (Communication, Member) VALUES (106, 157);
INSERT INTO CommunicationRecipients (Communication, Member) VALUES (106, 131);
INSERT INTO CommunicationRecipients (Communication, Member) VALUES (106, 198);
INSERT INTO CommunicationRecipients (Communication, Member) VALUES (106, 115);
INSERT INTO CommunicationRecipients (Communication, Member) VALUES (106, 134);
INSERT INTO CommunicationRecipients (Communication, Member) VALUES (106, 175);
INSERT INTO CommunicationRecipients (Communication, Member) VALUES (106, 148);
INSERT INTO CommunicationRecipients (Communication, Member) VALUES (106, 108);
INSERT INTO CommunicationRecipients (Communication, Member) VALUES (106, 132);
INSERT INTO CommunicationRecipients (Communication, Member) VALUES (106, 145);
INSERT INTO CommunicationRecipients (Communication, Member) VALUES (106, 192);
INSERT INTO CommunicationRecipients (Communication, Member) VALUES (106, 177);
INSERT INTO CommunicationRecipients (Communication, Member) VALUES (106, 197);
INSERT INTO CommunicationRecipients (Communication, Member) VALUES (106, 182);
INSERT INTO CommunicationRecipients (Communication, Member) VALUES (106, 165);
INSERT INTO CommunicationRecipients (Communication, Member) VALUES (106, 189);
INSERT INTO CommunicationRecipients (Communication, Member) VALUES (106, 147);
INSERT INTO CommunicationRecipients (Communication, Member) VALUES (106, 164);
INSERT INTO CommunicationRecipients (Communication, Member) VALUES (106, 121);
INSERT INTO CommunicationRecipients (Communication, Member) VALUES (106, 172);
INSERT INTO CommunicationRecipients (Communication, Member) VALUES (106, 111);
INSERT INTO CommunicationRecipients (Communication, Member) VALUES (106, 125);
INSERT INTO CommunicationRecipients (Communication, Member) VALUES (106, 155);
INSERT INTO CommunicationRecipients (Communication, Member) VALUES (106, 187);
INSERT INTO CommunicationRecipients (Communication, Member) VALUES (106, 195);
INSERT INTO CommunicationRecipients (Communication, Member) VALUES (106, 129);
INSERT INTO CommunicationRecipients (Communication, Member) VALUES (106, 173);
INSERT INTO CommunicationRecipients (Communication, Member) VALUES (106, 100);
INSERT INTO CommunicationRecipients (Communication, Member) VALUES (106, 102);
INSERT INTO CommunicationRecipients (Communication, Member) VALUES (106, 137);
INSERT INTO CommunicationRecipients (Communication, Member) VALUES (106, 103);
INSERT INTO CommunicationRecipients (Communication, Member) VALUES (106, 126);
INSERT INTO CommunicationRecipients (Communication, Member) VALUES (106, 149);
INSERT INTO CommunicationRecipients (Communication, Member) VALUES (106, 170);
INSERT INTO CommunicationRecipients (Communication, Member) VALUES (106, 112);
INSERT INTO Communication (ID, Subject, Content, DateSent) VALUES (107, 'Budget Update', 'Under at performance sign memory. Possible affect capital west type market sign. Onto operation plan pick least begin.
Middle media must maintain expect. Size research sense official. Onto relate decade glass whether upon. Total week accept around arrive.', '2025-08-10 10:39:43');
INSERT INTO CommunicationRecipients (Communication, Member) VALUES (107, 140);
INSERT INTO CommunicationRecipients (Communication, Member) VALUES (107, 162);
INSERT INTO CommunicationRecipients (Communication, Member) VALUES (107, 146);
INSERT INTO CommunicationRecipients (Communication, Member) VALUES (107, 188);
INSERT INTO CommunicationRecipients (Communication, Member) VALUES (107, 164);
INSERT INTO CommunicationRecipients (Communication, Member) VALUES (107, 121);
INSERT INTO CommunicationRecipients (Communication, Member) VALUES (107, 123);
INSERT INTO CommunicationRecipients (Communication, Member) VALUES (107, 108);
INSERT INTO CommunicationRecipients (Communication, Member) VALUES (107, 195);
INSERT INTO CommunicationRecipients (Communication, Member) VALUES (107, 144);
INSERT INTO CommunicationRecipients (Communication, Member) VALUES (107, 180);
INSERT INTO CommunicationRecipients (Communication, Member) VALUES (107, 183);
INSERT INTO CommunicationRecipients (Communication, Member) VALUES (107, 105);
INSERT INTO CommunicationRecipients (Communication, Member) VALUES (107, 172);
INSERT INTO CommunicationRecipients (Communication, Member) VALUES (107, 133);
INSERT INTO CommunicationRecipients (Communication, Member) VALUES (107, 191);
INSERT INTO CommunicationRecipients (Communication, Member) VALUES (107, 160);
INSERT INTO CommunicationRecipients (Communication, Member) VALUES (107, 126);
INSERT INTO CommunicationRecipients (Communication, Member) VALUES (107, 110);
INSERT INTO CommunicationRecipients (Communication, Member) VALUES (107, 104);
INSERT INTO CommunicationRecipients (Communication, Member) VALUES (107, 114);
INSERT INTO CommunicationRecipients (Communication, Member) VALUES (107, 101);
INSERT INTO CommunicationRecipients (Communication, Member) VALUES (107, 107);
INSERT INTO CommunicationRecipients (Communication, Member) VALUES (107, 197);
INSERT INTO CommunicationRecipients (Communication, Member) VALUES (107, 103);
INSERT INTO CommunicationRecipients (Communication, Member) VALUES (107, 119);
INSERT INTO CommunicationRecipients (Communication, Member) VALUES (107, 131);
INSERT INTO CommunicationRecipients (Communication, Member) VALUES (107, 152);
INSERT INTO CommunicationRecipients (Communication, Member) VALUES (107, 177);
INSERT INTO CommunicationRecipients (Communication, Member) VALUES (107, 132);
INSERT INTO CommunicationRecipients (Communication, Member) VALUES (107, 138);
INSERT INTO CommunicationRecipients (Communication, Member) VALUES (107, 111);
INSERT INTO CommunicationRecipients (Communication, Member) VALUES (107, 112);
INSERT INTO CommunicationRecipients (Communication, Member) VALUES (107, 109);
INSERT INTO CommunicationRecipients (Communication, Member) VALUES (107, 189);
INSERT INTO CommunicationRecipients (Communication, Member) VALUES (107, 165);
INSERT INTO CommunicationRecipients (Communication, Member) VALUES (107, 127);
INSERT INTO CommunicationRecipients (Communication, Member) VALUES (107, 102);
INSERT INTO CommunicationRecipients (Communication, Member) VALUES (107, 150);
INSERT INTO CommunicationRecipients (Communication, Member) VALUES (107, 113);
INSERT INTO CommunicationRecipients (Communication, Member) VALUES (107, 136);
INSERT INTO CommunicationRecipients (Communication, Member) VALUES (107, 158);
INSERT INTO CommunicationRecipients (Communication, Member) VALUES (107, 134);
INSERT INTO CommunicationRecipients (Communication, Member) VALUES (107, 137);
INSERT INTO CommunicationRecipients (Communication, Member) VALUES (107, 190);
INSERT INTO CommunicationRecipients (Communication, Member) VALUES (107, 120);
INSERT INTO CommunicationRecipients (Communication, Member) VALUES (107, 129);
INSERT INTO CommunicationRecipients (Communication, Member) VALUES (107, 125);
INSERT INTO CommunicationRecipients (Communication, Member) VALUES (107, 178);
INSERT INTO CommunicationRecipients (Communication, Member) VALUES (107, 169);
INSERT INTO CommunicationRecipients (Communication, Member) VALUES (107, 115);
INSERT INTO CommunicationRecipients (Communication, Member) VALUES (107, 184);
INSERT INTO CommunicationRecipients (Communication, Member) VALUES (107, 170);
INSERT INTO CommunicationRecipients (Communication, Member) VALUES (107, 182);
INSERT INTO CommunicationRecipients (Communication, Member) VALUES (107, 176);
INSERT INTO CommunicationRecipients (Communication, Member) VALUES (107, 139);
INSERT INTO CommunicationRecipients (Communication, Member) VALUES (107, 130);
INSERT INTO CommunicationRecipients (Communication, Member) VALUES (107, 161);
INSERT INTO CommunicationRecipients (Communication, Member) VALUES (107, 181);
INSERT INTO CommunicationRecipients (Communication, Member) VALUES (107, 163);
INSERT INTO CommunicationRecipients (Communication, Member) VALUES (107, 154);
INSERT INTO CommunicationRecipients (Communication, Member) VALUES (107, 141);
INSERT INTO CommunicationRecipients (Communication, Member) VALUES (107, 159);
INSERT INTO CommunicationRecipients (Communication, Member) VALUES (107, 153);
INSERT INTO CommunicationRecipients (Communication, Member) VALUES (107, 173);
INSERT INTO CommunicationRecipients (Communication, Member) VALUES (107, 166);
INSERT INTO CommunicationRecipients (Communication, Member) VALUES (107, 187);
INSERT INTO CommunicationRecipients (Communication, Member) VALUES (107, 145);
INSERT INTO CommunicationRecipients (Communication, Member) VALUES (107, 186);
INSERT INTO CommunicationRecipients (Communication, Member) VALUES (107, 117);
INSERT INTO CommunicationRecipients (Communication, Member) VALUES (107, 156);
INSERT INTO CommunicationRecipients (Communication, Member) VALUES (107, 106);
INSERT INTO CommunicationRecipients (Communication, Member) VALUES (107, 196);
INSERT INTO CommunicationRecipients (Communication, Member) VALUES (107, 167);
INSERT INTO CommunicationRecipients (Communication, Member) VALUES (107, 155);
INSERT INTO CommunicationRecipients (Communication, Member) VALUES (107, 194);
INSERT INTO CommunicationRecipients (Communication, Member) VALUES (107, 168);
INSERT INTO CommunicationRecipients (Communication, Member) VALUES (107, 122);
INSERT INTO CommunicationRecipients (Communication, Member) VALUES (107, 199);
INSERT INTO CommunicationRecipients (Communication, Member) VALUES (107, 174);
INSERT INTO CommunicationRecipients (Communication, Member) VALUES (107, 142);
INSERT INTO CommunicationRecipients (Communication, Member) VALUES (107, 157);
INSERT INTO CommunicationRecipients (Communication, Member) VALUES (107, 148);
INSERT INTO CommunicationRecipients (Communication, Member) VALUES (107, 193);
INSERT INTO CommunicationRecipients (Communication, Member) VALUES (107, 116);
INSERT INTO CommunicationRecipients (Communication, Member) VALUES (107, 118);
INSERT INTO CommunicationRecipients (Communication, Member) VALUES (107, 171);
INSERT INTO CommunicationRecipients (Communication, Member) VALUES (107, 128);
INSERT INTO CommunicationRecipients (Communication, Member) VALUES (107, 135);
INSERT INTO CommunicationRecipients (Communication, Member) VALUES (107, 179);
INSERT INTO CommunicationRecipients (Communication, Member) VALUES (107, 149);
INSERT INTO CommunicationRecipients (Communication, Member) VALUES (107, 198);
INSERT INTO CommunicationRecipients (Communication, Member) VALUES (107, 175);
INSERT INTO CommunicationRecipients (Communication, Member) VALUES (107, 151);
INSERT INTO CommunicationRecipients (Communication, Member) VALUES (107, 185);
INSERT INTO CommunicationRecipients (Communication, Member) VALUES (107, 100);
INSERT INTO Communication (ID, Subject, Content, DateSent) VALUES (108, 'Weekly Club Update', 'Soldier car development big behavior which. Where here behavior.
Believe ago particularly citizen month if eye. Every later should writer green finally somebody reality. Close large care toward father.', '2025-08-10 10:40:44');
INSERT INTO CommunicationRecipients (Communication, Member) VALUES (108, 113);
INSERT INTO CommunicationRecipients (Communication, Member) VALUES (108, 156);
INSERT INTO CommunicationRecipients (Communication, Member) VALUES (108, 159);
INSERT INTO CommunicationRecipients (Communication, Member) VALUES (108, 115);
INSERT INTO CommunicationRecipients (Communication, Member) VALUES (108, 164);
INSERT INTO CommunicationRecipients (Communication, Member) VALUES (108, 101);
INSERT INTO CommunicationRecipients (Communication, Member) VALUES (108, 155);
INSERT INTO CommunicationRecipients (Communication, Member) VALUES (108, 184);
INSERT INTO CommunicationRecipients (Communication, Member) VALUES (108, 160);
INSERT INTO CommunicationRecipients (Communication, Member) VALUES (108, 106);
INSERT INTO CommunicationRecipients (Communication, Member) VALUES (108, 112);
INSERT INTO CommunicationRecipients (Communication, Member) VALUES (108, 198);
INSERT INTO CommunicationRecipients (Communication, Member) VALUES (108, 139);
INSERT INTO CommunicationRecipients (Communication, Member) VALUES (108, 197);
INSERT INTO CommunicationRecipients (Communication, Member) VALUES (108, 105);
INSERT INTO CommunicationRecipients (Communication, Member) VALUES (108, 178);
INSERT INTO CommunicationRecipients (Communication, Member) VALUES (108, 117);
INSERT INTO CommunicationRecipients (Communication, Member) VALUES (108, 163);
INSERT INTO CommunicationRecipients (Communication, Member) VALUES (108, 146);
INSERT INTO CommunicationRecipients (Communication, Member) VALUES (108, 134);
INSERT INTO CommunicationRecipients (Communication, Member) VALUES (108, 152);
INSERT INTO CommunicationRecipients (Communication, Member) VALUES (108, 176);
INSERT INTO CommunicationRecipients (Communication, Member) VALUES (108, 110);
INSERT INTO CommunicationRecipients (Communication, Member) VALUES (108, 125);
INSERT INTO CommunicationRecipients (Communication, Member) VALUES (108, 124);
INSERT INTO CommunicationRecipients (Communication, Member) VALUES (108, 114);
INSERT INTO CommunicationRecipients (Communication, Member) VALUES (108, 191);
INSERT INTO CommunicationRecipients (Communication, Member) VALUES (108, 190);
INSERT INTO CommunicationRecipients (Communication, Member) VALUES (108, 161);
INSERT INTO CommunicationRecipients (Communication, Member) VALUES (108, 188);
INSERT INTO CommunicationRecipients (Communication, Member) VALUES (108, 132);
INSERT INTO CommunicationRecipients (Communication, Member) VALUES (108, 157);
INSERT INTO CommunicationRecipients (Communication, Member) VALUES (108, 187);
INSERT INTO CommunicationRecipients (Communication, Member) VALUES (108, 149);
INSERT INTO CommunicationRecipients (Communication, Member) VALUES (108, 182);
INSERT INTO CommunicationRecipients (Communication, Member) VALUES (108, 109);
INSERT INTO CommunicationRecipients (Communication, Member) VALUES (108, 177);
INSERT INTO CommunicationRecipients (Communication, Member) VALUES (108, 199);
INSERT INTO CommunicationRecipients (Communication, Member) VALUES (108, 104);
INSERT INTO CommunicationRecipients (Communication, Member) VALUES (108, 118);
INSERT INTO CommunicationRecipients (Communication, Member) VALUES (108, 172);
INSERT INTO CommunicationRecipients (Communication, Member) VALUES (108, 194);
INSERT INTO CommunicationRecipients (Communication, Member) VALUES (108, 166);
INSERT INTO CommunicationRecipients (Communication, Member) VALUES (108, 100);
INSERT INTO CommunicationRecipients (Communication, Member) VALUES (108, 196);
INSERT INTO CommunicationRecipients (Communication, Member) VALUES (108, 107);
INSERT INTO CommunicationRecipients (Communication, Member) VALUES (108, 137);
INSERT INTO CommunicationRecipients (Communication, Member) VALUES (108, 122);
INSERT INTO CommunicationRecipients (Communication, Member) VALUES (108, 127);
INSERT INTO CommunicationRecipients (Communication, Member) VALUES (108, 121);
INSERT INTO CommunicationRecipients (Communication, Member) VALUES (108, 193);
INSERT INTO CommunicationRecipients (Communication, Member) VALUES (108, 141);
INSERT INTO CommunicationRecipients (Communication, Member) VALUES (108, 192);
INSERT INTO CommunicationRecipients (Communication, Member) VALUES (108, 102);
INSERT INTO CommunicationRecipients (Communication, Member) VALUES (108, 153);
INSERT INTO CommunicationRecipients (Communication, Member) VALUES (108, 129);
INSERT INTO CommunicationRecipients (Communication, Member) VALUES (108, 174);
INSERT INTO CommunicationRecipients (Communication, Member) VALUES (108, 123);
INSERT INTO CommunicationRecipients (Communication, Member) VALUES (108, 150);
INSERT INTO CommunicationRecipients (Communication, Member) VALUES (108, 130);
INSERT INTO CommunicationRecipients (Communication, Member) VALUES (108, 144);
INSERT INTO CommunicationRecipients (Communication, Member) VALUES (108, 185);
INSERT INTO CommunicationRecipients (Communication, Member) VALUES (108, 183);
INSERT INTO CommunicationRecipients (Communication, Member) VALUES (108, 168);
INSERT INTO CommunicationRecipients (Communication, Member) VALUES (108, 142);
INSERT INTO CommunicationRecipients (Communication, Member) VALUES (108, 147);
INSERT INTO CommunicationRecipients (Communication, Member) VALUES (108, 119);
INSERT INTO CommunicationRecipients (Communication, Member) VALUES (108, 162);
INSERT INTO CommunicationRecipients (Communication, Member) VALUES (108, 128);
INSERT INTO CommunicationRecipients (Communication, Member) VALUES (108, 195);
INSERT INTO CommunicationRecipients (Communication, Member) VALUES (108, 138);
INSERT INTO CommunicationRecipients (Communication, Member) VALUES (108, 179);
INSERT INTO CommunicationRecipients (Communication, Member) VALUES (108, 175);
INSERT INTO CommunicationRecipients (Communication, Member) VALUES (108, 145);
INSERT INTO CommunicationRecipients (Communication, Member) VALUES (108, 165);
INSERT INTO CommunicationRecipients (Communication, Member) VALUES (108, 189);
INSERT INTO CommunicationRecipients (Communication, Member) VALUES (108, 126);
INSERT INTO CommunicationRecipients (Communication, Member) VALUES (108, 111);
INSERT INTO CommunicationRecipients (Communication, Member) VALUES (108, 133);
INSERT INTO CommunicationRecipients (Communication, Member) VALUES (108, 103);
INSERT INTO CommunicationRecipients (Communication, Member) VALUES (108, 148);
INSERT INTO CommunicationRecipients (Communication, Member) VALUES (108, 108);
INSERT INTO CommunicationRecipients (Communication, Member) VALUES (108, 169);
INSERT INTO CommunicationRecipients (Communication, Member) VALUES (108, 167);
INSERT INTO CommunicationRecipients (Communication, Member) VALUES (108, 186);
INSERT INTO CommunicationRecipients (Communication, Member) VALUES (108, 170);
INSERT INTO CommunicationRecipients (Communication, Member) VALUES (108, 180);
INSERT INTO CommunicationRecipients (Communication, Member) VALUES (108, 171);
INSERT INTO CommunicationRecipients (Communication, Member) VALUES (108, 181);
INSERT INTO CommunicationRecipients (Communication, Member) VALUES (108, 120);
INSERT INTO CommunicationRecipients (Communication, Member) VALUES (108, 135);
INSERT INTO CommunicationRecipients (Communication, Member) VALUES (108, 131);
INSERT INTO CommunicationRecipients (Communication, Member) VALUES (108, 116);
INSERT INTO CommunicationRecipients (Communication, Member) VALUES (108, 173);
INSERT INTO CommunicationRecipients (Communication, Member) VALUES (108, 154);
INSERT INTO CommunicationRecipients (Communication, Member) VALUES (108, 158);
INSERT INTO CommunicationRecipients (Communication, Member) VALUES (108, 136);
INSERT INTO CommunicationRecipients (Communication, Member) VALUES (108, 151);
INSERT INTO CommunicationRecipients (Communication, Member) VALUES (108, 140);
INSERT INTO Communication (ID, Subject, Content, DateSent) VALUES (109, 'Upcoming Trip Reminder', 'Power ever nearly during dark star go realize. Agreement person assume how right how garden.
Nearly quite system item. Take language art. Network maybe owner. Base business their outside price.
Look police though break.', '2025-08-10 10:42:11');
INSERT INTO CommunicationRecipients (Communication, Member) VALUES (109, 150);
INSERT INTO CommunicationRecipients (Communication, Member) VALUES (109, 152);
INSERT INTO CommunicationRecipients (Communication, Member) VALUES (109, 193);
INSERT INTO CommunicationRecipients (Communication, Member) VALUES (109, 192);
INSERT INTO CommunicationRecipients (Communication, Member) VALUES (109, 189);
INSERT INTO CommunicationRecipients (Communication, Member) VALUES (109, 112);
INSERT INTO CommunicationRecipients (Communication, Member) VALUES (109, 153);
INSERT INTO CommunicationRecipients (Communication, Member) VALUES (109, 136);
INSERT INTO CommunicationRecipients (Communication, Member) VALUES (109, 158);
INSERT INTO CommunicationRecipients (Communication, Member) VALUES (109, 121);
INSERT INTO CommunicationRecipients (Communication, Member) VALUES (109, 173);
INSERT INTO CommunicationRecipients (Communication, Member) VALUES (109, 175);
INSERT INTO CommunicationRecipients (Communication, Member) VALUES (109, 114);
INSERT INTO CommunicationRecipients (Communication, Member) VALUES (109, 179);
INSERT INTO CommunicationRecipients (Communication, Member) VALUES (109, 182);
INSERT INTO CommunicationRecipients (Communication, Member) VALUES (109, 160);
INSERT INTO CommunicationRecipients (Communication, Member) VALUES (109, 106);
INSERT INTO CommunicationRecipients (Communication, Member) VALUES (109, 190);
INSERT INTO CommunicationRecipients (Communication, Member) VALUES (109, 138);
INSERT INTO CommunicationRecipients (Communication, Member) VALUES (109, 145);
INSERT INTO CommunicationRecipients (Communication, Member) VALUES (109, 131);
INSERT INTO CommunicationRecipients (Communication, Member) VALUES (109, 171);
INSERT INTO CommunicationRecipients (Communication, Member) VALUES (109, 159);
INSERT INTO CommunicationRecipients (Communication, Member) VALUES (109, 141);
INSERT INTO CommunicationRecipients (Communication, Member) VALUES (109, 110);
INSERT INTO CommunicationRecipients (Communication, Member) VALUES (109, 156);
INSERT INTO CommunicationRecipients (Communication, Member) VALUES (109, 155);
INSERT INTO CommunicationRecipients (Communication, Member) VALUES (109, 111);
INSERT INTO CommunicationRecipients (Communication, Member) VALUES (109, 144);
INSERT INTO CommunicationRecipients (Communication, Member) VALUES (109, 107);
INSERT INTO CommunicationRecipients (Communication, Member) VALUES (109, 102);
INSERT INTO CommunicationRecipients (Communication, Member) VALUES (109, 130);
INSERT INTO CommunicationRecipients (Communication, Member) VALUES (109, 126);
INSERT INTO CommunicationRecipients (Communication, Member) VALUES (109, 103);
INSERT INTO CommunicationRecipients (Communication, Member) VALUES (109, 127);
INSERT INTO CommunicationRecipients (Communication, Member) VALUES (109, 183);
INSERT INTO CommunicationRecipients (Communication, Member) VALUES (109, 104);
INSERT INTO CommunicationRecipients (Communication, Member) VALUES (109, 172);
INSERT INTO CommunicationRecipients (Communication, Member) VALUES (109, 186);
INSERT INTO CommunicationRecipients (Communication, Member) VALUES (109, 148);
INSERT INTO CommunicationRecipients (Communication, Member) VALUES (109, 157);
INSERT INTO CommunicationRecipients (Communication, Member) VALUES (109, 178);
INSERT INTO CommunicationRecipients (Communication, Member) VALUES (109, 164);
INSERT INTO CommunicationRecipients (Communication, Member) VALUES (109, 128);
INSERT INTO CommunicationRecipients (Communication, Member) VALUES (109, 196);
INSERT INTO CommunicationRecipients (Communication, Member) VALUES (109, 181);
INSERT INTO CommunicationRecipients (Communication, Member) VALUES (109, 119);
INSERT INTO CommunicationRecipients (Communication, Member) VALUES (109, 149);
INSERT INTO CommunicationRecipients (Communication, Member) VALUES (109, 118);
INSERT INTO CommunicationRecipients (Communication, Member) VALUES (109, 120);
INSERT INTO CommunicationRecipients (Communication, Member) VALUES (109, 167);
INSERT INTO CommunicationRecipients (Communication, Member) VALUES (109, 199);
INSERT INTO CommunicationRecipients (Communication, Member) VALUES (109, 132);
INSERT INTO CommunicationRecipients (Communication, Member) VALUES (109, 168);
INSERT INTO CommunicationRecipients (Communication, Member) VALUES (109, 197);
INSERT INTO CommunicationRecipients (Communication, Member) VALUES (109, 115);
INSERT INTO CommunicationRecipients (Communication, Member) VALUES (109, 139);
INSERT INTO CommunicationRecipients (Communication, Member) VALUES (109, 108);
INSERT INTO CommunicationRecipients (Communication, Member) VALUES (109, 162);
INSERT INTO CommunicationRecipients (Communication, Member) VALUES (109, 165);
INSERT INTO CommunicationRecipients (Communication, Member) VALUES (109, 161);
INSERT INTO CommunicationRecipients (Communication, Member) VALUES (109, 191);
INSERT INTO CommunicationRecipients (Communication, Member) VALUES (109, 109);
INSERT INTO CommunicationRecipients (Communication, Member) VALUES (109, 143);
INSERT INTO CommunicationRecipients (Communication, Member) VALUES (109, 135);
INSERT INTO CommunicationRecipients (Communication, Member) VALUES (109, 133);
INSERT INTO CommunicationRecipients (Communication, Member) VALUES (109, 137);
INSERT INTO CommunicationRecipients (Communication, Member) VALUES (109, 123);
INSERT INTO CommunicationRecipients (Communication, Member) VALUES (109, 169);
INSERT INTO CommunicationRecipients (Communication, Member) VALUES (109, 195);
INSERT INTO CommunicationRecipients (Communication, Member) VALUES (109, 194);
INSERT INTO CommunicationRecipients (Communication, Member) VALUES (109, 116);
INSERT INTO CommunicationRecipients (Communication, Member) VALUES (109, 134);
INSERT INTO CommunicationRecipients (Communication, Member) VALUES (109, 140);
INSERT INTO CommunicationRecipients (Communication, Member) VALUES (109, 163);
INSERT INTO CommunicationRecipients (Communication, Member) VALUES (109, 101);
INSERT INTO CommunicationRecipients (Communication, Member) VALUES (109, 176);
INSERT INTO CommunicationRecipients (Communication, Member) VALUES (109, 124);
INSERT INTO Communication (ID, Subject, Content, DateSent) VALUES (110, 'Gear Checkout Hours Update', 'They television ever new drop individual. Up present rate why guess role peace. Show strategy standard many.
Party only property challenge. Learn rate accept here two moment close. After discover window your before. Political former above reason free above three south.', '2025-08-10 10:42:42');
INSERT INTO CommunicationRecipients (Communication, Member) VALUES (110, 168);
INSERT INTO CommunicationRecipients (Communication, Member) VALUES (110, 121);
INSERT INTO CommunicationRecipients (Communication, Member) VALUES (110, 147);
INSERT INTO CommunicationRecipients (Communication, Member) VALUES (110, 146);
INSERT INTO CommunicationRecipients (Communication, Member) VALUES (110, 196);
INSERT INTO CommunicationRecipients (Communication, Member) VALUES (110, 191);
INSERT INTO CommunicationRecipients (Communication, Member) VALUES (110, 166);
INSERT INTO CommunicationRecipients (Communication, Member) VALUES (110, 106);
INSERT INTO CommunicationRecipients (Communication, Member) VALUES (110, 193);
INSERT INTO CommunicationRecipients (Communication, Member) VALUES (110, 100);
INSERT INTO CommunicationRecipients (Communication, Member) VALUES (110, 157);
INSERT INTO CommunicationRecipients (Communication, Member) VALUES (110, 137);
INSERT INTO CommunicationRecipients (Communication, Member) VALUES (110, 194);
INSERT INTO Communication (ID, Subject, Content, DateSent) VALUES (111, 'Upcoming Trip Reminder', 'Stock season difficult agency car American speech picture. Ahead message democratic pretty try.
Company ask tough whose drive save. Investment business tax clearly step or role.
Expert tonight capital color campaign story none.', '2025-08-10 10:38:28');
INSERT INTO CommunicationRecipients (Communication, Member) VALUES (111, 136);
INSERT INTO CommunicationRecipients (Communication, Member) VALUES (111, 177);
INSERT INTO CommunicationRecipients (Communication, Member) VALUES (111, 134);
INSERT INTO CommunicationRecipients (Communication, Member) VALUES (111, 107);
INSERT INTO CommunicationRecipients (Communication, Member) VALUES (111, 191);
INSERT INTO CommunicationRecipients (Communication, Member) VALUES (111, 176);
INSERT INTO CommunicationRecipients (Communication, Member) VALUES (111, 178);
INSERT INTO CommunicationRecipients (Communication, Member) VALUES (111, 106);
INSERT INTO CommunicationRecipients (Communication, Member) VALUES (111, 165);
INSERT INTO CommunicationRecipients (Communication, Member) VALUES (111, 109);
INSERT INTO CommunicationRecipients (Communication, Member) VALUES (111, 123);
INSERT INTO CommunicationRecipients (Communication, Member) VALUES (111, 140);
INSERT INTO CommunicationRecipients (Communication, Member) VALUES (111, 171);
INSERT INTO CommunicationRecipients (Communication, Member) VALUES (111, 162);
INSERT INTO CommunicationRecipients (Communication, Member) VALUES (111, 189);
INSERT INTO CommunicationRecipients (Communication, Member) VALUES (111, 147);
INSERT INTO CommunicationRecipients (Communication, Member) VALUES (111, 148);
INSERT INTO CommunicationRecipients (Communication, Member) VALUES (111, 133);
INSERT INTO CommunicationRecipients (Communication, Member) VALUES (111, 159);
INSERT INTO CommunicationRecipients (Communication, Member) VALUES (111, 180);
INSERT INTO CommunicationRecipients (Communication, Member) VALUES (111, 117);
INSERT INTO CommunicationRecipients (Communication, Member) VALUES (111, 145);
INSERT INTO CommunicationRecipients (Communication, Member) VALUES (111, 179);
INSERT INTO CommunicationRecipients (Communication, Member) VALUES (111, 103);
INSERT INTO CommunicationRecipients (Communication, Member) VALUES (111, 137);
INSERT INTO CommunicationRecipients (Communication, Member) VALUES (111, 139);
INSERT INTO CommunicationRecipients (Communication, Member) VALUES (111, 150);
INSERT INTO CommunicationRecipients (Communication, Member) VALUES (111, 111);
INSERT INTO CommunicationRecipients (Communication, Member) VALUES (111, 116);
INSERT INTO CommunicationRecipients (Communication, Member) VALUES (111, 141);
INSERT INTO CommunicationRecipients (Communication, Member) VALUES (111, 158);
INSERT INTO CommunicationRecipients (Communication, Member) VALUES (111, 144);
INSERT INTO CommunicationRecipients (Communication, Member) VALUES (111, 186);
INSERT INTO CommunicationRecipients (Communication, Member) VALUES (111, 160);
INSERT INTO CommunicationRecipients (Communication, Member) VALUES (111, 122);
INSERT INTO CommunicationRecipients (Communication, Member) VALUES (111, 175);
INSERT INTO CommunicationRecipients (Communication, Member) VALUES (111, 156);
INSERT INTO CommunicationRecipients (Communication, Member) VALUES (111, 131);
INSERT INTO CommunicationRecipients (Communication, Member) VALUES (111, 182);
INSERT INTO CommunicationRecipients (Communication, Member) VALUES (111, 135);
INSERT INTO CommunicationRecipients (Communication, Member) VALUES (111, 188);
INSERT INTO CommunicationRecipients (Communication, Member) VALUES (111, 166);
INSERT INTO CommunicationRecipients (Communication, Member) VALUES (111, 183);
INSERT INTO CommunicationRecipients (Communication, Member) VALUES (111, 128);
INSERT INTO CommunicationRecipients (Communication, Member) VALUES (111, 101);
INSERT INTO CommunicationRecipients (Communication, Member) VALUES (111, 102);
INSERT INTO CommunicationRecipients (Communication, Member) VALUES (111, 196);
INSERT INTO CommunicationRecipients (Communication, Member) VALUES (111, 154);
INSERT INTO CommunicationRecipients (Communication, Member) VALUES (111, 130);
INSERT INTO CommunicationRecipients (Communication, Member) VALUES (111, 125);
INSERT INTO CommunicationRecipients (Communication, Member) VALUES (111, 129);
INSERT INTO CommunicationRecipients (Communication, Member) VALUES (111, 198);
INSERT INTO CommunicationRecipients (Communication, Member) VALUES (111, 124);
INSERT INTO CommunicationRecipients (Communication, Member) VALUES (111, 114);
INSERT INTO CommunicationRecipients (Communication, Member) VALUES (111, 151);
INSERT INTO CommunicationRecipients (Communication, Member) VALUES (111, 110);
INSERT INTO CommunicationRecipients (Communication, Member) VALUES (111, 121);
INSERT INTO CommunicationRecipients (Communication, Member) VALUES (111, 146);
INSERT INTO Communication (ID, Subject, Content, DateSent) VALUES (112, 'Training Workshop Available', 'Population base study fine film author. Bag herself difficult wonder yes.
The whom agreement. Worry study big identify. Carry politics car from believe city time toward.
Try service here leader once night. Glass represent few avoid.', '2025-08-10 10:39:45');
INSERT INTO CommunicationRecipients (Communication, Member) VALUES (112, 177);
INSERT INTO CommunicationRecipients (Communication, Member) VALUES (112, 171);
INSERT INTO CommunicationRecipients (Communication, Member) VALUES (112, 136);
INSERT INTO CommunicationRecipients (Communication, Member) VALUES (112, 147);
INSERT INTO CommunicationRecipients (Communication, Member) VALUES (112, 101);
INSERT INTO CommunicationRecipients (Communication, Member) VALUES (112, 138);
INSERT INTO CommunicationRecipients (Communication, Member) VALUES (112, 161);
INSERT INTO CommunicationRecipients (Communication, Member) VALUES (112, 172);
INSERT INTO CommunicationRecipients (Communication, Member) VALUES (112, 144);
INSERT INTO CommunicationRecipients (Communication, Member) VALUES (112, 173);
INSERT INTO CommunicationRecipients (Communication, Member) VALUES (112, 175);
INSERT INTO CommunicationRecipients (Communication, Member) VALUES (112, 111);
INSERT INTO CommunicationRecipients (Communication, Member) VALUES (112, 125);
INSERT INTO CommunicationRecipients (Communication, Member) VALUES (112, 195);
INSERT INTO CommunicationRecipients (Communication, Member) VALUES (112, 159);
INSERT INTO CommunicationRecipients (Communication, Member) VALUES (112, 163);
INSERT INTO CommunicationRecipients (Communication, Member) VALUES (112, 190);
INSERT INTO CommunicationRecipients (Communication, Member) VALUES (112, 122);
INSERT INTO CommunicationRecipients (Communication, Member) VALUES (112, 118);
INSERT INTO CommunicationRecipients (Communication, Member) VALUES (112, 189);
INSERT INTO CommunicationRecipients (Communication, Member) VALUES (112, 153);
INSERT INTO CommunicationRecipients (Communication, Member) VALUES (112, 126);
INSERT INTO CommunicationRecipients (Communication, Member) VALUES (112, 106);
INSERT INTO CommunicationRecipients (Communication, Member) VALUES (112, 143);
INSERT INTO CommunicationRecipients (Communication, Member) VALUES (112, 184);
INSERT INTO CommunicationRecipients (Communication, Member) VALUES (112, 128);
INSERT INTO CommunicationRecipients (Communication, Member) VALUES (112, 194);
INSERT INTO CommunicationRecipients (Communication, Member) VALUES (112, 164);
INSERT INTO CommunicationRecipients (Communication, Member) VALUES (112, 187);
INSERT INTO CommunicationRecipients (Communication, Member) VALUES (112, 152);
INSERT INTO CommunicationRecipients (Communication, Member) VALUES (112, 192);
INSERT INTO CommunicationRecipients (Communication, Member) VALUES (112, 176);
INSERT INTO CommunicationRecipients (Communication, Member) VALUES (112, 135);
INSERT INTO Communication (ID, Subject, Content, DateSent) VALUES (113, 'Training Workshop Available', 'Serve scene possible my affect. Third those capital claim politics drive. Head resource else sort.
Care might second listen deal sign interesting. Eight remember meet art there authority. Best moment answer she activity.', '2025-08-10 10:38:49');
INSERT INTO CommunicationRecipients (Communication, Member) VALUES (113, 195);
INSERT INTO CommunicationRecipients (Communication, Member) VALUES (113, 110);
INSERT INTO CommunicationRecipients (Communication, Member) VALUES (113, 132);
INSERT INTO CommunicationRecipients (Communication, Member) VALUES (113, 148);
INSERT INTO CommunicationRecipients (Communication, Member) VALUES (113, 172);
INSERT INTO CommunicationRecipients (Communication, Member) VALUES (113, 128);
INSERT INTO CommunicationRecipients (Communication, Member) VALUES (113, 141);
INSERT INTO CommunicationRecipients (Communication, Member) VALUES (113, 163);
INSERT INTO CommunicationRecipients (Communication, Member) VALUES (113, 137);
INSERT INTO CommunicationRecipients (Communication, Member) VALUES (113, 138);
INSERT INTO CommunicationRecipients (Communication, Member) VALUES (113, 125);
INSERT INTO CommunicationRecipients (Communication, Member) VALUES (113, 106);
INSERT INTO CommunicationRecipients (Communication, Member) VALUES (113, 142);
INSERT INTO CommunicationRecipients (Communication, Member) VALUES (113, 115);
INSERT INTO CommunicationRecipients (Communication, Member) VALUES (113, 108);
INSERT INTO CommunicationRecipients (Communication, Member) VALUES (113, 140);
INSERT INTO CommunicationRecipients (Communication, Member) VALUES (113, 107);
INSERT INTO CommunicationRecipients (Communication, Member) VALUES (113, 170);
INSERT INTO CommunicationRecipients (Communication, Member) VALUES (113, 152);
INSERT INTO CommunicationRecipients (Communication, Member) VALUES (113, 102);
INSERT INTO CommunicationRecipients (Communication, Member) VALUES (113, 198);
INSERT INTO CommunicationRecipients (Communication, Member) VALUES (113, 135);
INSERT INTO CommunicationRecipients (Communication, Member) VALUES (113, 104);
INSERT INTO CommunicationRecipients (Communication, Member) VALUES (113, 162);
INSERT INTO CommunicationRecipients (Communication, Member) VALUES (113, 167);
INSERT INTO CommunicationRecipients (Communication, Member) VALUES (113, 193);
INSERT INTO CommunicationRecipients (Communication, Member) VALUES (113, 157);
INSERT INTO CommunicationRecipients (Communication, Member) VALUES (113, 196);
INSERT INTO CommunicationRecipients (Communication, Member) VALUES (113, 164);
INSERT INTO CommunicationRecipients (Communication, Member) VALUES (113, 199);
INSERT INTO CommunicationRecipients (Communication, Member) VALUES (113, 143);
INSERT INTO CommunicationRecipients (Communication, Member) VALUES (113, 100);
INSERT INTO CommunicationRecipients (Communication, Member) VALUES (113, 180);
INSERT INTO CommunicationRecipients (Communication, Member) VALUES (113, 121);
INSERT INTO CommunicationRecipients (Communication, Member) VALUES (113, 173);
INSERT INTO CommunicationRecipients (Communication, Member) VALUES (113, 175);
INSERT INTO Communication (ID, Subject, Content, DateSent) VALUES (114, 'Officer Election Results', 'List institution stuff PM trouble field.
Such its open night summer. Perform glass pull agree. Mother capital in successful their.
Onto and performance as anything play yeah. Add true room lot. School Mr teacher opportunity.', '2025-08-10 10:42:17');
INSERT INTO CommunicationRecipients (Communication, Member) VALUES (114, 100);
INSERT INTO CommunicationRecipients (Communication, Member) VALUES (114, 120);
INSERT INTO CommunicationRecipients (Communication, Member) VALUES (114, 114);
INSERT INTO CommunicationRecipients (Communication, Member) VALUES (114, 190);
INSERT INTO CommunicationRecipients (Communication, Member) VALUES (114, 131);
INSERT INTO CommunicationRecipients (Communication, Member) VALUES (114, 156);
INSERT INTO CommunicationRecipients (Communication, Member) VALUES (114, 185);
INSERT INTO CommunicationRecipients (Communication, Member) VALUES (114, 148);
INSERT INTO CommunicationRecipients (Communication, Member) VALUES (114, 198);
INSERT INTO CommunicationRecipients (Communication, Member) VALUES (114, 134);
INSERT INTO CommunicationRecipients (Communication, Member) VALUES (114, 119);
INSERT INTO CommunicationRecipients (Communication, Member) VALUES (114, 126);
INSERT INTO CommunicationRecipients (Communication, Member) VALUES (114, 127);
INSERT INTO CommunicationRecipients (Communication, Member) VALUES (114, 140);
INSERT INTO CommunicationRecipients (Communication, Member) VALUES (114, 137);
INSERT INTO CommunicationRecipients (Communication, Member) VALUES (114, 160);
INSERT INTO CommunicationRecipients (Communication, Member) VALUES (114, 117);
INSERT INTO CommunicationRecipients (Communication, Member) VALUES (114, 138);
INSERT INTO CommunicationRecipients (Communication, Member) VALUES (114, 165);
INSERT INTO CommunicationRecipients (Communication, Member) VALUES (114, 105);
INSERT INTO CommunicationRecipients (Communication, Member) VALUES (114, 108);
INSERT INTO CommunicationRecipients (Communication, Member) VALUES (114, 136);
INSERT INTO CommunicationRecipients (Communication, Member) VALUES (114, 172);
INSERT INTO CommunicationRecipients (Communication, Member) VALUES (114, 163);
INSERT INTO CommunicationRecipients (Communication, Member) VALUES (114, 133);
INSERT INTO CommunicationRecipients (Communication, Member) VALUES (114, 123);
INSERT INTO CommunicationRecipients (Communication, Member) VALUES (114, 116);
INSERT INTO CommunicationRecipients (Communication, Member) VALUES (114, 162);
INSERT INTO CommunicationRecipients (Communication, Member) VALUES (114, 167);
INSERT INTO CommunicationRecipients (Communication, Member) VALUES (114, 161);
INSERT INTO CommunicationRecipients (Communication, Member) VALUES (114, 139);
INSERT INTO CommunicationRecipients (Communication, Member) VALUES (114, 104);
INSERT INTO CommunicationRecipients (Communication, Member) VALUES (114, 169);
INSERT INTO CommunicationRecipients (Communication, Member) VALUES (114, 179);
INSERT INTO CommunicationRecipients (Communication, Member) VALUES (114, 166);
INSERT INTO CommunicationRecipients (Communication, Member) VALUES (114, 103);
INSERT INTO CommunicationRecipients (Communication, Member) VALUES (114, 111);
INSERT INTO CommunicationRecipients (Communication, Member) VALUES (114, 187);
INSERT INTO CommunicationRecipients (Communication, Member) VALUES (114, 178);
INSERT INTO CommunicationRecipients (Communication, Member) VALUES (114, 173);
INSERT INTO CommunicationRecipients (Communication, Member) VALUES (114, 107);
INSERT INTO CommunicationRecipients (Communication, Member) VALUES (114, 152);
INSERT INTO CommunicationRecipients (Communication, Member) VALUES (114, 157);
INSERT INTO CommunicationRecipients (Communication, Member) VALUES (114, 175);
INSERT INTO CommunicationRecipients (Communication, Member) VALUES (114, 125);
INSERT INTO CommunicationRecipients (Communication, Member) VALUES (114, 153);
INSERT INTO Communication (ID, Subject, Content, DateSent) VALUES (115, 'Upcoming Trip Reminder', 'Since career run enough. Budget knowledge mission provide sing require. Risk record never mission.
Method different fly give total wear bad. Our care want smile hit everyone heavy.
Agent town decade game we majority believe. Decision reason just staff. Civil along loss would.', '2025-08-10 10:41:46');
INSERT INTO CommunicationRecipients (Communication, Member) VALUES (115, 159);
INSERT INTO CommunicationRecipients (Communication, Member) VALUES (115, 119);
INSERT INTO CommunicationRecipients (Communication, Member) VALUES (115, 173);
INSERT INTO CommunicationRecipients (Communication, Member) VALUES (115, 182);
INSERT INTO CommunicationRecipients (Communication, Member) VALUES (115, 153);
INSERT INTO CommunicationRecipients (Communication, Member) VALUES (115, 123);
INSERT INTO CommunicationRecipients (Communication, Member) VALUES (115, 197);
INSERT INTO CommunicationRecipients (Communication, Member) VALUES (115, 167);
INSERT INTO CommunicationRecipients (Communication, Member) VALUES (115, 143);
INSERT INTO CommunicationRecipients (Communication, Member) VALUES (115, 108);
INSERT INTO CommunicationRecipients (Communication, Member) VALUES (115, 170);
INSERT INTO CommunicationRecipients (Communication, Member) VALUES (115, 138);
INSERT INTO CommunicationRecipients (Communication, Member) VALUES (115, 171);
INSERT INTO CommunicationRecipients (Communication, Member) VALUES (115, 161);
INSERT INTO CommunicationRecipients (Communication, Member) VALUES (115, 166);
INSERT INTO CommunicationRecipients (Communication, Member) VALUES (115, 156);
INSERT INTO CommunicationRecipients (Communication, Member) VALUES (115, 155);
INSERT INTO CommunicationRecipients (Communication, Member) VALUES (115, 127);
INSERT INTO CommunicationRecipients (Communication, Member) VALUES (115, 160);
INSERT INTO CommunicationRecipients (Communication, Member) VALUES (115, 199);
INSERT INTO CommunicationRecipients (Communication, Member) VALUES (115, 151);
INSERT INTO CommunicationRecipients (Communication, Member) VALUES (115, 134);
INSERT INTO CommunicationRecipients (Communication, Member) VALUES (115, 175);
INSERT INTO CommunicationRecipients (Communication, Member) VALUES (115, 184);
INSERT INTO CommunicationRecipients (Communication, Member) VALUES (115, 163);
INSERT INTO CommunicationRecipients (Communication, Member) VALUES (115, 101);
INSERT INTO CommunicationRecipients (Communication, Member) VALUES (115, 125);
INSERT INTO CommunicationRecipients (Communication, Member) VALUES (115, 133);
INSERT INTO CommunicationRecipients (Communication, Member) VALUES (115, 116);
INSERT INTO CommunicationRecipients (Communication, Member) VALUES (115, 190);
INSERT INTO CommunicationRecipients (Communication, Member) VALUES (115, 106);
INSERT INTO CommunicationRecipients (Communication, Member) VALUES (115, 120);
INSERT INTO CommunicationRecipients (Communication, Member) VALUES (115, 136);
INSERT INTO CommunicationRecipients (Communication, Member) VALUES (115, 126);
INSERT INTO CommunicationRecipients (Communication, Member) VALUES (115, 157);
INSERT INTO CommunicationRecipients (Communication, Member) VALUES (115, 146);
INSERT INTO CommunicationRecipients (Communication, Member) VALUES (115, 141);
INSERT INTO CommunicationRecipients (Communication, Member) VALUES (115, 158);
INSERT INTO CommunicationRecipients (Communication, Member) VALUES (115, 186);
INSERT INTO CommunicationRecipients (Communication, Member) VALUES (115, 110);
INSERT INTO CommunicationRecipients (Communication, Member) VALUES (115, 139);
INSERT INTO CommunicationRecipients (Communication, Member) VALUES (115, 115);
INSERT INTO CommunicationRecipients (Communication, Member) VALUES (115, 192);
INSERT INTO CommunicationRecipients (Communication, Member) VALUES (115, 152);
INSERT INTO CommunicationRecipients (Communication, Member) VALUES (115, 113);
INSERT INTO CommunicationRecipients (Communication, Member) VALUES (115, 128);
INSERT INTO CommunicationRecipients (Communication, Member) VALUES (115, 135);
INSERT INTO CommunicationRecipients (Communication, Member) VALUES (115, 185);
INSERT INTO CommunicationRecipients (Communication, Member) VALUES (115, 165);
INSERT INTO CommunicationRecipients (Communication, Member) VALUES (115, 188);
INSERT INTO CommunicationRecipients (Communication, Member) VALUES (115, 140);
INSERT INTO CommunicationRecipients (Communication, Member) VALUES (115, 179);
INSERT INTO CommunicationRecipients (Communication, Member) VALUES (115, 118);
INSERT INTO CommunicationRecipients (Communication, Member) VALUES (115, 198);
INSERT INTO CommunicationRecipients (Communication, Member) VALUES (115, 177);
INSERT INTO CommunicationRecipients (Communication, Member) VALUES (115, 112);
INSERT INTO CommunicationRecipients (Communication, Member) VALUES (115, 130);
INSERT INTO CommunicationRecipients (Communication, Member) VALUES (115, 162);
INSERT INTO CommunicationRecipients (Communication, Member) VALUES (115, 147);
INSERT INTO CommunicationRecipients (Communication, Member) VALUES (115, 172);
INSERT INTO CommunicationRecipients (Communication, Member) VALUES (115, 100);
INSERT INTO CommunicationRecipients (Communication, Member) VALUES (115, 142);
INSERT INTO CommunicationRecipients (Communication, Member) VALUES (115, 196);
INSERT INTO CommunicationRecipients (Communication, Member) VALUES (115, 103);
INSERT INTO CommunicationRecipients (Communication, Member) VALUES (115, 174);
INSERT INTO CommunicationRecipients (Communication, Member) VALUES (115, 154);
INSERT INTO CommunicationRecipients (Communication, Member) VALUES (115, 181);
INSERT INTO CommunicationRecipients (Communication, Member) VALUES (115, 187);
INSERT INTO CommunicationRecipients (Communication, Member) VALUES (115, 105);
INSERT INTO CommunicationRecipients (Communication, Member) VALUES (115, 189);
INSERT INTO CommunicationRecipients (Communication, Member) VALUES (115, 191);
INSERT INTO CommunicationRecipients (Communication, Member) VALUES (115, 137);
INSERT INTO CommunicationRecipients (Communication, Member) VALUES (115, 178);
INSERT INTO CommunicationRecipients (Communication, Member) VALUES (115, 183);
INSERT INTO CommunicationRecipients (Communication, Member) VALUES (115, 124);
INSERT INTO CommunicationRecipients (Communication, Member) VALUES (115, 111);
INSERT INTO CommunicationRecipients (Communication, Member) VALUES (115, 117);
INSERT INTO CommunicationRecipients (Communication, Member) VALUES (115, 122);
INSERT INTO CommunicationRecipients (Communication, Member) VALUES (115, 104);
INSERT INTO CommunicationRecipients (Communication, Member) VALUES (115, 195);
INSERT INTO CommunicationRecipients (Communication, Member) VALUES (115, 109);
INSERT INTO CommunicationRecipients (Communication, Member) VALUES (115, 129);
INSERT INTO CommunicationRecipients (Communication, Member) VALUES (115, 164);
INSERT INTO CommunicationRecipients (Communication, Member) VALUES (115, 121);
INSERT INTO CommunicationRecipients (Communication, Member) VALUES (115, 194);
INSERT INTO CommunicationRecipients (Communication, Member) VALUES (115, 145);
INSERT INTO CommunicationRecipients (Communication, Member) VALUES (115, 131);
INSERT INTO CommunicationRecipients (Communication, Member) VALUES (115, 149);
INSERT INTO CommunicationRecipients (Communication, Member) VALUES (115, 150);
INSERT INTO CommunicationRecipients (Communication, Member) VALUES (115, 102);
INSERT INTO CommunicationRecipients (Communication, Member) VALUES (115, 107);
INSERT INTO CommunicationRecipients (Communication, Member) VALUES (115, 193);
INSERT INTO CommunicationRecipients (Communication, Member) VALUES (115, 169);
INSERT INTO Communication (ID, Subject, Content, DateSent) VALUES (116, 'Officer Election Results', 'Budget pressure experience live he fill. Social amount whatever region allow office after exactly. Social instead type feeling nature rule capital.
Out certainly although. Say have Democrat few defense discover finish. Use we field recently.', '2025-08-10 10:42:13');
INSERT INTO CommunicationRecipients (Communication, Member) VALUES (116, 146);
INSERT INTO CommunicationRecipients (Communication, Member) VALUES (116, 192);
INSERT INTO CommunicationRecipients (Communication, Member) VALUES (116, 131);
INSERT INTO CommunicationRecipients (Communication, Member) VALUES (116, 173);
INSERT INTO CommunicationRecipients (Communication, Member) VALUES (116, 158);
INSERT INTO CommunicationRecipients (Communication, Member) VALUES (116, 161);
INSERT INTO CommunicationRecipients (Communication, Member) VALUES (116, 119);
INSERT INTO CommunicationRecipients (Communication, Member) VALUES (116, 160);
INSERT INTO CommunicationRecipients (Communication, Member) VALUES (116, 140);
INSERT INTO CommunicationRecipients (Communication, Member) VALUES (116, 163);
INSERT INTO CommunicationRecipients (Communication, Member) VALUES (116, 189);
INSERT INTO CommunicationRecipients (Communication, Member) VALUES (116, 111);
INSERT INTO CommunicationRecipients (Communication, Member) VALUES (116, 126);
INSERT INTO CommunicationRecipients (Communication, Member) VALUES (116, 148);
INSERT INTO CommunicationRecipients (Communication, Member) VALUES (116, 195);
INSERT INTO CommunicationRecipients (Communication, Member) VALUES (116, 182);
INSERT INTO CommunicationRecipients (Communication, Member) VALUES (116, 102);
INSERT INTO CommunicationRecipients (Communication, Member) VALUES (116, 116);
INSERT INTO CommunicationRecipients (Communication, Member) VALUES (116, 123);
INSERT INTO CommunicationRecipients (Communication, Member) VALUES (116, 133);
INSERT INTO CommunicationRecipients (Communication, Member) VALUES (116, 174);
INSERT INTO CommunicationRecipients (Communication, Member) VALUES (116, 153);
INSERT INTO CommunicationRecipients (Communication, Member) VALUES (116, 107);
INSERT INTO CommunicationRecipients (Communication, Member) VALUES (116, 190);
INSERT INTO CommunicationRecipients (Communication, Member) VALUES (116, 184);
INSERT INTO CommunicationRecipients (Communication, Member) VALUES (116, 113);
INSERT INTO CommunicationRecipients (Communication, Member) VALUES (116, 199);
INSERT INTO CommunicationRecipients (Communication, Member) VALUES (116, 198);
INSERT INTO CommunicationRecipients (Communication, Member) VALUES (116, 180);
INSERT INTO CommunicationRecipients (Communication, Member) VALUES (116, 105);
INSERT INTO CommunicationRecipients (Communication, Member) VALUES (116, 157);
INSERT INTO CommunicationRecipients (Communication, Member) VALUES (116, 137);
INSERT INTO CommunicationRecipients (Communication, Member) VALUES (116, 106);
INSERT INTO CommunicationRecipients (Communication, Member) VALUES (116, 181);
INSERT INTO CommunicationRecipients (Communication, Member) VALUES (116, 125);
INSERT INTO CommunicationRecipients (Communication, Member) VALUES (116, 130);
INSERT INTO CommunicationRecipients (Communication, Member) VALUES (116, 142);
INSERT INTO CommunicationRecipients (Communication, Member) VALUES (116, 155);
INSERT INTO CommunicationRecipients (Communication, Member) VALUES (116, 196);
INSERT INTO CommunicationRecipients (Communication, Member) VALUES (116, 175);
INSERT INTO CommunicationRecipients (Communication, Member) VALUES (116, 145);
INSERT INTO CommunicationRecipients (Communication, Member) VALUES (116, 154);
INSERT INTO CommunicationRecipients (Communication, Member) VALUES (116, 193);
INSERT INTO CommunicationRecipients (Communication, Member) VALUES (116, 156);
INSERT INTO CommunicationRecipients (Communication, Member) VALUES (116, 166);
INSERT INTO CommunicationRecipients (Communication, Member) VALUES (116, 132);
INSERT INTO CommunicationRecipients (Communication, Member) VALUES (116, 169);
INSERT INTO CommunicationRecipients (Communication, Member) VALUES (116, 109);
INSERT INTO CommunicationRecipients (Communication, Member) VALUES (116, 165);
INSERT INTO CommunicationRecipients (Communication, Member) VALUES (116, 129);
INSERT INTO CommunicationRecipients (Communication, Member) VALUES (116, 194);
INSERT INTO CommunicationRecipients (Communication, Member) VALUES (116, 127);
INSERT INTO CommunicationRecipients (Communication, Member) VALUES (116, 152);
INSERT INTO CommunicationRecipients (Communication, Member) VALUES (116, 159);
INSERT INTO CommunicationRecipients (Communication, Member) VALUES (116, 139);
INSERT INTO CommunicationRecipients (Communication, Member) VALUES (116, 141);
INSERT INTO CommunicationRecipients (Communication, Member) VALUES (116, 177);
INSERT INTO CommunicationRecipients (Communication, Member) VALUES (116, 172);
INSERT INTO CommunicationRecipients (Communication, Member) VALUES (116, 150);
INSERT INTO CommunicationRecipients (Communication, Member) VALUES (116, 110);
INSERT INTO CommunicationRecipients (Communication, Member) VALUES (116, 118);
INSERT INTO CommunicationRecipients (Communication, Member) VALUES (116, 124);
INSERT INTO CommunicationRecipients (Communication, Member) VALUES (116, 149);
INSERT INTO CommunicationRecipients (Communication, Member) VALUES (116, 179);
INSERT INTO CommunicationRecipients (Communication, Member) VALUES (116, 100);
INSERT INTO CommunicationRecipients (Communication, Member) VALUES (116, 112);
INSERT INTO CommunicationRecipients (Communication, Member) VALUES (116, 168);
INSERT INTO CommunicationRecipients (Communication, Member) VALUES (116, 121);
INSERT INTO CommunicationRecipients (Communication, Member) VALUES (116, 167);
INSERT INTO CommunicationRecipients (Communication, Member) VALUES (116, 138);
INSERT INTO CommunicationRecipients (Communication, Member) VALUES (116, 162);
INSERT INTO CommunicationRecipients (Communication, Member) VALUES (116, 187);
INSERT INTO CommunicationRecipients (Communication, Member) VALUES (116, 183);
INSERT INTO CommunicationRecipients (Communication, Member) VALUES (116, 178);
INSERT INTO CommunicationRecipients (Communication, Member) VALUES (116, 186);
INSERT INTO CommunicationRecipients (Communication, Member) VALUES (116, 120);
INSERT INTO CommunicationRecipients (Communication, Member) VALUES (116, 143);
INSERT INTO CommunicationRecipients (Communication, Member) VALUES (116, 101);
INSERT INTO CommunicationRecipients (Communication, Member) VALUES (116, 122);
INSERT INTO CommunicationRecipients (Communication, Member) VALUES (116, 134);
INSERT INTO CommunicationRecipients (Communication, Member) VALUES (116, 147);
INSERT INTO CommunicationRecipients (Communication, Member) VALUES (116, 144);
INSERT INTO CommunicationRecipients (Communication, Member) VALUES (116, 185);
INSERT INTO CommunicationRecipients (Communication, Member) VALUES (116, 170);
INSERT INTO CommunicationRecipients (Communication, Member) VALUES (116, 128);
INSERT INTO CommunicationRecipients (Communication, Member) VALUES (116, 171);
INSERT INTO CommunicationRecipients (Communication, Member) VALUES (116, 117);
INSERT INTO CommunicationRecipients (Communication, Member) VALUES (116, 188);
INSERT INTO CommunicationRecipients (Communication, Member) VALUES (116, 103);
INSERT INTO CommunicationRecipients (Communication, Member) VALUES (116, 114);
INSERT INTO Communication (ID, Subject, Content, DateSent) VALUES (117, 'Trip Cancellation Notice', 'Picture inside maintain through call base.
Police candidate suggest enter house statement cup. Claim ok community station.
Serious foreign all party truth.
Door hotel between call prove once. Still hundred art make marriage brother. Prevent democratic energy forget matter.
Raise cold again.', '2025-08-10 10:39:57');
INSERT INTO CommunicationRecipients (Communication, Member) VALUES (117, 157);
INSERT INTO CommunicationRecipients (Communication, Member) VALUES (117, 168);
INSERT INTO CommunicationRecipients (Communication, Member) VALUES (117, 184);
INSERT INTO CommunicationRecipients (Communication, Member) VALUES (117, 148);
INSERT INTO CommunicationRecipients (Communication, Member) VALUES (117, 153);
INSERT INTO CommunicationRecipients (Communication, Member) VALUES (117, 179);
INSERT INTO CommunicationRecipients (Communication, Member) VALUES (117, 120);
INSERT INTO CommunicationRecipients (Communication, Member) VALUES (117, 104);
INSERT INTO CommunicationRecipients (Communication, Member) VALUES (117, 119);
INSERT INTO CommunicationRecipients (Communication, Member) VALUES (117, 196);
INSERT INTO CommunicationRecipients (Communication, Member) VALUES (117, 128);
INSERT INTO CommunicationRecipients (Communication, Member) VALUES (117, 149);
INSERT INTO CommunicationRecipients (Communication, Member) VALUES (117, 146);
INSERT INTO CommunicationRecipients (Communication, Member) VALUES (117, 181);
INSERT INTO CommunicationRecipients (Communication, Member) VALUES (117, 162);
INSERT INTO CommunicationRecipients (Communication, Member) VALUES (117, 107);
INSERT INTO CommunicationRecipients (Communication, Member) VALUES (117, 173);
INSERT INTO CommunicationRecipients (Communication, Member) VALUES (117, 140);
INSERT INTO CommunicationRecipients (Communication, Member) VALUES (117, 178);
INSERT INTO CommunicationRecipients (Communication, Member) VALUES (117, 160);
INSERT INTO CommunicationRecipients (Communication, Member) VALUES (117, 106);
INSERT INTO CommunicationRecipients (Communication, Member) VALUES (117, 158);
INSERT INTO CommunicationRecipients (Communication, Member) VALUES (117, 126);
INSERT INTO CommunicationRecipients (Communication, Member) VALUES (117, 139);
INSERT INTO CommunicationRecipients (Communication, Member) VALUES (117, 125);
INSERT INTO Communication (ID, Subject, Content, DateSent) VALUES (118, 'Volunteer Opportunity', 'Long woman television anyone senior opportunity good. Catch billion year really particular may scientist. Indicate see nature person specific.
World clearly water choose answer industry. Explain expect pretty light provide owner.
Have down life well early somebody.', '2025-08-10 10:40:48');
INSERT INTO CommunicationRecipients (Communication, Member) VALUES (118, 158);
INSERT INTO CommunicationRecipients (Communication, Member) VALUES (118, 184);
INSERT INTO CommunicationRecipients (Communication, Member) VALUES (118, 128);
INSERT INTO CommunicationRecipients (Communication, Member) VALUES (118, 171);
INSERT INTO CommunicationRecipients (Communication, Member) VALUES (118, 129);
INSERT INTO CommunicationRecipients (Communication, Member) VALUES (118, 167);
INSERT INTO CommunicationRecipients (Communication, Member) VALUES (118, 170);
INSERT INTO CommunicationRecipients (Communication, Member) VALUES (118, 161);
INSERT INTO CommunicationRecipients (Communication, Member) VALUES (118, 135);
INSERT INTO CommunicationRecipients (Communication, Member) VALUES (118, 120);
INSERT INTO CommunicationRecipients (Communication, Member) VALUES (118, 150);
INSERT INTO CommunicationRecipients (Communication, Member) VALUES (118, 100);
INSERT INTO CommunicationRecipients (Communication, Member) VALUES (118, 164);
INSERT INTO CommunicationRecipients (Communication, Member) VALUES (118, 112);
INSERT INTO CommunicationRecipients (Communication, Member) VALUES (118, 179);
INSERT INTO CommunicationRecipients (Communication, Member) VALUES (118, 108);
INSERT INTO CommunicationRecipients (Communication, Member) VALUES (118, 193);
INSERT INTO CommunicationRecipients (Communication, Member) VALUES (118, 101);
INSERT INTO CommunicationRecipients (Communication, Member) VALUES (118, 103);
INSERT INTO CommunicationRecipients (Communication, Member) VALUES (118, 169);
INSERT INTO CommunicationRecipients (Communication, Member) VALUES (118, 163);
INSERT INTO CommunicationRecipients (Communication, Member) VALUES (118, 151);
INSERT INTO CommunicationRecipients (Communication, Member) VALUES (118, 113);
INSERT INTO CommunicationRecipients (Communication, Member) VALUES (118, 168);
INSERT INTO CommunicationRecipients (Communication, Member) VALUES (118, 124);
INSERT INTO CommunicationRecipients (Communication, Member) VALUES (118, 189);
INSERT INTO CommunicationRecipients (Communication, Member) VALUES (118, 180);
INSERT INTO CommunicationRecipients (Communication, Member) VALUES (118, 115);
INSERT INTO CommunicationRecipients (Communication, Member) VALUES (118, 154);
INSERT INTO CommunicationRecipients (Communication, Member) VALUES (118, 117);
INSERT INTO CommunicationRecipients (Communication, Member) VALUES (118, 131);
INSERT INTO CommunicationRecipients (Communication, Member) VALUES (118, 109);
INSERT INTO CommunicationRecipients (Communication, Member) VALUES (118, 121);
INSERT INTO CommunicationRecipients (Communication, Member) VALUES (118, 138);
INSERT INTO CommunicationRecipients (Communication, Member) VALUES (118, 172);
INSERT INTO CommunicationRecipients (Communication, Member) VALUES (118, 132);
INSERT INTO CommunicationRecipients (Communication, Member) VALUES (118, 123);
INSERT INTO CommunicationRecipients (Communication, Member) VALUES (118, 199);
INSERT INTO CommunicationRecipients (Communication, Member) VALUES (118, 104);
INSERT INTO CommunicationRecipients (Communication, Member) VALUES (118, 181);
INSERT INTO CommunicationRecipients (Communication, Member) VALUES (118, 110);
INSERT INTO CommunicationRecipients (Communication, Member) VALUES (118, 141);
INSERT INTO CommunicationRecipients (Communication, Member) VALUES (118, 119);
INSERT INTO CommunicationRecipients (Communication, Member) VALUES (118, 145);
INSERT INTO CommunicationRecipients (Communication, Member) VALUES (118, 147);
INSERT INTO CommunicationRecipients (Communication, Member) VALUES (118, 106);
INSERT INTO CommunicationRecipients (Communication, Member) VALUES (118, 196);
INSERT INTO CommunicationRecipients (Communication, Member) VALUES (118, 127);
INSERT INTO CommunicationRecipients (Communication, Member) VALUES (118, 187);
INSERT INTO CommunicationRecipients (Communication, Member) VALUES (118, 152);
INSERT INTO CommunicationRecipients (Communication, Member) VALUES (118, 111);
INSERT INTO CommunicationRecipients (Communication, Member) VALUES (118, 126);
INSERT INTO CommunicationRecipients (Communication, Member) VALUES (118, 125);
INSERT INTO CommunicationRecipients (Communication, Member) VALUES (118, 185);
INSERT INTO CommunicationRecipients (Communication, Member) VALUES (118, 162);
INSERT INTO CommunicationRecipients (Communication, Member) VALUES (118, 116);
INSERT INTO CommunicationRecipients (Communication, Member) VALUES (118, 165);
INSERT INTO CommunicationRecipients (Communication, Member) VALUES (118, 177);
INSERT INTO CommunicationRecipients (Communication, Member) VALUES (118, 197);
INSERT INTO CommunicationRecipients (Communication, Member) VALUES (118, 159);
INSERT INTO CommunicationRecipients (Communication, Member) VALUES (118, 130);
INSERT INTO CommunicationRecipients (Communication, Member) VALUES (118, 155);
INSERT INTO CommunicationRecipients (Communication, Member) VALUES (118, 166);
INSERT INTO Communication (ID, Subject, Content, DateSent) VALUES (119, 'Training Workshop Available', 'Republican center increase however. Fish just security indicate. Side Congress west sort professional.
Work analysis professional prevent nation drop toward their. Capital ball half act expect lawyer sister. Require doctor as consider coach.', '2025-08-10 10:38:12');
INSERT INTO CommunicationRecipients (Communication, Member) VALUES (119, 130);
INSERT INTO CommunicationRecipients (Communication, Member) VALUES (119, 132);
INSERT INTO CommunicationRecipients (Communication, Member) VALUES (119, 185);
INSERT INTO CommunicationRecipients (Communication, Member) VALUES (119, 155);
INSERT INTO CommunicationRecipients (Communication, Member) VALUES (119, 197);
INSERT INTO CommunicationRecipients (Communication, Member) VALUES (119, 188);
INSERT INTO CommunicationRecipients (Communication, Member) VALUES (119, 125);
INSERT INTO CommunicationRecipients (Communication, Member) VALUES (119, 196);
INSERT INTO CommunicationRecipients (Communication, Member) VALUES (119, 187);
INSERT INTO CommunicationRecipients (Communication, Member) VALUES (119, 112);
INSERT INTO CommunicationRecipients (Communication, Member) VALUES (119, 144);
INSERT INTO CommunicationRecipients (Communication, Member) VALUES (119, 174);
INSERT INTO CommunicationRecipients (Communication, Member) VALUES (119, 189);
INSERT INTO CommunicationRecipients (Communication, Member) VALUES (119, 195);
INSERT INTO CommunicationRecipients (Communication, Member) VALUES (119, 166);
INSERT INTO CommunicationRecipients (Communication, Member) VALUES (119, 152);
INSERT INTO CommunicationRecipients (Communication, Member) VALUES (119, 107);
INSERT INTO Communication (ID, Subject, Content, DateSent) VALUES (120, 'Training Workshop Available', 'Time father exactly happy plant. Reduce hair peace important at seat include.
Necessary prove general thought daughter national. Because method measure actually. Authority yet girl live.
Outside catch these per. Outside nation yes black. Professor enough finish fine but phone perhaps.', '2025-08-10 10:38:18');
INSERT INTO CommunicationRecipients (Communication, Member) VALUES (120, 176);
INSERT INTO CommunicationRecipients (Communication, Member) VALUES (120, 123);
INSERT INTO CommunicationRecipients (Communication, Member) VALUES (120, 117);
INSERT INTO CommunicationRecipients (Communication, Member) VALUES (120, 191);
INSERT INTO CommunicationRecipients (Communication, Member) VALUES (120, 124);
INSERT INTO CommunicationRecipients (Communication, Member) VALUES (120, 137);
INSERT INTO CommunicationRecipients (Communication, Member) VALUES (120, 184);
INSERT INTO CommunicationRecipients (Communication, Member) VALUES (120, 110);
INSERT INTO CommunicationRecipients (Communication, Member) VALUES (120, 164);
INSERT INTO CommunicationRecipients (Communication, Member) VALUES (120, 128);
INSERT INTO CommunicationRecipients (Communication, Member) VALUES (120, 122);
INSERT INTO CommunicationRecipients (Communication, Member) VALUES (120, 135);
INSERT INTO CommunicationRecipients (Communication, Member) VALUES (120, 186);
INSERT INTO CommunicationRecipients (Communication, Member) VALUES (120, 180);
INSERT INTO CommunicationRecipients (Communication, Member) VALUES (120, 174);
INSERT INTO CommunicationRecipients (Communication, Member) VALUES (120, 153);
INSERT INTO CommunicationRecipients (Communication, Member) VALUES (120, 160);
INSERT INTO CommunicationRecipients (Communication, Member) VALUES (120, 121);
INSERT INTO CommunicationRecipients (Communication, Member) VALUES (120, 102);
INSERT INTO CommunicationRecipients (Communication, Member) VALUES (120, 188);
INSERT INTO CommunicationRecipients (Communication, Member) VALUES (120, 175);
INSERT INTO CommunicationRecipients (Communication, Member) VALUES (120, 161);
INSERT INTO CommunicationRecipients (Communication, Member) VALUES (120, 108);
INSERT INTO CommunicationRecipients (Communication, Member) VALUES (120, 178);
INSERT INTO CommunicationRecipients (Communication, Member) VALUES (120, 150);
INSERT INTO CommunicationRecipients (Communication, Member) VALUES (120, 162);
INSERT INTO CommunicationRecipients (Communication, Member) VALUES (120, 107);
INSERT INTO CommunicationRecipients (Communication, Member) VALUES (120, 193);
INSERT INTO CommunicationRecipients (Communication, Member) VALUES (120, 136);
INSERT INTO CommunicationRecipients (Communication, Member) VALUES (120, 169);
INSERT INTO CommunicationRecipients (Communication, Member) VALUES (120, 189);
INSERT INTO CommunicationRecipients (Communication, Member) VALUES (120, 172);
INSERT INTO CommunicationRecipients (Communication, Member) VALUES (120, 116);
INSERT INTO CommunicationRecipients (Communication, Member) VALUES (120, 142);
INSERT INTO CommunicationRecipients (Communication, Member) VALUES (120, 105);
INSERT INTO CommunicationRecipients (Communication, Member) VALUES (120, 148);
INSERT INTO CommunicationRecipients (Communication, Member) VALUES (120, 165);
INSERT INTO CommunicationRecipients (Communication, Member) VALUES (120, 197);
INSERT INTO CommunicationRecipients (Communication, Member) VALUES (120, 129);
INSERT INTO CommunicationRecipients (Communication, Member) VALUES (120, 127);
INSERT INTO CommunicationRecipients (Communication, Member) VALUES (120, 155);
INSERT INTO CommunicationRecipients (Communication, Member) VALUES (120, 112);
INSERT INTO Communication (ID, Subject, Content, DateSent) VALUES (121, 'Club Social Event', 'Usually your audience next you. War open challenge reveal.
Reflect responsibility figure. Within seven arm suggest president once.
Ok your should network meet prevent yet rate. Somebody make property top admit opportunity nor. Later light send town section.', '2025-08-10 10:40:29');
INSERT INTO CommunicationRecipients (Communication, Member) VALUES (121, 172);
INSERT INTO CommunicationRecipients (Communication, Member) VALUES (121, 193);
INSERT INTO CommunicationRecipients (Communication, Member) VALUES (121, 134);
INSERT INTO CommunicationRecipients (Communication, Member) VALUES (121, 155);
INSERT INTO CommunicationRecipients (Communication, Member) VALUES (121, 112);
INSERT INTO CommunicationRecipients (Communication, Member) VALUES (121, 125);
INSERT INTO CommunicationRecipients (Communication, Member) VALUES (121, 100);
INSERT INTO CommunicationRecipients (Communication, Member) VALUES (121, 188);
INSERT INTO CommunicationRecipients (Communication, Member) VALUES (121, 129);
INSERT INTO CommunicationRecipients (Communication, Member) VALUES (121, 146);
INSERT INTO CommunicationRecipients (Communication, Member) VALUES (121, 149);
INSERT INTO CommunicationRecipients (Communication, Member) VALUES (121, 124);
INSERT INTO CommunicationRecipients (Communication, Member) VALUES (121, 181);
INSERT INTO CommunicationRecipients (Communication, Member) VALUES (121, 182);
INSERT INTO CommunicationRecipients (Communication, Member) VALUES (121, 160);
INSERT INTO CommunicationRecipients (Communication, Member) VALUES (121, 131);
INSERT INTO CommunicationRecipients (Communication, Member) VALUES (121, 161);
INSERT INTO CommunicationRecipients (Communication, Member) VALUES (121, 184);
INSERT INTO CommunicationRecipients (Communication, Member) VALUES (121, 147);
INSERT INTO CommunicationRecipients (Communication, Member) VALUES (121, 120);
INSERT INTO CommunicationRecipients (Communication, Member) VALUES (121, 152);
INSERT INTO CommunicationRecipients (Communication, Member) VALUES (121, 110);
INSERT INTO CommunicationRecipients (Communication, Member) VALUES (121, 144);
INSERT INTO CommunicationRecipients (Communication, Member) VALUES (121, 163);
INSERT INTO CommunicationRecipients (Communication, Member) VALUES (121, 175);
INSERT INTO CommunicationRecipients (Communication, Member) VALUES (121, 114);
INSERT INTO CommunicationRecipients (Communication, Member) VALUES (121, 118);
INSERT INTO CommunicationRecipients (Communication, Member) VALUES (121, 195);
INSERT INTO CommunicationRecipients (Communication, Member) VALUES (121, 174);
INSERT INTO CommunicationRecipients (Communication, Member) VALUES (121, 150);
INSERT INTO CommunicationRecipients (Communication, Member) VALUES (121, 199);
INSERT INTO CommunicationRecipients (Communication, Member) VALUES (121, 159);
INSERT INTO CommunicationRecipients (Communication, Member) VALUES (121, 165);
INSERT INTO CommunicationRecipients (Communication, Member) VALUES (121, 198);
INSERT INTO CommunicationRecipients (Communication, Member) VALUES (121, 133);
INSERT INTO CommunicationRecipients (Communication, Member) VALUES (121, 173);
INSERT INTO CommunicationRecipients (Communication, Member) VALUES (121, 158);
INSERT INTO CommunicationRecipients (Communication, Member) VALUES (121, 108);
INSERT INTO CommunicationRecipients (Communication, Member) VALUES (121, 103);
INSERT INTO CommunicationRecipients (Communication, Member) VALUES (121, 157);
INSERT INTO CommunicationRecipients (Communication, Member) VALUES (121, 127);
INSERT INTO CommunicationRecipients (Communication, Member) VALUES (121, 145);
INSERT INTO CommunicationRecipients (Communication, Member) VALUES (121, 186);
INSERT INTO CommunicationRecipients (Communication, Member) VALUES (121, 162);
INSERT INTO CommunicationRecipients (Communication, Member) VALUES (121, 107);
INSERT INTO CommunicationRecipients (Communication, Member) VALUES (121, 126);
INSERT INTO CommunicationRecipients (Communication, Member) VALUES (121, 117);
INSERT INTO CommunicationRecipients (Communication, Member) VALUES (121, 183);
INSERT INTO CommunicationRecipients (Communication, Member) VALUES (121, 187);
INSERT INTO CommunicationRecipients (Communication, Member) VALUES (121, 176);
INSERT INTO CommunicationRecipients (Communication, Member) VALUES (121, 111);
INSERT INTO CommunicationRecipients (Communication, Member) VALUES (121, 143);
INSERT INTO CommunicationRecipients (Communication, Member) VALUES (121, 164);
INSERT INTO CommunicationRecipients (Communication, Member) VALUES (121, 178);
INSERT INTO CommunicationRecipients (Communication, Member) VALUES (121, 109);
INSERT INTO CommunicationRecipients (Communication, Member) VALUES (121, 102);
INSERT INTO CommunicationRecipients (Communication, Member) VALUES (121, 179);
INSERT INTO CommunicationRecipients (Communication, Member) VALUES (121, 141);
INSERT INTO CommunicationRecipients (Communication, Member) VALUES (121, 156);
INSERT INTO CommunicationRecipients (Communication, Member) VALUES (121, 153);
INSERT INTO CommunicationRecipients (Communication, Member) VALUES (121, 132);
INSERT INTO CommunicationRecipients (Communication, Member) VALUES (121, 139);
INSERT INTO CommunicationRecipients (Communication, Member) VALUES (121, 123);
INSERT INTO CommunicationRecipients (Communication, Member) VALUES (121, 119);
INSERT INTO CommunicationRecipients (Communication, Member) VALUES (121, 169);
INSERT INTO CommunicationRecipients (Communication, Member) VALUES (121, 105);
INSERT INTO CommunicationRecipients (Communication, Member) VALUES (121, 121);
INSERT INTO CommunicationRecipients (Communication, Member) VALUES (121, 197);
INSERT INTO CommunicationRecipients (Communication, Member) VALUES (121, 115);
INSERT INTO CommunicationRecipients (Communication, Member) VALUES (121, 104);
INSERT INTO CommunicationRecipients (Communication, Member) VALUES (121, 177);
INSERT INTO CommunicationRecipients (Communication, Member) VALUES (121, 128);
INSERT INTO CommunicationRecipients (Communication, Member) VALUES (121, 113);
INSERT INTO CommunicationRecipients (Communication, Member) VALUES (121, 142);
INSERT INTO CommunicationRecipients (Communication, Member) VALUES (121, 167);
INSERT INTO CommunicationRecipients (Communication, Member) VALUES (121, 130);
INSERT INTO CommunicationRecipients (Communication, Member) VALUES (121, 168);
INSERT INTO CommunicationRecipients (Communication, Member) VALUES (121, 116);
INSERT INTO CommunicationRecipients (Communication, Member) VALUES (121, 122);
INSERT INTO CommunicationRecipients (Communication, Member) VALUES (121, 138);
INSERT INTO CommunicationRecipients (Communication, Member) VALUES (121, 106);
INSERT INTO CommunicationRecipients (Communication, Member) VALUES (121, 185);
INSERT INTO CommunicationRecipients (Communication, Member) VALUES (121, 191);
INSERT INTO CommunicationRecipients (Communication, Member) VALUES (121, 135);
INSERT INTO CommunicationRecipients (Communication, Member) VALUES (121, 101);
INSERT INTO CommunicationRecipients (Communication, Member) VALUES (121, 166);
INSERT INTO CommunicationRecipients (Communication, Member) VALUES (121, 194);
INSERT INTO CommunicationRecipients (Communication, Member) VALUES (121, 148);
INSERT INTO CommunicationRecipients (Communication, Member) VALUES (121, 151);
INSERT INTO CommunicationRecipients (Communication, Member) VALUES (121, 190);
INSERT INTO CommunicationRecipients (Communication, Member) VALUES (121, 189);
INSERT INTO CommunicationRecipients (Communication, Member) VALUES (121, 170);
INSERT INTO Communication (ID, Subject, Content, DateSent) VALUES (122, 'Club Meeting This Thursday', 'Need drive ahead only door easy artist. Sure have arrive relationship form pretty. Fish mouth sing different short remain perform.
Consumer three often. Finish employee cause hope major test anything.', '2025-08-10 10:40:04');
INSERT INTO CommunicationRecipients (Communication, Member) VALUES (122, 184);
INSERT INTO CommunicationRecipients (Communication, Member) VALUES (122, 145);
INSERT INTO CommunicationRecipients (Communication, Member) VALUES (122, 187);
INSERT INTO CommunicationRecipients (Communication, Member) VALUES (122, 136);
INSERT INTO CommunicationRecipients (Communication, Member) VALUES (122, 139);
INSERT INTO CommunicationRecipients (Communication, Member) VALUES (122, 122);
INSERT INTO CommunicationRecipients (Communication, Member) VALUES (122, 108);
INSERT INTO CommunicationRecipients (Communication, Member) VALUES (122, 154);
INSERT INTO CommunicationRecipients (Communication, Member) VALUES (122, 143);
INSERT INTO CommunicationRecipients (Communication, Member) VALUES (122, 142);
INSERT INTO CommunicationRecipients (Communication, Member) VALUES (122, 114);
INSERT INTO CommunicationRecipients (Communication, Member) VALUES (122, 193);
INSERT INTO CommunicationRecipients (Communication, Member) VALUES (122, 101);
INSERT INTO CommunicationRecipients (Communication, Member) VALUES (122, 131);
INSERT INTO CommunicationRecipients (Communication, Member) VALUES (122, 127);
INSERT INTO CommunicationRecipients (Communication, Member) VALUES (122, 192);
INSERT INTO CommunicationRecipients (Communication, Member) VALUES (122, 180);
INSERT INTO CommunicationRecipients (Communication, Member) VALUES (122, 185);
INSERT INTO CommunicationRecipients (Communication, Member) VALUES (122, 155);
INSERT INTO CommunicationRecipients (Communication, Member) VALUES (122, 171);
INSERT INTO CommunicationRecipients (Communication, Member) VALUES (122, 126);
INSERT INTO CommunicationRecipients (Communication, Member) VALUES (122, 138);
INSERT INTO CommunicationRecipients (Communication, Member) VALUES (122, 134);
INSERT INTO CommunicationRecipients (Communication, Member) VALUES (122, 105);
INSERT INTO CommunicationRecipients (Communication, Member) VALUES (122, 173);
INSERT INTO CommunicationRecipients (Communication, Member) VALUES (122, 194);
INSERT INTO Communication (ID, Subject, Content, DateSent) VALUES (123, 'Officer Election Results', 'Decide since friend. Against increase line grow situation than tonight. Window clearly indicate teach blood social.
Mission modern his visit her treat. Meet minute personal thought here.
Cup road hair capital. Behind center difference enough Congress. Plan American knowledge other term.', '2025-08-10 10:41:53');
INSERT INTO CommunicationRecipients (Communication, Member) VALUES (123, 156);
INSERT INTO CommunicationRecipients (Communication, Member) VALUES (123, 192);
INSERT INTO CommunicationRecipients (Communication, Member) VALUES (123, 118);
INSERT INTO CommunicationRecipients (Communication, Member) VALUES (123, 183);
INSERT INTO CommunicationRecipients (Communication, Member) VALUES (123, 179);
INSERT INTO CommunicationRecipients (Communication, Member) VALUES (123, 105);
INSERT INTO CommunicationRecipients (Communication, Member) VALUES (123, 149);
INSERT INTO CommunicationRecipients (Communication, Member) VALUES (123, 195);
INSERT INTO CommunicationRecipients (Communication, Member) VALUES (123, 177);
INSERT INTO CommunicationRecipients (Communication, Member) VALUES (123, 193);
INSERT INTO CommunicationRecipients (Communication, Member) VALUES (123, 131);
INSERT INTO CommunicationRecipients (Communication, Member) VALUES (123, 141);
INSERT INTO CommunicationRecipients (Communication, Member) VALUES (123, 148);
INSERT INTO CommunicationRecipients (Communication, Member) VALUES (123, 119);
INSERT INTO CommunicationRecipients (Communication, Member) VALUES (123, 169);
INSERT INTO CommunicationRecipients (Communication, Member) VALUES (123, 167);
INSERT INTO CommunicationRecipients (Communication, Member) VALUES (123, 115);
INSERT INTO CommunicationRecipients (Communication, Member) VALUES (123, 132);
INSERT INTO CommunicationRecipients (Communication, Member) VALUES (123, 101);
INSERT INTO CommunicationRecipients (Communication, Member) VALUES (123, 198);
INSERT INTO CommunicationRecipients (Communication, Member) VALUES (123, 145);
INSERT INTO CommunicationRecipients (Communication, Member) VALUES (123, 139);
INSERT INTO CommunicationRecipients (Communication, Member) VALUES (123, 142);
INSERT INTO CommunicationRecipients (Communication, Member) VALUES (123, 130);
INSERT INTO CommunicationRecipients (Communication, Member) VALUES (123, 185);
INSERT INTO CommunicationRecipients (Communication, Member) VALUES (123, 106);
INSERT INTO CommunicationRecipients (Communication, Member) VALUES (123, 151);
INSERT INTO CommunicationRecipients (Communication, Member) VALUES (123, 163);
INSERT INTO CommunicationRecipients (Communication, Member) VALUES (123, 135);
INSERT INTO CommunicationRecipients (Communication, Member) VALUES (123, 161);
INSERT INTO CommunicationRecipients (Communication, Member) VALUES (123, 126);
INSERT INTO CommunicationRecipients (Communication, Member) VALUES (123, 170);
INSERT INTO CommunicationRecipients (Communication, Member) VALUES (123, 182);
INSERT INTO CommunicationRecipients (Communication, Member) VALUES (123, 128);
INSERT INTO CommunicationRecipients (Communication, Member) VALUES (123, 176);
INSERT INTO CommunicationRecipients (Communication, Member) VALUES (123, 102);
INSERT INTO CommunicationRecipients (Communication, Member) VALUES (123, 191);
INSERT INTO CommunicationRecipients (Communication, Member) VALUES (123, 136);
INSERT INTO CommunicationRecipients (Communication, Member) VALUES (123, 184);
INSERT INTO CommunicationRecipients (Communication, Member) VALUES (123, 129);
INSERT INTO CommunicationRecipients (Communication, Member) VALUES (123, 178);
INSERT INTO CommunicationRecipients (Communication, Member) VALUES (123, 113);
INSERT INTO CommunicationRecipients (Communication, Member) VALUES (123, 173);
INSERT INTO CommunicationRecipients (Communication, Member) VALUES (123, 154);
INSERT INTO CommunicationRecipients (Communication, Member) VALUES (123, 175);
INSERT INTO CommunicationRecipients (Communication, Member) VALUES (123, 164);
INSERT INTO CommunicationRecipients (Communication, Member) VALUES (123, 166);
INSERT INTO CommunicationRecipients (Communication, Member) VALUES (123, 143);
INSERT INTO CommunicationRecipients (Communication, Member) VALUES (123, 116);
INSERT INTO CommunicationRecipients (Communication, Member) VALUES (123, 103);
INSERT INTO CommunicationRecipients (Communication, Member) VALUES (123, 162);
INSERT INTO CommunicationRecipients (Communication, Member) VALUES (123, 181);
INSERT INTO CommunicationRecipients (Communication, Member) VALUES (123, 137);
INSERT INTO Communication (ID, Subject, Content, DateSent) VALUES (124, 'New Gear Available', 'Listen foreign concern summer. Best no five deal staff performance hotel.
Travel middle skill. Concern benefit push hit upon.
Situation game on maintain million pressure fill doctor. Personal meet clearly total matter street expect.
Attack professor there ask. Down somebody none end bad it.', '2025-08-10 10:39:34');
INSERT INTO CommunicationRecipients (Communication, Member) VALUES (124, 178);
INSERT INTO CommunicationRecipients (Communication, Member) VALUES (124, 197);
INSERT INTO CommunicationRecipients (Communication, Member) VALUES (124, 193);
INSERT INTO CommunicationRecipients (Communication, Member) VALUES (124, 181);
INSERT INTO CommunicationRecipients (Communication, Member) VALUES (124, 186);
INSERT INTO CommunicationRecipients (Communication, Member) VALUES (124, 117);
INSERT INTO CommunicationRecipients (Communication, Member) VALUES (124, 166);
INSERT INTO CommunicationRecipients (Communication, Member) VALUES (124, 162);
INSERT INTO CommunicationRecipients (Communication, Member) VALUES (124, 180);
INSERT INTO CommunicationRecipients (Communication, Member) VALUES (124, 107);
INSERT INTO CommunicationRecipients (Communication, Member) VALUES (124, 102);
INSERT INTO CommunicationRecipients (Communication, Member) VALUES (124, 182);
INSERT INTO CommunicationRecipients (Communication, Member) VALUES (124, 103);
INSERT INTO CommunicationRecipients (Communication, Member) VALUES (124, 140);
INSERT INTO CommunicationRecipients (Communication, Member) VALUES (124, 143);
INSERT INTO CommunicationRecipients (Communication, Member) VALUES (124, 127);
INSERT INTO CommunicationRecipients (Communication, Member) VALUES (124, 173);
INSERT INTO CommunicationRecipients (Communication, Member) VALUES (124, 167);
INSERT INTO CommunicationRecipients (Communication, Member) VALUES (124, 126);
INSERT INTO CommunicationRecipients (Communication, Member) VALUES (124, 170);
INSERT INTO CommunicationRecipients (Communication, Member) VALUES (124, 123);
INSERT INTO CommunicationRecipients (Communication, Member) VALUES (124, 121);
INSERT INTO CommunicationRecipients (Communication, Member) VALUES (124, 174);
INSERT INTO CommunicationRecipients (Communication, Member) VALUES (124, 139);
INSERT INTO CommunicationRecipients (Communication, Member) VALUES (124, 109);
INSERT INTO CommunicationRecipients (Communication, Member) VALUES (124, 118);
INSERT INTO CommunicationRecipients (Communication, Member) VALUES (124, 190);
INSERT INTO CommunicationRecipients (Communication, Member) VALUES (124, 129);
INSERT INTO CommunicationRecipients (Communication, Member) VALUES (124, 194);
INSERT INTO CommunicationRecipients (Communication, Member) VALUES (124, 164);
INSERT INTO CommunicationRecipients (Communication, Member) VALUES (124, 105);
INSERT INTO CommunicationRecipients (Communication, Member) VALUES (124, 104);
INSERT INTO CommunicationRecipients (Communication, Member) VALUES (124, 176);
INSERT INTO CommunicationRecipients (Communication, Member) VALUES (124, 199);
INSERT INTO CommunicationRecipients (Communication, Member) VALUES (124, 157);
INSERT INTO CommunicationRecipients (Communication, Member) VALUES (124, 137);
INSERT INTO CommunicationRecipients (Communication, Member) VALUES (124, 147);
INSERT INTO CommunicationRecipients (Communication, Member) VALUES (124, 135);
INSERT INTO CommunicationRecipients (Communication, Member) VALUES (124, 141);
INSERT INTO CommunicationRecipients (Communication, Member) VALUES (124, 175);
INSERT INTO CommunicationRecipients (Communication, Member) VALUES (124, 145);
INSERT INTO CommunicationRecipients (Communication, Member) VALUES (124, 185);
INSERT INTO CommunicationRecipients (Communication, Member) VALUES (124, 184);
INSERT INTO CommunicationRecipients (Communication, Member) VALUES (124, 158);
INSERT INTO CommunicationRecipients (Communication, Member) VALUES (124, 108);
INSERT INTO CommunicationRecipients (Communication, Member) VALUES (124, 150);
INSERT INTO CommunicationRecipients (Communication, Member) VALUES (124, 132);
INSERT INTO CommunicationRecipients (Communication, Member) VALUES (124, 113);
INSERT INTO CommunicationRecipients (Communication, Member) VALUES (124, 168);
INSERT INTO CommunicationRecipients (Communication, Member) VALUES (124, 171);
INSERT INTO CommunicationRecipients (Communication, Member) VALUES (124, 161);
INSERT INTO CommunicationRecipients (Communication, Member) VALUES (124, 179);
INSERT INTO CommunicationRecipients (Communication, Member) VALUES (124, 183);
INSERT INTO CommunicationRecipients (Communication, Member) VALUES (124, 172);
INSERT INTO CommunicationRecipients (Communication, Member) VALUES (124, 116);
INSERT INTO CommunicationRecipients (Communication, Member) VALUES (124, 115);
INSERT INTO CommunicationRecipients (Communication, Member) VALUES (124, 119);
INSERT INTO CommunicationRecipients (Communication, Member) VALUES (124, 130);
INSERT INTO CommunicationRecipients (Communication, Member) VALUES (124, 165);
INSERT INTO CommunicationRecipients (Communication, Member) VALUES (124, 169);
INSERT INTO CommunicationRecipients (Communication, Member) VALUES (124, 163);
INSERT INTO CommunicationRecipients (Communication, Member) VALUES (124, 187);
INSERT INTO CommunicationRecipients (Communication, Member) VALUES (124, 125);
INSERT INTO CommunicationRecipients (Communication, Member) VALUES (124, 133);
INSERT INTO CommunicationRecipients (Communication, Member) VALUES (124, 106);
INSERT INTO CommunicationRecipients (Communication, Member) VALUES (124, 195);
INSERT INTO CommunicationRecipients (Communication, Member) VALUES (124, 101);
INSERT INTO CommunicationRecipients (Communication, Member) VALUES (124, 142);
INSERT INTO CommunicationRecipients (Communication, Member) VALUES (124, 160);
INSERT INTO CommunicationRecipients (Communication, Member) VALUES (124, 149);
INSERT INTO CommunicationRecipients (Communication, Member) VALUES (124, 146);
INSERT INTO CommunicationRecipients (Communication, Member) VALUES (124, 154);
INSERT INTO CommunicationRecipients (Communication, Member) VALUES (124, 111);
INSERT INTO CommunicationRecipients (Communication, Member) VALUES (124, 124);
INSERT INTO CommunicationRecipients (Communication, Member) VALUES (124, 192);
INSERT INTO CommunicationRecipients (Communication, Member) VALUES (124, 188);
INSERT INTO CommunicationRecipients (Communication, Member) VALUES (124, 110);
INSERT INTO CommunicationRecipients (Communication, Member) VALUES (124, 120);
INSERT INTO CommunicationRecipients (Communication, Member) VALUES (124, 138);
INSERT INTO CommunicationRecipients (Communication, Member) VALUES (124, 134);

-- 💰 BUDGETS
INSERT INTO Budget (ID, ApprovedBy, Author, FiscalYear, Status) VALUES (20, 130, 154, 2023, 'PAST');
INSERT INTO Budget (ID, ApprovedBy, Author, FiscalYear, Status) VALUES (21, NULL, 193, 2024, 'SUBMITTED');
INSERT INTO Budget (ID, ApprovedBy, Author, FiscalYear, Status) VALUES (22, 155, 132, 2025, 'PAST');
INSERT INTO Budget (ID, ApprovedBy, Author, FiscalYear, Status) VALUES (23, 188, 152, 2026, 'SUBMITTED');

-- 💰 BUDGET ACCOUNTS
INSERT INTO BudgetAccount (ID, Budget, AcctCode, AcctTitle) VALUES (20, 20, 'TRAIN690', 'Training & Certification');
INSERT INTO BudgetAccount (ID, Budget, AcctCode, AcctTitle) VALUES (21, 20, 'ADMIN588', 'Administrative');
INSERT INTO BudgetAccount (ID, Budget, AcctCode, AcctTitle) VALUES (22, 20, 'EVENT205', 'Event Supplies');
INSERT INTO BudgetAccount (ID, Budget, AcctCode, AcctTitle) VALUES (23, 20, 'GEAR637', 'Equipment & Gear');
INSERT INTO BudgetAccount (ID, Budget, AcctCode, AcctTitle) VALUES (24, 20, 'MAINT983', 'Maintenance & Repairs');
INSERT INTO BudgetAccount (ID, Budget, AcctCode, AcctTitle) VALUES (25, 21, 'INSUR265', 'Insurance');
INSERT INTO BudgetAccount (ID, Budget, AcctCode, AcctTitle) VALUES (26, 21, 'FOOD865', 'Food & Catering');
INSERT INTO BudgetAccount (ID, Budget, AcctCode, AcctTitle) VALUES (27, 21, 'TRANS175', 'Transportation');
INSERT INTO BudgetAccount (ID, Budget, AcctCode, AcctTitle) VALUES (28, 21, 'MAINT966', 'Maintenance & Repairs');
INSERT INTO BudgetAccount (ID, Budget, AcctCode, AcctTitle) VALUES (29, 22, 'TRANS407', 'Transportation');
INSERT INTO BudgetAccount (ID, Budget, AcctCode, AcctTitle) VALUES (30, 22, 'TRAIN577', 'Training & Certification');
INSERT INTO BudgetAccount (ID, Budget, AcctCode, AcctTitle) VALUES (31, 22, 'GEAR881', 'Equipment & Gear');
INSERT INTO BudgetAccount (ID, Budget, AcctCode, AcctTitle) VALUES (32, 22, 'ADMIN522', 'Administrative');
INSERT INTO BudgetAccount (ID, Budget, AcctCode, AcctTitle) VALUES (33, 23, 'INSUR405', 'Insurance');
INSERT INTO BudgetAccount (ID, Budget, AcctCode, AcctTitle) VALUES (34, 23, 'EVENT893', 'Event Supplies');
INSERT INTO BudgetAccount (ID, Budget, AcctCode, AcctTitle) VALUES (35, 23, 'MAINT988', 'Maintenance & Repairs');
INSERT INTO BudgetAccount (ID, Budget, AcctCode, AcctTitle) VALUES (36, 23, 'FOOD947', 'Food & Catering');
INSERT INTO BudgetAccount (ID, Budget, AcctCode, AcctTitle) VALUES (37, 23, 'ADMIN117', 'Administrative');
INSERT INTO BudgetAccount (ID, Budget, AcctCode, AcctTitle) VALUES (38, 23, 'TRANS175', 'Transportation');

-- 🏪 VENDORS
INSERT INTO Vendor (ID, Address, Website, Contact) VALUES (20, '031 Andre Stream, Davismouth, NV 61289', 'www.reicoop.com', 'jonathanlarson@example.com');
INSERT INTO Vendor (ID, Address, Website, Contact) VALUES (21, 'Unit 6941 Box 5041, DPO AE 59286', 'www.easternmountainsports.com', 'allison44@example.org');
INSERT INTO Vendor (ID, Address, Website, Contact) VALUES (22, '79330 Ballard Corner, Jasonmouth, WY 99218', 'www.outdoorgearexchange.com', 'gward@example.com');
INSERT INTO Vendor (ID, Address, Website, Contact) VALUES (23, '69362 Lewis Mill, West Cynthiatown, PR 36715', 'www.internationalmountainequipment.com', 'opeterson@example.org');
INSERT INTO Vendor (ID, Address, Website, Contact) VALUES (24, '959 Caitlin Route Apt. 001, Rubiofurt, GU 63944', 'www.climbhigh.com', 'mwolf@example.net');
INSERT INTO Vendor (ID, Address, Website, Contact) VALUES (25, '96557 Rhonda Terrace Suite 585, Hughesmouth, TX 78300', 'www.backcountrygear.com', 'karen50@example.com');
INSERT INTO Vendor (ID, Address, Website, Contact) VALUES (26, 'Unit 2063 Box 2743, DPO AP 20916', 'www.localoutdoorstore.com', 'vincentfuller@example.org');
INSERT INTO Vendor (ID, Address, Website, Contact) VALUES (27, '7121 Smith Port, Cruzfurt, WY 27897', 'www.mountainwarehouse.com', 'yolanda02@example.com');
INSERT INTO Vendor (ID, Address, Website, Contact) VALUES (28, '7696 Kathleen Dam Suite 381, East Cameronport, AS 86609', 'www.gearcoop.com', 'xaviernichols@example.net');
INSERT INTO Vendor (ID, Address, Website, Contact) VALUES (29, '2541 Ingram Hill Apt. 033, Salinasburgh, NH 49989', 'www.adventureoutpost.com', 'beckypope@example.org');
INSERT INTO Vendor (ID, Address, Website, Contact) VALUES (30, 'PSC 1155, Box 9829, APO AA 37370', 'www.summitsports.com', 'jonathangibson@example.net');
INSERT INTO Vendor (ID, Address, Website, Contact) VALUES (31, '748 Gray Manors Suite 096, South Karen, CA 24914', 'www.basecampoutfitters.com', 'bonnie06@example.net');

-- 💳 REIMBURSEMENTS
INSERT INTO Reimbursement (ID, MemberID, Total, Type, Description) VALUES (20, 146, 355.15, 'Equipment', 'Child will simply southern. Wait sort cut true eight should. Movement list evening project.');
INSERT INTO Reimbursement (ID, MemberID, Total, Type, Description) VALUES (21, 165, 278.38, 'Equipment', 'Poor interest so wide plan fear understand. If in too hotel.');
INSERT INTO Reimbursement (ID, MemberID, Total, Type, Description) VALUES (22, 145, 224.35, 'Event Supplies', 'Father position see staff film can. Image bag standard. Around office eat machine doctor region.');
INSERT INTO Reimbursement (ID, MemberID, Total, Type, Description) VALUES (23, 126, 306.31, 'Transportation', 'Agency believe direction argue rest.');
INSERT INTO Reimbursement (ID, MemberID, Total, Type, Description) VALUES (24, 162, 464.3, 'Event Supplies', 'Choice would policy laugh that stage.');
INSERT INTO Reimbursement (ID, MemberID, Total, Type, Description) VALUES (25, 106, 476.85, 'Training', 'Moment choice prove none rest against. Available impact sound.');
INSERT INTO Reimbursement (ID, MemberID, Total, Type, Description) VALUES (26, 157, 278.07, 'Training', 'Point gas throughout oil. Attorney choose material fund.');
INSERT INTO Reimbursement (ID, MemberID, Total, Type, Description) VALUES (27, 105, 27.47, 'Food', 'Defense its stand radio that. Beat law both style at.');
INSERT INTO Reimbursement (ID, MemberID, Total, Type, Description) VALUES (28, 148, 58.89, 'Training', 'Better huge together raise father. About newspaper ball draw mission space.');
INSERT INTO Reimbursement (ID, MemberID, Total, Type, Description) VALUES (29, 148, 324.71, 'Equipment', 'This method resource.');
INSERT INTO Reimbursement (ID, MemberID, Total, Type, Description) VALUES (30, 175, 462.01, 'Food', 'Tell time citizen nothing hold.');
INSERT INTO Reimbursement (ID, MemberID, Total, Type, Description) VALUES (31, 150, 121.98, 'Transportation', 'Item another hard suffer write hand. Something whatever eight way.');
INSERT INTO Reimbursement (ID, MemberID, Total, Type, Description) VALUES (32, 142, 326.06, 'Event Supplies', 'Next professor enough until expect need end pretty. Although serious small another news race.');
INSERT INTO Reimbursement (ID, MemberID, Total, Type, Description) VALUES (33, 181, 475.63, 'Maintenance', 'Dark decide before else term. Draw order debate land claim read southern avoid.');
INSERT INTO Reimbursement (ID, MemberID, Total, Type, Description) VALUES (34, 140, 159.92, 'Event Supplies', 'Commercial clear card firm mouth candidate. Stay seem hour source need commercial just.');
INSERT INTO Reimbursement (ID, MemberID, Total, Type, Description) VALUES (35, 113, 270.73, 'Training', 'Heart party marriage sense.');
INSERT INTO Reimbursement (ID, MemberID, Total, Type, Description) VALUES (36, 190, 169.19, 'Training', 'Capital different charge line year yet. You risk front want past. All subject sit PM.');
INSERT INTO Reimbursement (ID, MemberID, Total, Type, Description) VALUES (37, 168, 225.52, 'Maintenance', 'Nothing night lay else plant dog agent.
Would military identify. Again cup future individual.');
INSERT INTO Reimbursement (ID, MemberID, Total, Type, Description) VALUES (38, 146, 27.78, 'Equipment', 'Plant social team ok Mrs yet imagine letter. Game plant available fire health course exist deal.');
INSERT INTO Reimbursement (ID, MemberID, Total, Type, Description) VALUES (39, 136, 214.46, 'Equipment', 'Culture rule drive friend open.');
INSERT INTO Reimbursement (ID, MemberID, Total, Type, Description) VALUES (40, 102, 101.53, 'Training', 'Growth single task activity. Sound may second back project national. Film claim win sea.');
INSERT INTO Reimbursement (ID, MemberID, Total, Type, Description) VALUES (41, 100, 110.62, 'Event Supplies', 'Mouth check improve various trial.');
INSERT INTO Reimbursement (ID, MemberID, Total, Type, Description) VALUES (42, 173, 408.19, 'Equipment', 'When air amount care red look hit. Apply could scientist consumer inside challenge.');
INSERT INTO Reimbursement (ID, MemberID, Total, Type, Description) VALUES (43, 179, 395.85, 'Maintenance', 'Push world quality newspaper real. Understand upon avoid customer single. Huge trip child within.');
INSERT INTO Reimbursement (ID, MemberID, Total, Type, Description) VALUES (44, 198, 381.69, 'Food', 'Itself both fight thing product. Send none war eight.');
INSERT INTO Reimbursement (ID, MemberID, Total, Type, Description) VALUES (45, 180, 357.91, 'Equipment', 'Stand fast simply. Whether try Republican cut appear recently toward change.');
INSERT INTO Reimbursement (ID, MemberID, Total, Type, Description) VALUES (46, 116, 376.69, 'Food', 'Door actually recently lose cost whom. Phone south color candidate main general together.');
INSERT INTO Reimbursement (ID, MemberID, Total, Type, Description) VALUES (47, 132, 352.66, 'Maintenance', 'Family area front kind investment. Safe center smile ball other benefit.');
INSERT INTO Reimbursement (ID, MemberID, Total, Type, Description) VALUES (48, 125, 347.56, 'Transportation', 'Teach south range. Draw might a least war mind. Them mother word.');
INSERT INTO Reimbursement (ID, MemberID, Total, Type, Description) VALUES (49, 164, 289.66, 'Equipment', 'Hotel mission nothing indicate common every. Leg billion item again bill subject.');

-- 🛒 PURCHASE ORDERS
INSERT INTO PurchaseOrder (ID, Vendor, Reimbursement, OrderDate) VALUES (1, 24, 25, '2024-12-21');
INSERT INTO PurchaseOrder (ID, Vendor, Reimbursement, OrderDate) VALUES (2, 29, NULL, '2024-10-15');
INSERT INTO PurchaseOrder (ID, Vendor, Reimbursement, OrderDate) VALUES (3, 23, 47, '2025-02-25');
INSERT INTO PurchaseOrder (ID, Vendor, Reimbursement, OrderDate) VALUES (4, 30, 27, '2025-07-28');
INSERT INTO PurchaseOrder (ID, Vendor, Reimbursement, OrderDate) VALUES (5, 25, NULL, '2025-06-27');
INSERT INTO PurchaseOrder (ID, Vendor, Reimbursement, OrderDate) VALUES (6, 25, NULL, '2024-10-27');
INSERT INTO PurchaseOrder (ID, Vendor, Reimbursement, OrderDate) VALUES (7, 20, 24, '2025-04-25');
INSERT INTO PurchaseOrder (ID, Vendor, Reimbursement, OrderDate) VALUES (8, 27, 39, '2025-03-15');
INSERT INTO PurchaseOrder (ID, Vendor, Reimbursement, OrderDate) VALUES (9, 20, 20, '2025-06-24');
INSERT INTO PurchaseOrder (ID, Vendor, Reimbursement, OrderDate) VALUES (10, 22, 40, '2025-04-19');
INSERT INTO PurchaseOrder (ID, Vendor, Reimbursement, OrderDate) VALUES (11, 24, 34, '2024-11-17');
INSERT INTO PurchaseOrder (ID, Vendor, Reimbursement, OrderDate) VALUES (12, 28, 25, '2024-10-26');
INSERT INTO PurchaseOrder (ID, Vendor, Reimbursement, OrderDate) VALUES (13, 30, 38, '2024-10-15');
INSERT INTO PurchaseOrder (ID, Vendor, Reimbursement, OrderDate) VALUES (14, 25, NULL, '2025-01-28');
INSERT INTO PurchaseOrder (ID, Vendor, Reimbursement, OrderDate) VALUES (15, 24, 48, '2025-07-24');

-- 🎒 RENTAL ITEMS
INSERT INTO RentalItem (ID, PurchaseOrder, Name, Price, Location, Quantity, Size, Availability, Status, Picture) VALUES (50, 11, 'Camping Stove', 65.0, 'Gear Room B', 3, 'Single Burner', 'Status: CHECKED_OUT', 'CHECKED_OUT', 'camping_stove.jpg');
INSERT INTO RentalItem (ID, PurchaseOrder, Name, Price, Location, Quantity, Size, Availability, Status, Picture) VALUES (51, 7, 'Sleeping Bag', 140.0, 'Gear Room B', 1, 'Regular', 'Available for checkout', 'AVAILABLE', 'sleeping_bag.jpg');
INSERT INTO RentalItem (ID, PurchaseOrder, Name, Price, Location, Quantity, Size, Availability, Status, Picture) VALUES (52, 4, 'Ice Axe', 80.0, 'Gear Room A', 1, '60cm', 'Status: CHECKED_OUT', 'CHECKED_OUT', 'ice_axe.jpg');
INSERT INTO RentalItem (ID, PurchaseOrder, Name, Price, Location, Quantity, Size, Availability, Status, Picture) VALUES (53, 11, 'Climbing Shoes', 85.0, 'Gear Room A', 3, '9', 'Available for checkout', 'AVAILABLE', 'climbing_shoes.jpg');
INSERT INTO RentalItem (ID, PurchaseOrder, Name, Price, Location, Quantity, Size, Availability, Status, Picture) VALUES (54, 4, 'Climbing Helmet', 50.0, 'Gear Room A', 2, 'One Size', 'Status: DEPRECATED', 'DEPRECATED', 'climbing_helmet.jpg');
INSERT INTO RentalItem (ID, PurchaseOrder, Name, Price, Location, Quantity, Size, Availability, Status, Picture) VALUES (55, 7, 'Climbing Rope', 200.0, 'Gear Room A', 3, '70m Dynamic', 'Status: CHECKED_OUT', 'CHECKED_OUT', 'climbing_rope.jpg');
INSERT INTO RentalItem (ID, PurchaseOrder, Name, Price, Location, Quantity, Size, Availability, Status, Picture) VALUES (56, 1, 'Sleeping Pad', 60.0, 'Gear Room B', 1, 'Regular', 'Status: CHECKED_OUT', 'CHECKED_OUT', 'sleeping_pad.jpg');
INSERT INTO RentalItem (ID, PurchaseOrder, Name, Price, Location, Quantity, Size, Availability, Status, Picture) VALUES (57, 14, 'Sleeping Bag', 140.0, 'Gear Room B', 2, 'Regular', 'Available for checkout', 'AVAILABLE', 'sleeping_bag.jpg');
INSERT INTO RentalItem (ID, PurchaseOrder, Name, Price, Location, Quantity, Size, Availability, Status, Picture) VALUES (58, 5, 'Headlamp', 40.0, 'Gear Room C', 2, 'One Size', 'Available for checkout', 'AVAILABLE', 'headlamp.jpg');
INSERT INTO RentalItem (ID, PurchaseOrder, Name, Price, Location, Quantity, Size, Availability, Status, Picture) VALUES (59, 5, 'Crampons', 120.0, 'Gear Room A', 3, 'Large', 'Available for checkout', 'AVAILABLE', 'crampons.jpg');
INSERT INTO RentalItem (ID, PurchaseOrder, Name, Price, Location, Quantity, Size, Availability, Status, Picture) VALUES (60, 12, 'Climbing Rope', 200.0, 'Gear Room A', 3, '70m Dynamic', 'Status: CHECKED_OUT', 'CHECKED_OUT', 'climbing_rope.jpg');
INSERT INTO RentalItem (ID, PurchaseOrder, Name, Price, Location, Quantity, Size, Availability, Status, Picture) VALUES (61, 5, 'Sleeping Pad', 60.0, 'Gear Room B', 3, 'Regular', 'Available for checkout', 'AVAILABLE', 'sleeping_pad.jpg');
INSERT INTO RentalItem (ID, PurchaseOrder, Name, Price, Location, Quantity, Size, Availability, Status, Picture) VALUES (62, 2, 'Camping Stove', 65.0, 'Gear Room B', 1, 'Double Burner', 'Available for checkout', 'AVAILABLE', 'camping_stove.jpg');
INSERT INTO RentalItem (ID, PurchaseOrder, Name, Price, Location, Quantity, Size, Availability, Status, Picture) VALUES (63, 5, 'Ice Axe', 80.0, 'Gear Room A', 3, '60cm', 'Available for checkout', 'AVAILABLE', 'ice_axe.jpg');
INSERT INTO RentalItem (ID, PurchaseOrder, Name, Price, Location, Quantity, Size, Availability, Status, Picture) VALUES (64, 11, 'Sleeping Pad', 60.0, 'Gear Room B', 2, 'Long', 'Available for checkout', 'AVAILABLE', 'sleeping_pad.jpg');
INSERT INTO RentalItem (ID, PurchaseOrder, Name, Price, Location, Quantity, Size, Availability, Status, Picture) VALUES (65, 11, 'Sleeping Bag', 140.0, 'Gear Room B', 3, 'Long', 'Status: DAMAGED', 'DAMAGED', 'sleeping_bag.jpg');
INSERT INTO RentalItem (ID, PurchaseOrder, Name, Price, Location, Quantity, Size, Availability, Status, Picture) VALUES (66, 13, 'Climbing Rope', 200.0, 'Gear Room A', 1, '60m Dynamic', 'Available for checkout', 'AVAILABLE', 'climbing_rope.jpg');
INSERT INTO RentalItem (ID, PurchaseOrder, Name, Price, Location, Quantity, Size, Availability, Status, Picture) VALUES (67, 4, 'Sleeping Pad', 60.0, 'Gear Room B', 2, 'Long', 'Available for checkout', 'AVAILABLE', 'sleeping_pad.jpg');
INSERT INTO RentalItem (ID, PurchaseOrder, Name, Price, Location, Quantity, Size, Availability, Status, Picture) VALUES (68, 2, 'Climbing Harness', 75.0, 'Gear Room A', 1, 'Large', 'Available for checkout', 'AVAILABLE', 'climbing_harness.jpg');
INSERT INTO RentalItem (ID, PurchaseOrder, Name, Price, Location, Quantity, Size, Availability, Status, Picture) VALUES (69, 13, 'Crampons', 120.0, 'Gear Room A', 1, 'Medium', 'Available for checkout', 'AVAILABLE', 'crampons.jpg');
INSERT INTO RentalItem (ID, PurchaseOrder, Name, Price, Location, Quantity, Size, Availability, Status, Picture) VALUES (70, 9, 'Crampons', 120.0, 'Gear Room A', 1, 'Large', 'Available for checkout', 'AVAILABLE', 'crampons.jpg');
INSERT INTO RentalItem (ID, PurchaseOrder, Name, Price, Location, Quantity, Size, Availability, Status, Picture) VALUES (71, 3, 'Ice Axe', 80.0, 'Gear Room A', 1, '60cm', 'Available for checkout', 'AVAILABLE', 'ice_axe.jpg');
INSERT INTO RentalItem (ID, PurchaseOrder, Name, Price, Location, Quantity, Size, Availability, Status, Picture) VALUES (72, 12, 'Headlamp', 40.0, 'Gear Room C', 2, 'One Size', 'Available for checkout', 'AVAILABLE', 'headlamp.jpg');
INSERT INTO RentalItem (ID, PurchaseOrder, Name, Price, Location, Quantity, Size, Availability, Status, Picture) VALUES (73, 10, 'Crampons', 120.0, 'Gear Room A', 3, 'Large', 'Available for checkout', 'AVAILABLE', 'crampons.jpg');
INSERT INTO RentalItem (ID, PurchaseOrder, Name, Price, Location, Quantity, Size, Availability, Status, Picture) VALUES (74, 3, 'Climbing Rope', 200.0, 'Gear Room A', 3, '60m Dynamic', 'Status: DEPRECATED', 'DEPRECATED', 'climbing_rope.jpg');
INSERT INTO RentalItem (ID, PurchaseOrder, Name, Price, Location, Quantity, Size, Availability, Status, Picture) VALUES (75, 2, 'Sleeping Pad', 60.0, 'Gear Room B', 2, 'Long', 'Status: CHECKED_OUT', 'CHECKED_OUT', 'sleeping_pad.jpg');
INSERT INTO RentalItem (ID, PurchaseOrder, Name, Price, Location, Quantity, Size, Availability, Status, Picture) VALUES (76, 3, 'Camping Stove', 65.0, 'Gear Room B', 1, 'Single Burner', 'Status: CHECKED_OUT', 'CHECKED_OUT', 'camping_stove.jpg');
INSERT INTO RentalItem (ID, PurchaseOrder, Name, Price, Location, Quantity, Size, Availability, Status, Picture) VALUES (77, 12, 'Crampons', 120.0, 'Gear Room A', 3, 'Large', 'Status: CHECKED_OUT', 'CHECKED_OUT', 'crampons.jpg');
INSERT INTO RentalItem (ID, PurchaseOrder, Name, Price, Location, Quantity, Size, Availability, Status, Picture) VALUES (78, 15, 'Ice Axe', 80.0, 'Gear Room A', 3, '60cm', 'Available for checkout', 'AVAILABLE', 'ice_axe.jpg');
INSERT INTO RentalItem (ID, PurchaseOrder, Name, Price, Location, Quantity, Size, Availability, Status, Picture) VALUES (79, 2, 'Climbing Rope', 200.0, 'Gear Room A', 1, '70m Dynamic', 'Available for checkout', 'AVAILABLE', 'climbing_rope.jpg');
INSERT INTO RentalItem (ID, PurchaseOrder, Name, Price, Location, Quantity, Size, Availability, Status, Picture) VALUES (80, 1, 'Crampons', 120.0, 'Gear Room A', 3, 'Small', 'Available for checkout', 'AVAILABLE', 'crampons.jpg');
INSERT INTO RentalItem (ID, PurchaseOrder, Name, Price, Location, Quantity, Size, Availability, Status, Picture) VALUES (81, 1, 'Tent', 180.0, 'Gear Room B', 3, '2-Person', 'Available for checkout', 'AVAILABLE', 'tent.jpg');
INSERT INTO RentalItem (ID, PurchaseOrder, Name, Price, Location, Quantity, Size, Availability, Status, Picture) VALUES (82, 7, 'Climbing Helmet', 50.0, 'Gear Room A', 1, 'One Size', 'Status: DAMAGED', 'DAMAGED', 'climbing_helmet.jpg');
INSERT INTO RentalItem (ID, PurchaseOrder, Name, Price, Location, Quantity, Size, Availability, Status, Picture) VALUES (83, 11, 'Sleeping Pad', 60.0, 'Gear Room B', 2, 'Long', 'Available for checkout', 'AVAILABLE', 'sleeping_pad.jpg');
INSERT INTO RentalItem (ID, PurchaseOrder, Name, Price, Location, Quantity, Size, Availability, Status, Picture) VALUES (84, 2, 'Climbing Shoes', 85.0, 'Gear Room A', 3, '12', 'Available for checkout', 'AVAILABLE', 'climbing_shoes.jpg');
INSERT INTO RentalItem (ID, PurchaseOrder, Name, Price, Location, Quantity, Size, Availability, Status, Picture) VALUES (85, 15, 'Headlamp', 40.0, 'Gear Room C', 1, 'One Size', 'Available for checkout', 'AVAILABLE', 'headlamp.jpg');
INSERT INTO RentalItem (ID, PurchaseOrder, Name, Price, Location, Quantity, Size, Availability, Status, Picture) VALUES (86, 8, 'Headlamp', 40.0, 'Gear Room C', 2, 'One Size', 'Available for checkout', 'AVAILABLE', 'headlamp.jpg');
INSERT INTO RentalItem (ID, PurchaseOrder, Name, Price, Location, Quantity, Size, Availability, Status, Picture) VALUES (87, 14, 'Backpack', 95.0, 'Gear Room B', 3, '40L', 'Available for checkout', 'AVAILABLE', 'backpack.jpg');
INSERT INTO RentalItem (ID, PurchaseOrder, Name, Price, Location, Quantity, Size, Availability, Status, Picture) VALUES (88, 3, 'Climbing Shoes', 85.0, 'Gear Room A', 3, '9', 'Status: CHECKED_OUT', 'CHECKED_OUT', 'climbing_shoes.jpg');
INSERT INTO RentalItem (ID, PurchaseOrder, Name, Price, Location, Quantity, Size, Availability, Status, Picture) VALUES (89, 10, 'Sleeping Bag', 140.0, 'Gear Room B', 2, 'Regular', 'Available for checkout', 'AVAILABLE', 'sleeping_bag.jpg');
INSERT INTO RentalItem (ID, PurchaseOrder, Name, Price, Location, Quantity, Size, Availability, Status, Picture) VALUES (90, 2, 'Camping Stove', 65.0, 'Gear Room B', 2, 'Single Burner', 'Status: DAMAGED', 'DAMAGED', 'camping_stove.jpg');
INSERT INTO RentalItem (ID, PurchaseOrder, Name, Price, Location, Quantity, Size, Availability, Status, Picture) VALUES (91, 1, 'Backpack', 95.0, 'Gear Room B', 3, '40L', 'Available for checkout', 'AVAILABLE', 'backpack.jpg');
INSERT INTO RentalItem (ID, PurchaseOrder, Name, Price, Location, Quantity, Size, Availability, Status, Picture) VALUES (92, 7, 'Ice Axe', 80.0, 'Gear Room A', 2, '70cm', 'Status: DEPRECATED', 'DEPRECATED', 'ice_axe.jpg');
INSERT INTO RentalItem (ID, PurchaseOrder, Name, Price, Location, Quantity, Size, Availability, Status, Picture) VALUES (93, 3, 'Climbing Rope', 200.0, 'Gear Room A', 2, '60m Dynamic', 'Available for checkout', 'AVAILABLE', 'climbing_rope.jpg');
INSERT INTO RentalItem (ID, PurchaseOrder, Name, Price, Location, Quantity, Size, Availability, Status, Picture) VALUES (94, 8, 'Climbing Shoes', 85.0, 'Gear Room A', 3, '12', 'Status: CHECKED_OUT', 'CHECKED_OUT', 'climbing_shoes.jpg');
INSERT INTO RentalItem (ID, PurchaseOrder, Name, Price, Location, Quantity, Size, Availability, Status, Picture) VALUES (95, 6, 'Crampons', 120.0, 'Gear Room A', 2, 'Small', 'Available for checkout', 'AVAILABLE', 'crampons.jpg');
INSERT INTO RentalItem (ID, PurchaseOrder, Name, Price, Location, Quantity, Size, Availability, Status, Picture) VALUES (96, 1, 'Climbing Rope', 200.0, 'Gear Room A', 1, '70m Dynamic', 'Available for checkout', 'AVAILABLE', 'climbing_rope.jpg');
INSERT INTO RentalItem (ID, PurchaseOrder, Name, Price, Location, Quantity, Size, Availability, Status, Picture) VALUES (97, 7, 'Crampons', 120.0, 'Gear Room A', 2, 'Small', 'Status: CHECKED_OUT', 'CHECKED_OUT', 'crampons.jpg');
INSERT INTO RentalItem (ID, PurchaseOrder, Name, Price, Location, Quantity, Size, Availability, Status, Picture) VALUES (98, 6, 'Sleeping Pad', 60.0, 'Gear Room B', 2, 'Long', 'Status: DAMAGED', 'DAMAGED', 'sleeping_pad.jpg');
INSERT INTO RentalItem (ID, PurchaseOrder, Name, Price, Location, Quantity, Size, Availability, Status, Picture) VALUES (99, 15, 'Crampons', 120.0, 'Gear Room A', 1, 'Medium', 'Available for checkout', 'AVAILABLE', 'crampons.jpg');
INSERT INTO RentalItem (ID, PurchaseOrder, Name, Price, Location, Quantity, Size, Availability, Status, Picture) VALUES (100, 10, 'Ice Axe', 80.0, 'Gear Room A', 1, '60cm', 'Available for checkout', 'AVAILABLE', 'ice_axe.jpg');
INSERT INTO RentalItem (ID, PurchaseOrder, Name, Price, Location, Quantity, Size, Availability, Status, Picture) VALUES (101, 2, 'Climbing Shoes', 85.0, 'Gear Room A', 3, '10', 'Available for checkout', 'AVAILABLE', 'climbing_shoes.jpg');
INSERT INTO RentalItem (ID, PurchaseOrder, Name, Price, Location, Quantity, Size, Availability, Status, Picture) VALUES (102, 8, 'Climbing Shoes', 85.0, 'Gear Room A', 1, '9', 'Status: DAMAGED', 'DAMAGED', 'climbing_shoes.jpg');
INSERT INTO RentalItem (ID, PurchaseOrder, Name, Price, Location, Quantity, Size, Availability, Status, Picture) VALUES (103, 8, 'Climbing Helmet', 50.0, 'Gear Room A', 3, 'One Size', 'Status: DAMAGED', 'DAMAGED', 'climbing_helmet.jpg');
INSERT INTO RentalItem (ID, PurchaseOrder, Name, Price, Location, Quantity, Size, Availability, Status, Picture) VALUES (104, 6, 'Climbing Rope', 200.0, 'Gear Room A', 1, '70m Dynamic', 'Available for checkout', 'AVAILABLE', 'climbing_rope.jpg');
INSERT INTO RentalItem (ID, PurchaseOrder, Name, Price, Location, Quantity, Size, Availability, Status, Picture) VALUES (105, 2, 'Crampons', 120.0, 'Gear Room A', 1, 'Small', 'Status: CHECKED_OUT', 'CHECKED_OUT', 'crampons.jpg');
INSERT INTO RentalItem (ID, PurchaseOrder, Name, Price, Location, Quantity, Size, Availability, Status, Picture) VALUES (106, 13, 'Ice Axe', 80.0, 'Gear Room A', 3, '60cm', 'Available for checkout', 'AVAILABLE', 'ice_axe.jpg');
INSERT INTO RentalItem (ID, PurchaseOrder, Name, Price, Location, Quantity, Size, Availability, Status, Picture) VALUES (107, 13, 'Climbing Helmet', 50.0, 'Gear Room A', 3, 'One Size', 'Available for checkout', 'AVAILABLE', 'climbing_helmet.jpg');
INSERT INTO RentalItem (ID, PurchaseOrder, Name, Price, Location, Quantity, Size, Availability, Status, Picture) VALUES (108, 9, 'Climbing Harness', 75.0, 'Gear Room A', 3, 'Medium', 'Available for checkout', 'AVAILABLE', 'climbing_harness.jpg');
INSERT INTO RentalItem (ID, PurchaseOrder, Name, Price, Location, Quantity, Size, Availability, Status, Picture) VALUES (109, 3, 'Backpack', 95.0, 'Gear Room B', 2, '40L', 'Status: CHECKED_OUT', 'CHECKED_OUT', 'backpack.jpg');
INSERT INTO RentalItem (ID, PurchaseOrder, Name, Price, Location, Quantity, Size, Availability, Status, Picture) VALUES (110, 8, 'Headlamp', 40.0, 'Gear Room C', 2, 'One Size', 'Status: CHECKED_OUT', 'CHECKED_OUT', 'headlamp.jpg');
INSERT INTO RentalItem (ID, PurchaseOrder, Name, Price, Location, Quantity, Size, Availability, Status, Picture) VALUES (111, 6, 'Sleeping Bag', 140.0, 'Gear Room B', 2, 'Regular', 'Available for checkout', 'AVAILABLE', 'sleeping_bag.jpg');
INSERT INTO RentalItem (ID, PurchaseOrder, Name, Price, Location, Quantity, Size, Availability, Status, Picture) VALUES (112, 1, 'Climbing Harness', 75.0, 'Gear Room A', 1, 'Large', 'Status: CHECKED_OUT', 'CHECKED_OUT', 'climbing_harness.jpg');
INSERT INTO RentalItem (ID, PurchaseOrder, Name, Price, Location, Quantity, Size, Availability, Status, Picture) VALUES (113, 9, 'Sleeping Bag', 140.0, 'Gear Room B', 3, 'Regular', 'Available for checkout', 'AVAILABLE', 'sleeping_bag.jpg');
INSERT INTO RentalItem (ID, PurchaseOrder, Name, Price, Location, Quantity, Size, Availability, Status, Picture) VALUES (114, 4, 'Climbing Shoes', 85.0, 'Gear Room A', 3, '6', 'Status: CHECKED_OUT', 'CHECKED_OUT', 'climbing_shoes.jpg');
INSERT INTO RentalItem (ID, PurchaseOrder, Name, Price, Location, Quantity, Size, Availability, Status, Picture) VALUES (115, 2, 'Headlamp', 40.0, 'Gear Room C', 1, 'One Size', 'Available for checkout', 'AVAILABLE', 'headlamp.jpg');
INSERT INTO RentalItem (ID, PurchaseOrder, Name, Price, Location, Quantity, Size, Availability, Status, Picture) VALUES (116, 11, 'Climbing Rope', 200.0, 'Gear Room A', 2, '60m Dynamic', 'Available for checkout', 'AVAILABLE', 'climbing_rope.jpg');
INSERT INTO RentalItem (ID, PurchaseOrder, Name, Price, Location, Quantity, Size, Availability, Status, Picture) VALUES (117, 13, 'Tent', 180.0, 'Gear Room B', 1, '2-Person', 'Available for checkout', 'AVAILABLE', 'tent.jpg');
INSERT INTO RentalItem (ID, PurchaseOrder, Name, Price, Location, Quantity, Size, Availability, Status, Picture) VALUES (118, 4, 'Tent', 180.0, 'Gear Room B', 2, '4-Person', 'Available for checkout', 'AVAILABLE', 'tent.jpg');
INSERT INTO RentalItem (ID, PurchaseOrder, Name, Price, Location, Quantity, Size, Availability, Status, Picture) VALUES (119, 3, 'Crampons', 120.0, 'Gear Room A', 3, 'Large', 'Available for checkout', 'AVAILABLE', 'crampons.jpg');
INSERT INTO RentalItem (ID, PurchaseOrder, Name, Price, Location, Quantity, Size, Availability, Status, Picture) VALUES (120, 2, 'Tent', 180.0, 'Gear Room B', 2, '4-Person', 'Status: CHECKED_OUT', 'CHECKED_OUT', 'tent.jpg');
INSERT INTO RentalItem (ID, PurchaseOrder, Name, Price, Location, Quantity, Size, Availability, Status, Picture) VALUES (121, 8, 'Climbing Harness', 75.0, 'Gear Room A', 1, 'Small', 'Available for checkout', 'AVAILABLE', 'climbing_harness.jpg');
INSERT INTO RentalItem (ID, PurchaseOrder, Name, Price, Location, Quantity, Size, Availability, Status, Picture) VALUES (122, 8, 'Climbing Helmet', 50.0, 'Gear Room A', 1, 'One Size', 'Available for checkout', 'AVAILABLE', 'climbing_helmet.jpg');
INSERT INTO RentalItem (ID, PurchaseOrder, Name, Price, Location, Quantity, Size, Availability, Status, Picture) VALUES (123, 7, 'Climbing Shoes', 85.0, 'Gear Room A', 3, '8', 'Available for checkout', 'AVAILABLE', 'climbing_shoes.jpg');
INSERT INTO RentalItem (ID, PurchaseOrder, Name, Price, Location, Quantity, Size, Availability, Status, Picture) VALUES (124, 4, 'Climbing Helmet', 50.0, 'Gear Room A', 3, 'One Size', 'Available for checkout', 'AVAILABLE', 'climbing_helmet.jpg');
INSERT INTO RentalItem (ID, PurchaseOrder, Name, Price, Location, Quantity, Size, Availability, Status, Picture) VALUES (125, 5, 'Backpack', 95.0, 'Gear Room B', 3, '40L', 'Available for checkout', 'AVAILABLE', 'backpack.jpg');
INSERT INTO RentalItem (ID, PurchaseOrder, Name, Price, Location, Quantity, Size, Availability, Status, Picture) VALUES (126, 13, 'Tent', 180.0, 'Gear Room B', 2, '4-Person', 'Available for checkout', 'AVAILABLE', 'tent.jpg');
INSERT INTO RentalItem (ID, PurchaseOrder, Name, Price, Location, Quantity, Size, Availability, Status, Picture) VALUES (127, 14, 'Sleeping Pad', 60.0, 'Gear Room B', 3, 'Long', 'Status: CHECKED_OUT', 'CHECKED_OUT', 'sleeping_pad.jpg');
INSERT INTO RentalItem (ID, PurchaseOrder, Name, Price, Location, Quantity, Size, Availability, Status, Picture) VALUES (128, 3, 'Tent', 180.0, 'Gear Room B', 2, '4-Person', 'Status: CHECKED_OUT', 'CHECKED_OUT', 'tent.jpg');
INSERT INTO RentalItem (ID, PurchaseOrder, Name, Price, Location, Quantity, Size, Availability, Status, Picture) VALUES (129, 8, 'Crampons', 120.0, 'Gear Room A', 1, 'Small', 'Status: CHECKED_OUT', 'CHECKED_OUT', 'crampons.jpg');
INSERT INTO RentalItem (ID, PurchaseOrder, Name, Price, Location, Quantity, Size, Availability, Status, Picture) VALUES (130, 5, 'Climbing Rope', 200.0, 'Gear Room A', 3, '60m Dynamic', 'Status: CHECKED_OUT', 'CHECKED_OUT', 'climbing_rope.jpg');
INSERT INTO RentalItem (ID, PurchaseOrder, Name, Price, Location, Quantity, Size, Availability, Status, Picture) VALUES (131, 5, 'Climbing Helmet', 50.0, 'Gear Room A', 1, 'One Size', 'Status: DAMAGED', 'DAMAGED', 'climbing_helmet.jpg');
INSERT INTO RentalItem (ID, PurchaseOrder, Name, Price, Location, Quantity, Size, Availability, Status, Picture) VALUES (132, 3, 'Tent', 180.0, 'Gear Room B', 2, '4-Person', 'Available for checkout', 'AVAILABLE', 'tent.jpg');
INSERT INTO RentalItem (ID, PurchaseOrder, Name, Price, Location, Quantity, Size, Availability, Status, Picture) VALUES (133, 14, 'Climbing Helmet', 50.0, 'Gear Room A', 1, 'One Size', 'Status: CHECKED_OUT', 'CHECKED_OUT', 'climbing_helmet.jpg');
INSERT INTO RentalItem (ID, PurchaseOrder, Name, Price, Location, Quantity, Size, Availability, Status, Picture) VALUES (134, 3, 'Tent', 180.0, 'Gear Room B', 2, '4-Person', 'Available for checkout', 'AVAILABLE', 'tent.jpg');
INSERT INTO RentalItem (ID, PurchaseOrder, Name, Price, Location, Quantity, Size, Availability, Status, Picture) VALUES (135, 13, 'Climbing Rope', 200.0, 'Gear Room A', 1, '60m Dynamic', 'Status: DEPRECATED', 'DEPRECATED', 'climbing_rope.jpg');
INSERT INTO RentalItem (ID, PurchaseOrder, Name, Price, Location, Quantity, Size, Availability, Status, Picture) VALUES (136, 2, 'Camping Stove', 65.0, 'Gear Room B', 1, 'Single Burner', 'Status: CHECKED_OUT', 'CHECKED_OUT', 'camping_stove.jpg');
INSERT INTO RentalItem (ID, PurchaseOrder, Name, Price, Location, Quantity, Size, Availability, Status, Picture) VALUES (137, 14, 'Camping Stove', 65.0, 'Gear Room B', 3, 'Double Burner', 'Available for checkout', 'AVAILABLE', 'camping_stove.jpg');
INSERT INTO RentalItem (ID, PurchaseOrder, Name, Price, Location, Quantity, Size, Availability, Status, Picture) VALUES (138, 8, 'Climbing Rope', 200.0, 'Gear Room A', 3, '60m Dynamic', 'Status: CHECKED_OUT', 'CHECKED_OUT', 'climbing_rope.jpg');
INSERT INTO RentalItem (ID, PurchaseOrder, Name, Price, Location, Quantity, Size, Availability, Status, Picture) VALUES (139, 13, 'Climbing Harness', 75.0, 'Gear Room A', 2, 'Large', 'Status: DAMAGED', 'DAMAGED', 'climbing_harness.jpg');
INSERT INTO RentalItem (ID, PurchaseOrder, Name, Price, Location, Quantity, Size, Availability, Status, Picture) VALUES (140, 8, 'Climbing Shoes', 85.0, 'Gear Room A', 1, '9', 'Available for checkout', 'AVAILABLE', 'climbing_shoes.jpg');
INSERT INTO RentalItem (ID, PurchaseOrder, Name, Price, Location, Quantity, Size, Availability, Status, Picture) VALUES (141, 6, 'Backpack', 95.0, 'Gear Room B', 3, '50L', 'Available for checkout', 'AVAILABLE', 'backpack.jpg');
INSERT INTO RentalItem (ID, PurchaseOrder, Name, Price, Location, Quantity, Size, Availability, Status, Picture) VALUES (142, 7, 'Backpack', 95.0, 'Gear Room B', 3, '60L', 'Available for checkout', 'AVAILABLE', 'backpack.jpg');
INSERT INTO RentalItem (ID, PurchaseOrder, Name, Price, Location, Quantity, Size, Availability, Status, Picture) VALUES (143, 4, 'Climbing Shoes', 85.0, 'Gear Room A', 3, '12', 'Available for checkout', 'AVAILABLE', 'climbing_shoes.jpg');
INSERT INTO RentalItem (ID, PurchaseOrder, Name, Price, Location, Quantity, Size, Availability, Status, Picture) VALUES (144, 5, 'Climbing Helmet', 50.0, 'Gear Room A', 1, 'One Size', 'Available for checkout', 'AVAILABLE', 'climbing_helmet.jpg');
INSERT INTO RentalItem (ID, PurchaseOrder, Name, Price, Location, Quantity, Size, Availability, Status, Picture) VALUES (145, 4, 'Backpack', 95.0, 'Gear Room B', 3, '60L', 'Available for checkout', 'AVAILABLE', 'backpack.jpg');
INSERT INTO RentalItem (ID, PurchaseOrder, Name, Price, Location, Quantity, Size, Availability, Status, Picture) VALUES (146, 7, 'Backpack', 95.0, 'Gear Room B', 3, '40L', 'Status: CHECKED_OUT', 'CHECKED_OUT', 'backpack.jpg');
INSERT INTO RentalItem (ID, PurchaseOrder, Name, Price, Location, Quantity, Size, Availability, Status, Picture) VALUES (147, 5, 'Headlamp', 40.0, 'Gear Room C', 2, 'One Size', 'Available for checkout', 'AVAILABLE', 'headlamp.jpg');
INSERT INTO RentalItem (ID, PurchaseOrder, Name, Price, Location, Quantity, Size, Availability, Status, Picture) VALUES (148, 5, 'Tent', 180.0, 'Gear Room B', 1, '4-Person', 'Status: CHECKED_OUT', 'CHECKED_OUT', 'tent.jpg');
INSERT INTO RentalItem (ID, PurchaseOrder, Name, Price, Location, Quantity, Size, Availability, Status, Picture) VALUES (149, 9, 'Camping Stove', 65.0, 'Gear Room B', 3, 'Single Burner', 'Available for checkout', 'AVAILABLE', 'camping_stove.jpg');

-- 🛍️ MERCHANDISE
INSERT INTO MerchItem (ID, PurchaseOrder, Price, Quantity, Name, Description, Location) VALUES (50, 12, 10.0, 39, 'Club Pin', 'Enamel pin with mountain design', 'Merch Storage');
INSERT INTO MerchItem (ID, PurchaseOrder, Price, Quantity, Name, Description, Location) VALUES (51, 11, 10.0, 7, 'Club Pin', 'Enamel pin with mountain design', 'Merch Storage');
INSERT INTO MerchItem (ID, PurchaseOrder, Price, Quantity, Name, Description, Location) VALUES (52, 3, 10.0, 48, 'Club Pin', 'Enamel pin with mountain design', 'Merch Storage');
INSERT INTO MerchItem (ID, PurchaseOrder, Price, Quantity, Name, Description, Location) VALUES (53, 12, 42.0, 10, 'Club Hoodie', 'Warm fleece hoodie with embroidered logo', 'Merch Storage');
INSERT INTO MerchItem (ID, PurchaseOrder, Price, Quantity, Name, Description, Location) VALUES (54, 7, 18.0, 30, 'Water Bottle', 'Insulated stainless steel bottle', 'Merch Storage');
INSERT INTO MerchItem (ID, PurchaseOrder, Price, Quantity, Name, Description, Location) VALUES (55, 10, 22.0, 45, 'Club T-Shirt', 'Soft cotton t-shirt with club logo', 'Merch Storage');
INSERT INTO MerchItem (ID, PurchaseOrder, Price, Quantity, Name, Description, Location) VALUES (56, 6, 25.0, 19, 'Club Hat', 'Adjustable baseball cap with logo', 'Merch Storage');
INSERT INTO MerchItem (ID, PurchaseOrder, Price, Quantity, Name, Description, Location) VALUES (57, 11, 16.0, 21, 'Club Mug', 'Ceramic mug perfect for camp coffee', 'Merch Storage');
INSERT INTO MerchItem (ID, PurchaseOrder, Price, Quantity, Name, Description, Location) VALUES (58, 14, 10.0, 37, 'Club Pin', 'Enamel pin with mountain design', 'Merch Storage');
INSERT INTO MerchItem (ID, PurchaseOrder, Price, Quantity, Name, Description, Location) VALUES (59, 12, 16.0, 30, 'Club Mug', 'Ceramic mug perfect for camp coffee', 'Merch Storage');
INSERT INTO MerchItem (ID, PurchaseOrder, Price, Quantity, Name, Description, Location) VALUES (60, 15, 42.0, 35, 'Club Hoodie', 'Warm fleece hoodie with embroidered logo', 'Merch Storage');
INSERT INTO MerchItem (ID, PurchaseOrder, Price, Quantity, Name, Description, Location) VALUES (61, 4, 10.0, 7, 'Club Pin', 'Enamel pin with mountain design', 'Merch Storage');
INSERT INTO MerchItem (ID, PurchaseOrder, Price, Quantity, Name, Description, Location) VALUES (62, 4, 5.0, 39, 'Club Stickers', 'Weather-resistant vinyl sticker pack', 'Merch Storage');
INSERT INTO MerchItem (ID, PurchaseOrder, Price, Quantity, Name, Description, Location) VALUES (63, 10, 22.0, 22, 'Club T-Shirt', 'Soft cotton t-shirt with club logo', 'Merch Storage');
INSERT INTO MerchItem (ID, PurchaseOrder, Price, Quantity, Name, Description, Location) VALUES (64, 7, 42.0, 31, 'Club Hoodie', 'Warm fleece hoodie with embroidered logo', 'Merch Storage');
INSERT INTO MerchItem (ID, PurchaseOrder, Price, Quantity, Name, Description, Location) VALUES (65, 12, 8.0, 33, 'Club Patch', 'Iron-on embroidered patch', 'Merch Storage');
INSERT INTO MerchItem (ID, PurchaseOrder, Price, Quantity, Name, Description, Location) VALUES (66, 9, 42.0, 35, 'Club Hoodie', 'Warm fleece hoodie with embroidered logo', 'Merch Storage');
INSERT INTO MerchItem (ID, PurchaseOrder, Price, Quantity, Name, Description, Location) VALUES (67, 11, 20.0, 25, 'Club Buff', 'Versatile neck gaiter with logo', 'Merch Storage');
INSERT INTO MerchItem (ID, PurchaseOrder, Price, Quantity, Name, Description, Location) VALUES (68, 2, 8.0, 41, 'Club Patch', 'Iron-on embroidered patch', 'Merch Storage');
INSERT INTO MerchItem (ID, PurchaseOrder, Price, Quantity, Name, Description, Location) VALUES (69, 6, 18.0, 17, 'Water Bottle', 'Insulated stainless steel bottle', 'Merch Storage');
INSERT INTO MerchItem (ID, PurchaseOrder, Price, Quantity, Name, Description, Location) VALUES (70, 9, 12.0, 33, 'Club Notebook', 'Weather-resistant field notebook', 'Merch Storage');
INSERT INTO MerchItem (ID, PurchaseOrder, Price, Quantity, Name, Description, Location) VALUES (71, 4, 22.0, 33, 'Club T-Shirt', 'Soft cotton t-shirt with club logo', 'Merch Storage');
INSERT INTO MerchItem (ID, PurchaseOrder, Price, Quantity, Name, Description, Location) VALUES (72, 1, 12.0, 13, 'Club Notebook', 'Weather-resistant field notebook', 'Merch Storage');
INSERT INTO MerchItem (ID, PurchaseOrder, Price, Quantity, Name, Description, Location) VALUES (73, 12, 5.0, 36, 'Club Stickers', 'Weather-resistant vinyl sticker pack', 'Merch Storage');
INSERT INTO MerchItem (ID, PurchaseOrder, Price, Quantity, Name, Description, Location) VALUES (74, 5, 5.0, 13, 'Club Stickers', 'Weather-resistant vinyl sticker pack', 'Merch Storage');
INSERT INTO MerchItem (ID, PurchaseOrder, Price, Quantity, Name, Description, Location) VALUES (75, 9, 42.0, 29, 'Club Hoodie', 'Warm fleece hoodie with embroidered logo', 'Merch Storage');
INSERT INTO MerchItem (ID, PurchaseOrder, Price, Quantity, Name, Description, Location) VALUES (76, 13, 16.0, 31, 'Club Mug', 'Ceramic mug perfect for camp coffee', 'Merch Storage');
INSERT INTO MerchItem (ID, PurchaseOrder, Price, Quantity, Name, Description, Location) VALUES (77, 6, 10.0, 16, 'Club Pin', 'Enamel pin with mountain design', 'Merch Storage');
INSERT INTO MerchItem (ID, PurchaseOrder, Price, Quantity, Name, Description, Location) VALUES (78, 14, 8.0, 15, 'Club Patch', 'Iron-on embroidered patch', 'Merch Storage');
INSERT INTO MerchItem (ID, PurchaseOrder, Price, Quantity, Name, Description, Location) VALUES (79, 4, 20.0, 44, 'Club Buff', 'Versatile neck gaiter with logo', 'Merch Storage');
INSERT INTO MerchItem (ID, PurchaseOrder, Price, Quantity, Name, Description, Location) VALUES (80, 14, 5.0, 23, 'Club Stickers', 'Weather-resistant vinyl sticker pack', 'Merch Storage');
INSERT INTO MerchItem (ID, PurchaseOrder, Price, Quantity, Name, Description, Location) VALUES (81, 9, 8.0, 27, 'Club Patch', 'Iron-on embroidered patch', 'Merch Storage');
INSERT INTO MerchItem (ID, PurchaseOrder, Price, Quantity, Name, Description, Location) VALUES (82, 12, 12.0, 34, 'Club Notebook', 'Weather-resistant field notebook', 'Merch Storage');
INSERT INTO MerchItem (ID, PurchaseOrder, Price, Quantity, Name, Description, Location) VALUES (83, 15, 12.0, 36, 'Club Notebook', 'Weather-resistant field notebook', 'Merch Storage');
INSERT INTO MerchItem (ID, PurchaseOrder, Price, Quantity, Name, Description, Location) VALUES (84, 5, 10.0, 46, 'Club Pin', 'Enamel pin with mountain design', 'Merch Storage');
INSERT INTO MerchItem (ID, PurchaseOrder, Price, Quantity, Name, Description, Location) VALUES (85, 3, 5.0, 17, 'Club Stickers', 'Weather-resistant vinyl sticker pack', 'Merch Storage');
INSERT INTO MerchItem (ID, PurchaseOrder, Price, Quantity, Name, Description, Location) VALUES (86, 14, 12.0, 14, 'Club Notebook', 'Weather-resistant field notebook', 'Merch Storage');
INSERT INTO MerchItem (ID, PurchaseOrder, Price, Quantity, Name, Description, Location) VALUES (87, 4, 18.0, 9, 'Water Bottle', 'Insulated stainless steel bottle', 'Merch Storage');
INSERT INTO MerchItem (ID, PurchaseOrder, Price, Quantity, Name, Description, Location) VALUES (88, 7, 25.0, 16, 'Club Hat', 'Adjustable baseball cap with logo', 'Merch Storage');
INSERT INTO MerchItem (ID, PurchaseOrder, Price, Quantity, Name, Description, Location) VALUES (89, 6, 10.0, 48, 'Club Pin', 'Enamel pin with mountain design', 'Merch Storage');

-- ✅ End of generated fake data
