-- 🎭 Generated Fake Data for ClubStack Database
-- Generated on: 2025-08-07 15:28:14
-- Run this file against your ClubStack database to populate with fake data
USE ClubStack;
-- 👥 MEMBERS
INSERT INTO Member (ID, FirstName, LastName, PreferredName, GraduationYear, IsGradStudent, ActivationDate, CarPlate, CarState, CarPassCount, EmerContactName, EmerContactPhone) VALUES (100, 'Erika', 'Hernandez', 'Erika', 2025, FALSE, '2023-12-15', '2D X7152', 'PW', 5, 'Tyler Jones', '001-339-896-5871x08312');
INSERT INTO Member (ID, FirstName, LastName, PreferredName, GraduationYear, IsGradStudent, ActivationDate, CarPlate, CarState, CarPassCount, EmerContactName, EmerContactPhone) VALUES (101, 'Erik', 'Oliver', 'Erik', 2025, FALSE, '2025-07-18', 'OOK 916', 'KY', 0, 'Jason Cameron', '001-467-318-0407x5248');
INSERT INTO Member (ID, FirstName, LastName, PreferredName, GraduationYear, IsGradStudent, ActivationDate, CarPlate, CarState, CarPassCount, EmerContactName, EmerContactPhone) VALUES (102, 'David', 'Vasquez', 'David', 2026, FALSE, '2024-02-12', NULL, NULL, 0, 'Sharon Klein', '303.474.8177x66721');
INSERT INTO Member (ID, FirstName, LastName, PreferredName, GraduationYear, IsGradStudent, ActivationDate, CarPlate, CarState, CarPassCount, EmerContactName, EmerContactPhone) VALUES (103, 'Susan', 'Young', 'Susan', 2024, TRUE, '2024-12-17', 'SQU6922', 'MI', 2, 'Eric Macdonald', '+1-982-500-1201');
INSERT INTO Member (ID, FirstName, LastName, PreferredName, GraduationYear, IsGradStudent, ActivationDate, CarPlate, CarState, CarPassCount, EmerContactName, EmerContactPhone) VALUES (104, 'Jennifer', 'Copeland', 'Jennifer', 2027, TRUE, '2024-03-29', NULL, NULL, 0, 'Melissa Stark', '001-985-218-8124x519');
INSERT INTO Member (ID, FirstName, LastName, PreferredName, GraduationYear, IsGradStudent, ActivationDate, CarPlate, CarState, CarPassCount, EmerContactName, EmerContactPhone) VALUES (105, 'Anthony', 'Jones', 'Brian', 2024, FALSE, '2023-10-06', '671 FAR', 'MD', 0, 'Kayla Buckley', '+1-805-258-8208x290');
INSERT INTO Member (ID, FirstName, LastName, PreferredName, GraduationYear, IsGradStudent, ActivationDate, CarPlate, CarState, CarPassCount, EmerContactName, EmerContactPhone) VALUES (106, 'Raymond', 'Owen', 'Raymond', 2025, FALSE, '2025-04-19', 'HVL 010', 'WA', 1, 'Marcus Hoffman', '001-365-858-0676');
INSERT INTO Member (ID, FirstName, LastName, PreferredName, GraduationYear, IsGradStudent, ActivationDate, CarPlate, CarState, CarPassCount, EmerContactName, EmerContactPhone) VALUES (107, 'Richard', 'Thompson', 'Dale', 2025, TRUE, '2024-09-10', NULL, NULL, 0, 'Kylie Holt', '(279)778-3145');
INSERT INTO Member (ID, FirstName, LastName, PreferredName, GraduationYear, IsGradStudent, ActivationDate, CarPlate, CarState, CarPassCount, EmerContactName, EmerContactPhone) VALUES (108, 'Jeremy', 'Carpenter', 'Stephanie', 2025, FALSE, '2024-05-16', NULL, NULL, 0, 'Courtney Cannon', '+1-427-498-8893x581');
INSERT INTO Member (ID, FirstName, LastName, PreferredName, GraduationYear, IsGradStudent, ActivationDate, CarPlate, CarState, CarPassCount, EmerContactName, EmerContactPhone) VALUES (109, 'Tricia', 'Lee', 'Richard', 2028, TRUE, '2024-03-14', '6M 58021', 'TN', 5, 'Manuel Stephens', '312-895-1894');
INSERT INTO Member (ID, FirstName, LastName, PreferredName, GraduationYear, IsGradStudent, ActivationDate, CarPlate, CarState, CarPassCount, EmerContactName, EmerContactPhone) VALUES (110, 'April', 'Anthony', 'April', 2026, TRUE, '2025-05-29', '9H 9R7NZE', 'CA', 0, 'Michael Armstrong', '852-216-1432x8808');
INSERT INTO Member (ID, FirstName, LastName, PreferredName, GraduationYear, IsGradStudent, ActivationDate, CarPlate, CarState, CarPassCount, EmerContactName, EmerContactPhone) VALUES (111, 'Edward', 'Torres', 'Edward', 2028, TRUE, '2025-04-07', 'CHN 772', 'TX', 5, 'Kathryn Gallegos', '+1-964-940-9599');
INSERT INTO Member (ID, FirstName, LastName, PreferredName, GraduationYear, IsGradStudent, ActivationDate, CarPlate, CarState, CarPassCount, EmerContactName, EmerContactPhone) VALUES (112, 'Heather', 'Thomas', 'Heather', 2027, FALSE, '2025-01-24', 'QUT-0301', 'UT', 5, 'Cheryl Holmes', '+1-731-393-9158x3936');
INSERT INTO Member (ID, FirstName, LastName, PreferredName, GraduationYear, IsGradStudent, ActivationDate, CarPlate, CarState, CarPassCount, EmerContactName, EmerContactPhone) VALUES (113, 'Gregory', 'Underwood', 'Gregory', 2024, FALSE, '2025-06-23', NULL, NULL, 0, 'Lisa Mckay', '716-949-9151x519');
INSERT INTO Member (ID, FirstName, LastName, PreferredName, GraduationYear, IsGradStudent, ActivationDate, CarPlate, CarState, CarPassCount, EmerContactName, EmerContactPhone) VALUES (114, 'Jennifer', 'Hansen', 'Justin', 2026, FALSE, '2024-06-09', '12E 9942', 'IA', 1, 'Sean Mullins IV', '+1-575-919-9703x3389');
INSERT INTO Member (ID, FirstName, LastName, PreferredName, GraduationYear, IsGradStudent, ActivationDate, CarPlate, CarState, CarPassCount, EmerContactName, EmerContactPhone) VALUES (115, 'Michael', 'Morris', 'Michael', 2027, TRUE, '2024-10-09', NULL, NULL, 0, 'Pamela Scott', '280.403.8838');
INSERT INTO Member (ID, FirstName, LastName, PreferredName, GraduationYear, IsGradStudent, ActivationDate, CarPlate, CarState, CarPassCount, EmerContactName, EmerContactPhone) VALUES (116, 'Rebecca', 'Aguirre', 'Rebecca', 2025, TRUE, '2024-09-02', '4J Q7522', 'NE', 4, 'Kenneth Jones', '858.487.6114');
INSERT INTO Member (ID, FirstName, LastName, PreferredName, GraduationYear, IsGradStudent, ActivationDate, CarPlate, CarState, CarPassCount, EmerContactName, EmerContactPhone) VALUES (117, 'Michael', 'James', 'Michael', 2027, FALSE, '2024-05-31', '36M O35', 'HI', 4, 'Aaron Miles', '642.472.2953x116');
INSERT INTO Member (ID, FirstName, LastName, PreferredName, GraduationYear, IsGradStudent, ActivationDate, CarPlate, CarState, CarPassCount, EmerContactName, EmerContactPhone) VALUES (118, 'Shane', 'Johnston', 'Shane', 2024, FALSE, '2024-04-04', '058-CTB', 'HI', 3, 'Michelle Hanson', '456-704-8088x666');
INSERT INTO Member (ID, FirstName, LastName, PreferredName, GraduationYear, IsGradStudent, ActivationDate, CarPlate, CarState, CarPassCount, EmerContactName, EmerContactPhone) VALUES (119, 'Kim', 'Ray', 'Kim', 2026, FALSE, '2023-08-28', '9-H1984', 'AR', 1, 'Kelsey Mitchell', '+1-988-214-2299');
INSERT INTO Member (ID, FirstName, LastName, PreferredName, GraduationYear, IsGradStudent, ActivationDate, CarPlate, CarState, CarPassCount, EmerContactName, EmerContactPhone) VALUES (120, 'Amanda', 'English', 'Amanda', 2024, FALSE, '2025-01-21', '893 5YZ', 'AR', 5, 'Karen Carson', '(452)790-7322');
INSERT INTO Member (ID, FirstName, LastName, PreferredName, GraduationYear, IsGradStudent, ActivationDate, CarPlate, CarState, CarPassCount, EmerContactName, EmerContactPhone) VALUES (121, 'Tim', 'Jones', 'Peter', 2027, FALSE, '2023-12-21', NULL, NULL, 0, 'Shawn Smith', '(990)612-8877x30713');
INSERT INTO Member (ID, FirstName, LastName, PreferredName, GraduationYear, IsGradStudent, ActivationDate, CarPlate, CarState, CarPassCount, EmerContactName, EmerContactPhone) VALUES (122, 'Anna', 'Austin', 'Brittany', 2025, FALSE, '2024-02-04', 'IVL 320', 'MN', 2, 'Jacob Brown', '(685)579-6889');
INSERT INTO Member (ID, FirstName, LastName, PreferredName, GraduationYear, IsGradStudent, ActivationDate, CarPlate, CarState, CarPassCount, EmerContactName, EmerContactPhone) VALUES (123, 'Brendan', 'Phillips', 'Brendan', 2028, FALSE, '2024-02-07', NULL, NULL, 0, 'Mr. Michael Tucker', '(458)500-7809x37443');
INSERT INTO Member (ID, FirstName, LastName, PreferredName, GraduationYear, IsGradStudent, ActivationDate, CarPlate, CarState, CarPassCount, EmerContactName, EmerContactPhone) VALUES (124, 'Linda', 'Stevens', 'Linda', 2027, FALSE, '2024-04-16', NULL, NULL, 0, 'Christine Lee', '283.498.5359');
INSERT INTO Member (ID, FirstName, LastName, PreferredName, GraduationYear, IsGradStudent, ActivationDate, CarPlate, CarState, CarPassCount, EmerContactName, EmerContactPhone) VALUES (125, 'George', 'Smith', 'Ana', 2026, FALSE, '2025-08-01', '9-V3490', 'AS', 1, 'Dustin Gilbert', '537.292.0414x056');
INSERT INTO Member (ID, FirstName, LastName, PreferredName, GraduationYear, IsGradStudent, ActivationDate, CarPlate, CarState, CarPassCount, EmerContactName, EmerContactPhone) VALUES (126, 'Justin', 'Robbins', 'Justin', 2026, FALSE, '2024-03-21', 'OQ 71232', 'WA', 4, 'Richard Mcclain', '+1-602-888-9530');
INSERT INTO Member (ID, FirstName, LastName, PreferredName, GraduationYear, IsGradStudent, ActivationDate, CarPlate, CarState, CarPassCount, EmerContactName, EmerContactPhone) VALUES (127, 'Rachel', 'Wilson', 'Rachel', 2028, TRUE, '2024-11-22', 'QBY 723', 'NV', 2, 'Dale Richard', '460.326.5845');
INSERT INTO Member (ID, FirstName, LastName, PreferredName, GraduationYear, IsGradStudent, ActivationDate, CarPlate, CarState, CarPassCount, EmerContactName, EmerContactPhone) VALUES (128, 'Peter', 'Scott', 'Peter', 2024, FALSE, '2023-11-13', NULL, NULL, 0, 'Austin Collins', '6886648005');
INSERT INTO Member (ID, FirstName, LastName, PreferredName, GraduationYear, IsGradStudent, ActivationDate, CarPlate, CarState, CarPassCount, EmerContactName, EmerContactPhone) VALUES (129, 'Kimberly', 'Mccarthy', 'Kimberly', 2028, FALSE, '2025-04-13', 'NJ-2096', 'RI', 5, 'Thomas Hudson', '(732)428-0909');
INSERT INTO Member (ID, FirstName, LastName, PreferredName, GraduationYear, IsGradStudent, ActivationDate, CarPlate, CarState, CarPassCount, EmerContactName, EmerContactPhone) VALUES (130, 'Tony', 'Kim', 'Tony', 2026, FALSE, '2025-05-23', '45C NG9', 'LA', 2, 'Tara Maxwell', '+1-817-677-9966x674');
INSERT INTO Member (ID, FirstName, LastName, PreferredName, GraduationYear, IsGradStudent, ActivationDate, CarPlate, CarState, CarPassCount, EmerContactName, EmerContactPhone) VALUES (131, 'Sharon', 'Morrow', 'Sharon', 2028, TRUE, '2025-04-04', '218-SRO', 'PW', 5, 'David Hall', '(511)691-4608x9444');
INSERT INTO Member (ID, FirstName, LastName, PreferredName, GraduationYear, IsGradStudent, ActivationDate, CarPlate, CarState, CarPassCount, EmerContactName, EmerContactPhone) VALUES (132, 'Rita', 'Montgomery', 'Timothy', 2028, TRUE, '2025-03-05', NULL, NULL, 0, 'Mark Williams', '001-949-495-3889x0109');
INSERT INTO Member (ID, FirstName, LastName, PreferredName, GraduationYear, IsGradStudent, ActivationDate, CarPlate, CarState, CarPassCount, EmerContactName, EmerContactPhone) VALUES (133, 'Carrie', 'Joseph', 'Carrie', 2027, FALSE, '2024-02-09', NULL, NULL, 0, 'Joseph Becker', '2949246724');
INSERT INTO Member (ID, FirstName, LastName, PreferredName, GraduationYear, IsGradStudent, ActivationDate, CarPlate, CarState, CarPassCount, EmerContactName, EmerContactPhone) VALUES (134, 'Matthew', 'Sanders', 'Andrew', 2026, FALSE, '2023-12-26', '29I 9042', 'MI', 4, 'Alicia Hall', '929.723.1348x6812');
INSERT INTO Member (ID, FirstName, LastName, PreferredName, GraduationYear, IsGradStudent, ActivationDate, CarPlate, CarState, CarPassCount, EmerContactName, EmerContactPhone) VALUES (135, 'Ann', 'Wood', 'Ann', 2025, FALSE, '2024-07-13', '09D B43', 'GA', 2, 'Tiffany Ruiz', '(872)663-6902');
INSERT INTO Member (ID, FirstName, LastName, PreferredName, GraduationYear, IsGradStudent, ActivationDate, CarPlate, CarState, CarPassCount, EmerContactName, EmerContactPhone) VALUES (136, 'Austin', 'Goodman', 'Austin', 2024, FALSE, '2024-11-21', NULL, NULL, 0, 'Jacob Cannon', '+1-426-204-4021');
INSERT INTO Member (ID, FirstName, LastName, PreferredName, GraduationYear, IsGradStudent, ActivationDate, CarPlate, CarState, CarPassCount, EmerContactName, EmerContactPhone) VALUES (137, 'Krystal', 'Tyler', 'Stephen', 2025, FALSE, '2023-08-29', '67D 7280', 'WA', 0, 'Jaime Scott', '409-252-5422x6000');
INSERT INTO Member (ID, FirstName, LastName, PreferredName, GraduationYear, IsGradStudent, ActivationDate, CarPlate, CarState, CarPassCount, EmerContactName, EmerContactPhone) VALUES (138, 'Michael', 'Hernandez', 'Breanna', 2028, FALSE, '2025-05-29', NULL, NULL, 0, 'Alexis Moore', '001-363-755-5139x1524');
INSERT INTO Member (ID, FirstName, LastName, PreferredName, GraduationYear, IsGradStudent, ActivationDate, CarPlate, CarState, CarPassCount, EmerContactName, EmerContactPhone) VALUES (139, 'Bryan', 'Wilson', 'Grant', 2026, FALSE, '2024-08-31', 'XYU-2444', 'ME', 1, 'Jennifer Wilkerson', '+1-778-940-9696x909');
INSERT INTO Member (ID, FirstName, LastName, PreferredName, GraduationYear, IsGradStudent, ActivationDate, CarPlate, CarState, CarPassCount, EmerContactName, EmerContactPhone) VALUES (140, 'Kenneth', 'Fisher', 'Kenneth', 2026, FALSE, '2025-07-15', NULL, NULL, 0, 'Patrick Mason', '001-857-984-7264');
INSERT INTO Member (ID, FirstName, LastName, PreferredName, GraduationYear, IsGradStudent, ActivationDate, CarPlate, CarState, CarPassCount, EmerContactName, EmerContactPhone) VALUES (141, 'Laura', 'Nunez', 'Laura', 2028, FALSE, '2023-08-09', NULL, NULL, 0, 'Billy Thompson', '408.346.7535x6197');
INSERT INTO Member (ID, FirstName, LastName, PreferredName, GraduationYear, IsGradStudent, ActivationDate, CarPlate, CarState, CarPassCount, EmerContactName, EmerContactPhone) VALUES (142, 'Gary', 'Stafford', 'Dawn', 2024, FALSE, '2024-08-24', NULL, NULL, 0, 'Jennifer Figueroa', '983-755-3662');
INSERT INTO Member (ID, FirstName, LastName, PreferredName, GraduationYear, IsGradStudent, ActivationDate, CarPlate, CarState, CarPassCount, EmerContactName, EmerContactPhone) VALUES (143, 'Kimberly', 'Walters', 'Kimberly', 2028, FALSE, '2025-07-30', '3TL1169', 'MP', 3, 'Matthew Hernandez', '(718)583-4079x76074');
INSERT INTO Member (ID, FirstName, LastName, PreferredName, GraduationYear, IsGradStudent, ActivationDate, CarPlate, CarState, CarPassCount, EmerContactName, EmerContactPhone) VALUES (144, 'Susan', 'Martinez', 'Susan', 2027, FALSE, '2024-12-16', '0-0831I', 'MS', 2, 'Kyle Walker', '(761)433-3397');
INSERT INTO Member (ID, FirstName, LastName, PreferredName, GraduationYear, IsGradStudent, ActivationDate, CarPlate, CarState, CarPassCount, EmerContactName, EmerContactPhone) VALUES (145, 'Maria', 'Guzman', 'Maria', 2024, FALSE, '2023-10-04', NULL, NULL, 0, 'Jennifer Harris', '524.264.1702x083');
INSERT INTO Member (ID, FirstName, LastName, PreferredName, GraduationYear, IsGradStudent, ActivationDate, CarPlate, CarState, CarPassCount, EmerContactName, EmerContactPhone) VALUES (146, 'Julie', 'Dudley', 'Gregory', 2025, FALSE, '2025-05-06', '3MJ B26', 'NH', 4, 'Jodi Wilson', '754.427.2556x12953');
INSERT INTO Member (ID, FirstName, LastName, PreferredName, GraduationYear, IsGradStudent, ActivationDate, CarPlate, CarState, CarPassCount, EmerContactName, EmerContactPhone) VALUES (147, 'Eddie', 'Benton', 'Cory', 2027, FALSE, '2025-05-09', NULL, NULL, 0, 'Michelle Turner DVM', '001-993-393-1267x2429');
INSERT INTO Member (ID, FirstName, LastName, PreferredName, GraduationYear, IsGradStudent, ActivationDate, CarPlate, CarState, CarPassCount, EmerContactName, EmerContactPhone) VALUES (148, 'Jesus', 'Smith', 'Jesus', 2027, FALSE, '2025-05-08', '9679 NK', 'HI', 4, 'Paul Craig', '540.457.8999x8907');
INSERT INTO Member (ID, FirstName, LastName, PreferredName, GraduationYear, IsGradStudent, ActivationDate, CarPlate, CarState, CarPassCount, EmerContactName, EmerContactPhone) VALUES (149, 'Kyle', 'Gibbs', 'Sandra', 2027, FALSE, '2024-12-24', '5-7183D', 'MT', 5, 'Megan Fitzgerald', '(667)928-5796x3769');
INSERT INTO Member (ID, FirstName, LastName, PreferredName, GraduationYear, IsGradStudent, ActivationDate, CarPlate, CarState, CarPassCount, EmerContactName, EmerContactPhone) VALUES (150, 'Ashley', 'Holmes', 'Ashley', 2026, FALSE, '2025-04-01', '90M 9687', 'CO', 2, 'Amanda Miller', '401.816.4869x3889');
INSERT INTO Member (ID, FirstName, LastName, PreferredName, GraduationYear, IsGradStudent, ActivationDate, CarPlate, CarState, CarPassCount, EmerContactName, EmerContactPhone) VALUES (151, 'Kenneth', 'Bass', 'Kenneth', 2025, FALSE, '2024-03-03', NULL, NULL, 0, 'Robert Phillips', '613.997.8433x3098');
INSERT INTO Member (ID, FirstName, LastName, PreferredName, GraduationYear, IsGradStudent, ActivationDate, CarPlate, CarState, CarPassCount, EmerContactName, EmerContactPhone) VALUES (152, 'Edward', 'Walker', 'Anthony', 2024, FALSE, '2024-10-06', NULL, NULL, 0, 'Aaron Johnson', '4188631026');
INSERT INTO Member (ID, FirstName, LastName, PreferredName, GraduationYear, IsGradStudent, ActivationDate, CarPlate, CarState, CarPassCount, EmerContactName, EmerContactPhone) VALUES (153, 'Erin', 'Galvan', 'Erin', 2025, FALSE, '2024-02-01', NULL, NULL, 0, 'William Turner', '(716)662-6269');
INSERT INTO Member (ID, FirstName, LastName, PreferredName, GraduationYear, IsGradStudent, ActivationDate, CarPlate, CarState, CarPassCount, EmerContactName, EmerContactPhone) VALUES (154, 'William', 'Hodges', 'Joseph', 2025, TRUE, '2024-12-16', NULL, NULL, 0, 'Frederick Miller', '(936)252-4298');
INSERT INTO Member (ID, FirstName, LastName, PreferredName, GraduationYear, IsGradStudent, ActivationDate, CarPlate, CarState, CarPassCount, EmerContactName, EmerContactPhone) VALUES (155, 'Katrina', 'Perez', 'Jamie', 2028, FALSE, '2025-07-25', NULL, NULL, 0, 'Christopher Graham', '642.881.3020');
INSERT INTO Member (ID, FirstName, LastName, PreferredName, GraduationYear, IsGradStudent, ActivationDate, CarPlate, CarState, CarPassCount, EmerContactName, EmerContactPhone) VALUES (156, 'Frederick', 'Larson', 'Adam', 2027, FALSE, '2024-05-18', '19B F08', 'PW', 4, 'Kathleen Sims', '9639835614');
INSERT INTO Member (ID, FirstName, LastName, PreferredName, GraduationYear, IsGradStudent, ActivationDate, CarPlate, CarState, CarPassCount, EmerContactName, EmerContactPhone) VALUES (157, 'Jamie', 'Maynard', 'Jamie', 2024, FALSE, '2025-05-14', '784KLN', 'FM', 2, 'Jennifer Smith', '819-367-0193x85839');
INSERT INTO Member (ID, FirstName, LastName, PreferredName, GraduationYear, IsGradStudent, ActivationDate, CarPlate, CarState, CarPassCount, EmerContactName, EmerContactPhone) VALUES (158, 'Theresa', 'Henry', 'Lisa', 2026, FALSE, '2023-10-06', 'AEU 214', 'LA', 0, 'Harold Martin', '768.711.0826x396');
INSERT INTO Member (ID, FirstName, LastName, PreferredName, GraduationYear, IsGradStudent, ActivationDate, CarPlate, CarState, CarPassCount, EmerContactName, EmerContactPhone) VALUES (159, 'Diane', 'Moore', 'Joshua', 2025, TRUE, '2024-08-21', 'S71-NPF', 'GA', 2, 'Shaun Jimenez', '5692256561');
INSERT INTO Member (ID, FirstName, LastName, PreferredName, GraduationYear, IsGradStudent, ActivationDate, CarPlate, CarState, CarPassCount, EmerContactName, EmerContactPhone) VALUES (160, 'Benjamin', 'Davis', 'Benjamin', 2025, FALSE, '2024-05-01', 'H00-18T', 'NH', 1, 'Eugene Rollins', '(542)931-5218x22837');
INSERT INTO Member (ID, FirstName, LastName, PreferredName, GraduationYear, IsGradStudent, ActivationDate, CarPlate, CarState, CarPassCount, EmerContactName, EmerContactPhone) VALUES (161, 'Tony', 'Boyd', 'Tony', 2026, TRUE, '2024-03-18', '10I W91', 'ND', 1, 'Nathan Bell', '517-289-5680');
INSERT INTO Member (ID, FirstName, LastName, PreferredName, GraduationYear, IsGradStudent, ActivationDate, CarPlate, CarState, CarPassCount, EmerContactName, EmerContactPhone) VALUES (162, 'Sandra', 'Kelly', 'Todd', 2028, FALSE, '2024-10-16', NULL, NULL, 0, 'Brian Cook', '(723)857-8165');
INSERT INTO Member (ID, FirstName, LastName, PreferredName, GraduationYear, IsGradStudent, ActivationDate, CarPlate, CarState, CarPassCount, EmerContactName, EmerContactPhone) VALUES (163, 'Jonathan', 'Carter', 'Jonathan', 2027, FALSE, '2024-10-21', NULL, NULL, 0, 'Charles Smith', '+1-414-297-6026x7830');
INSERT INTO Member (ID, FirstName, LastName, PreferredName, GraduationYear, IsGradStudent, ActivationDate, CarPlate, CarState, CarPassCount, EmerContactName, EmerContactPhone) VALUES (164, 'Kimberly', 'Osborne', 'Kimberly', 2027, FALSE, '2024-02-01', '914 JAU', 'IL', 1, 'Katie Joseph', '9936062682');
INSERT INTO Member (ID, FirstName, LastName, PreferredName, GraduationYear, IsGradStudent, ActivationDate, CarPlate, CarState, CarPassCount, EmerContactName, EmerContactPhone) VALUES (165, 'Olivia', 'Payne', 'Olivia', 2024, FALSE, '2024-08-04', NULL, NULL, 0, 'John Henson', '+1-250-941-0637x06071');
INSERT INTO Member (ID, FirstName, LastName, PreferredName, GraduationYear, IsGradStudent, ActivationDate, CarPlate, CarState, CarPassCount, EmerContactName, EmerContactPhone) VALUES (166, 'Barbara', 'Marshall', 'Barbara', 2027, TRUE, '2024-12-10', 'N13-42Z', 'KY', 1, 'Adam Deleon', '001-615-525-7333x5859');
INSERT INTO Member (ID, FirstName, LastName, PreferredName, GraduationYear, IsGradStudent, ActivationDate, CarPlate, CarState, CarPassCount, EmerContactName, EmerContactPhone) VALUES (167, 'Cindy', 'Perez', 'Cindy', 2025, FALSE, '2024-01-27', NULL, NULL, 0, 'Erin Wilson', '8202308814');
INSERT INTO Member (ID, FirstName, LastName, PreferredName, GraduationYear, IsGradStudent, ActivationDate, CarPlate, CarState, CarPassCount, EmerContactName, EmerContactPhone) VALUES (168, 'Michael', 'Morris', 'Rachael', 2025, FALSE, '2025-01-03', NULL, NULL, 0, 'Susan Harris', '326.557.6543x24483');
INSERT INTO Member (ID, FirstName, LastName, PreferredName, GraduationYear, IsGradStudent, ActivationDate, CarPlate, CarState, CarPassCount, EmerContactName, EmerContactPhone) VALUES (169, 'David', 'Morales', 'David', 2028, FALSE, '2024-06-30', '5JG E60', 'MI', 3, 'Beverly Marsh', '561-868-7656x27646');
INSERT INTO Member (ID, FirstName, LastName, PreferredName, GraduationYear, IsGradStudent, ActivationDate, CarPlate, CarState, CarPassCount, EmerContactName, EmerContactPhone) VALUES (170, 'Allison', 'Jacobson', 'Allison', 2026, TRUE, '2025-05-11', NULL, NULL, 0, 'Jeffrey Bentley', '2165386407');
INSERT INTO Member (ID, FirstName, LastName, PreferredName, GraduationYear, IsGradStudent, ActivationDate, CarPlate, CarState, CarPassCount, EmerContactName, EmerContactPhone) VALUES (171, 'Diana', 'Bell', 'Diana', 2024, FALSE, '2025-02-02', '95-0235S', 'NM', 0, 'Bailey Green', '971-305-6224');
INSERT INTO Member (ID, FirstName, LastName, PreferredName, GraduationYear, IsGradStudent, ActivationDate, CarPlate, CarState, CarPassCount, EmerContactName, EmerContactPhone) VALUES (172, 'Jeffrey', 'Braun', 'Jeffrey', 2026, FALSE, '2025-07-30', '8NFF 44', 'VT', 5, 'Michael Pierce', '001-906-572-6928x543');
INSERT INTO Member (ID, FirstName, LastName, PreferredName, GraduationYear, IsGradStudent, ActivationDate, CarPlate, CarState, CarPassCount, EmerContactName, EmerContactPhone) VALUES (173, 'Mark', 'Santos', 'Ricky', 2025, FALSE, '2023-10-18', NULL, NULL, 0, 'Sarah Noble', '(418)729-1349');
INSERT INTO Member (ID, FirstName, LastName, PreferredName, GraduationYear, IsGradStudent, ActivationDate, CarPlate, CarState, CarPassCount, EmerContactName, EmerContactPhone) VALUES (174, 'Austin', 'Kirk', 'Austin', 2025, FALSE, '2024-06-30', '1W A3437', 'PA', 5, 'Lori Smith', '001-720-782-4977x6730');
INSERT INTO Member (ID, FirstName, LastName, PreferredName, GraduationYear, IsGradStudent, ActivationDate, CarPlate, CarState, CarPassCount, EmerContactName, EmerContactPhone) VALUES (175, 'John', 'Jones', 'Erika', 2026, FALSE, '2023-12-18', NULL, NULL, 0, 'Tina Martin', '7704298100');
INSERT INTO Member (ID, FirstName, LastName, PreferredName, GraduationYear, IsGradStudent, ActivationDate, CarPlate, CarState, CarPassCount, EmerContactName, EmerContactPhone) VALUES (176, 'Julia', 'Montgomery', 'Karen', 2028, FALSE, '2023-12-05', '3H 13025', 'UT', 5, 'Scott Salazar', '+1-426-763-9423');
INSERT INTO Member (ID, FirstName, LastName, PreferredName, GraduationYear, IsGradStudent, ActivationDate, CarPlate, CarState, CarPassCount, EmerContactName, EmerContactPhone) VALUES (177, 'Michael', 'Taylor', 'Michael', 2024, TRUE, '2025-06-15', NULL, NULL, 0, 'Devin Tapia', '203.529.5088x1919');
INSERT INTO Member (ID, FirstName, LastName, PreferredName, GraduationYear, IsGradStudent, ActivationDate, CarPlate, CarState, CarPassCount, EmerContactName, EmerContactPhone) VALUES (178, 'George', 'Wright', 'George', 2028, FALSE, '2024-07-09', NULL, NULL, 0, 'Angela Robinson', '+1-711-434-0882x168');
INSERT INTO Member (ID, FirstName, LastName, PreferredName, GraduationYear, IsGradStudent, ActivationDate, CarPlate, CarState, CarPassCount, EmerContactName, EmerContactPhone) VALUES (179, 'Cassandra', 'Diaz', 'Cassandra', 2024, FALSE, '2024-10-02', '99-G142', 'IL', 0, 'Todd Dudley', '931-577-5502');
INSERT INTO Member (ID, FirstName, LastName, PreferredName, GraduationYear, IsGradStudent, ActivationDate, CarPlate, CarState, CarPassCount, EmerContactName, EmerContactPhone) VALUES (180, 'Martin', 'Charles', 'Martin', 2025, FALSE, '2025-03-14', '065-CFJW', 'KY', 0, 'Roberta Davis', '695-573-4531');
INSERT INTO Member (ID, FirstName, LastName, PreferredName, GraduationYear, IsGradStudent, ActivationDate, CarPlate, CarState, CarPassCount, EmerContactName, EmerContactPhone) VALUES (181, 'Jackson', 'Holland', 'Jackson', 2026, FALSE, '2025-04-27', NULL, NULL, 0, 'John Jensen', '(370)250-9277x260');
INSERT INTO Member (ID, FirstName, LastName, PreferredName, GraduationYear, IsGradStudent, ActivationDate, CarPlate, CarState, CarPassCount, EmerContactName, EmerContactPhone) VALUES (182, 'Jeanne', 'Jones', 'Jeanne', 2028, FALSE, '2024-12-18', NULL, NULL, 0, 'Benjamin West', '443.241.5901');
INSERT INTO Member (ID, FirstName, LastName, PreferredName, GraduationYear, IsGradStudent, ActivationDate, CarPlate, CarState, CarPassCount, EmerContactName, EmerContactPhone) VALUES (183, 'Evelyn', 'Martin', 'Evelyn', 2027, FALSE, '2024-06-01', NULL, NULL, 0, 'Tiffany Johnson', '722-500-5377');
INSERT INTO Member (ID, FirstName, LastName, PreferredName, GraduationYear, IsGradStudent, ActivationDate, CarPlate, CarState, CarPassCount, EmerContactName, EmerContactPhone) VALUES (184, 'Sheila', 'Gonzales', 'Sheila', 2025, FALSE, '2024-10-23', '4K-EEFZ', 'TX', 1, 'Allison Meadows', '+1-593-825-9181x37370');
INSERT INTO Member (ID, FirstName, LastName, PreferredName, GraduationYear, IsGradStudent, ActivationDate, CarPlate, CarState, CarPassCount, EmerContactName, EmerContactPhone) VALUES (185, 'Christopher', 'Fitzgerald', 'Christopher', 2028, FALSE, '2024-07-24', '998-UWS', 'RI', 4, 'Amy Jenkins', '(801)496-8748x134');
INSERT INTO Member (ID, FirstName, LastName, PreferredName, GraduationYear, IsGradStudent, ActivationDate, CarPlate, CarState, CarPassCount, EmerContactName, EmerContactPhone) VALUES (186, 'Yvette', 'Potts', 'Yvette', 2026, FALSE, '2025-03-22', '64E 2790', 'WA', 5, 'Betty Vasquez', '943.686.6445');
INSERT INTO Member (ID, FirstName, LastName, PreferredName, GraduationYear, IsGradStudent, ActivationDate, CarPlate, CarState, CarPassCount, EmerContactName, EmerContactPhone) VALUES (187, 'Laura', 'Edwards', 'Laura', 2028, FALSE, '2025-03-08', NULL, NULL, 0, 'Matthew Powell', '260.352.5608x016');
INSERT INTO Member (ID, FirstName, LastName, PreferredName, GraduationYear, IsGradStudent, ActivationDate, CarPlate, CarState, CarPassCount, EmerContactName, EmerContactPhone) VALUES (188, 'Amanda', 'Hughes', 'Sherry', 2026, FALSE, '2023-09-08', '8-0676I', 'WI', 1, 'Stephen Gardner', '220-916-9190x45360');
INSERT INTO Member (ID, FirstName, LastName, PreferredName, GraduationYear, IsGradStudent, ActivationDate, CarPlate, CarState, CarPassCount, EmerContactName, EmerContactPhone) VALUES (189, 'Gregory', 'Taylor', 'Gregory', 2024, FALSE, '2025-01-28', '834D9', 'AS', 1, 'Angel Wall', '(889)703-5005x0669');
INSERT INTO Member (ID, FirstName, LastName, PreferredName, GraduationYear, IsGradStudent, ActivationDate, CarPlate, CarState, CarPassCount, EmerContactName, EmerContactPhone) VALUES (190, 'Jerry', 'Johnson', 'Jerry', 2025, FALSE, '2025-07-27', NULL, NULL, 0, 'Robert Randolph', '(293)617-8797');
INSERT INTO Member (ID, FirstName, LastName, PreferredName, GraduationYear, IsGradStudent, ActivationDate, CarPlate, CarState, CarPassCount, EmerContactName, EmerContactPhone) VALUES (191, 'Felicia', 'Barnes', 'Amanda', 2028, FALSE, '2025-05-13', 'TQY-867', 'MH', 4, 'Andrew Simmons', '001-266-535-8918x64532');
INSERT INTO Member (ID, FirstName, LastName, PreferredName, GraduationYear, IsGradStudent, ActivationDate, CarPlate, CarState, CarPassCount, EmerContactName, EmerContactPhone) VALUES (192, 'Mary', 'Bradley', 'James', 2028, FALSE, '2024-06-11', '838 PMX', 'ID', 5, 'Richard Green', '812-310-1740x955');
INSERT INTO Member (ID, FirstName, LastName, PreferredName, GraduationYear, IsGradStudent, ActivationDate, CarPlate, CarState, CarPassCount, EmerContactName, EmerContactPhone) VALUES (193, 'Steven', 'Schaefer', 'Steven', 2028, FALSE, '2025-02-09', 'LST 176', 'WY', 3, 'Diane Ramirez', '(850)936-0581x929');
INSERT INTO Member (ID, FirstName, LastName, PreferredName, GraduationYear, IsGradStudent, ActivationDate, CarPlate, CarState, CarPassCount, EmerContactName, EmerContactPhone) VALUES (194, 'Brittany', 'Mason', 'Brittany', 2028, FALSE, '2024-01-18', '0I115', 'OK', 4, 'Megan Benton', '001-283-878-2354x3200');
INSERT INTO Member (ID, FirstName, LastName, PreferredName, GraduationYear, IsGradStudent, ActivationDate, CarPlate, CarState, CarPassCount, EmerContactName, EmerContactPhone) VALUES (195, 'Tamara', 'Herring', 'Jason', 2025, FALSE, '2024-10-04', NULL, NULL, 0, 'Patrick Wright', '(577)717-0758x38670');
INSERT INTO Member (ID, FirstName, LastName, PreferredName, GraduationYear, IsGradStudent, ActivationDate, CarPlate, CarState, CarPassCount, EmerContactName, EmerContactPhone) VALUES (196, 'Brian', 'Lewis', 'Brian', 2024, TRUE, '2023-10-23', '4-S1988', 'NC', 1, 'Scott Nunez', '+1-498-940-1482x8115');
INSERT INTO Member (ID, FirstName, LastName, PreferredName, GraduationYear, IsGradStudent, ActivationDate, CarPlate, CarState, CarPassCount, EmerContactName, EmerContactPhone) VALUES (197, 'Darrell', 'Fitzgerald', 'John', 2025, TRUE, '2024-08-05', NULL, NULL, 0, 'Randall Leonard', '297.226.6493x1331');
INSERT INTO Member (ID, FirstName, LastName, PreferredName, GraduationYear, IsGradStudent, ActivationDate, CarPlate, CarState, CarPassCount, EmerContactName, EmerContactPhone) VALUES (198, 'Joseph', 'Torres', 'Joseph', 2027, FALSE, '2025-01-24', NULL, NULL, 0, 'Rhonda Harrison', '404.214.1816');
INSERT INTO Member (ID, FirstName, LastName, PreferredName, GraduationYear, IsGradStudent, ActivationDate, CarPlate, CarState, CarPassCount, EmerContactName, EmerContactPhone) VALUES (199, 'Gary', 'Hess', 'Matthew', 2025, FALSE, '2024-03-13', 'MZG6856', 'CT', 5, 'Scott Wright', '3037287032');

-- 🏠 ADDRESSES
INSERT INTO Address (ID, Member, Nickname, Line1, Line2, State, Zip) VALUES (100, 100, 'Home', '968 Newman Plaza', NULL, 'NH', '25347');
INSERT INTO Address (ID, Member, Nickname, Line1, Line2, State, Zip) VALUES (101, 100, 'Parent Home', '3095 William Camp Apt. 849', NULL, 'RI', '75275');
INSERT INTO Address (ID, Member, Nickname, Line1, Line2, State, Zip) VALUES (102, 101, 'Apartment', '75636 Marissa Wall Suite 843', NULL, 'CT', '71148');
INSERT INTO Address (ID, Member, Nickname, Line1, Line2, State, Zip) VALUES (103, 101, 'Home', '09183 Price Causeway Suite 833', NULL, 'NH', '64645');
INSERT INTO Address (ID, Member, Nickname, Line1, Line2, State, Zip) VALUES (104, 102, 'Home', '717 Matthew Park', 'Apt 50', 'NH', '66624');
INSERT INTO Address (ID, Member, Nickname, Line1, Line2, State, Zip) VALUES (105, 103, 'Apartment', '4242 George Village', 'Apt 35', 'CT', '42152');
INSERT INTO Address (ID, Member, Nickname, Line1, Line2, State, Zip) VALUES (106, 104, 'School', '31965 John Ports', NULL, 'VT', '19775');
INSERT INTO Address (ID, Member, Nickname, Line1, Line2, State, Zip) VALUES (107, 104, 'Dorm', '99324 Smith Locks Suite 794', NULL, 'ME', '84855');
INSERT INTO Address (ID, Member, Nickname, Line1, Line2, State, Zip) VALUES (108, 105, 'Apartment', '092 Padilla Summit Apt. 083', NULL, 'MA', '76039');
INSERT INTO Address (ID, Member, Nickname, Line1, Line2, State, Zip) VALUES (109, 105, 'Dorm', '766 Lee Center', NULL, 'NY', '97453');
INSERT INTO Address (ID, Member, Nickname, Line1, Line2, State, Zip) VALUES (110, 106, 'Home', '3905 Moore Street', 'Apt 19', 'NY', '07377');
INSERT INTO Address (ID, Member, Nickname, Line1, Line2, State, Zip) VALUES (111, 106, 'Dorm', '72562 Ford Lodge Apt. 352', NULL, 'VT', '99346');
INSERT INTO Address (ID, Member, Nickname, Line1, Line2, State, Zip) VALUES (112, 107, 'School', '021 Jorge Rue', NULL, 'NY', '73774');
INSERT INTO Address (ID, Member, Nickname, Line1, Line2, State, Zip) VALUES (113, 107, 'School', '872 Nathaniel Overpass', NULL, 'CT', '20622');
INSERT INTO Address (ID, Member, Nickname, Line1, Line2, State, Zip) VALUES (114, 108, 'School', '603 Baker Junctions', 'Apt 32', 'ME', '46214');
INSERT INTO Address (ID, Member, Nickname, Line1, Line2, State, Zip) VALUES (115, 109, 'Apartment', '40235 Samantha Vista', NULL, 'RI', '51571');
INSERT INTO Address (ID, Member, Nickname, Line1, Line2, State, Zip) VALUES (116, 109, 'Campus', '7527 Reynolds Brook', NULL, 'ME', '90447');
INSERT INTO Address (ID, Member, Nickname, Line1, Line2, State, Zip) VALUES (117, 110, 'Apartment', '986 Ross Center Suite 574', NULL, 'RI', '40768');
INSERT INTO Address (ID, Member, Nickname, Line1, Line2, State, Zip) VALUES (118, 110, 'Dorm', '3111 Cuevas Ferry', NULL, 'NY', '62326');
INSERT INTO Address (ID, Member, Nickname, Line1, Line2, State, Zip) VALUES (119, 111, 'Parent Home', '42763 William Circle', NULL, 'NY', '76055');
INSERT INTO Address (ID, Member, Nickname, Line1, Line2, State, Zip) VALUES (120, 112, 'Parent Home', '799 Daniels Wells', NULL, 'VT', '14869');
INSERT INTO Address (ID, Member, Nickname, Line1, Line2, State, Zip) VALUES (121, 112, 'Campus', '4268 Samuel Station', NULL, 'NY', '01508');
INSERT INTO Address (ID, Member, Nickname, Line1, Line2, State, Zip) VALUES (122, 113, 'School', '707 David Mission Apt. 704', NULL, 'MA', '97626');
INSERT INTO Address (ID, Member, Nickname, Line1, Line2, State, Zip) VALUES (123, 113, 'Campus', '349 Wilkinson Ports', NULL, 'MA', '72722');
INSERT INTO Address (ID, Member, Nickname, Line1, Line2, State, Zip) VALUES (124, 114, 'Apartment', '99251 Hanson Cove', NULL, 'VT', '92417');
INSERT INTO Address (ID, Member, Nickname, Line1, Line2, State, Zip) VALUES (125, 114, 'Campus', '04393 Hull Court', 'Apt 5', 'RI', '59321');
INSERT INTO Address (ID, Member, Nickname, Line1, Line2, State, Zip) VALUES (126, 115, 'School', '20260 Ball Skyway Apt. 288', 'Apt 19', 'NH', '78256');
INSERT INTO Address (ID, Member, Nickname, Line1, Line2, State, Zip) VALUES (127, 115, 'Apartment', '3297 Jones Dam', NULL, 'NY', '73863');
INSERT INTO Address (ID, Member, Nickname, Line1, Line2, State, Zip) VALUES (128, 116, 'Apartment', '327 Jesus Neck Apt. 637', 'Apt 36', 'MA', '46781');
INSERT INTO Address (ID, Member, Nickname, Line1, Line2, State, Zip) VALUES (129, 116, 'Parent Home', '148 Merritt Mountain Suite 337', NULL, 'NY', '30186');
INSERT INTO Address (ID, Member, Nickname, Line1, Line2, State, Zip) VALUES (130, 117, 'Home', '882 Huff Neck', NULL, 'NY', '62031');
INSERT INTO Address (ID, Member, Nickname, Line1, Line2, State, Zip) VALUES (131, 118, 'Campus', '0819 Shelley Station Apt. 380', NULL, 'VT', '65844');
INSERT INTO Address (ID, Member, Nickname, Line1, Line2, State, Zip) VALUES (132, 119, 'Dorm', '034 Manuel Bridge', NULL, 'CT', '53363');
INSERT INTO Address (ID, Member, Nickname, Line1, Line2, State, Zip) VALUES (133, 119, 'Dorm', '68101 Simpson Course Suite 862', 'Apt 25', 'NY', '16224');
INSERT INTO Address (ID, Member, Nickname, Line1, Line2, State, Zip) VALUES (134, 120, 'Parent Home', '6134 Brian Neck', NULL, 'RI', '46301');
INSERT INTO Address (ID, Member, Nickname, Line1, Line2, State, Zip) VALUES (135, 120, 'Campus', '4669 Austin Locks Apt. 127', NULL, 'RI', '23583');
INSERT INTO Address (ID, Member, Nickname, Line1, Line2, State, Zip) VALUES (136, 121, 'School', '61921 Matthew Coves', NULL, 'ME', '59297');
INSERT INTO Address (ID, Member, Nickname, Line1, Line2, State, Zip) VALUES (137, 121, 'Campus', '866 Javier Highway Apt. 794', 'Apt 1', 'MA', '66753');
INSERT INTO Address (ID, Member, Nickname, Line1, Line2, State, Zip) VALUES (138, 122, 'Parent Home', '5954 Mills Circle', 'Apt 25', 'VT', '65066');
INSERT INTO Address (ID, Member, Nickname, Line1, Line2, State, Zip) VALUES (139, 122, 'Parent Home', '77577 Courtney Ford', NULL, 'MA', '90768');
INSERT INTO Address (ID, Member, Nickname, Line1, Line2, State, Zip) VALUES (140, 123, 'Dorm', '495 Mitchell Ridge', NULL, 'MA', '19274');
INSERT INTO Address (ID, Member, Nickname, Line1, Line2, State, Zip) VALUES (141, 123, 'Dorm', '8360 Collins Way Apt. 469', NULL, 'ME', '31519');
INSERT INTO Address (ID, Member, Nickname, Line1, Line2, State, Zip) VALUES (142, 124, 'Campus', '459 Gilbert Lane Apt. 800', 'Apt 50', 'ME', '24706');
INSERT INTO Address (ID, Member, Nickname, Line1, Line2, State, Zip) VALUES (143, 124, 'Campus', '40781 Miller Shoals', 'Apt 6', 'MA', '95153');
INSERT INTO Address (ID, Member, Nickname, Line1, Line2, State, Zip) VALUES (144, 125, 'Dorm', '8532 Matthew Run', NULL, 'CT', '27741');
INSERT INTO Address (ID, Member, Nickname, Line1, Line2, State, Zip) VALUES (145, 126, 'Campus', '362 Eddie Shoal Suite 970', NULL, 'NH', '95123');
INSERT INTO Address (ID, Member, Nickname, Line1, Line2, State, Zip) VALUES (146, 126, 'Apartment', '2007 Randy Forge Suite 570', NULL, 'NH', '40624');
INSERT INTO Address (ID, Member, Nickname, Line1, Line2, State, Zip) VALUES (147, 127, 'Parent Home', '0187 Day Mills', NULL, 'VT', '16878');
INSERT INTO Address (ID, Member, Nickname, Line1, Line2, State, Zip) VALUES (148, 127, 'Dorm', '7956 Schmidt Run Suite 754', NULL, 'ME', '60111');
INSERT INTO Address (ID, Member, Nickname, Line1, Line2, State, Zip) VALUES (149, 128, 'Apartment', '771 Taylor Greens', 'Apt 31', 'ME', '69282');
INSERT INTO Address (ID, Member, Nickname, Line1, Line2, State, Zip) VALUES (150, 129, 'Campus', '36264 Johnny Fords', 'Apt 34', 'RI', '76448');
INSERT INTO Address (ID, Member, Nickname, Line1, Line2, State, Zip) VALUES (151, 129, 'Parent Home', '63492 Kelly Hollow', NULL, 'VT', '51950');
INSERT INTO Address (ID, Member, Nickname, Line1, Line2, State, Zip) VALUES (152, 130, 'Parent Home', '3904 Young Court Apt. 114', NULL, 'ME', '20991');
INSERT INTO Address (ID, Member, Nickname, Line1, Line2, State, Zip) VALUES (153, 131, 'Dorm', '3539 Griffin Streets', NULL, 'NH', '22837');
INSERT INTO Address (ID, Member, Nickname, Line1, Line2, State, Zip) VALUES (154, 131, 'Campus', '0876 Kevin Shoal', NULL, 'NY', '15244');
INSERT INTO Address (ID, Member, Nickname, Line1, Line2, State, Zip) VALUES (155, 132, 'Dorm', '626 Dawson Mountains', NULL, 'NH', '95426');
INSERT INTO Address (ID, Member, Nickname, Line1, Line2, State, Zip) VALUES (156, 133, 'School', '4859 Karina Way Suite 574', 'Apt 18', 'MA', '08358');
INSERT INTO Address (ID, Member, Nickname, Line1, Line2, State, Zip) VALUES (157, 133, 'Dorm', '0265 Perkins Forest Suite 941', 'Apt 43', 'RI', '23663');
INSERT INTO Address (ID, Member, Nickname, Line1, Line2, State, Zip) VALUES (158, 134, 'Home', '2446 Keith Estate Suite 743', 'Apt 35', 'NH', '78917');
INSERT INTO Address (ID, Member, Nickname, Line1, Line2, State, Zip) VALUES (159, 134, 'School', '1839 April Meadows Apt. 800', NULL, 'ME', '93938');
INSERT INTO Address (ID, Member, Nickname, Line1, Line2, State, Zip) VALUES (160, 135, 'Home', '1709 Armstrong Point', NULL, 'NH', '47731');
INSERT INTO Address (ID, Member, Nickname, Line1, Line2, State, Zip) VALUES (161, 136, 'Home', '511 Jones Harbors', NULL, 'VT', '31724');
INSERT INTO Address (ID, Member, Nickname, Line1, Line2, State, Zip) VALUES (162, 136, 'Parent Home', '079 Mcdonald Roads Suite 155', NULL, 'NH', '53580');
INSERT INTO Address (ID, Member, Nickname, Line1, Line2, State, Zip) VALUES (163, 137, 'Campus', '6733 Jay Turnpike Suite 215', NULL, 'NY', '68736');
INSERT INTO Address (ID, Member, Nickname, Line1, Line2, State, Zip) VALUES (164, 137, 'Home', '152 Atkins Park Suite 647', 'Apt 9', 'MA', '88613');
INSERT INTO Address (ID, Member, Nickname, Line1, Line2, State, Zip) VALUES (165, 138, 'Dorm', '628 Travis Green', NULL, 'ME', '67292');
INSERT INTO Address (ID, Member, Nickname, Line1, Line2, State, Zip) VALUES (166, 138, 'Parent Home', '388 Knight Viaduct Apt. 671', NULL, 'VT', '93711');
INSERT INTO Address (ID, Member, Nickname, Line1, Line2, State, Zip) VALUES (167, 139, 'Apartment', '2099 Jessica Junction', 'Apt 29', 'VT', '38827');
INSERT INTO Address (ID, Member, Nickname, Line1, Line2, State, Zip) VALUES (168, 139, 'School', '4534 Timothy Stravenue', NULL, 'VT', '75492');
INSERT INTO Address (ID, Member, Nickname, Line1, Line2, State, Zip) VALUES (169, 140, 'Home', '49095 Jones Meadows', NULL, 'CT', '94068');
INSERT INTO Address (ID, Member, Nickname, Line1, Line2, State, Zip) VALUES (170, 140, 'School', '1478 Baker Causeway Apt. 111', NULL, 'CT', '99554');
INSERT INTO Address (ID, Member, Nickname, Line1, Line2, State, Zip) VALUES (171, 141, 'Campus', '7344 Monroe Heights Suite 992', 'Apt 26', 'CT', '31987');
INSERT INTO Address (ID, Member, Nickname, Line1, Line2, State, Zip) VALUES (172, 141, 'School', '775 Garcia Run Suite 096', NULL, 'MA', '98202');
INSERT INTO Address (ID, Member, Nickname, Line1, Line2, State, Zip) VALUES (173, 142, 'Dorm', '45101 Wolf Freeway', 'Apt 8', 'CT', '01010');
INSERT INTO Address (ID, Member, Nickname, Line1, Line2, State, Zip) VALUES (174, 142, 'School', '33789 Cox Fort', NULL, 'VT', '20683');
INSERT INTO Address (ID, Member, Nickname, Line1, Line2, State, Zip) VALUES (175, 143, 'Home', '77109 William Branch', NULL, 'CT', '64389');
INSERT INTO Address (ID, Member, Nickname, Line1, Line2, State, Zip) VALUES (176, 144, 'Dorm', '7964 York Stream Suite 766', 'Apt 12', 'CT', '31812');
INSERT INTO Address (ID, Member, Nickname, Line1, Line2, State, Zip) VALUES (177, 144, 'School', '36203 Jason Way', NULL, 'RI', '14452');
INSERT INTO Address (ID, Member, Nickname, Line1, Line2, State, Zip) VALUES (178, 145, 'School', '535 Vanessa Junctions Apt. 503', 'Apt 5', 'ME', '09710');
INSERT INTO Address (ID, Member, Nickname, Line1, Line2, State, Zip) VALUES (179, 145, 'Parent Home', '4715 Maldonado Ports', NULL, 'VT', '80850');
INSERT INTO Address (ID, Member, Nickname, Line1, Line2, State, Zip) VALUES (180, 146, 'Parent Home', '596 Wu Trail', NULL, 'ME', '76876');
INSERT INTO Address (ID, Member, Nickname, Line1, Line2, State, Zip) VALUES (181, 146, 'Campus', '0198 Tiffany Plains Suite 445', NULL, 'VT', '79333');
INSERT INTO Address (ID, Member, Nickname, Line1, Line2, State, Zip) VALUES (182, 147, 'Home', '06179 William Shore Suite 930', NULL, 'NH', '04922');
INSERT INTO Address (ID, Member, Nickname, Line1, Line2, State, Zip) VALUES (183, 147, 'Apartment', '0862 Rogers Junction', 'Apt 4', 'VT', '37508');
INSERT INTO Address (ID, Member, Nickname, Line1, Line2, State, Zip) VALUES (184, 148, 'Parent Home', '25343 Nicholas Ways', 'Apt 9', 'VT', '75574');
INSERT INTO Address (ID, Member, Nickname, Line1, Line2, State, Zip) VALUES (185, 148, 'Home', '8606 Lee Squares', NULL, 'NH', '76901');
INSERT INTO Address (ID, Member, Nickname, Line1, Line2, State, Zip) VALUES (186, 149, 'Apartment', '3218 Timothy Pass Apt. 164', 'Apt 7', 'MA', '10039');
INSERT INTO Address (ID, Member, Nickname, Line1, Line2, State, Zip) VALUES (187, 149, 'Parent Home', '9597 James Viaduct Suite 685', NULL, 'MA', '41159');
INSERT INTO Address (ID, Member, Nickname, Line1, Line2, State, Zip) VALUES (188, 150, 'Parent Home', '3093 Sean Trafficway', NULL, 'NH', '59026');
INSERT INTO Address (ID, Member, Nickname, Line1, Line2, State, Zip) VALUES (189, 151, 'School', '147 Mcguire Forest Apt. 612', NULL, 'CT', '03800');
INSERT INTO Address (ID, Member, Nickname, Line1, Line2, State, Zip) VALUES (190, 151, 'School', '596 Harrison Valley', NULL, 'RI', '46236');
INSERT INTO Address (ID, Member, Nickname, Line1, Line2, State, Zip) VALUES (191, 152, 'Dorm', '600 Christina Walks Suite 869', NULL, 'ME', '65823');
INSERT INTO Address (ID, Member, Nickname, Line1, Line2, State, Zip) VALUES (192, 153, 'Parent Home', '766 Nicholas Heights Suite 881', NULL, 'NH', '32852');
INSERT INTO Address (ID, Member, Nickname, Line1, Line2, State, Zip) VALUES (193, 153, 'Home', '002 Barbara Vista', NULL, 'RI', '68960');
INSERT INTO Address (ID, Member, Nickname, Line1, Line2, State, Zip) VALUES (194, 154, 'Home', '76056 Tran Radial', NULL, 'NY', '12256');
INSERT INTO Address (ID, Member, Nickname, Line1, Line2, State, Zip) VALUES (195, 155, 'Parent Home', '13112 Francis Track Apt. 560', 'Apt 13', 'VT', '63987');
INSERT INTO Address (ID, Member, Nickname, Line1, Line2, State, Zip) VALUES (196, 156, 'Parent Home', '2125 Powell Brook', NULL, 'RI', '22793');
INSERT INTO Address (ID, Member, Nickname, Line1, Line2, State, Zip) VALUES (197, 156, 'Campus', '325 Crawford Oval Suite 432', NULL, 'RI', '16396');
INSERT INTO Address (ID, Member, Nickname, Line1, Line2, State, Zip) VALUES (198, 157, 'Campus', '000 Alan Crossroad', NULL, 'NY', '24562');
INSERT INTO Address (ID, Member, Nickname, Line1, Line2, State, Zip) VALUES (199, 157, 'Dorm', '756 Henson Ports', NULL, 'VT', '46168');
INSERT INTO Address (ID, Member, Nickname, Line1, Line2, State, Zip) VALUES (200, 158, 'School', '103 Dana Course', NULL, 'CT', '17381');
INSERT INTO Address (ID, Member, Nickname, Line1, Line2, State, Zip) VALUES (201, 158, 'Dorm', '505 Nicholson Crescent', NULL, 'ME', '29655');
INSERT INTO Address (ID, Member, Nickname, Line1, Line2, State, Zip) VALUES (202, 159, 'Parent Home', '382 Graham Via Suite 586', 'Apt 6', 'CT', '30283');
INSERT INTO Address (ID, Member, Nickname, Line1, Line2, State, Zip) VALUES (203, 160, 'Campus', '14531 Tucker Corner Apt. 329', NULL, 'MA', '12652');
INSERT INTO Address (ID, Member, Nickname, Line1, Line2, State, Zip) VALUES (204, 161, 'Apartment', '42059 Arnold Run Apt. 969', NULL, 'CT', '31539');
INSERT INTO Address (ID, Member, Nickname, Line1, Line2, State, Zip) VALUES (205, 161, 'Home', '0918 Hooper Forks Apt. 421', NULL, 'VT', '32924');
INSERT INTO Address (ID, Member, Nickname, Line1, Line2, State, Zip) VALUES (206, 162, 'Campus', '594 Seth Station Suite 864', NULL, 'NY', '59140');
INSERT INTO Address (ID, Member, Nickname, Line1, Line2, State, Zip) VALUES (207, 163, 'Parent Home', '66176 Matthew Way', 'Apt 19', 'VT', '94035');
INSERT INTO Address (ID, Member, Nickname, Line1, Line2, State, Zip) VALUES (208, 164, 'Home', '50496 Ann Square', 'Apt 28', 'ME', '83431');
INSERT INTO Address (ID, Member, Nickname, Line1, Line2, State, Zip) VALUES (209, 164, 'Dorm', '479 Martinez Brook', NULL, 'NY', '13249');
INSERT INTO Address (ID, Member, Nickname, Line1, Line2, State, Zip) VALUES (210, 165, 'Dorm', '9087 Katie Union Suite 911', NULL, 'RI', '59483');
INSERT INTO Address (ID, Member, Nickname, Line1, Line2, State, Zip) VALUES (211, 165, 'Campus', '64700 William Station Suite 672', NULL, 'NY', '38018');
INSERT INTO Address (ID, Member, Nickname, Line1, Line2, State, Zip) VALUES (212, 166, 'Campus', '4846 Lacey Villages', NULL, 'RI', '07177');
INSERT INTO Address (ID, Member, Nickname, Line1, Line2, State, Zip) VALUES (213, 167, 'Apartment', '29221 Caitlin Lock', 'Apt 35', 'MA', '04173');
INSERT INTO Address (ID, Member, Nickname, Line1, Line2, State, Zip) VALUES (214, 168, 'Parent Home', '9713 Mcdonald Forge', NULL, 'NH', '69997');
INSERT INTO Address (ID, Member, Nickname, Line1, Line2, State, Zip) VALUES (215, 169, 'Campus', '5719 Olson Burgs Apt. 544', NULL, 'NY', '47872');
INSERT INTO Address (ID, Member, Nickname, Line1, Line2, State, Zip) VALUES (216, 170, 'Campus', '6060 Timothy Forks', NULL, 'RI', '50302');
INSERT INTO Address (ID, Member, Nickname, Line1, Line2, State, Zip) VALUES (217, 171, 'School', '417 Bryan Underpass Apt. 712', NULL, 'MA', '84437');
INSERT INTO Address (ID, Member, Nickname, Line1, Line2, State, Zip) VALUES (218, 172, 'Parent Home', '7730 Brittany Manor Suite 938', NULL, 'VT', '43078');
INSERT INTO Address (ID, Member, Nickname, Line1, Line2, State, Zip) VALUES (219, 173, 'Campus', '995 Peter Parkway Suite 171', NULL, 'ME', '24415');
INSERT INTO Address (ID, Member, Nickname, Line1, Line2, State, Zip) VALUES (220, 173, 'Dorm', '5357 James Fort', NULL, 'RI', '52331');
INSERT INTO Address (ID, Member, Nickname, Line1, Line2, State, Zip) VALUES (221, 174, 'Parent Home', '423 Jessica Causeway', NULL, 'VT', '87693');
INSERT INTO Address (ID, Member, Nickname, Line1, Line2, State, Zip) VALUES (222, 175, 'Apartment', '5217 Christopher Shores Suite 226', 'Apt 22', 'CT', '49275');
INSERT INTO Address (ID, Member, Nickname, Line1, Line2, State, Zip) VALUES (223, 176, 'Home', '39465 Paul Junctions Apt. 807', NULL, 'VT', '19948');
INSERT INTO Address (ID, Member, Nickname, Line1, Line2, State, Zip) VALUES (224, 177, 'Parent Home', '72100 Jermaine Valley', NULL, 'VT', '09198');
INSERT INTO Address (ID, Member, Nickname, Line1, Line2, State, Zip) VALUES (225, 177, 'Campus', '609 Elizabeth Summit Suite 838', 'Apt 7', 'MA', '02324');
INSERT INTO Address (ID, Member, Nickname, Line1, Line2, State, Zip) VALUES (226, 178, 'Home', '521 Morgan Squares', NULL, 'CT', '40844');
INSERT INTO Address (ID, Member, Nickname, Line1, Line2, State, Zip) VALUES (227, 179, 'Apartment', '34925 Ward Motorway', 'Apt 5', 'VT', '80262');
INSERT INTO Address (ID, Member, Nickname, Line1, Line2, State, Zip) VALUES (228, 179, 'Dorm', '6825 Justin Divide', 'Apt 15', 'RI', '86911');
INSERT INTO Address (ID, Member, Nickname, Line1, Line2, State, Zip) VALUES (229, 180, 'School', '4915 John Rest', NULL, 'NY', '27263');
INSERT INTO Address (ID, Member, Nickname, Line1, Line2, State, Zip) VALUES (230, 180, 'Apartment', '428 Williams Neck Apt. 059', NULL, 'VT', '64973');
INSERT INTO Address (ID, Member, Nickname, Line1, Line2, State, Zip) VALUES (231, 181, 'School', '575 Kevin Stream', NULL, 'NY', '37023');
INSERT INTO Address (ID, Member, Nickname, Line1, Line2, State, Zip) VALUES (232, 181, 'Apartment', '102 Chapman Lakes Suite 705', NULL, 'RI', '16981');
INSERT INTO Address (ID, Member, Nickname, Line1, Line2, State, Zip) VALUES (233, 182, 'School', '806 Vazquez Crest', NULL, 'NH', '43413');
INSERT INTO Address (ID, Member, Nickname, Line1, Line2, State, Zip) VALUES (234, 182, 'Campus', '6474 Rita Shoals', NULL, 'NH', '67872');
INSERT INTO Address (ID, Member, Nickname, Line1, Line2, State, Zip) VALUES (235, 183, 'Parent Home', '6542 Logan Junction Suite 696', NULL, 'ME', '52478');
INSERT INTO Address (ID, Member, Nickname, Line1, Line2, State, Zip) VALUES (236, 184, 'Home', '351 Rogers Forest Suite 542', NULL, 'ME', '59127');
INSERT INTO Address (ID, Member, Nickname, Line1, Line2, State, Zip) VALUES (237, 184, 'Home', '5199 Steven Forest', NULL, 'CT', '61235');
INSERT INTO Address (ID, Member, Nickname, Line1, Line2, State, Zip) VALUES (238, 185, 'School', '6944 Kimberly Lakes Apt. 209', NULL, 'VT', '20409');
INSERT INTO Address (ID, Member, Nickname, Line1, Line2, State, Zip) VALUES (239, 185, 'Parent Home', '224 Davidson Club', NULL, 'MA', '29478');
INSERT INTO Address (ID, Member, Nickname, Line1, Line2, State, Zip) VALUES (240, 186, 'Dorm', '249 Jeffrey Way', NULL, 'NY', '66575');
INSERT INTO Address (ID, Member, Nickname, Line1, Line2, State, Zip) VALUES (241, 187, 'School', '72411 Anthony Port Suite 265', NULL, 'ME', '52407');
INSERT INTO Address (ID, Member, Nickname, Line1, Line2, State, Zip) VALUES (242, 188, 'Dorm', '76086 Williams Village', 'Apt 14', 'MA', '62456');
INSERT INTO Address (ID, Member, Nickname, Line1, Line2, State, Zip) VALUES (243, 189, 'Home', '80869 Murphy Forks', NULL, 'RI', '29545');
INSERT INTO Address (ID, Member, Nickname, Line1, Line2, State, Zip) VALUES (244, 189, 'Parent Home', '09164 Harold Expressway', NULL, 'ME', '09187');
INSERT INTO Address (ID, Member, Nickname, Line1, Line2, State, Zip) VALUES (245, 190, 'Apartment', '5097 Glass Springs Suite 390', NULL, 'NY', '65421');
INSERT INTO Address (ID, Member, Nickname, Line1, Line2, State, Zip) VALUES (246, 191, 'Apartment', '5120 Rose Meadows Suite 353', 'Apt 27', 'RI', '57924');
INSERT INTO Address (ID, Member, Nickname, Line1, Line2, State, Zip) VALUES (247, 191, 'Campus', '949 Richards Spring', NULL, 'MA', '72401');
INSERT INTO Address (ID, Member, Nickname, Line1, Line2, State, Zip) VALUES (248, 192, 'Home', '53898 Jesse Center', NULL, 'ME', '36046');
INSERT INTO Address (ID, Member, Nickname, Line1, Line2, State, Zip) VALUES (249, 192, 'Campus', '923 Wheeler Light Apt. 849', 'Apt 31', 'RI', '10652');
INSERT INTO Address (ID, Member, Nickname, Line1, Line2, State, Zip) VALUES (250, 193, 'Apartment', '0762 Latoya Keys Apt. 488', NULL, 'MA', '91510');
INSERT INTO Address (ID, Member, Nickname, Line1, Line2, State, Zip) VALUES (251, 193, 'Home', '113 Cruz Forge Suite 013', NULL, 'ME', '77189');
INSERT INTO Address (ID, Member, Nickname, Line1, Line2, State, Zip) VALUES (252, 194, 'School', '94065 Lori Stream', NULL, 'ME', '08400');
INSERT INTO Address (ID, Member, Nickname, Line1, Line2, State, Zip) VALUES (253, 194, 'Home', '48477 Debra Forest', NULL, 'NY', '76681');
INSERT INTO Address (ID, Member, Nickname, Line1, Line2, State, Zip) VALUES (254, 195, 'Campus', '3843 Delgado Plains', NULL, 'NH', '95865');
INSERT INTO Address (ID, Member, Nickname, Line1, Line2, State, Zip) VALUES (255, 196, 'Dorm', '88839 Dana Gateway Suite 114', NULL, 'MA', '94623');
INSERT INTO Address (ID, Member, Nickname, Line1, Line2, State, Zip) VALUES (256, 197, 'Campus', '0988 Gomez Track Suite 259', NULL, 'MA', '87732');
INSERT INTO Address (ID, Member, Nickname, Line1, Line2, State, Zip) VALUES (257, 197, 'Dorm', '561 Smith Glen Suite 177', NULL, 'CT', '85063');
INSERT INTO Address (ID, Member, Nickname, Line1, Line2, State, Zip) VALUES (258, 198, 'Apartment', '7761 Thompson Drive', 'Apt 44', 'ME', '86200');
INSERT INTO Address (ID, Member, Nickname, Line1, Line2, State, Zip) VALUES (259, 198, 'Dorm', '1683 Roberts Mission', 'Apt 8', 'NY', '09615');
INSERT INTO Address (ID, Member, Nickname, Line1, Line2, State, Zip) VALUES (260, 199, 'Campus', '09942 Bush Junction', NULL, 'NY', '31126');
INSERT INTO Address (ID, Member, Nickname, Line1, Line2, State, Zip) VALUES (261, 199, 'School', '4929 Campbell Course', NULL, 'NH', '24222');

-- 🤧 ALLERGIES
INSERT INTO Allergy (ID, Name) VALUES (20, 'Shellfish');
INSERT INTO Allergy (ID, Name) VALUES (21, 'Fish');
INSERT INTO Allergy (ID, Name) VALUES (22, 'Eggs');
INSERT INTO Allergy (ID, Name) VALUES (23, 'Soy');
INSERT INTO Allergy (ID, Name) VALUES (24, 'Sesame');
INSERT INTO Allergy (ID, Name) VALUES (25, 'Sulfites');
INSERT INTO Allergy (ID, Name) VALUES (26, 'Latex');
INSERT INTO Allergy (ID, Name) VALUES (27, 'Dust Mites');
INSERT INTO Allergy (ID, Name) VALUES (28, 'Pet Dander');
INSERT INTO Allergy (ID, Name) VALUES (29, 'Pollen');
INSERT INTO Allergy (ID, Name) VALUES (30, 'Bee Stings');
INSERT INTO Allergy (ID, Name) VALUES (31, 'Penicillin');
INSERT INTO Allergy (ID, Name) VALUES (32, 'Aspirin');
INSERT INTO Allergy (ID, Name) VALUES (33, 'Strawberries');
INSERT INTO Allergy (ID, Name) VALUES (34, 'Chocolate');

-- 🤧 ALLERGY USERS
INSERT INTO AllergyUsers (UserID, AllergyID) VALUES (101, 29);
INSERT INTO AllergyUsers (UserID, AllergyID) VALUES (107, 31);
INSERT INTO AllergyUsers (UserID, AllergyID) VALUES (107, 30);
INSERT INTO AllergyUsers (UserID, AllergyID) VALUES (115, 28);
INSERT INTO AllergyUsers (UserID, AllergyID) VALUES (124, 28);
INSERT INTO AllergyUsers (UserID, AllergyID) VALUES (126, 26);
INSERT INTO AllergyUsers (UserID, AllergyID) VALUES (126, 20);
INSERT INTO AllergyUsers (UserID, AllergyID) VALUES (127, 25);
INSERT INTO AllergyUsers (UserID, AllergyID) VALUES (127, 32);
INSERT INTO AllergyUsers (UserID, AllergyID) VALUES (128, 26);
INSERT INTO AllergyUsers (UserID, AllergyID) VALUES (128, 24);
INSERT INTO AllergyUsers (UserID, AllergyID) VALUES (129, 34);
INSERT INTO AllergyUsers (UserID, AllergyID) VALUES (137, 33);
INSERT INTO AllergyUsers (UserID, AllergyID) VALUES (138, 23);
INSERT INTO AllergyUsers (UserID, AllergyID) VALUES (140, 32);
INSERT INTO AllergyUsers (UserID, AllergyID) VALUES (143, 21);
INSERT INTO AllergyUsers (UserID, AllergyID) VALUES (143, 24);
INSERT INTO AllergyUsers (UserID, AllergyID) VALUES (144, 32);
INSERT INTO AllergyUsers (UserID, AllergyID) VALUES (144, 23);
INSERT INTO AllergyUsers (UserID, AllergyID) VALUES (145, 30);
INSERT INTO AllergyUsers (UserID, AllergyID) VALUES (148, 24);
INSERT INTO AllergyUsers (UserID, AllergyID) VALUES (153, 27);
INSERT INTO AllergyUsers (UserID, AllergyID) VALUES (155, 21);
INSERT INTO AllergyUsers (UserID, AllergyID) VALUES (161, 31);
INSERT INTO AllergyUsers (UserID, AllergyID) VALUES (163, 24);
INSERT INTO AllergyUsers (UserID, AllergyID) VALUES (165, 31);
INSERT INTO AllergyUsers (UserID, AllergyID) VALUES (165, 29);
INSERT INTO AllergyUsers (UserID, AllergyID) VALUES (172, 30);
INSERT INTO AllergyUsers (UserID, AllergyID) VALUES (181, 24);
INSERT INTO AllergyUsers (UserID, AllergyID) VALUES (181, 31);
INSERT INTO AllergyUsers (UserID, AllergyID) VALUES (186, 29);
INSERT INTO AllergyUsers (UserID, AllergyID) VALUES (186, 21);
INSERT INTO AllergyUsers (UserID, AllergyID) VALUES (190, 30);
INSERT INTO AllergyUsers (UserID, AllergyID) VALUES (190, 26);
INSERT INTO AllergyUsers (UserID, AllergyID) VALUES (193, 34);
INSERT INTO AllergyUsers (UserID, AllergyID) VALUES (193, 30);

-- 🔐 PERMISSIONS
INSERT INTO Permission (ID, Title, PageAccess) VALUES (5, 'Member', 'PROFILE,EVENTS,GEAR,COMMUNICATIONS');
INSERT INTO Permission (ID, Title, PageAccess) VALUES (20, 'VP Comm', 'PROFILE,COMMUNICATIONS,MEMBERS');
INSERT INTO Permission (ID, Title, PageAccess) VALUES (21, 'Safety Officer', 'PROFILE,EVENTS,SAFETY');
INSERT INTO Permission (ID, Title, PageAccess) VALUES (22, 'Gear Manager', 'PROFILE,GEAR,INVENTORY');
INSERT INTO Permission (ID, Title, PageAccess) VALUES (23, 'Social Chair', 'PROFILE,EVENTS,SOCIAL');
INSERT INTO Permission (ID, Title, PageAccess) VALUES (24, 'Alumni', 'PROFILE,EVENTS_READ_ONLY');
INSERT INTO Permission (ID, Title, PageAccess) VALUES (25, 'Inactive Member', 'PROFILE_READ_ONLY');
INSERT INTO Permission (ID, Title, PageAccess) VALUES (26, 'Trip Leader', 'PROFILE,EVENTS,MEMBERS,SAFETY');
INSERT INTO Permission (ID, Title, PageAccess) VALUES (27, 'New Member', 'PROFILE,EVENTS_LIMITED');

-- 🔐 MEMBER PERMISSIONS
INSERT INTO MemberPermissions (Permission, Member) VALUES (5, 100);
INSERT INTO MemberPermissions (Permission, Member) VALUES (5, 101);
INSERT INTO MemberPermissions (Permission, Member) VALUES (5, 102);
INSERT INTO MemberPermissions (Permission, Member) VALUES (5, 103);
INSERT INTO MemberPermissions (Permission, Member) VALUES (26, 104);
INSERT INTO MemberPermissions (Permission, Member) VALUES (26, 105);
INSERT INTO MemberPermissions (Permission, Member) VALUES (5, 106);
INSERT INTO MemberPermissions (Permission, Member) VALUES (5, 107);
INSERT INTO MemberPermissions (Permission, Member) VALUES (5, 108);
INSERT INTO MemberPermissions (Permission, Member) VALUES (5, 109);
INSERT INTO MemberPermissions (Permission, Member) VALUES (23, 110);
INSERT INTO MemberPermissions (Permission, Member) VALUES (5, 111);
INSERT INTO MemberPermissions (Permission, Member) VALUES (5, 112);
INSERT INTO MemberPermissions (Permission, Member) VALUES (5, 113);
INSERT INTO MemberPermissions (Permission, Member) VALUES (27, 114);
INSERT INTO MemberPermissions (Permission, Member) VALUES (20, 115);
INSERT INTO MemberPermissions (Permission, Member) VALUES (5, 116);
INSERT INTO MemberPermissions (Permission, Member) VALUES (5, 117);
INSERT INTO MemberPermissions (Permission, Member) VALUES (5, 118);
INSERT INTO MemberPermissions (Permission, Member) VALUES (24, 119);
INSERT INTO MemberPermissions (Permission, Member) VALUES (5, 120);
INSERT INTO MemberPermissions (Permission, Member) VALUES (5, 121);
INSERT INTO MemberPermissions (Permission, Member) VALUES (5, 122);
INSERT INTO MemberPermissions (Permission, Member) VALUES (5, 123);
INSERT INTO MemberPermissions (Permission, Member) VALUES (5, 124);
INSERT INTO MemberPermissions (Permission, Member) VALUES (5, 125);
INSERT INTO MemberPermissions (Permission, Member) VALUES (5, 126);
INSERT INTO MemberPermissions (Permission, Member) VALUES (21, 127);
INSERT INTO MemberPermissions (Permission, Member) VALUES (5, 128);
INSERT INTO MemberPermissions (Permission, Member) VALUES (5, 129);
INSERT INTO MemberPermissions (Permission, Member) VALUES (5, 130);
INSERT INTO MemberPermissions (Permission, Member) VALUES (5, 131);
INSERT INTO MemberPermissions (Permission, Member) VALUES (5, 132);
INSERT INTO MemberPermissions (Permission, Member) VALUES (5, 133);
INSERT INTO MemberPermissions (Permission, Member) VALUES (5, 134);
INSERT INTO MemberPermissions (Permission, Member) VALUES (26, 135);
INSERT INTO MemberPermissions (Permission, Member) VALUES (5, 136);
INSERT INTO MemberPermissions (Permission, Member) VALUES (21, 137);
INSERT INTO MemberPermissions (Permission, Member) VALUES (20, 138);
INSERT INTO MemberPermissions (Permission, Member) VALUES (5, 139);
INSERT INTO MemberPermissions (Permission, Member) VALUES (5, 140);
INSERT INTO MemberPermissions (Permission, Member) VALUES (5, 141);
INSERT INTO MemberPermissions (Permission, Member) VALUES (5, 142);
INSERT INTO MemberPermissions (Permission, Member) VALUES (5, 143);
INSERT INTO MemberPermissions (Permission, Member) VALUES (5, 144);
INSERT INTO MemberPermissions (Permission, Member) VALUES (20, 145);
INSERT INTO MemberPermissions (Permission, Member) VALUES (5, 146);
INSERT INTO MemberPermissions (Permission, Member) VALUES (5, 147);
INSERT INTO MemberPermissions (Permission, Member) VALUES (5, 148);
INSERT INTO MemberPermissions (Permission, Member) VALUES (21, 149);
INSERT INTO MemberPermissions (Permission, Member) VALUES (5, 150);
INSERT INTO MemberPermissions (Permission, Member) VALUES (5, 151);
INSERT INTO MemberPermissions (Permission, Member) VALUES (22, 152);
INSERT INTO MemberPermissions (Permission, Member) VALUES (5, 153);
INSERT INTO MemberPermissions (Permission, Member) VALUES (5, 154);
INSERT INTO MemberPermissions (Permission, Member) VALUES (22, 155);
INSERT INTO MemberPermissions (Permission, Member) VALUES (5, 156);
INSERT INTO MemberPermissions (Permission, Member) VALUES (5, 157);
INSERT INTO MemberPermissions (Permission, Member) VALUES (5, 158);
INSERT INTO MemberPermissions (Permission, Member) VALUES (5, 159);
INSERT INTO MemberPermissions (Permission, Member) VALUES (24, 160);
INSERT INTO MemberPermissions (Permission, Member) VALUES (5, 161);
INSERT INTO MemberPermissions (Permission, Member) VALUES (27, 162);
INSERT INTO MemberPermissions (Permission, Member) VALUES (5, 163);
INSERT INTO MemberPermissions (Permission, Member) VALUES (5, 164);
INSERT INTO MemberPermissions (Permission, Member) VALUES (5, 165);
INSERT INTO MemberPermissions (Permission, Member) VALUES (5, 166);
INSERT INTO MemberPermissions (Permission, Member) VALUES (5, 167);
INSERT INTO MemberPermissions (Permission, Member) VALUES (5, 168);
INSERT INTO MemberPermissions (Permission, Member) VALUES (5, 169);
INSERT INTO MemberPermissions (Permission, Member) VALUES (5, 170);
INSERT INTO MemberPermissions (Permission, Member) VALUES (27, 171);
INSERT INTO MemberPermissions (Permission, Member) VALUES (26, 172);
INSERT INTO MemberPermissions (Permission, Member) VALUES (5, 173);
INSERT INTO MemberPermissions (Permission, Member) VALUES (5, 174);
INSERT INTO MemberPermissions (Permission, Member) VALUES (5, 175);
INSERT INTO MemberPermissions (Permission, Member) VALUES (5, 176);
INSERT INTO MemberPermissions (Permission, Member) VALUES (21, 177);
INSERT INTO MemberPermissions (Permission, Member) VALUES (20, 178);
INSERT INTO MemberPermissions (Permission, Member) VALUES (5, 179);
INSERT INTO MemberPermissions (Permission, Member) VALUES (23, 180);
INSERT INTO MemberPermissions (Permission, Member) VALUES (20, 181);
INSERT INTO MemberPermissions (Permission, Member) VALUES (5, 182);
INSERT INTO MemberPermissions (Permission, Member) VALUES (5, 183);
INSERT INTO MemberPermissions (Permission, Member) VALUES (5, 184);
INSERT INTO MemberPermissions (Permission, Member) VALUES (5, 185);
INSERT INTO MemberPermissions (Permission, Member) VALUES (5, 186);
INSERT INTO MemberPermissions (Permission, Member) VALUES (5, 187);
INSERT INTO MemberPermissions (Permission, Member) VALUES (26, 188);
INSERT INTO MemberPermissions (Permission, Member) VALUES (5, 189);
INSERT INTO MemberPermissions (Permission, Member) VALUES (5, 190);
INSERT INTO MemberPermissions (Permission, Member) VALUES (20, 191);
INSERT INTO MemberPermissions (Permission, Member) VALUES (24, 192);
INSERT INTO MemberPermissions (Permission, Member) VALUES (5, 193);
INSERT INTO MemberPermissions (Permission, Member) VALUES (5, 194);
INSERT INTO MemberPermissions (Permission, Member) VALUES (5, 195);
INSERT INTO MemberPermissions (Permission, Member) VALUES (5, 196);
INSERT INTO MemberPermissions (Permission, Member) VALUES (5, 197);
INSERT INTO MemberPermissions (Permission, Member) VALUES (5, 198);
INSERT INTO MemberPermissions (Permission, Member) VALUES (5, 199);

-- 🎪 EVENTS
INSERT INTO Event (ID, Author, PartySize, MaxSize, EventLoc, Randomized, Name, Description, MeetLoc, LeadOrg, EventType, RecItems, Picture) VALUES (100, 109, 11, 21, 'Marino Center', FALSE, 'White Mountain Day Hike', 'After similar participant community. Fill imagine unit agency institution hundred degree system. Stop health what his role out marriage million.', 'Ruggles Station', 'Safety Committee', 'Educational', 'hiking boots, water, snacks', 'white_mountain_day_hike.jpg');
INSERT INTO Event (ID, Author, PartySize, MaxSize, EventLoc, Randomized, Name, Description, MeetLoc, LeadOrg, EventType, RecItems, Picture) VALUES (101, 126, 18, 27, 'Centennial', FALSE, 'Trail Maintenance Day', 'Us table day near operation summer value. Study oil look just. Training wide catch size music challenge.', 'Ruggles Station', 'Hiking Committee', 'Training', 'first aid kit, whistle, compass', 'trail_maintenance_day.jpg');
INSERT INTO Event (ID, Author, PartySize, MaxSize, EventLoc, Randomized, Name, Description, MeetLoc, LeadOrg, EventType, RecItems, Picture) VALUES (102, 191, 13, 19, 'Campus', FALSE, 'Trail Maintenance Day', 'Left enjoy side bar agency agree. Though chance some physical behind. Simple resource page avoid kitchen degree edge.', 'Campus Quad', 'Hiking Committee', 'Outdoor', 'first aid kit, whistle, compass', 'trail_maintenance_day.jpg');
INSERT INTO Event (ID, Author, PartySize, MaxSize, EventLoc, Randomized, Name, Description, MeetLoc, LeadOrg, EventType, RecItems, Picture) VALUES (103, 146, 23, 38, 'Centennial', FALSE, 'Advanced Mountaineering', 'Hard become I despite any. Number country yet space.', 'Marino Center', 'Hiking Committee', 'Educational', 'climbing shoes, harness, helmet', 'advanced_mountaineering.jpg');
INSERT INTO Event (ID, Author, PartySize, MaxSize, EventLoc, Randomized, Name, Description, MeetLoc, LeadOrg, EventType, RecItems, Picture) VALUES (104, 143, 5, 12, 'White Mountains NH', FALSE, 'White Mountain Day Hike', 'Two thank between question feel. Hour low argue piece. Use effect town.', 'Ruggles Station', 'Hiking Committee', 'Competition', 'first aid kit, whistle, compass', 'white_mountain_day_hike.jpg');
INSERT INTO Event (ID, Author, PartySize, MaxSize, EventLoc, Randomized, Name, Description, MeetLoc, LeadOrg, EventType, RecItems, Picture) VALUES (105, 147, 26, 36, 'Gear Room', FALSE, 'White Mountain Day Hike', 'Best simple activity dream listen social society. Trial leave mouth energy health especially.
Key owner individual tough director bar find.', 'Campus Quad', 'Membership Committee', 'Training', 'hiking boots, water, snacks', 'white_mountain_day_hike.jpg');
INSERT INTO Event (ID, Author, PartySize, MaxSize, EventLoc, Randomized, Name, Description, MeetLoc, LeadOrg, EventType, RecItems, Picture) VALUES (106, 153, 22, 28, 'Marino Center', TRUE, 'Winter Camping Prep', 'Forget provide anyone even. Would trip local employee teacher quite.', 'Back Bay Station', 'Social Committee', 'Educational', 'hiking boots, water, snacks', 'winter_camping_prep.jpg');
INSERT INTO Event (ID, Author, PartySize, MaxSize, EventLoc, Randomized, Name, Description, MeetLoc, LeadOrg, EventType, RecItems, Picture) VALUES (107, 103, 25, 38, 'Pub', FALSE, 'Camping Fundamentals', 'Theory glass table task individual though treatment. Some doctor report chance pass argue fact dinner.', 'Back Bay Station', 'Climbing Committee', 'Social', 'warm layers, headlamp, map', 'camping_fundamentals.jpg');
INSERT INTO Event (ID, Author, PartySize, MaxSize, EventLoc, Randomized, Name, Description, MeetLoc, LeadOrg, EventType, RecItems, Picture) VALUES (108, 129, 13, 22, 'Pub', FALSE, 'Advanced Mountaineering', 'Control any thing find become city although. Store most rule last.
Near hold according pass. In city event seek.', 'Back Bay Station', 'Membership Committee', 'Educational', 'notebook, pen, enthusiasm', 'advanced_mountaineering.jpg');
INSERT INTO Event (ID, Author, PartySize, MaxSize, EventLoc, Randomized, Name, Description, MeetLoc, LeadOrg, EventType, RecItems, Picture) VALUES (109, 174, 28, 40, 'White Mountains NH', FALSE, 'Knot Tying Workshop', 'Standard process might. News for low president risk office.', 'Ruggles Station', 'Membership Committee', 'Educational', 'sleeping bag, tent, camp stove', 'knot_tying_workshop.jpg');
INSERT INTO Event (ID, Author, PartySize, MaxSize, EventLoc, Randomized, Name, Description, MeetLoc, LeadOrg, EventType, RecItems, Picture) VALUES (110, 116, 10, 21, 'White Mountains NH', FALSE, 'Camping Fundamentals', 'General hour north data then project raise. Main themselves arrive bed director.', 'Ruggles Station', 'Climbing Committee', 'Educational', 'sleeping bag, tent, camp stove', 'camping_fundamentals.jpg');
INSERT INTO Event (ID, Author, PartySize, MaxSize, EventLoc, Randomized, Name, Description, MeetLoc, LeadOrg, EventType, RecItems, Picture) VALUES (111, 152, 22, 29, 'Loj', FALSE, 'Sunrise Photography Hike', 'Nation group management that expert seat. Before now wear. Entire ask every response.', 'Marino Center', 'Social Committee', 'Outdoor', 'sleeping bag, tent, camp stove', 'sunrise_photography_hike.jpg');
INSERT INTO Event (ID, Author, PartySize, MaxSize, EventLoc, Randomized, Name, Description, MeetLoc, LeadOrg, EventType, RecItems, Picture) VALUES (112, 160, 5, 23, 'Local Crag', FALSE, 'Sunrise Photography Hike', 'Capital sort describe glass. Economic design article kid happen leader board.
Best hope million team. Risk detail skin southern.', 'Back Bay Station', 'Social Committee', 'Meeting', 'climbing shoes, harness, helmet', 'sunrise_photography_hike.jpg');
INSERT INTO Event (ID, Author, PartySize, MaxSize, EventLoc, Randomized, Name, Description, MeetLoc, LeadOrg, EventType, RecItems, Picture) VALUES (113, 120, 11, 28, 'Marino Center', FALSE, 'New Member BBQ', 'Approach could between their pretty leg a. They call voice left when. Difficult win today give win marriage.', 'Back Bay Station', 'Social Committee', 'Social', 'warm layers, headlamp, map', 'new_member_bbq.jpg');
INSERT INTO Event (ID, Author, PartySize, MaxSize, EventLoc, Randomized, Name, Description, MeetLoc, LeadOrg, EventType, RecItems, Picture) VALUES (114, 176, 13, 32, 'Centennial', TRUE, 'Wilderness First Aid', 'Become likely trouble they think control seem. Include various table word customer baby.', 'Back Bay Station', 'Membership Committee', 'Training', 'warm layers, headlamp, map', 'wilderness_first_aid.jpg');
INSERT INTO Event (ID, Author, PartySize, MaxSize, EventLoc, Randomized, Name, Description, MeetLoc, LeadOrg, EventType, RecItems, Picture) VALUES (115, 189, 23, 34, 'White Mountains NH', FALSE, 'Avalanche Safety Course', 'Door subject rock rate they leg always. Voice hit each artist send.', 'Curry Student Center', 'Social Committee', 'Competition', 'warm layers, headlamp, map', 'avalanche_safety_course.jpg');
INSERT INTO Event (ID, Author, PartySize, MaxSize, EventLoc, Randomized, Name, Description, MeetLoc, LeadOrg, EventType, RecItems, Picture) VALUES (116, 178, 7, 15, 'Marino Center', TRUE, 'Beginner Rock Climbing', 'Student leg marriage far. Law would possible standard career investment.', 'Campus Quad', 'Social Committee', 'Outdoor', 'notebook, pen, enthusiasm', 'beginner_rock_climbing.jpg');
INSERT INTO Event (ID, Author, PartySize, MaxSize, EventLoc, Randomized, Name, Description, MeetLoc, LeadOrg, EventType, RecItems, Picture) VALUES (117, 138, 10, 17, 'Loj', FALSE, 'Ski Touring Basics', 'Quickly describe street this summer likely. Subject simple stage can.
This responsibility choose example opportunity notice collection do.', 'Campus Quad', 'Safety Committee', 'Outdoor', 'sleeping bag, tent, camp stove', 'ski_touring_basics.jpg');
INSERT INTO Event (ID, Author, PartySize, MaxSize, EventLoc, Randomized, Name, Description, MeetLoc, LeadOrg, EventType, RecItems, Picture) VALUES (118, 196, 18, 33, 'Local Crag', FALSE, 'Trip Planning Session', 'Become check hold indicate drug ask. Area respond few role.', 'Back Bay Station', 'Social Committee', 'Educational', 'first aid kit, whistle, compass', 'trip_planning_session.jpg');
INSERT INTO Event (ID, Author, PartySize, MaxSize, EventLoc, Randomized, Name, Description, MeetLoc, LeadOrg, EventType, RecItems, Picture) VALUES (119, 107, 24, 40, 'Loj', FALSE, 'Trip Planning Session', 'Drive agency write amount care wait. Red history yet must bad they difficult school.', 'Back Bay Station', 'Hiking Committee', 'Meeting', 'hiking boots, water, snacks', 'trip_planning_session.jpg');
INSERT INTO Event (ID, Author, PartySize, MaxSize, EventLoc, Randomized, Name, Description, MeetLoc, LeadOrg, EventType, RecItems, Picture) VALUES (120, 123, 15, 32, 'Gear Room', TRUE, 'Map and Compass Workshop', 'Course natural bad beyond point. Name collection beautiful mission image religious throughout. Animal bar make from add arrive politics.', 'Curry Student Center', 'Membership Committee', 'Meeting', 'hiking boots, water, snacks', 'map_and_compass_workshop.jpg');
INSERT INTO Event (ID, Author, PartySize, MaxSize, EventLoc, Randomized, Name, Description, MeetLoc, LeadOrg, EventType, RecItems, Picture) VALUES (121, 196, 12, 18, 'Pub', FALSE, 'Ice Climbing Introduction', 'Agency writer fact back affect rock its. News common company establish entire. Indeed police wait listen might seem increase.', 'Ruggles Station', 'Hiking Committee', 'Meeting', 'first aid kit, whistle, compass', 'ice_climbing_introduction.jpg');
INSERT INTO Event (ID, Author, PartySize, MaxSize, EventLoc, Randomized, Name, Description, MeetLoc, LeadOrg, EventType, RecItems, Picture) VALUES (122, 130, 28, 39, 'Marino Center', FALSE, 'Safety Committee Meeting', 'Grow daughter visit prove owner anything cause. Visit your eight family.', 'Campus Quad', 'Membership Committee', 'Meeting', 'sleeping bag, tent, camp stove', 'safety_committee_meeting.jpg');
INSERT INTO Event (ID, Author, PartySize, MaxSize, EventLoc, Randomized, Name, Description, MeetLoc, LeadOrg, EventType, RecItems, Picture) VALUES (123, 190, 25, 42, 'Pub', TRUE, 'Camping Fundamentals', 'Hope including staff live result. Decide better hear cultural social collection. Early management force certain five likely.', 'Curry Student Center', 'Hiking Committee', 'Social', 'warm layers, headlamp, map', 'camping_fundamentals.jpg');
INSERT INTO Event (ID, Author, PartySize, MaxSize, EventLoc, Randomized, Name, Description, MeetLoc, LeadOrg, EventType, RecItems, Picture) VALUES (124, 117, 16, 28, 'Marino Center', FALSE, 'Knot Tying Workshop', 'Door business role. No across magazine pretty white. Baby speech require like store bill shoulder.', 'Back Bay Station', 'Climbing Committee', 'Competition', 'notebook, pen, enthusiasm', 'knot_tying_workshop.jpg');
INSERT INTO Event (ID, Author, PartySize, MaxSize, EventLoc, Randomized, Name, Description, MeetLoc, LeadOrg, EventType, RecItems, Picture) VALUES (125, 141, 26, 36, 'Gear Room', TRUE, 'Winter Camping Prep', 'Public voice trip within machine may value cold. Energy board box after.', 'Back Bay Station', 'Social Committee', 'Competition', 'climbing shoes, harness, helmet', 'winter_camping_prep.jpg');
INSERT INTO Event (ID, Author, PartySize, MaxSize, EventLoc, Randomized, Name, Description, MeetLoc, LeadOrg, EventType, RecItems, Picture) VALUES (126, 107, 9, 22, 'Marino Center', FALSE, 'Wilderness First Aid', 'Seem address still environmental production contain same. Million television near person race. During best attorney easy likely pass.', 'Back Bay Station', 'Climbing Committee', 'Competition', 'sleeping bag, tent, camp stove', 'wilderness_first_aid.jpg');
INSERT INTO Event (ID, Author, PartySize, MaxSize, EventLoc, Randomized, Name, Description, MeetLoc, LeadOrg, EventType, RecItems, Picture) VALUES (127, 136, 21, 27, 'Centennial', FALSE, 'Monthly Social Dinner', 'Standard while remember dog story. Color then member growth establish imagine pull ask.', 'Curry Student Center', 'Social Committee', 'Outdoor', 'climbing shoes, harness, helmet', 'monthly_social_dinner.jpg');
INSERT INTO Event (ID, Author, PartySize, MaxSize, EventLoc, Randomized, Name, Description, MeetLoc, LeadOrg, EventType, RecItems, Picture) VALUES (128, 187, 5, 14, 'Campus', FALSE, 'Trip Planning Session', 'Pass cup away effect drive. Kind price house policy thousand its.', 'Back Bay Station', 'Membership Committee', 'Social', 'warm layers, headlamp, map', 'trip_planning_session.jpg');
INSERT INTO Event (ID, Author, PartySize, MaxSize, EventLoc, Randomized, Name, Description, MeetLoc, LeadOrg, EventType, RecItems, Picture) VALUES (129, 126, 17, 37, 'Local Crag', FALSE, 'New Member BBQ', 'Place station arrive green adult. Provide rock actually remain. Since according different here.', 'Curry Student Center', 'Membership Committee', 'Training', 'climbing shoes, harness, helmet', 'new_member_bbq.jpg');
INSERT INTO Event (ID, Author, PartySize, MaxSize, EventLoc, Randomized, Name, Description, MeetLoc, LeadOrg, EventType, RecItems, Picture) VALUES (130, 194, 28, 40, 'Centennial', FALSE, 'Peak Bagging Challenge', 'Control but voice agent task fish. Hour his international ten both who let.
Over let dark. Decide clearly term local.', 'Ruggles Station', 'Hiking Committee', 'Meeting', 'sleeping bag, tent, camp stove', 'peak_bagging_challenge.jpg');
INSERT INTO Event (ID, Author, PartySize, MaxSize, EventLoc, Randomized, Name, Description, MeetLoc, LeadOrg, EventType, RecItems, Picture) VALUES (131, 132, 9, 17, 'Marino Center', FALSE, 'Club Fair Booth', 'Increase practice anything staff. Buy business we article policy. Room work century teach natural along phone according.', 'Campus Quad', 'Climbing Committee', 'Training', 'climbing shoes, harness, helmet', 'club_fair_booth.jpg');
INSERT INTO Event (ID, Author, PartySize, MaxSize, EventLoc, Randomized, Name, Description, MeetLoc, LeadOrg, EventType, RecItems, Picture) VALUES (132, 117, 23, 30, 'Local Crag', TRUE, 'Avalanche Safety Course', 'Together myself check still court. Concern develop rich man keep late future. Budget professor task class none concern.', 'Curry Student Center', 'Hiking Committee', 'Outdoor', 'climbing shoes, harness, helmet', 'avalanche_safety_course.jpg');
INSERT INTO Event (ID, Author, PartySize, MaxSize, EventLoc, Randomized, Name, Description, MeetLoc, LeadOrg, EventType, RecItems, Picture) VALUES (133, 150, 10, 17, 'Campus', FALSE, 'White Mountain Day Hike', 'Fast chance officer.', 'Marino Center', 'Hiking Committee', 'Educational', 'climbing shoes, harness, helmet', 'white_mountain_day_hike.jpg');
INSERT INTO Event (ID, Author, PartySize, MaxSize, EventLoc, Randomized, Name, Description, MeetLoc, LeadOrg, EventType, RecItems, Picture) VALUES (134, 146, 23, 42, 'Gear Room', TRUE, 'Gear Maintenance Session', 'Board another change their use any whether catch. Little effort media national. Key us popular suggest a she ability.', 'Marino Center', 'Social Committee', 'Outdoor', 'sleeping bag, tent, camp stove', 'gear_maintenance_session.jpg');
INSERT INTO Event (ID, Author, PartySize, MaxSize, EventLoc, Randomized, Name, Description, MeetLoc, LeadOrg, EventType, RecItems, Picture) VALUES (135, 190, 19, 39, 'Campus', FALSE, 'Ski Touring Basics', 'Worker to himself however myself interest. Music media without material company price.', 'Ruggles Station', 'Climbing Committee', 'Competition', 'notebook, pen, enthusiasm', 'ski_touring_basics.jpg');
INSERT INTO Event (ID, Author, PartySize, MaxSize, EventLoc, Randomized, Name, Description, MeetLoc, LeadOrg, EventType, RecItems, Picture) VALUES (136, 131, 5, 17, 'Local Crag', FALSE, 'Trail Maintenance Day', 'He go those however ability early training. Around doctor together pretty team. While cup plan it interest true describe.', 'Campus Quad', 'Social Committee', 'Competition', 'climbing shoes, harness, helmet', 'trail_maintenance_day.jpg');
INSERT INTO Event (ID, Author, PartySize, MaxSize, EventLoc, Randomized, Name, Description, MeetLoc, LeadOrg, EventType, RecItems, Picture) VALUES (137, 168, 25, 33, 'Gear Room', TRUE, 'Avalanche Safety Course', 'Order growth learn road minute above lawyer sure. Than wrong personal section career matter like tree.', 'Ruggles Station', 'Climbing Committee', 'Outdoor', 'hiking boots, water, snacks', 'avalanche_safety_course.jpg');
INSERT INTO Event (ID, Author, PartySize, MaxSize, EventLoc, Randomized, Name, Description, MeetLoc, LeadOrg, EventType, RecItems, Picture) VALUES (138, 145, 21, 35, 'Campus', FALSE, 'Ski Touring Basics', 'Name style country service set nice. Program woman until right other morning character recognize.', 'Marino Center', 'Membership Committee', 'Outdoor', 'notebook, pen, enthusiasm', 'ski_touring_basics.jpg');
INSERT INTO Event (ID, Author, PartySize, MaxSize, EventLoc, Randomized, Name, Description, MeetLoc, LeadOrg, EventType, RecItems, Picture) VALUES (139, 123, 16, 24, 'Local Crag', FALSE, 'Monthly Social Dinner', 'Together like budget. Kind man very. Memory record break husband state relationship.
Now however shake. Mind tonight true camera special.', 'Marino Center', 'Climbing Committee', 'Meeting', 'hiking boots, water, snacks', 'monthly_social_dinner.jpg');
INSERT INTO Event (ID, Author, PartySize, MaxSize, EventLoc, Randomized, Name, Description, MeetLoc, LeadOrg, EventType, RecItems, Picture) VALUES (140, 121, 6, 24, 'Local Crag', FALSE, 'Gear Sale Event', 'Include bad probably culture significant. Them their teacher. Last no visit news. Total word field record animal against operation.', 'Back Bay Station', 'Hiking Committee', 'Competition', 'climbing shoes, harness, helmet', 'gear_sale_event.jpg');
INSERT INTO Event (ID, Author, PartySize, MaxSize, EventLoc, Randomized, Name, Description, MeetLoc, LeadOrg, EventType, RecItems, Picture) VALUES (141, 153, 25, 43, 'Loj', FALSE, 'Knot Tying Workshop', 'People much field. Per each political analysis social.', 'Ruggles Station', 'Safety Committee', 'Social', 'notebook, pen, enthusiasm', 'knot_tying_workshop.jpg');
INSERT INTO Event (ID, Author, PartySize, MaxSize, EventLoc, Randomized, Name, Description, MeetLoc, LeadOrg, EventType, RecItems, Picture) VALUES (142, 195, 28, 41, 'Local Crag', TRUE, 'Safety Committee Meeting', 'Watch risk popular experience admit wish me. Choose class season company billion adult with. Sea card current administration class land across poor.', 'Campus Quad', 'Social Committee', 'Social', 'first aid kit, whistle, compass', 'safety_committee_meeting.jpg');
INSERT INTO Event (ID, Author, PartySize, MaxSize, EventLoc, Randomized, Name, Description, MeetLoc, LeadOrg, EventType, RecItems, Picture) VALUES (143, 106, 15, 21, 'Local Crag', FALSE, 'Ice Climbing Introduction', 'Through analysis professor office. Yourself evidence share.
Religious enter history. Perform type card by may but wear. Gas fish moment case whom.', 'Marino Center', 'Climbing Committee', 'Outdoor', 'first aid kit, whistle, compass', 'ice_climbing_introduction.jpg');
INSERT INTO Event (ID, Author, PartySize, MaxSize, EventLoc, Randomized, Name, Description, MeetLoc, LeadOrg, EventType, RecItems, Picture) VALUES (144, 139, 11, 28, 'Centennial', FALSE, 'Safety Committee Meeting', 'Return want prepare skill house practice tax. Score two near piece first meeting idea. Blue million hear why begin old.', 'Marino Center', 'Safety Committee', 'Training', 'climbing shoes, harness, helmet', 'safety_committee_meeting.jpg');
INSERT INTO Event (ID, Author, PartySize, MaxSize, EventLoc, Randomized, Name, Description, MeetLoc, LeadOrg, EventType, RecItems, Picture) VALUES (145, 183, 29, 35, 'Loj', FALSE, 'Leave No Trace Training', 'Need culture simply gas four. Region since choice. Add best author recognize note our.', 'Campus Quad', 'Safety Committee', 'Outdoor', 'first aid kit, whistle, compass', 'leave_no_trace_training.jpg');
INSERT INTO Event (ID, Author, PartySize, MaxSize, EventLoc, Randomized, Name, Description, MeetLoc, LeadOrg, EventType, RecItems, Picture) VALUES (146, 149, 10, 20, 'Gear Room', FALSE, 'Ice Climbing Introduction', 'Bar cell note weight trade even care feel.
Down movement class likely thing military oil. Class everything tell few.', 'Marino Center', 'Safety Committee', 'Social', 'sleeping bag, tent, camp stove', 'ice_climbing_introduction.jpg');
INSERT INTO Event (ID, Author, PartySize, MaxSize, EventLoc, Randomized, Name, Description, MeetLoc, LeadOrg, EventType, RecItems, Picture) VALUES (147, 102, 26, 40, 'Campus', FALSE, 'Wilderness First Aid', 'Their physical quickly can. Course child western although peace performance deal idea. Trade attack turn power nation act.', 'Curry Student Center', 'Safety Committee', 'Social', 'hiking boots, water, snacks', 'wilderness_first_aid.jpg');
INSERT INTO Event (ID, Author, PartySize, MaxSize, EventLoc, Randomized, Name, Description, MeetLoc, LeadOrg, EventType, RecItems, Picture) VALUES (148, 138, 28, 35, 'Campus', FALSE, 'Winter Camping Prep', 'Guy carry skill here. National character from machine authority trip pick.', 'Marino Center', 'Safety Committee', 'Outdoor', 'climbing shoes, harness, helmet', 'winter_camping_prep.jpg');
INSERT INTO Event (ID, Author, PartySize, MaxSize, EventLoc, Randomized, Name, Description, MeetLoc, LeadOrg, EventType, RecItems, Picture) VALUES (149, 102, 7, 21, 'Marino Center', FALSE, 'Winter Camping Prep', 'Line run history after parent. Water government house little increase analysis true provide. Explain his individual. We audience election experience.', 'Curry Student Center', 'Climbing Committee', 'Meeting', 'notebook, pen, enthusiasm', 'winter_camping_prep.jpg');

-- 📋 EVENT ROSTER
INSERT INTO EventRoster (ID, Event, Member, DateRegistered, Waitlisted) VALUES (100, 100, 170, '2025-07-19 01:34:46', FALSE);
INSERT INTO EventRoster (ID, Event, Member, DateRegistered, Waitlisted) VALUES (101, 100, 120, '2025-08-05 10:48:21', FALSE);
INSERT INTO EventRoster (ID, Event, Member, DateRegistered, Waitlisted) VALUES (102, 100, 100, '2025-08-04 17:57:27', FALSE);
INSERT INTO EventRoster (ID, Event, Member, DateRegistered, Waitlisted) VALUES (103, 100, 156, '2025-07-12 16:46:37', FALSE);
INSERT INTO EventRoster (ID, Event, Member, DateRegistered, Waitlisted) VALUES (104, 100, 108, '2025-08-03 19:06:46', FALSE);
INSERT INTO EventRoster (ID, Event, Member, DateRegistered, Waitlisted) VALUES (105, 100, 127, '2025-07-31 07:02:30', TRUE);
INSERT INTO EventRoster (ID, Event, Member, DateRegistered, Waitlisted) VALUES (106, 100, 136, '2025-07-11 15:38:58', FALSE);
INSERT INTO EventRoster (ID, Event, Member, DateRegistered, Waitlisted) VALUES (107, 100, 147, '2025-08-04 20:53:32', FALSE);
INSERT INTO EventRoster (ID, Event, Member, DateRegistered, Waitlisted) VALUES (108, 100, 190, '2025-07-12 14:34:46', FALSE);
INSERT INTO EventRoster (ID, Event, Member, DateRegistered, Waitlisted) VALUES (109, 100, 128, '2025-07-13 10:29:53', TRUE);
INSERT INTO EventRoster (ID, Event, Member, DateRegistered, Waitlisted) VALUES (110, 100, 177, '2025-07-22 12:46:59', FALSE);
INSERT INTO EventRoster (ID, Event, Member, DateRegistered, Waitlisted) VALUES (111, 100, 149, '2025-08-03 22:16:23', FALSE);
INSERT INTO EventRoster (ID, Event, Member, DateRegistered, Waitlisted) VALUES (112, 100, 154, '2025-07-18 08:56:20', FALSE);
INSERT INTO EventRoster (ID, Event, Member, DateRegistered, Waitlisted) VALUES (113, 100, 138, '2025-07-26 03:04:00', TRUE);
INSERT INTO EventRoster (ID, Event, Member, DateRegistered, Waitlisted) VALUES (114, 100, 150, '2025-07-21 05:40:45', FALSE);
INSERT INTO EventRoster (ID, Event, Member, DateRegistered, Waitlisted) VALUES (115, 100, 133, '2025-07-29 03:40:58', FALSE);
INSERT INTO EventRoster (ID, Event, Member, DateRegistered, Waitlisted) VALUES (116, 100, 124, '2025-08-05 21:02:09', FALSE);
INSERT INTO EventRoster (ID, Event, Member, DateRegistered, Waitlisted) VALUES (117, 100, 148, '2025-07-21 12:45:10', FALSE);
INSERT INTO EventRoster (ID, Event, Member, DateRegistered, Waitlisted) VALUES (118, 100, 115, '2025-07-29 19:48:30', FALSE);
INSERT INTO EventRoster (ID, Event, Member, DateRegistered, Waitlisted) VALUES (119, 100, 110, '2025-07-17 13:25:10', FALSE);
INSERT INTO EventRoster (ID, Event, Member, DateRegistered, Waitlisted) VALUES (120, 100, 143, '2025-07-24 13:10:44', FALSE);
INSERT INTO EventRoster (ID, Event, Member, DateRegistered, Waitlisted) VALUES (121, 100, 188, '2025-07-15 10:46:43', FALSE);
INSERT INTO EventRoster (ID, Event, Member, DateRegistered, Waitlisted) VALUES (122, 101, 172, '2025-07-18 20:17:32', FALSE);
INSERT INTO EventRoster (ID, Event, Member, DateRegistered, Waitlisted) VALUES (123, 101, 124, '2025-07-29 22:17:43', FALSE);
INSERT INTO EventRoster (ID, Event, Member, DateRegistered, Waitlisted) VALUES (124, 101, 112, '2025-08-04 00:48:20', FALSE);
INSERT INTO EventRoster (ID, Event, Member, DateRegistered, Waitlisted) VALUES (125, 101, 145, '2025-08-04 11:17:49', TRUE);
INSERT INTO EventRoster (ID, Event, Member, DateRegistered, Waitlisted) VALUES (126, 101, 121, '2025-07-24 19:49:53', FALSE);
INSERT INTO EventRoster (ID, Event, Member, DateRegistered, Waitlisted) VALUES (127, 101, 123, '2025-07-30 04:21:53', FALSE);
INSERT INTO EventRoster (ID, Event, Member, DateRegistered, Waitlisted) VALUES (128, 101, 170, '2025-08-04 18:40:10', FALSE);
INSERT INTO EventRoster (ID, Event, Member, DateRegistered, Waitlisted) VALUES (129, 101, 110, '2025-07-22 06:24:25', FALSE);
INSERT INTO EventRoster (ID, Event, Member, DateRegistered, Waitlisted) VALUES (130, 101, 165, '2025-07-18 22:31:58', FALSE);
INSERT INTO EventRoster (ID, Event, Member, DateRegistered, Waitlisted) VALUES (131, 101, 144, '2025-08-05 22:24:07', FALSE);
INSERT INTO EventRoster (ID, Event, Member, DateRegistered, Waitlisted) VALUES (132, 101, 167, '2025-07-11 02:30:04', FALSE);
INSERT INTO EventRoster (ID, Event, Member, DateRegistered, Waitlisted) VALUES (133, 101, 102, '2025-07-23 22:08:23', FALSE);
INSERT INTO EventRoster (ID, Event, Member, DateRegistered, Waitlisted) VALUES (134, 101, 190, '2025-07-19 09:36:48', FALSE);
INSERT INTO EventRoster (ID, Event, Member, DateRegistered, Waitlisted) VALUES (135, 101, 125, '2025-07-29 18:53:44', FALSE);
INSERT INTO EventRoster (ID, Event, Member, DateRegistered, Waitlisted) VALUES (136, 101, 189, '2025-07-15 23:40:37', FALSE);
INSERT INTO EventRoster (ID, Event, Member, DateRegistered, Waitlisted) VALUES (137, 101, 131, '2025-07-29 21:37:42', FALSE);
INSERT INTO EventRoster (ID, Event, Member, DateRegistered, Waitlisted) VALUES (138, 101, 130, '2025-07-24 14:50:24', FALSE);
INSERT INTO EventRoster (ID, Event, Member, DateRegistered, Waitlisted) VALUES (139, 101, 177, '2025-07-21 14:21:30', FALSE);
INSERT INTO EventRoster (ID, Event, Member, DateRegistered, Waitlisted) VALUES (140, 101, 198, '2025-07-20 04:00:18', FALSE);
INSERT INTO EventRoster (ID, Event, Member, DateRegistered, Waitlisted) VALUES (141, 101, 103, '2025-07-27 00:55:12', FALSE);
INSERT INTO EventRoster (ID, Event, Member, DateRegistered, Waitlisted) VALUES (142, 101, 140, '2025-07-22 10:54:21', FALSE);
INSERT INTO EventRoster (ID, Event, Member, DateRegistered, Waitlisted) VALUES (143, 101, 101, '2025-07-16 20:10:16', FALSE);
INSERT INTO EventRoster (ID, Event, Member, DateRegistered, Waitlisted) VALUES (144, 101, 180, '2025-08-06 18:09:56', TRUE);
INSERT INTO EventRoster (ID, Event, Member, DateRegistered, Waitlisted) VALUES (145, 101, 184, '2025-07-29 08:18:26', FALSE);
INSERT INTO EventRoster (ID, Event, Member, DateRegistered, Waitlisted) VALUES (146, 101, 156, '2025-07-24 10:34:00', FALSE);
INSERT INTO EventRoster (ID, Event, Member, DateRegistered, Waitlisted) VALUES (147, 102, 171, '2025-07-30 21:39:49', FALSE);
INSERT INTO EventRoster (ID, Event, Member, DateRegistered, Waitlisted) VALUES (148, 102, 100, '2025-07-22 00:00:20', FALSE);
INSERT INTO EventRoster (ID, Event, Member, DateRegistered, Waitlisted) VALUES (149, 102, 149, '2025-07-22 12:58:21', FALSE);
INSERT INTO EventRoster (ID, Event, Member, DateRegistered, Waitlisted) VALUES (150, 102, 140, '2025-08-04 09:59:21', FALSE);
INSERT INTO EventRoster (ID, Event, Member, DateRegistered, Waitlisted) VALUES (151, 102, 195, '2025-07-11 06:57:29', FALSE);
INSERT INTO EventRoster (ID, Event, Member, DateRegistered, Waitlisted) VALUES (152, 102, 146, '2025-07-17 11:55:58', FALSE);
INSERT INTO EventRoster (ID, Event, Member, DateRegistered, Waitlisted) VALUES (153, 102, 167, '2025-07-16 05:25:48', FALSE);
INSERT INTO EventRoster (ID, Event, Member, DateRegistered, Waitlisted) VALUES (154, 102, 126, '2025-07-20 16:58:11', FALSE);
INSERT INTO EventRoster (ID, Event, Member, DateRegistered, Waitlisted) VALUES (155, 102, 154, '2025-07-21 06:23:31', TRUE);
INSERT INTO EventRoster (ID, Event, Member, DateRegistered, Waitlisted) VALUES (156, 102, 107, '2025-08-05 12:25:17', FALSE);
INSERT INTO EventRoster (ID, Event, Member, DateRegistered, Waitlisted) VALUES (157, 102, 115, '2025-07-16 04:17:59', FALSE);
INSERT INTO EventRoster (ID, Event, Member, DateRegistered, Waitlisted) VALUES (158, 102, 197, '2025-07-14 05:37:04', FALSE);
INSERT INTO EventRoster (ID, Event, Member, DateRegistered, Waitlisted) VALUES (159, 102, 145, '2025-08-05 02:27:14', FALSE);
INSERT INTO EventRoster (ID, Event, Member, DateRegistered, Waitlisted) VALUES (160, 102, 170, '2025-07-18 22:47:31', FALSE);
INSERT INTO EventRoster (ID, Event, Member, DateRegistered, Waitlisted) VALUES (161, 102, 153, '2025-07-10 04:58:49', FALSE);
INSERT INTO EventRoster (ID, Event, Member, DateRegistered, Waitlisted) VALUES (162, 102, 157, '2025-07-30 03:03:55', FALSE);
INSERT INTO EventRoster (ID, Event, Member, DateRegistered, Waitlisted) VALUES (163, 102, 109, '2025-07-19 02:00:48', FALSE);
INSERT INTO EventRoster (ID, Event, Member, DateRegistered, Waitlisted) VALUES (164, 102, 176, '2025-08-05 09:22:04', FALSE);
INSERT INTO EventRoster (ID, Event, Member, DateRegistered, Waitlisted) VALUES (165, 102, 182, '2025-07-28 08:48:55', FALSE);
INSERT INTO EventRoster (ID, Event, Member, DateRegistered, Waitlisted) VALUES (166, 102, 142, '2025-08-07 14:33:49', FALSE);
INSERT INTO EventRoster (ID, Event, Member, DateRegistered, Waitlisted) VALUES (167, 102, 105, '2025-08-01 10:13:41', TRUE);
INSERT INTO EventRoster (ID, Event, Member, DateRegistered, Waitlisted) VALUES (168, 102, 169, '2025-07-14 01:57:03', FALSE);
INSERT INTO EventRoster (ID, Event, Member, DateRegistered, Waitlisted) VALUES (169, 102, 193, '2025-08-06 10:24:22', FALSE);
INSERT INTO EventRoster (ID, Event, Member, DateRegistered, Waitlisted) VALUES (170, 103, 172, '2025-07-25 13:01:22', FALSE);
INSERT INTO EventRoster (ID, Event, Member, DateRegistered, Waitlisted) VALUES (171, 103, 116, '2025-07-15 21:56:27', FALSE);
INSERT INTO EventRoster (ID, Event, Member, DateRegistered, Waitlisted) VALUES (172, 103, 186, '2025-07-16 18:29:15', FALSE);
INSERT INTO EventRoster (ID, Event, Member, DateRegistered, Waitlisted) VALUES (173, 103, 132, '2025-07-12 10:44:15', FALSE);
INSERT INTO EventRoster (ID, Event, Member, DateRegistered, Waitlisted) VALUES (174, 103, 189, '2025-07-27 17:44:46', TRUE);
INSERT INTO EventRoster (ID, Event, Member, DateRegistered, Waitlisted) VALUES (175, 103, 123, '2025-07-22 05:19:59', FALSE);
INSERT INTO EventRoster (ID, Event, Member, DateRegistered, Waitlisted) VALUES (176, 103, 155, '2025-07-15 13:22:07', FALSE);
INSERT INTO EventRoster (ID, Event, Member, DateRegistered, Waitlisted) VALUES (177, 103, 178, '2025-07-30 03:13:15', TRUE);
INSERT INTO EventRoster (ID, Event, Member, DateRegistered, Waitlisted) VALUES (178, 103, 137, '2025-08-05 23:35:51', FALSE);
INSERT INTO EventRoster (ID, Event, Member, DateRegistered, Waitlisted) VALUES (179, 103, 121, '2025-08-01 08:24:56', FALSE);
INSERT INTO EventRoster (ID, Event, Member, DateRegistered, Waitlisted) VALUES (180, 103, 181, '2025-07-28 22:25:01', FALSE);
INSERT INTO EventRoster (ID, Event, Member, DateRegistered, Waitlisted) VALUES (181, 103, 133, '2025-08-04 01:04:27', FALSE);
INSERT INTO EventRoster (ID, Event, Member, DateRegistered, Waitlisted) VALUES (182, 103, 180, '2025-07-16 19:11:00', FALSE);
INSERT INTO EventRoster (ID, Event, Member, DateRegistered, Waitlisted) VALUES (183, 103, 125, '2025-08-05 05:49:23', TRUE);
INSERT INTO EventRoster (ID, Event, Member, DateRegistered, Waitlisted) VALUES (184, 103, 122, '2025-07-30 13:13:49', FALSE);
INSERT INTO EventRoster (ID, Event, Member, DateRegistered, Waitlisted) VALUES (185, 103, 198, '2025-07-19 17:46:51', FALSE);
INSERT INTO EventRoster (ID, Event, Member, DateRegistered, Waitlisted) VALUES (186, 103, 115, '2025-07-14 09:02:25', FALSE);
INSERT INTO EventRoster (ID, Event, Member, DateRegistered, Waitlisted) VALUES (187, 103, 150, '2025-07-17 02:19:34', FALSE);
INSERT INTO EventRoster (ID, Event, Member, DateRegistered, Waitlisted) VALUES (188, 103, 184, '2025-07-30 16:37:46', FALSE);
INSERT INTO EventRoster (ID, Event, Member, DateRegistered, Waitlisted) VALUES (189, 103, 159, '2025-07-09 14:32:29', FALSE);
INSERT INTO EventRoster (ID, Event, Member, DateRegistered, Waitlisted) VALUES (190, 103, 128, '2025-07-19 04:39:45', FALSE);
INSERT INTO EventRoster (ID, Event, Member, DateRegistered, Waitlisted) VALUES (191, 103, 108, '2025-07-21 22:05:03', FALSE);
INSERT INTO EventRoster (ID, Event, Member, DateRegistered, Waitlisted) VALUES (192, 103, 139, '2025-07-13 12:19:47', FALSE);
INSERT INTO EventRoster (ID, Event, Member, DateRegistered, Waitlisted) VALUES (193, 103, 191, '2025-07-24 00:35:42', FALSE);
INSERT INTO EventRoster (ID, Event, Member, DateRegistered, Waitlisted) VALUES (194, 103, 104, '2025-08-06 00:35:50', FALSE);
INSERT INTO EventRoster (ID, Event, Member, DateRegistered, Waitlisted) VALUES (195, 104, 158, '2025-07-09 21:01:36', FALSE);
INSERT INTO EventRoster (ID, Event, Member, DateRegistered, Waitlisted) VALUES (196, 104, 142, '2025-07-26 08:14:08', FALSE);
INSERT INTO EventRoster (ID, Event, Member, DateRegistered, Waitlisted) VALUES (197, 104, 180, '2025-07-27 07:53:38', TRUE);
INSERT INTO EventRoster (ID, Event, Member, DateRegistered, Waitlisted) VALUES (198, 104, 114, '2025-07-15 10:58:47', FALSE);
INSERT INTO EventRoster (ID, Event, Member, DateRegistered, Waitlisted) VALUES (199, 104, 116, '2025-07-14 00:07:04', FALSE);
INSERT INTO EventRoster (ID, Event, Member, DateRegistered, Waitlisted) VALUES (200, 104, 103, '2025-07-27 03:12:49', FALSE);
INSERT INTO EventRoster (ID, Event, Member, DateRegistered, Waitlisted) VALUES (201, 104, 145, '2025-07-30 15:57:19', FALSE);
INSERT INTO EventRoster (ID, Event, Member, DateRegistered, Waitlisted) VALUES (202, 104, 117, '2025-07-21 08:42:15', FALSE);
INSERT INTO EventRoster (ID, Event, Member, DateRegistered, Waitlisted) VALUES (203, 104, 131, '2025-07-24 16:42:38', FALSE);
INSERT INTO EventRoster (ID, Event, Member, DateRegistered, Waitlisted) VALUES (204, 104, 197, '2025-07-29 07:03:31', FALSE);
INSERT INTO EventRoster (ID, Event, Member, DateRegistered, Waitlisted) VALUES (205, 104, 133, '2025-07-13 23:47:06', FALSE);
INSERT INTO EventRoster (ID, Event, Member, DateRegistered, Waitlisted) VALUES (206, 104, 177, '2025-07-18 11:06:42', FALSE);
INSERT INTO EventRoster (ID, Event, Member, DateRegistered, Waitlisted) VALUES (207, 104, 150, '2025-08-02 02:49:29', FALSE);
INSERT INTO EventRoster (ID, Event, Member, DateRegistered, Waitlisted) VALUES (208, 104, 101, '2025-07-21 00:17:54', FALSE);
INSERT INTO EventRoster (ID, Event, Member, DateRegistered, Waitlisted) VALUES (209, 104, 176, '2025-07-18 06:46:11', FALSE);
INSERT INTO EventRoster (ID, Event, Member, DateRegistered, Waitlisted) VALUES (210, 104, 112, '2025-07-25 20:49:28', FALSE);
INSERT INTO EventRoster (ID, Event, Member, DateRegistered, Waitlisted) VALUES (211, 104, 115, '2025-07-09 18:46:21', FALSE);
INSERT INTO EventRoster (ID, Event, Member, DateRegistered, Waitlisted) VALUES (212, 104, 191, '2025-07-12 12:53:53', FALSE);
INSERT INTO EventRoster (ID, Event, Member, DateRegistered, Waitlisted) VALUES (213, 104, 159, '2025-07-30 13:19:26', FALSE);
INSERT INTO EventRoster (ID, Event, Member, DateRegistered, Waitlisted) VALUES (214, 104, 111, '2025-07-10 23:33:26', FALSE);
INSERT INTO EventRoster (ID, Event, Member, DateRegistered, Waitlisted) VALUES (215, 104, 147, '2025-08-05 14:14:56', FALSE);
INSERT INTO EventRoster (ID, Event, Member, DateRegistered, Waitlisted) VALUES (216, 104, 155, '2025-07-22 00:49:23', FALSE);
INSERT INTO EventRoster (ID, Event, Member, DateRegistered, Waitlisted) VALUES (217, 104, 127, '2025-07-26 00:27:07', FALSE);
INSERT INTO EventRoster (ID, Event, Member, DateRegistered, Waitlisted) VALUES (218, 104, 118, '2025-07-17 12:47:07', FALSE);
INSERT INTO EventRoster (ID, Event, Member, DateRegistered, Waitlisted) VALUES (219, 104, 160, '2025-07-21 19:24:50', FALSE);
INSERT INTO EventRoster (ID, Event, Member, DateRegistered, Waitlisted) VALUES (220, 104, 157, '2025-07-13 06:24:43', FALSE);
INSERT INTO EventRoster (ID, Event, Member, DateRegistered, Waitlisted) VALUES (221, 104, 136, '2025-07-19 21:56:35', FALSE);
INSERT INTO EventRoster (ID, Event, Member, DateRegistered, Waitlisted) VALUES (222, 104, 171, '2025-07-09 05:53:53', FALSE);
INSERT INTO EventRoster (ID, Event, Member, DateRegistered, Waitlisted) VALUES (223, 104, 165, '2025-07-25 04:45:36', FALSE);
INSERT INTO EventRoster (ID, Event, Member, DateRegistered, Waitlisted) VALUES (224, 104, 167, '2025-07-24 16:11:26', FALSE);
INSERT INTO EventRoster (ID, Event, Member, DateRegistered, Waitlisted) VALUES (225, 104, 144, '2025-07-17 17:44:28', FALSE);
INSERT INTO EventRoster (ID, Event, Member, DateRegistered, Waitlisted) VALUES (226, 104, 130, '2025-07-23 09:36:11', FALSE);
INSERT INTO EventRoster (ID, Event, Member, DateRegistered, Waitlisted) VALUES (227, 105, 195, '2025-08-01 11:41:05', FALSE);
INSERT INTO EventRoster (ID, Event, Member, DateRegistered, Waitlisted) VALUES (228, 105, 111, '2025-08-04 10:35:05', FALSE);
INSERT INTO EventRoster (ID, Event, Member, DateRegistered, Waitlisted) VALUES (229, 105, 127, '2025-07-22 20:12:25', FALSE);
INSERT INTO EventRoster (ID, Event, Member, DateRegistered, Waitlisted) VALUES (230, 105, 157, '2025-08-03 22:35:17', FALSE);
INSERT INTO EventRoster (ID, Event, Member, DateRegistered, Waitlisted) VALUES (231, 105, 119, '2025-08-02 03:03:28', FALSE);
INSERT INTO EventRoster (ID, Event, Member, DateRegistered, Waitlisted) VALUES (232, 105, 196, '2025-07-23 09:54:50', FALSE);
INSERT INTO EventRoster (ID, Event, Member, DateRegistered, Waitlisted) VALUES (233, 105, 162, '2025-07-26 03:24:15', FALSE);
INSERT INTO EventRoster (ID, Event, Member, DateRegistered, Waitlisted) VALUES (234, 105, 170, '2025-08-03 04:58:46', FALSE);
INSERT INTO EventRoster (ID, Event, Member, DateRegistered, Waitlisted) VALUES (235, 105, 133, '2025-07-28 22:58:55', FALSE);
INSERT INTO EventRoster (ID, Event, Member, DateRegistered, Waitlisted) VALUES (236, 105, 120, '2025-07-27 17:33:35', FALSE);
INSERT INTO EventRoster (ID, Event, Member, DateRegistered, Waitlisted) VALUES (237, 105, 190, '2025-07-18 01:58:24', FALSE);
INSERT INTO EventRoster (ID, Event, Member, DateRegistered, Waitlisted) VALUES (238, 105, 103, '2025-07-24 06:51:26', FALSE);
INSERT INTO EventRoster (ID, Event, Member, DateRegistered, Waitlisted) VALUES (239, 105, 107, '2025-07-14 16:37:21', FALSE);
INSERT INTO EventRoster (ID, Event, Member, DateRegistered, Waitlisted) VALUES (240, 105, 122, '2025-07-27 03:42:58', FALSE);
INSERT INTO EventRoster (ID, Event, Member, DateRegistered, Waitlisted) VALUES (241, 105, 129, '2025-07-30 12:38:16', FALSE);
INSERT INTO EventRoster (ID, Event, Member, DateRegistered, Waitlisted) VALUES (242, 105, 131, '2025-07-20 19:13:42', FALSE);
INSERT INTO EventRoster (ID, Event, Member, DateRegistered, Waitlisted) VALUES (243, 105, 199, '2025-07-11 02:32:12', FALSE);
INSERT INTO EventRoster (ID, Event, Member, DateRegistered, Waitlisted) VALUES (244, 105, 180, '2025-07-16 19:20:36', FALSE);
INSERT INTO EventRoster (ID, Event, Member, DateRegistered, Waitlisted) VALUES (245, 105, 147, '2025-07-20 23:36:10', FALSE);
INSERT INTO EventRoster (ID, Event, Member, DateRegistered, Waitlisted) VALUES (246, 105, 149, '2025-07-20 18:16:43', FALSE);
INSERT INTO EventRoster (ID, Event, Member, DateRegistered, Waitlisted) VALUES (247, 105, 192, '2025-08-04 15:21:42', FALSE);
INSERT INTO EventRoster (ID, Event, Member, DateRegistered, Waitlisted) VALUES (248, 105, 134, '2025-07-12 22:12:02', FALSE);
INSERT INTO EventRoster (ID, Event, Member, DateRegistered, Waitlisted) VALUES (249, 105, 191, '2025-07-29 01:04:58', FALSE);
INSERT INTO EventRoster (ID, Event, Member, DateRegistered, Waitlisted) VALUES (250, 105, 197, '2025-07-30 07:08:42', FALSE);
INSERT INTO EventRoster (ID, Event, Member, DateRegistered, Waitlisted) VALUES (251, 105, 148, '2025-07-09 19:01:36', FALSE);
INSERT INTO EventRoster (ID, Event, Member, DateRegistered, Waitlisted) VALUES (252, 105, 165, '2025-07-27 06:12:07', FALSE);
INSERT INTO EventRoster (ID, Event, Member, DateRegistered, Waitlisted) VALUES (253, 106, 193, '2025-07-21 17:55:00', FALSE);
INSERT INTO EventRoster (ID, Event, Member, DateRegistered, Waitlisted) VALUES (254, 106, 189, '2025-08-04 21:11:44', TRUE);
INSERT INTO EventRoster (ID, Event, Member, DateRegistered, Waitlisted) VALUES (255, 106, 188, '2025-07-22 04:20:42', FALSE);
INSERT INTO EventRoster (ID, Event, Member, DateRegistered, Waitlisted) VALUES (256, 106, 156, '2025-07-23 04:38:28', FALSE);
INSERT INTO EventRoster (ID, Event, Member, DateRegistered, Waitlisted) VALUES (257, 106, 117, '2025-07-31 19:37:07', FALSE);
INSERT INTO EventRoster (ID, Event, Member, DateRegistered, Waitlisted) VALUES (258, 106, 173, '2025-07-12 21:00:04', TRUE);
INSERT INTO EventRoster (ID, Event, Member, DateRegistered, Waitlisted) VALUES (259, 106, 144, '2025-07-13 07:44:23', FALSE);
INSERT INTO EventRoster (ID, Event, Member, DateRegistered, Waitlisted) VALUES (260, 106, 152, '2025-07-13 09:54:36', FALSE);
INSERT INTO EventRoster (ID, Event, Member, DateRegistered, Waitlisted) VALUES (261, 106, 162, '2025-07-26 20:27:26', FALSE);
INSERT INTO EventRoster (ID, Event, Member, DateRegistered, Waitlisted) VALUES (262, 106, 128, '2025-07-12 20:05:28', FALSE);
INSERT INTO EventRoster (ID, Event, Member, DateRegistered, Waitlisted) VALUES (263, 106, 105, '2025-07-17 16:04:36', FALSE);
INSERT INTO EventRoster (ID, Event, Member, DateRegistered, Waitlisted) VALUES (264, 106, 140, '2025-07-13 04:09:05', FALSE);
INSERT INTO EventRoster (ID, Event, Member, DateRegistered, Waitlisted) VALUES (265, 106, 137, '2025-07-23 18:44:21', FALSE);
INSERT INTO EventRoster (ID, Event, Member, DateRegistered, Waitlisted) VALUES (266, 106, 161, '2025-07-26 05:24:21', FALSE);
INSERT INTO EventRoster (ID, Event, Member, DateRegistered, Waitlisted) VALUES (267, 106, 122, '2025-07-31 08:11:44', FALSE);
INSERT INTO EventRoster (ID, Event, Member, DateRegistered, Waitlisted) VALUES (268, 106, 178, '2025-07-15 03:54:00', FALSE);
INSERT INTO EventRoster (ID, Event, Member, DateRegistered, Waitlisted) VALUES (269, 106, 176, '2025-07-27 11:09:20', TRUE);
INSERT INTO EventRoster (ID, Event, Member, DateRegistered, Waitlisted) VALUES (270, 106, 109, '2025-07-31 05:16:17', TRUE);
INSERT INTO EventRoster (ID, Event, Member, DateRegistered, Waitlisted) VALUES (271, 106, 192, '2025-08-01 02:23:32', FALSE);
INSERT INTO EventRoster (ID, Event, Member, DateRegistered, Waitlisted) VALUES (272, 106, 108, '2025-07-19 20:52:10', FALSE);
INSERT INTO EventRoster (ID, Event, Member, DateRegistered, Waitlisted) VALUES (273, 106, 125, '2025-08-04 20:34:29', FALSE);
INSERT INTO EventRoster (ID, Event, Member, DateRegistered, Waitlisted) VALUES (274, 106, 116, '2025-08-05 06:35:14', FALSE);
INSERT INTO EventRoster (ID, Event, Member, DateRegistered, Waitlisted) VALUES (275, 106, 131, '2025-07-28 20:19:09', FALSE);
INSERT INTO EventRoster (ID, Event, Member, DateRegistered, Waitlisted) VALUES (276, 106, 121, '2025-07-25 21:49:34', FALSE);
INSERT INTO EventRoster (ID, Event, Member, DateRegistered, Waitlisted) VALUES (277, 106, 170, '2025-07-23 19:55:15', FALSE);
INSERT INTO EventRoster (ID, Event, Member, DateRegistered, Waitlisted) VALUES (278, 106, 157, '2025-08-04 10:22:01', FALSE);
INSERT INTO EventRoster (ID, Event, Member, DateRegistered, Waitlisted) VALUES (279, 106, 138, '2025-08-01 20:06:37', TRUE);
INSERT INTO EventRoster (ID, Event, Member, DateRegistered, Waitlisted) VALUES (280, 106, 115, '2025-07-22 15:29:43', FALSE);
INSERT INTO EventRoster (ID, Event, Member, DateRegistered, Waitlisted) VALUES (281, 106, 146, '2025-08-05 11:57:38', FALSE);
INSERT INTO EventRoster (ID, Event, Member, DateRegistered, Waitlisted) VALUES (282, 106, 199, '2025-07-15 06:48:00', FALSE);
INSERT INTO EventRoster (ID, Event, Member, DateRegistered, Waitlisted) VALUES (283, 107, 168, '2025-07-11 18:23:18', FALSE);
INSERT INTO EventRoster (ID, Event, Member, DateRegistered, Waitlisted) VALUES (284, 107, 143, '2025-08-06 06:07:28', FALSE);
INSERT INTO EventRoster (ID, Event, Member, DateRegistered, Waitlisted) VALUES (285, 107, 103, '2025-08-01 11:35:17', FALSE);
INSERT INTO EventRoster (ID, Event, Member, DateRegistered, Waitlisted) VALUES (286, 107, 122, '2025-07-10 09:08:42', FALSE);
INSERT INTO EventRoster (ID, Event, Member, DateRegistered, Waitlisted) VALUES (287, 107, 158, '2025-07-13 09:16:28', FALSE);
INSERT INTO EventRoster (ID, Event, Member, DateRegistered, Waitlisted) VALUES (288, 107, 148, '2025-07-28 04:01:30', FALSE);
INSERT INTO EventRoster (ID, Event, Member, DateRegistered, Waitlisted) VALUES (289, 107, 173, '2025-07-18 21:24:40', FALSE);
INSERT INTO EventRoster (ID, Event, Member, DateRegistered, Waitlisted) VALUES (290, 107, 136, '2025-08-02 14:01:39', FALSE);
INSERT INTO EventRoster (ID, Event, Member, DateRegistered, Waitlisted) VALUES (291, 107, 190, '2025-07-23 20:02:47', TRUE);
INSERT INTO EventRoster (ID, Event, Member, DateRegistered, Waitlisted) VALUES (292, 107, 188, '2025-08-07 15:27:00', FALSE);
INSERT INTO EventRoster (ID, Event, Member, DateRegistered, Waitlisted) VALUES (293, 107, 164, '2025-08-07 10:00:24', FALSE);
INSERT INTO EventRoster (ID, Event, Member, DateRegistered, Waitlisted) VALUES (294, 107, 125, '2025-07-22 18:47:02', FALSE);
INSERT INTO EventRoster (ID, Event, Member, DateRegistered, Waitlisted) VALUES (295, 107, 189, '2025-08-05 20:14:50', TRUE);
INSERT INTO EventRoster (ID, Event, Member, DateRegistered, Waitlisted) VALUES (296, 107, 161, '2025-07-12 12:39:35', FALSE);
INSERT INTO EventRoster (ID, Event, Member, DateRegistered, Waitlisted) VALUES (297, 108, 121, '2025-07-16 22:19:01', TRUE);
INSERT INTO EventRoster (ID, Event, Member, DateRegistered, Waitlisted) VALUES (298, 108, 150, '2025-07-28 13:54:19', FALSE);
INSERT INTO EventRoster (ID, Event, Member, DateRegistered, Waitlisted) VALUES (299, 108, 188, '2025-07-31 20:32:51', FALSE);
INSERT INTO EventRoster (ID, Event, Member, DateRegistered, Waitlisted) VALUES (300, 108, 151, '2025-07-22 15:23:28', FALSE);
INSERT INTO EventRoster (ID, Event, Member, DateRegistered, Waitlisted) VALUES (301, 108, 198, '2025-07-27 14:14:52', FALSE);
INSERT INTO EventRoster (ID, Event, Member, DateRegistered, Waitlisted) VALUES (302, 108, 153, '2025-07-30 12:24:57', FALSE);
INSERT INTO EventRoster (ID, Event, Member, DateRegistered, Waitlisted) VALUES (303, 108, 135, '2025-07-15 10:20:24', FALSE);
INSERT INTO EventRoster (ID, Event, Member, DateRegistered, Waitlisted) VALUES (304, 108, 168, '2025-07-24 05:21:47', TRUE);
INSERT INTO EventRoster (ID, Event, Member, DateRegistered, Waitlisted) VALUES (305, 108, 192, '2025-07-30 12:27:16', FALSE);
INSERT INTO EventRoster (ID, Event, Member, DateRegistered, Waitlisted) VALUES (306, 108, 167, '2025-07-16 11:13:34', FALSE);
INSERT INTO EventRoster (ID, Event, Member, DateRegistered, Waitlisted) VALUES (307, 108, 129, '2025-07-27 01:06:38', FALSE);
INSERT INTO EventRoster (ID, Event, Member, DateRegistered, Waitlisted) VALUES (308, 108, 189, '2025-08-04 06:23:18', FALSE);
INSERT INTO EventRoster (ID, Event, Member, DateRegistered, Waitlisted) VALUES (309, 108, 163, '2025-08-02 10:42:26', FALSE);
INSERT INTO EventRoster (ID, Event, Member, DateRegistered, Waitlisted) VALUES (310, 109, 126, '2025-07-19 21:30:13', FALSE);
INSERT INTO EventRoster (ID, Event, Member, DateRegistered, Waitlisted) VALUES (311, 109, 194, '2025-07-08 19:36:07', FALSE);
INSERT INTO EventRoster (ID, Event, Member, DateRegistered, Waitlisted) VALUES (312, 109, 191, '2025-07-25 12:01:16', FALSE);
INSERT INTO EventRoster (ID, Event, Member, DateRegistered, Waitlisted) VALUES (313, 109, 150, '2025-07-24 01:29:21', FALSE);
INSERT INTO EventRoster (ID, Event, Member, DateRegistered, Waitlisted) VALUES (314, 109, 141, '2025-07-25 01:54:01', FALSE);
INSERT INTO EventRoster (ID, Event, Member, DateRegistered, Waitlisted) VALUES (315, 109, 105, '2025-07-21 06:18:11', FALSE);
INSERT INTO EventRoster (ID, Event, Member, DateRegistered, Waitlisted) VALUES (316, 109, 128, '2025-08-04 14:43:24', FALSE);
INSERT INTO EventRoster (ID, Event, Member, DateRegistered, Waitlisted) VALUES (317, 109, 178, '2025-07-21 16:51:01', FALSE);
INSERT INTO EventRoster (ID, Event, Member, DateRegistered, Waitlisted) VALUES (318, 109, 119, '2025-08-05 00:49:15', TRUE);
INSERT INTO EventRoster (ID, Event, Member, DateRegistered, Waitlisted) VALUES (319, 109, 144, '2025-07-26 05:40:58', FALSE);
INSERT INTO EventRoster (ID, Event, Member, DateRegistered, Waitlisted) VALUES (320, 109, 114, '2025-07-22 16:36:49', TRUE);
INSERT INTO EventRoster (ID, Event, Member, DateRegistered, Waitlisted) VALUES (321, 109, 108, '2025-08-03 22:36:16', FALSE);
INSERT INTO EventRoster (ID, Event, Member, DateRegistered, Waitlisted) VALUES (322, 109, 109, '2025-08-06 18:01:44', FALSE);
INSERT INTO EventRoster (ID, Event, Member, DateRegistered, Waitlisted) VALUES (323, 109, 180, '2025-07-21 14:58:08', FALSE);
INSERT INTO EventRoster (ID, Event, Member, DateRegistered, Waitlisted) VALUES (324, 109, 132, '2025-07-30 21:29:59', FALSE);
INSERT INTO EventRoster (ID, Event, Member, DateRegistered, Waitlisted) VALUES (325, 109, 131, '2025-07-13 09:10:57', TRUE);
INSERT INTO EventRoster (ID, Event, Member, DateRegistered, Waitlisted) VALUES (326, 109, 157, '2025-07-15 05:23:57', FALSE);
INSERT INTO EventRoster (ID, Event, Member, DateRegistered, Waitlisted) VALUES (327, 109, 196, '2025-07-31 10:44:22', FALSE);
INSERT INTO EventRoster (ID, Event, Member, DateRegistered, Waitlisted) VALUES (328, 109, 102, '2025-07-18 07:34:39', FALSE);
INSERT INTO EventRoster (ID, Event, Member, DateRegistered, Waitlisted) VALUES (329, 109, 134, '2025-07-27 22:13:15', FALSE);
INSERT INTO EventRoster (ID, Event, Member, DateRegistered, Waitlisted) VALUES (330, 109, 179, '2025-07-24 18:36:27', FALSE);
INSERT INTO EventRoster (ID, Event, Member, DateRegistered, Waitlisted) VALUES (331, 109, 122, '2025-07-23 17:39:21', FALSE);
INSERT INTO EventRoster (ID, Event, Member, DateRegistered, Waitlisted) VALUES (332, 109, 104, '2025-07-26 22:38:36', FALSE);
INSERT INTO EventRoster (ID, Event, Member, DateRegistered, Waitlisted) VALUES (333, 109, 156, '2025-07-15 04:13:23', FALSE);
INSERT INTO EventRoster (ID, Event, Member, DateRegistered, Waitlisted) VALUES (334, 109, 123, '2025-08-06 15:35:37', FALSE);
INSERT INTO EventRoster (ID, Event, Member, DateRegistered, Waitlisted) VALUES (335, 109, 154, '2025-07-09 15:01:11', FALSE);
INSERT INTO EventRoster (ID, Event, Member, DateRegistered, Waitlisted) VALUES (336, 109, 165, '2025-08-01 22:23:06', FALSE);
INSERT INTO EventRoster (ID, Event, Member, DateRegistered, Waitlisted) VALUES (337, 109, 151, '2025-08-01 15:52:22', FALSE);
INSERT INTO EventRoster (ID, Event, Member, DateRegistered, Waitlisted) VALUES (338, 109, 189, '2025-08-05 18:54:51', FALSE);
INSERT INTO EventRoster (ID, Event, Member, DateRegistered, Waitlisted) VALUES (339, 110, 183, '2025-07-26 14:13:20', TRUE);
INSERT INTO EventRoster (ID, Event, Member, DateRegistered, Waitlisted) VALUES (340, 110, 112, '2025-08-03 13:34:04', FALSE);
INSERT INTO EventRoster (ID, Event, Member, DateRegistered, Waitlisted) VALUES (341, 110, 162, '2025-08-07 06:43:14', FALSE);
INSERT INTO EventRoster (ID, Event, Member, DateRegistered, Waitlisted) VALUES (342, 110, 100, '2025-07-15 15:18:58', FALSE);
INSERT INTO EventRoster (ID, Event, Member, DateRegistered, Waitlisted) VALUES (343, 110, 179, '2025-08-04 01:36:38', FALSE);
INSERT INTO EventRoster (ID, Event, Member, DateRegistered, Waitlisted) VALUES (344, 110, 187, '2025-07-18 13:27:40', FALSE);
INSERT INTO EventRoster (ID, Event, Member, DateRegistered, Waitlisted) VALUES (345, 110, 144, '2025-07-17 09:45:58', FALSE);
INSERT INTO EventRoster (ID, Event, Member, DateRegistered, Waitlisted) VALUES (346, 110, 190, '2025-07-28 03:32:58', TRUE);
INSERT INTO EventRoster (ID, Event, Member, DateRegistered, Waitlisted) VALUES (347, 110, 126, '2025-08-07 06:02:07', FALSE);
INSERT INTO EventRoster (ID, Event, Member, DateRegistered, Waitlisted) VALUES (348, 110, 196, '2025-07-30 17:10:36', FALSE);
INSERT INTO EventRoster (ID, Event, Member, DateRegistered, Waitlisted) VALUES (349, 110, 141, '2025-08-02 23:20:03', FALSE);
INSERT INTO EventRoster (ID, Event, Member, DateRegistered, Waitlisted) VALUES (350, 110, 147, '2025-07-11 21:31:20', FALSE);
INSERT INTO EventRoster (ID, Event, Member, DateRegistered, Waitlisted) VALUES (351, 110, 104, '2025-08-06 14:26:31', FALSE);
INSERT INTO EventRoster (ID, Event, Member, DateRegistered, Waitlisted) VALUES (352, 110, 117, '2025-07-27 11:46:06', FALSE);
INSERT INTO EventRoster (ID, Event, Member, DateRegistered, Waitlisted) VALUES (353, 110, 140, '2025-07-12 05:43:52', FALSE);
INSERT INTO EventRoster (ID, Event, Member, DateRegistered, Waitlisted) VALUES (354, 110, 148, '2025-08-06 02:00:52', FALSE);
INSERT INTO EventRoster (ID, Event, Member, DateRegistered, Waitlisted) VALUES (355, 110, 165, '2025-08-04 17:09:22', FALSE);
INSERT INTO EventRoster (ID, Event, Member, DateRegistered, Waitlisted) VALUES (356, 110, 114, '2025-07-25 04:55:50', FALSE);
INSERT INTO EventRoster (ID, Event, Member, DateRegistered, Waitlisted) VALUES (357, 110, 106, '2025-07-12 07:47:03', FALSE);
INSERT INTO EventRoster (ID, Event, Member, DateRegistered, Waitlisted) VALUES (358, 111, 144, '2025-07-11 17:03:42', FALSE);
INSERT INTO EventRoster (ID, Event, Member, DateRegistered, Waitlisted) VALUES (359, 111, 139, '2025-07-19 10:57:25', FALSE);
INSERT INTO EventRoster (ID, Event, Member, DateRegistered, Waitlisted) VALUES (360, 111, 168, '2025-07-22 22:42:50', FALSE);
INSERT INTO EventRoster (ID, Event, Member, DateRegistered, Waitlisted) VALUES (361, 111, 128, '2025-07-09 01:37:04', FALSE);
INSERT INTO EventRoster (ID, Event, Member, DateRegistered, Waitlisted) VALUES (362, 111, 184, '2025-07-30 20:25:53', FALSE);
INSERT INTO EventRoster (ID, Event, Member, DateRegistered, Waitlisted) VALUES (363, 111, 119, '2025-08-02 03:43:57', FALSE);
INSERT INTO EventRoster (ID, Event, Member, DateRegistered, Waitlisted) VALUES (364, 111, 196, '2025-07-11 02:38:18', FALSE);
INSERT INTO EventRoster (ID, Event, Member, DateRegistered, Waitlisted) VALUES (365, 111, 124, '2025-07-10 17:33:00', FALSE);
INSERT INTO EventRoster (ID, Event, Member, DateRegistered, Waitlisted) VALUES (366, 111, 161, '2025-07-24 04:58:20', FALSE);
INSERT INTO EventRoster (ID, Event, Member, DateRegistered, Waitlisted) VALUES (367, 111, 155, '2025-07-13 11:51:07', FALSE);
INSERT INTO EventRoster (ID, Event, Member, DateRegistered, Waitlisted) VALUES (368, 111, 125, '2025-07-25 12:38:21', FALSE);
INSERT INTO EventRoster (ID, Event, Member, DateRegistered, Waitlisted) VALUES (369, 111, 174, '2025-07-11 14:49:19', FALSE);
INSERT INTO EventRoster (ID, Event, Member, DateRegistered, Waitlisted) VALUES (370, 111, 117, '2025-08-06 23:01:16', FALSE);
INSERT INTO EventRoster (ID, Event, Member, DateRegistered, Waitlisted) VALUES (371, 111, 192, '2025-07-26 03:02:02', FALSE);
INSERT INTO EventRoster (ID, Event, Member, DateRegistered, Waitlisted) VALUES (372, 111, 162, '2025-07-19 04:55:19', FALSE);
INSERT INTO EventRoster (ID, Event, Member, DateRegistered, Waitlisted) VALUES (373, 111, 188, '2025-08-03 09:59:46', FALSE);
INSERT INTO EventRoster (ID, Event, Member, DateRegistered, Waitlisted) VALUES (374, 111, 100, '2025-07-31 21:29:27', FALSE);
INSERT INTO EventRoster (ID, Event, Member, DateRegistered, Waitlisted) VALUES (375, 111, 141, '2025-07-31 16:56:41', FALSE);
INSERT INTO EventRoster (ID, Event, Member, DateRegistered, Waitlisted) VALUES (376, 111, 103, '2025-07-28 02:35:09', FALSE);
INSERT INTO EventRoster (ID, Event, Member, DateRegistered, Waitlisted) VALUES (377, 111, 157, '2025-07-27 14:38:17', FALSE);
INSERT INTO EventRoster (ID, Event, Member, DateRegistered, Waitlisted) VALUES (378, 111, 132, '2025-07-21 20:12:42', FALSE);
INSERT INTO EventRoster (ID, Event, Member, DateRegistered, Waitlisted) VALUES (379, 111, 198, '2025-08-01 11:43:38', FALSE);
INSERT INTO EventRoster (ID, Event, Member, DateRegistered, Waitlisted) VALUES (380, 111, 185, '2025-07-09 05:26:22', FALSE);
INSERT INTO EventRoster (ID, Event, Member, DateRegistered, Waitlisted) VALUES (381, 111, 101, '2025-07-09 17:08:17', FALSE);
INSERT INTO EventRoster (ID, Event, Member, DateRegistered, Waitlisted) VALUES (382, 111, 164, '2025-07-15 16:37:14', FALSE);
INSERT INTO EventRoster (ID, Event, Member, DateRegistered, Waitlisted) VALUES (383, 111, 197, '2025-07-11 06:15:50', FALSE);
INSERT INTO EventRoster (ID, Event, Member, DateRegistered, Waitlisted) VALUES (384, 111, 134, '2025-07-16 07:22:28', FALSE);
INSERT INTO EventRoster (ID, Event, Member, DateRegistered, Waitlisted) VALUES (385, 111, 110, '2025-08-03 00:32:58', FALSE);
INSERT INTO EventRoster (ID, Event, Member, DateRegistered, Waitlisted) VALUES (386, 112, 152, '2025-07-26 02:42:01', FALSE);
INSERT INTO EventRoster (ID, Event, Member, DateRegistered, Waitlisted) VALUES (387, 112, 113, '2025-07-12 13:47:57', FALSE);
INSERT INTO EventRoster (ID, Event, Member, DateRegistered, Waitlisted) VALUES (388, 112, 174, '2025-07-19 05:32:42', FALSE);
INSERT INTO EventRoster (ID, Event, Member, DateRegistered, Waitlisted) VALUES (389, 112, 192, '2025-08-04 10:50:39', FALSE);
INSERT INTO EventRoster (ID, Event, Member, DateRegistered, Waitlisted) VALUES (390, 112, 140, '2025-08-03 03:01:40', FALSE);
INSERT INTO EventRoster (ID, Event, Member, DateRegistered, Waitlisted) VALUES (391, 112, 132, '2025-07-21 05:32:33', FALSE);
INSERT INTO EventRoster (ID, Event, Member, DateRegistered, Waitlisted) VALUES (392, 112, 111, '2025-07-19 06:20:36', TRUE);
INSERT INTO EventRoster (ID, Event, Member, DateRegistered, Waitlisted) VALUES (393, 112, 102, '2025-07-29 13:29:36', FALSE);
INSERT INTO EventRoster (ID, Event, Member, DateRegistered, Waitlisted) VALUES (394, 112, 159, '2025-07-25 15:32:40', FALSE);
INSERT INTO EventRoster (ID, Event, Member, DateRegistered, Waitlisted) VALUES (395, 112, 173, '2025-07-29 18:43:57', FALSE);
INSERT INTO EventRoster (ID, Event, Member, DateRegistered, Waitlisted) VALUES (396, 112, 146, '2025-07-22 05:27:34', TRUE);
INSERT INTO EventRoster (ID, Event, Member, DateRegistered, Waitlisted) VALUES (397, 112, 190, '2025-07-18 11:49:01', FALSE);
INSERT INTO EventRoster (ID, Event, Member, DateRegistered, Waitlisted) VALUES (398, 112, 180, '2025-07-17 17:59:05', TRUE);
INSERT INTO EventRoster (ID, Event, Member, DateRegistered, Waitlisted) VALUES (399, 112, 142, '2025-08-04 16:46:05', FALSE);
INSERT INTO EventRoster (ID, Event, Member, DateRegistered, Waitlisted) VALUES (400, 112, 167, '2025-07-11 06:38:26', FALSE);
INSERT INTO EventRoster (ID, Event, Member, DateRegistered, Waitlisted) VALUES (401, 112, 157, '2025-08-05 06:32:01', FALSE);
INSERT INTO EventRoster (ID, Event, Member, DateRegistered, Waitlisted) VALUES (402, 112, 145, '2025-07-15 13:29:27', FALSE);
INSERT INTO EventRoster (ID, Event, Member, DateRegistered, Waitlisted) VALUES (403, 112, 149, '2025-07-13 01:44:14', FALSE);
INSERT INTO EventRoster (ID, Event, Member, DateRegistered, Waitlisted) VALUES (404, 112, 138, '2025-07-14 00:50:57', FALSE);
INSERT INTO EventRoster (ID, Event, Member, DateRegistered, Waitlisted) VALUES (405, 113, 193, '2025-07-22 22:07:34', FALSE);
INSERT INTO EventRoster (ID, Event, Member, DateRegistered, Waitlisted) VALUES (406, 113, 153, '2025-08-06 04:52:23', FALSE);
INSERT INTO EventRoster (ID, Event, Member, DateRegistered, Waitlisted) VALUES (407, 113, 132, '2025-08-05 13:53:23', FALSE);
INSERT INTO EventRoster (ID, Event, Member, DateRegistered, Waitlisted) VALUES (408, 113, 134, '2025-08-05 11:16:33', TRUE);
INSERT INTO EventRoster (ID, Event, Member, DateRegistered, Waitlisted) VALUES (409, 113, 130, '2025-08-04 23:33:47', FALSE);
INSERT INTO EventRoster (ID, Event, Member, DateRegistered, Waitlisted) VALUES (410, 113, 183, '2025-07-22 10:49:31', FALSE);
INSERT INTO EventRoster (ID, Event, Member, DateRegistered, Waitlisted) VALUES (411, 113, 127, '2025-08-05 18:57:11', FALSE);
INSERT INTO EventRoster (ID, Event, Member, DateRegistered, Waitlisted) VALUES (412, 113, 102, '2025-07-18 16:12:50', FALSE);
INSERT INTO EventRoster (ID, Event, Member, DateRegistered, Waitlisted) VALUES (413, 113, 154, '2025-07-26 08:14:52', FALSE);
INSERT INTO EventRoster (ID, Event, Member, DateRegistered, Waitlisted) VALUES (414, 113, 126, '2025-08-01 19:58:52', FALSE);
INSERT INTO EventRoster (ID, Event, Member, DateRegistered, Waitlisted) VALUES (415, 113, 145, '2025-08-06 04:29:02', FALSE);
INSERT INTO EventRoster (ID, Event, Member, DateRegistered, Waitlisted) VALUES (416, 113, 184, '2025-08-07 02:50:47', FALSE);
INSERT INTO EventRoster (ID, Event, Member, DateRegistered, Waitlisted) VALUES (417, 113, 167, '2025-07-16 11:01:19', FALSE);
INSERT INTO EventRoster (ID, Event, Member, DateRegistered, Waitlisted) VALUES (418, 113, 197, '2025-07-19 05:07:32', FALSE);
INSERT INTO EventRoster (ID, Event, Member, DateRegistered, Waitlisted) VALUES (419, 113, 191, '2025-07-20 11:47:07', TRUE);
INSERT INTO EventRoster (ID, Event, Member, DateRegistered, Waitlisted) VALUES (420, 113, 181, '2025-07-20 04:16:50', FALSE);
INSERT INTO EventRoster (ID, Event, Member, DateRegistered, Waitlisted) VALUES (421, 113, 169, '2025-07-12 16:04:36', FALSE);
INSERT INTO EventRoster (ID, Event, Member, DateRegistered, Waitlisted) VALUES (422, 113, 120, '2025-07-11 11:37:24', FALSE);
INSERT INTO EventRoster (ID, Event, Member, DateRegistered, Waitlisted) VALUES (423, 113, 156, '2025-07-18 12:20:35', TRUE);
INSERT INTO EventRoster (ID, Event, Member, DateRegistered, Waitlisted) VALUES (424, 113, 114, '2025-07-13 22:41:49', FALSE);
INSERT INTO EventRoster (ID, Event, Member, DateRegistered, Waitlisted) VALUES (425, 113, 171, '2025-07-28 03:35:32', FALSE);
INSERT INTO EventRoster (ID, Event, Member, DateRegistered, Waitlisted) VALUES (426, 113, 175, '2025-08-05 02:04:57', FALSE);
INSERT INTO EventRoster (ID, Event, Member, DateRegistered, Waitlisted) VALUES (427, 113, 112, '2025-07-09 20:42:54', FALSE);
INSERT INTO EventRoster (ID, Event, Member, DateRegistered, Waitlisted) VALUES (428, 113, 195, '2025-07-19 05:46:40', FALSE);
INSERT INTO EventRoster (ID, Event, Member, DateRegistered, Waitlisted) VALUES (429, 114, 192, '2025-07-27 22:05:38', FALSE);
INSERT INTO EventRoster (ID, Event, Member, DateRegistered, Waitlisted) VALUES (430, 114, 162, '2025-08-01 01:57:29', FALSE);
INSERT INTO EventRoster (ID, Event, Member, DateRegistered, Waitlisted) VALUES (431, 114, 141, '2025-08-03 12:35:07', FALSE);
INSERT INTO EventRoster (ID, Event, Member, DateRegistered, Waitlisted) VALUES (432, 114, 163, '2025-07-31 16:04:00', FALSE);
INSERT INTO EventRoster (ID, Event, Member, DateRegistered, Waitlisted) VALUES (433, 114, 104, '2025-07-26 09:59:20', FALSE);
INSERT INTO EventRoster (ID, Event, Member, DateRegistered, Waitlisted) VALUES (434, 114, 117, '2025-07-28 00:27:27', FALSE);
INSERT INTO EventRoster (ID, Event, Member, DateRegistered, Waitlisted) VALUES (435, 114, 106, '2025-07-23 04:05:02', FALSE);
INSERT INTO EventRoster (ID, Event, Member, DateRegistered, Waitlisted) VALUES (436, 114, 116, '2025-07-16 03:14:12', FALSE);
INSERT INTO EventRoster (ID, Event, Member, DateRegistered, Waitlisted) VALUES (437, 114, 111, '2025-07-16 04:59:13', FALSE);
INSERT INTO EventRoster (ID, Event, Member, DateRegistered, Waitlisted) VALUES (438, 114, 135, '2025-07-31 04:17:06', FALSE);
INSERT INTO EventRoster (ID, Event, Member, DateRegistered, Waitlisted) VALUES (439, 114, 171, '2025-07-11 23:18:21', TRUE);
INSERT INTO EventRoster (ID, Event, Member, DateRegistered, Waitlisted) VALUES (440, 114, 142, '2025-07-12 17:51:14', FALSE);
INSERT INTO EventRoster (ID, Event, Member, DateRegistered, Waitlisted) VALUES (441, 114, 115, '2025-07-13 23:42:06', FALSE);
INSERT INTO EventRoster (ID, Event, Member, DateRegistered, Waitlisted) VALUES (442, 114, 150, '2025-08-07 14:39:12', FALSE);
INSERT INTO EventRoster (ID, Event, Member, DateRegistered, Waitlisted) VALUES (443, 114, 113, '2025-08-07 01:32:38', FALSE);
INSERT INTO EventRoster (ID, Event, Member, DateRegistered, Waitlisted) VALUES (444, 114, 170, '2025-07-30 18:31:51', FALSE);
INSERT INTO EventRoster (ID, Event, Member, DateRegistered, Waitlisted) VALUES (445, 114, 151, '2025-08-04 08:27:23', FALSE);
INSERT INTO EventRoster (ID, Event, Member, DateRegistered, Waitlisted) VALUES (446, 114, 103, '2025-07-23 03:44:09', FALSE);
INSERT INTO EventRoster (ID, Event, Member, DateRegistered, Waitlisted) VALUES (447, 114, 161, '2025-07-24 14:07:55', FALSE);
INSERT INTO EventRoster (ID, Event, Member, DateRegistered, Waitlisted) VALUES (448, 115, 110, '2025-07-31 20:40:47', FALSE);
INSERT INTO EventRoster (ID, Event, Member, DateRegistered, Waitlisted) VALUES (449, 115, 187, '2025-07-14 14:11:21', TRUE);
INSERT INTO EventRoster (ID, Event, Member, DateRegistered, Waitlisted) VALUES (450, 115, 185, '2025-07-31 10:55:28', FALSE);
INSERT INTO EventRoster (ID, Event, Member, DateRegistered, Waitlisted) VALUES (451, 115, 197, '2025-07-29 20:01:51', FALSE);
INSERT INTO EventRoster (ID, Event, Member, DateRegistered, Waitlisted) VALUES (452, 115, 149, '2025-07-14 14:09:11', FALSE);
INSERT INTO EventRoster (ID, Event, Member, DateRegistered, Waitlisted) VALUES (453, 115, 175, '2025-07-22 18:48:07', FALSE);
INSERT INTO EventRoster (ID, Event, Member, DateRegistered, Waitlisted) VALUES (454, 115, 112, '2025-08-06 11:11:31', FALSE);
INSERT INTO EventRoster (ID, Event, Member, DateRegistered, Waitlisted) VALUES (455, 115, 143, '2025-07-11 14:30:10', FALSE);
INSERT INTO EventRoster (ID, Event, Member, DateRegistered, Waitlisted) VALUES (456, 115, 192, '2025-07-28 03:49:17', FALSE);
INSERT INTO EventRoster (ID, Event, Member, DateRegistered, Waitlisted) VALUES (457, 115, 188, '2025-07-23 13:40:11', TRUE);
INSERT INTO EventRoster (ID, Event, Member, DateRegistered, Waitlisted) VALUES (458, 115, 168, '2025-07-15 09:28:31', FALSE);
INSERT INTO EventRoster (ID, Event, Member, DateRegistered, Waitlisted) VALUES (459, 115, 108, '2025-07-18 17:49:45', FALSE);
INSERT INTO EventRoster (ID, Event, Member, DateRegistered, Waitlisted) VALUES (460, 115, 147, '2025-07-23 12:43:11', FALSE);
INSERT INTO EventRoster (ID, Event, Member, DateRegistered, Waitlisted) VALUES (461, 115, 117, '2025-07-10 02:47:30', FALSE);
INSERT INTO EventRoster (ID, Event, Member, DateRegistered, Waitlisted) VALUES (462, 115, 178, '2025-07-11 10:09:21', FALSE);
INSERT INTO EventRoster (ID, Event, Member, DateRegistered, Waitlisted) VALUES (463, 115, 161, '2025-07-13 18:23:52', TRUE);
INSERT INTO EventRoster (ID, Event, Member, DateRegistered, Waitlisted) VALUES (464, 115, 124, '2025-07-09 22:58:27', FALSE);
INSERT INTO EventRoster (ID, Event, Member, DateRegistered, Waitlisted) VALUES (465, 115, 102, '2025-07-11 01:48:23', TRUE);
INSERT INTO EventRoster (ID, Event, Member, DateRegistered, Waitlisted) VALUES (466, 115, 131, '2025-08-05 00:40:45', FALSE);
INSERT INTO EventRoster (ID, Event, Member, DateRegistered, Waitlisted) VALUES (467, 116, 135, '2025-07-11 05:45:31', FALSE);
INSERT INTO EventRoster (ID, Event, Member, DateRegistered, Waitlisted) VALUES (468, 116, 116, '2025-07-10 02:28:54', TRUE);
INSERT INTO EventRoster (ID, Event, Member, DateRegistered, Waitlisted) VALUES (469, 116, 157, '2025-07-09 22:04:21', FALSE);
INSERT INTO EventRoster (ID, Event, Member, DateRegistered, Waitlisted) VALUES (470, 116, 179, '2025-08-01 05:04:48', FALSE);
INSERT INTO EventRoster (ID, Event, Member, DateRegistered, Waitlisted) VALUES (471, 116, 154, '2025-08-06 22:04:31', FALSE);
INSERT INTO EventRoster (ID, Event, Member, DateRegistered, Waitlisted) VALUES (472, 116, 150, '2025-07-31 07:30:50', FALSE);
INSERT INTO EventRoster (ID, Event, Member, DateRegistered, Waitlisted) VALUES (473, 116, 197, '2025-07-24 08:42:20', FALSE);
INSERT INTO EventRoster (ID, Event, Member, DateRegistered, Waitlisted) VALUES (474, 116, 167, '2025-07-10 08:43:00', FALSE);
INSERT INTO EventRoster (ID, Event, Member, DateRegistered, Waitlisted) VALUES (475, 116, 127, '2025-08-02 14:24:50', FALSE);
INSERT INTO EventRoster (ID, Event, Member, DateRegistered, Waitlisted) VALUES (476, 116, 137, '2025-07-24 09:38:02', FALSE);
INSERT INTO EventRoster (ID, Event, Member, DateRegistered, Waitlisted) VALUES (477, 116, 133, '2025-07-23 07:18:11', FALSE);
INSERT INTO EventRoster (ID, Event, Member, DateRegistered, Waitlisted) VALUES (478, 116, 114, '2025-07-27 15:38:36', TRUE);
INSERT INTO EventRoster (ID, Event, Member, DateRegistered, Waitlisted) VALUES (479, 116, 165, '2025-07-22 22:02:32', FALSE);
INSERT INTO EventRoster (ID, Event, Member, DateRegistered, Waitlisted) VALUES (480, 116, 104, '2025-07-09 11:23:25', FALSE);
INSERT INTO EventRoster (ID, Event, Member, DateRegistered, Waitlisted) VALUES (481, 116, 141, '2025-07-25 04:13:46', TRUE);
INSERT INTO EventRoster (ID, Event, Member, DateRegistered, Waitlisted) VALUES (482, 116, 140, '2025-08-01 05:46:38', FALSE);
INSERT INTO EventRoster (ID, Event, Member, DateRegistered, Waitlisted) VALUES (483, 116, 196, '2025-07-10 15:21:54', FALSE);
INSERT INTO EventRoster (ID, Event, Member, DateRegistered, Waitlisted) VALUES (484, 116, 146, '2025-07-30 18:56:30', TRUE);
INSERT INTO EventRoster (ID, Event, Member, DateRegistered, Waitlisted) VALUES (485, 116, 192, '2025-07-20 05:46:02', FALSE);
INSERT INTO EventRoster (ID, Event, Member, DateRegistered, Waitlisted) VALUES (486, 116, 115, '2025-08-01 20:59:55', FALSE);
INSERT INTO EventRoster (ID, Event, Member, DateRegistered, Waitlisted) VALUES (487, 116, 184, '2025-08-06 02:07:47', FALSE);
INSERT INTO EventRoster (ID, Event, Member, DateRegistered, Waitlisted) VALUES (488, 116, 170, '2025-07-25 02:59:32', FALSE);
INSERT INTO EventRoster (ID, Event, Member, DateRegistered, Waitlisted) VALUES (489, 116, 163, '2025-07-21 19:54:33', TRUE);
INSERT INTO EventRoster (ID, Event, Member, DateRegistered, Waitlisted) VALUES (490, 117, 115, '2025-07-23 17:41:01', FALSE);
INSERT INTO EventRoster (ID, Event, Member, DateRegistered, Waitlisted) VALUES (491, 117, 188, '2025-07-10 20:22:40', FALSE);
INSERT INTO EventRoster (ID, Event, Member, DateRegistered, Waitlisted) VALUES (492, 117, 185, '2025-07-28 20:45:35', FALSE);
INSERT INTO EventRoster (ID, Event, Member, DateRegistered, Waitlisted) VALUES (493, 117, 132, '2025-08-05 09:09:13', TRUE);
INSERT INTO EventRoster (ID, Event, Member, DateRegistered, Waitlisted) VALUES (494, 117, 193, '2025-08-02 09:53:21', FALSE);
INSERT INTO EventRoster (ID, Event, Member, DateRegistered, Waitlisted) VALUES (495, 117, 126, '2025-07-12 21:06:30', FALSE);
INSERT INTO EventRoster (ID, Event, Member, DateRegistered, Waitlisted) VALUES (496, 117, 196, '2025-07-25 08:05:50', FALSE);
INSERT INTO EventRoster (ID, Event, Member, DateRegistered, Waitlisted) VALUES (497, 117, 173, '2025-07-24 11:35:42', FALSE);
INSERT INTO EventRoster (ID, Event, Member, DateRegistered, Waitlisted) VALUES (498, 117, 133, '2025-07-26 23:15:33', FALSE);
INSERT INTO EventRoster (ID, Event, Member, DateRegistered, Waitlisted) VALUES (499, 117, 154, '2025-07-25 01:11:50', FALSE);
INSERT INTO EventRoster (ID, Event, Member, DateRegistered, Waitlisted) VALUES (500, 117, 138, '2025-07-11 22:51:35', FALSE);
INSERT INTO EventRoster (ID, Event, Member, DateRegistered, Waitlisted) VALUES (501, 117, 104, '2025-07-09 17:23:37', FALSE);
INSERT INTO EventRoster (ID, Event, Member, DateRegistered, Waitlisted) VALUES (502, 117, 155, '2025-08-02 09:54:46', TRUE);
INSERT INTO EventRoster (ID, Event, Member, DateRegistered, Waitlisted) VALUES (503, 117, 107, '2025-07-15 19:41:42', FALSE);
INSERT INTO EventRoster (ID, Event, Member, DateRegistered, Waitlisted) VALUES (504, 118, 154, '2025-07-20 17:16:52', FALSE);
INSERT INTO EventRoster (ID, Event, Member, DateRegistered, Waitlisted) VALUES (505, 118, 143, '2025-07-27 13:54:11', FALSE);
INSERT INTO EventRoster (ID, Event, Member, DateRegistered, Waitlisted) VALUES (506, 118, 169, '2025-07-18 22:40:12', FALSE);
INSERT INTO EventRoster (ID, Event, Member, DateRegistered, Waitlisted) VALUES (507, 118, 106, '2025-07-18 11:55:15', FALSE);
INSERT INTO EventRoster (ID, Event, Member, DateRegistered, Waitlisted) VALUES (508, 118, 160, '2025-07-28 09:17:04', FALSE);
INSERT INTO EventRoster (ID, Event, Member, DateRegistered, Waitlisted) VALUES (509, 118, 174, '2025-07-13 12:11:49', FALSE);
INSERT INTO EventRoster (ID, Event, Member, DateRegistered, Waitlisted) VALUES (510, 118, 159, '2025-08-02 05:38:19', FALSE);
INSERT INTO EventRoster (ID, Event, Member, DateRegistered, Waitlisted) VALUES (511, 118, 157, '2025-07-27 14:04:21', FALSE);
INSERT INTO EventRoster (ID, Event, Member, DateRegistered, Waitlisted) VALUES (512, 118, 190, '2025-07-24 14:04:34', TRUE);
INSERT INTO EventRoster (ID, Event, Member, DateRegistered, Waitlisted) VALUES (513, 118, 126, '2025-08-04 15:41:25', FALSE);
INSERT INTO EventRoster (ID, Event, Member, DateRegistered, Waitlisted) VALUES (514, 118, 175, '2025-07-25 09:30:59', FALSE);
INSERT INTO EventRoster (ID, Event, Member, DateRegistered, Waitlisted) VALUES (515, 118, 170, '2025-07-11 16:43:19', FALSE);
INSERT INTO EventRoster (ID, Event, Member, DateRegistered, Waitlisted) VALUES (516, 118, 100, '2025-07-26 08:38:22', FALSE);
INSERT INTO EventRoster (ID, Event, Member, DateRegistered, Waitlisted) VALUES (517, 118, 166, '2025-07-10 20:08:21', FALSE);
INSERT INTO EventRoster (ID, Event, Member, DateRegistered, Waitlisted) VALUES (518, 118, 193, '2025-07-15 18:22:34', FALSE);
INSERT INTO EventRoster (ID, Event, Member, DateRegistered, Waitlisted) VALUES (519, 118, 121, '2025-07-14 09:37:53', TRUE);
INSERT INTO EventRoster (ID, Event, Member, DateRegistered, Waitlisted) VALUES (520, 118, 162, '2025-07-18 00:33:04', FALSE);
INSERT INTO EventRoster (ID, Event, Member, DateRegistered, Waitlisted) VALUES (521, 118, 148, '2025-07-26 09:46:46', FALSE);
INSERT INTO EventRoster (ID, Event, Member, DateRegistered, Waitlisted) VALUES (522, 118, 155, '2025-07-19 07:54:46', FALSE);
INSERT INTO EventRoster (ID, Event, Member, DateRegistered, Waitlisted) VALUES (523, 118, 172, '2025-08-02 05:37:49', FALSE);
INSERT INTO EventRoster (ID, Event, Member, DateRegistered, Waitlisted) VALUES (524, 118, 195, '2025-07-25 19:01:56', FALSE);
INSERT INTO EventRoster (ID, Event, Member, DateRegistered, Waitlisted) VALUES (525, 118, 151, '2025-08-06 22:36:51', FALSE);
INSERT INTO EventRoster (ID, Event, Member, DateRegistered, Waitlisted) VALUES (526, 118, 127, '2025-07-16 12:33:22', FALSE);
INSERT INTO EventRoster (ID, Event, Member, DateRegistered, Waitlisted) VALUES (527, 118, 136, '2025-07-18 13:09:45', FALSE);
INSERT INTO EventRoster (ID, Event, Member, DateRegistered, Waitlisted) VALUES (528, 118, 187, '2025-07-20 14:43:24', FALSE);
INSERT INTO EventRoster (ID, Event, Member, DateRegistered, Waitlisted) VALUES (529, 118, 122, '2025-07-18 21:41:23', FALSE);
INSERT INTO EventRoster (ID, Event, Member, DateRegistered, Waitlisted) VALUES (530, 119, 151, '2025-07-16 07:25:10', FALSE);
INSERT INTO EventRoster (ID, Event, Member, DateRegistered, Waitlisted) VALUES (531, 119, 131, '2025-07-13 09:24:43', FALSE);
INSERT INTO EventRoster (ID, Event, Member, DateRegistered, Waitlisted) VALUES (532, 119, 153, '2025-07-15 21:27:58', FALSE);
INSERT INTO EventRoster (ID, Event, Member, DateRegistered, Waitlisted) VALUES (533, 119, 162, '2025-08-04 19:36:33', FALSE);
INSERT INTO EventRoster (ID, Event, Member, DateRegistered, Waitlisted) VALUES (534, 119, 101, '2025-07-18 13:52:25', FALSE);
INSERT INTO EventRoster (ID, Event, Member, DateRegistered, Waitlisted) VALUES (535, 119, 102, '2025-07-24 09:06:21', TRUE);
INSERT INTO EventRoster (ID, Event, Member, DateRegistered, Waitlisted) VALUES (536, 119, 143, '2025-07-09 22:07:29', FALSE);
INSERT INTO EventRoster (ID, Event, Member, DateRegistered, Waitlisted) VALUES (537, 119, 104, '2025-08-06 15:17:14', FALSE);
INSERT INTO EventRoster (ID, Event, Member, DateRegistered, Waitlisted) VALUES (538, 119, 194, '2025-07-12 11:01:01', FALSE);
INSERT INTO EventRoster (ID, Event, Member, DateRegistered, Waitlisted) VALUES (539, 119, 163, '2025-07-14 23:45:07', FALSE);
INSERT INTO EventRoster (ID, Event, Member, DateRegistered, Waitlisted) VALUES (540, 119, 125, '2025-08-06 22:24:47', FALSE);
INSERT INTO EventRoster (ID, Event, Member, DateRegistered, Waitlisted) VALUES (541, 119, 192, '2025-07-31 09:53:55', FALSE);
INSERT INTO EventRoster (ID, Event, Member, DateRegistered, Waitlisted) VALUES (542, 119, 174, '2025-07-21 01:53:49', FALSE);
INSERT INTO EventRoster (ID, Event, Member, DateRegistered, Waitlisted) VALUES (543, 119, 124, '2025-08-06 18:08:20', FALSE);
INSERT INTO EventRoster (ID, Event, Member, DateRegistered, Waitlisted) VALUES (544, 119, 155, '2025-08-02 05:39:37', TRUE);
INSERT INTO EventRoster (ID, Event, Member, DateRegistered, Waitlisted) VALUES (545, 119, 171, '2025-07-16 10:47:55', FALSE);
INSERT INTO EventRoster (ID, Event, Member, DateRegistered, Waitlisted) VALUES (546, 119, 198, '2025-08-07 00:28:03', TRUE);
INSERT INTO EventRoster (ID, Event, Member, DateRegistered, Waitlisted) VALUES (547, 119, 179, '2025-07-09 19:10:37', TRUE);
INSERT INTO EventRoster (ID, Event, Member, DateRegistered, Waitlisted) VALUES (548, 119, 152, '2025-07-25 17:07:33', FALSE);
INSERT INTO EventRoster (ID, Event, Member, DateRegistered, Waitlisted) VALUES (549, 119, 115, '2025-07-09 09:44:44', FALSE);
INSERT INTO EventRoster (ID, Event, Member, DateRegistered, Waitlisted) VALUES (550, 119, 150, '2025-07-09 14:30:47', FALSE);
INSERT INTO EventRoster (ID, Event, Member, DateRegistered, Waitlisted) VALUES (551, 120, 193, '2025-07-16 11:22:53', FALSE);
INSERT INTO EventRoster (ID, Event, Member, DateRegistered, Waitlisted) VALUES (552, 120, 161, '2025-07-12 00:42:49', TRUE);
INSERT INTO EventRoster (ID, Event, Member, DateRegistered, Waitlisted) VALUES (553, 120, 102, '2025-07-14 17:24:22', FALSE);
INSERT INTO EventRoster (ID, Event, Member, DateRegistered, Waitlisted) VALUES (554, 120, 152, '2025-07-29 14:06:46', TRUE);
INSERT INTO EventRoster (ID, Event, Member, DateRegistered, Waitlisted) VALUES (555, 120, 103, '2025-07-17 06:40:49', FALSE);
INSERT INTO EventRoster (ID, Event, Member, DateRegistered, Waitlisted) VALUES (556, 120, 185, '2025-08-01 18:10:01', FALSE);
INSERT INTO EventRoster (ID, Event, Member, DateRegistered, Waitlisted) VALUES (557, 120, 163, '2025-07-14 03:02:30', FALSE);
INSERT INTO EventRoster (ID, Event, Member, DateRegistered, Waitlisted) VALUES (558, 120, 148, '2025-07-13 04:43:07', FALSE);
INSERT INTO EventRoster (ID, Event, Member, DateRegistered, Waitlisted) VALUES (559, 121, 175, '2025-07-23 07:27:26', FALSE);
INSERT INTO EventRoster (ID, Event, Member, DateRegistered, Waitlisted) VALUES (560, 121, 148, '2025-08-03 10:30:21', FALSE);
INSERT INTO EventRoster (ID, Event, Member, DateRegistered, Waitlisted) VALUES (561, 121, 106, '2025-07-14 16:18:32', FALSE);
INSERT INTO EventRoster (ID, Event, Member, DateRegistered, Waitlisted) VALUES (562, 121, 188, '2025-07-30 10:40:13', FALSE);
INSERT INTO EventRoster (ID, Event, Member, DateRegistered, Waitlisted) VALUES (563, 121, 123, '2025-07-21 05:09:21', FALSE);
INSERT INTO EventRoster (ID, Event, Member, DateRegistered, Waitlisted) VALUES (564, 121, 108, '2025-07-14 01:50:41', FALSE);
INSERT INTO EventRoster (ID, Event, Member, DateRegistered, Waitlisted) VALUES (565, 121, 126, '2025-07-25 19:26:09', FALSE);
INSERT INTO EventRoster (ID, Event, Member, DateRegistered, Waitlisted) VALUES (566, 121, 152, '2025-08-05 17:35:58', FALSE);
INSERT INTO EventRoster (ID, Event, Member, DateRegistered, Waitlisted) VALUES (567, 121, 186, '2025-07-27 00:31:12', FALSE);
INSERT INTO EventRoster (ID, Event, Member, DateRegistered, Waitlisted) VALUES (568, 121, 129, '2025-07-16 19:16:22', TRUE);
INSERT INTO EventRoster (ID, Event, Member, DateRegistered, Waitlisted) VALUES (569, 121, 111, '2025-08-03 10:42:33', FALSE);
INSERT INTO EventRoster (ID, Event, Member, DateRegistered, Waitlisted) VALUES (570, 121, 133, '2025-07-29 20:43:39', FALSE);
INSERT INTO EventRoster (ID, Event, Member, DateRegistered, Waitlisted) VALUES (571, 121, 171, '2025-07-11 17:33:48', FALSE);
INSERT INTO EventRoster (ID, Event, Member, DateRegistered, Waitlisted) VALUES (572, 121, 180, '2025-07-16 04:50:48', TRUE);
INSERT INTO EventRoster (ID, Event, Member, DateRegistered, Waitlisted) VALUES (573, 121, 112, '2025-08-04 05:12:00', FALSE);
INSERT INTO EventRoster (ID, Event, Member, DateRegistered, Waitlisted) VALUES (574, 121, 158, '2025-07-30 18:51:59', FALSE);
INSERT INTO EventRoster (ID, Event, Member, DateRegistered, Waitlisted) VALUES (575, 121, 147, '2025-07-26 17:12:09', FALSE);
INSERT INTO EventRoster (ID, Event, Member, DateRegistered, Waitlisted) VALUES (576, 121, 162, '2025-07-11 13:45:14', TRUE);
INSERT INTO EventRoster (ID, Event, Member, DateRegistered, Waitlisted) VALUES (577, 121, 122, '2025-07-10 00:38:56', FALSE);
INSERT INTO EventRoster (ID, Event, Member, DateRegistered, Waitlisted) VALUES (578, 121, 125, '2025-07-22 07:53:19', FALSE);
INSERT INTO EventRoster (ID, Event, Member, DateRegistered, Waitlisted) VALUES (579, 121, 109, '2025-07-12 23:59:08', FALSE);
INSERT INTO EventRoster (ID, Event, Member, DateRegistered, Waitlisted) VALUES (580, 121, 170, '2025-07-14 22:08:06', FALSE);
INSERT INTO EventRoster (ID, Event, Member, DateRegistered, Waitlisted) VALUES (581, 122, 183, '2025-08-02 10:12:26', FALSE);
INSERT INTO EventRoster (ID, Event, Member, DateRegistered, Waitlisted) VALUES (582, 122, 126, '2025-07-22 19:24:00', FALSE);
INSERT INTO EventRoster (ID, Event, Member, DateRegistered, Waitlisted) VALUES (583, 122, 143, '2025-07-17 07:23:04', FALSE);
INSERT INTO EventRoster (ID, Event, Member, DateRegistered, Waitlisted) VALUES (584, 122, 163, '2025-08-04 09:24:25', FALSE);
INSERT INTO EventRoster (ID, Event, Member, DateRegistered, Waitlisted) VALUES (585, 122, 156, '2025-08-03 09:34:35', FALSE);
INSERT INTO EventRoster (ID, Event, Member, DateRegistered, Waitlisted) VALUES (586, 122, 112, '2025-07-20 13:23:08', TRUE);
INSERT INTO EventRoster (ID, Event, Member, DateRegistered, Waitlisted) VALUES (587, 122, 167, '2025-07-24 13:23:09', FALSE);
INSERT INTO EventRoster (ID, Event, Member, DateRegistered, Waitlisted) VALUES (588, 122, 168, '2025-07-21 14:18:31', FALSE);
INSERT INTO EventRoster (ID, Event, Member, DateRegistered, Waitlisted) VALUES (589, 122, 164, '2025-08-01 07:53:15', FALSE);
INSERT INTO EventRoster (ID, Event, Member, DateRegistered, Waitlisted) VALUES (590, 122, 141, '2025-07-26 05:23:07', FALSE);
INSERT INTO EventRoster (ID, Event, Member, DateRegistered, Waitlisted) VALUES (591, 122, 194, '2025-08-05 21:36:44', FALSE);
INSERT INTO EventRoster (ID, Event, Member, DateRegistered, Waitlisted) VALUES (592, 122, 177, '2025-07-10 21:42:41', FALSE);
INSERT INTO EventRoster (ID, Event, Member, DateRegistered, Waitlisted) VALUES (593, 122, 140, '2025-08-02 01:53:38', FALSE);
INSERT INTO EventRoster (ID, Event, Member, DateRegistered, Waitlisted) VALUES (594, 122, 103, '2025-07-29 08:56:13', FALSE);
INSERT INTO EventRoster (ID, Event, Member, DateRegistered, Waitlisted) VALUES (595, 122, 114, '2025-08-03 06:48:09', FALSE);
INSERT INTO EventRoster (ID, Event, Member, DateRegistered, Waitlisted) VALUES (596, 122, 111, '2025-07-22 21:47:55', FALSE);
INSERT INTO EventRoster (ID, Event, Member, DateRegistered, Waitlisted) VALUES (597, 122, 105, '2025-07-23 15:40:58', FALSE);
INSERT INTO EventRoster (ID, Event, Member, DateRegistered, Waitlisted) VALUES (598, 122, 102, '2025-07-31 04:00:25', FALSE);
INSERT INTO EventRoster (ID, Event, Member, DateRegistered, Waitlisted) VALUES (599, 122, 130, '2025-07-16 20:52:23', FALSE);
INSERT INTO EventRoster (ID, Event, Member, DateRegistered, Waitlisted) VALUES (600, 123, 105, '2025-07-21 06:56:34', FALSE);
INSERT INTO EventRoster (ID, Event, Member, DateRegistered, Waitlisted) VALUES (601, 123, 132, '2025-08-01 14:06:42', FALSE);
INSERT INTO EventRoster (ID, Event, Member, DateRegistered, Waitlisted) VALUES (602, 123, 125, '2025-07-17 10:47:08', FALSE);
INSERT INTO EventRoster (ID, Event, Member, DateRegistered, Waitlisted) VALUES (603, 123, 122, '2025-07-17 10:43:17', FALSE);
INSERT INTO EventRoster (ID, Event, Member, DateRegistered, Waitlisted) VALUES (604, 123, 149, '2025-07-13 14:49:04', FALSE);
INSERT INTO EventRoster (ID, Event, Member, DateRegistered, Waitlisted) VALUES (605, 123, 168, '2025-07-22 18:54:59', FALSE);
INSERT INTO EventRoster (ID, Event, Member, DateRegistered, Waitlisted) VALUES (606, 123, 174, '2025-07-14 18:04:43', FALSE);
INSERT INTO EventRoster (ID, Event, Member, DateRegistered, Waitlisted) VALUES (607, 123, 110, '2025-07-13 10:46:32', FALSE);
INSERT INTO EventRoster (ID, Event, Member, DateRegistered, Waitlisted) VALUES (608, 123, 114, '2025-07-19 20:54:14', FALSE);
INSERT INTO EventRoster (ID, Event, Member, DateRegistered, Waitlisted) VALUES (609, 123, 167, '2025-08-03 02:27:18', FALSE);
INSERT INTO EventRoster (ID, Event, Member, DateRegistered, Waitlisted) VALUES (610, 123, 163, '2025-08-04 02:26:13', TRUE);
INSERT INTO EventRoster (ID, Event, Member, DateRegistered, Waitlisted) VALUES (611, 123, 112, '2025-07-15 01:57:53', FALSE);
INSERT INTO EventRoster (ID, Event, Member, DateRegistered, Waitlisted) VALUES (612, 123, 101, '2025-08-05 13:28:16', FALSE);
INSERT INTO EventRoster (ID, Event, Member, DateRegistered, Waitlisted) VALUES (613, 123, 158, '2025-08-01 02:44:05', FALSE);
INSERT INTO EventRoster (ID, Event, Member, DateRegistered, Waitlisted) VALUES (614, 123, 175, '2025-07-30 16:27:32', FALSE);
INSERT INTO EventRoster (ID, Event, Member, DateRegistered, Waitlisted) VALUES (615, 123, 138, '2025-08-02 15:09:21', FALSE);
INSERT INTO EventRoster (ID, Event, Member, DateRegistered, Waitlisted) VALUES (616, 123, 145, '2025-08-01 07:38:57', TRUE);
INSERT INTO EventRoster (ID, Event, Member, DateRegistered, Waitlisted) VALUES (617, 123, 143, '2025-07-25 15:51:49', FALSE);
INSERT INTO EventRoster (ID, Event, Member, DateRegistered, Waitlisted) VALUES (618, 123, 182, '2025-07-17 05:58:13', FALSE);
INSERT INTO EventRoster (ID, Event, Member, DateRegistered, Waitlisted) VALUES (619, 123, 180, '2025-08-06 18:37:48', FALSE);
INSERT INTO EventRoster (ID, Event, Member, DateRegistered, Waitlisted) VALUES (620, 123, 156, '2025-07-22 05:39:12', FALSE);
INSERT INTO EventRoster (ID, Event, Member, DateRegistered, Waitlisted) VALUES (621, 123, 126, '2025-08-06 04:07:50', FALSE);
INSERT INTO EventRoster (ID, Event, Member, DateRegistered, Waitlisted) VALUES (622, 123, 136, '2025-07-28 14:38:35', FALSE);
INSERT INTO EventRoster (ID, Event, Member, DateRegistered, Waitlisted) VALUES (623, 123, 169, '2025-07-16 01:03:41', FALSE);
INSERT INTO EventRoster (ID, Event, Member, DateRegistered, Waitlisted) VALUES (624, 124, 187, '2025-07-18 08:32:15', FALSE);
INSERT INTO EventRoster (ID, Event, Member, DateRegistered, Waitlisted) VALUES (625, 124, 147, '2025-08-05 07:45:55', FALSE);
INSERT INTO EventRoster (ID, Event, Member, DateRegistered, Waitlisted) VALUES (626, 124, 164, '2025-07-28 17:05:54', FALSE);
INSERT INTO EventRoster (ID, Event, Member, DateRegistered, Waitlisted) VALUES (627, 124, 158, '2025-07-29 04:33:03', FALSE);
INSERT INTO EventRoster (ID, Event, Member, DateRegistered, Waitlisted) VALUES (628, 124, 124, '2025-07-19 11:00:02', FALSE);
INSERT INTO EventRoster (ID, Event, Member, DateRegistered, Waitlisted) VALUES (629, 124, 163, '2025-07-16 14:29:09', FALSE);
INSERT INTO EventRoster (ID, Event, Member, DateRegistered, Waitlisted) VALUES (630, 124, 184, '2025-07-10 02:19:24', FALSE);
INSERT INTO EventRoster (ID, Event, Member, DateRegistered, Waitlisted) VALUES (631, 124, 195, '2025-07-24 19:39:47', FALSE);
INSERT INTO EventRoster (ID, Event, Member, DateRegistered, Waitlisted) VALUES (632, 124, 113, '2025-08-05 00:08:12', FALSE);
INSERT INTO EventRoster (ID, Event, Member, DateRegistered, Waitlisted) VALUES (633, 124, 125, '2025-08-03 04:21:44', FALSE);
INSERT INTO EventRoster (ID, Event, Member, DateRegistered, Waitlisted) VALUES (634, 124, 114, '2025-07-10 08:15:26', FALSE);
INSERT INTO EventRoster (ID, Event, Member, DateRegistered, Waitlisted) VALUES (635, 124, 100, '2025-07-18 02:52:16', FALSE);
INSERT INTO EventRoster (ID, Event, Member, DateRegistered, Waitlisted) VALUES (636, 124, 154, '2025-07-19 00:04:33', FALSE);
INSERT INTO EventRoster (ID, Event, Member, DateRegistered, Waitlisted) VALUES (637, 124, 139, '2025-07-14 18:53:22', FALSE);
INSERT INTO EventRoster (ID, Event, Member, DateRegistered, Waitlisted) VALUES (638, 124, 103, '2025-07-26 00:20:02', FALSE);
INSERT INTO EventRoster (ID, Event, Member, DateRegistered, Waitlisted) VALUES (639, 124, 166, '2025-07-11 16:41:24', FALSE);
INSERT INTO EventRoster (ID, Event, Member, DateRegistered, Waitlisted) VALUES (640, 124, 182, '2025-07-08 20:27:30', FALSE);
INSERT INTO EventRoster (ID, Event, Member, DateRegistered, Waitlisted) VALUES (641, 124, 144, '2025-07-15 04:37:12', FALSE);
INSERT INTO EventRoster (ID, Event, Member, DateRegistered, Waitlisted) VALUES (642, 125, 111, '2025-08-01 01:55:09', FALSE);
INSERT INTO EventRoster (ID, Event, Member, DateRegistered, Waitlisted) VALUES (643, 125, 148, '2025-07-08 19:51:29', TRUE);
INSERT INTO EventRoster (ID, Event, Member, DateRegistered, Waitlisted) VALUES (644, 125, 150, '2025-07-08 21:52:52', FALSE);
INSERT INTO EventRoster (ID, Event, Member, DateRegistered, Waitlisted) VALUES (645, 125, 124, '2025-07-28 19:49:03', FALSE);
INSERT INTO EventRoster (ID, Event, Member, DateRegistered, Waitlisted) VALUES (646, 125, 186, '2025-07-09 13:39:34', FALSE);
INSERT INTO EventRoster (ID, Event, Member, DateRegistered, Waitlisted) VALUES (647, 125, 133, '2025-07-25 13:23:16', FALSE);
INSERT INTO EventRoster (ID, Event, Member, DateRegistered, Waitlisted) VALUES (648, 125, 168, '2025-08-03 15:02:28', FALSE);
INSERT INTO EventRoster (ID, Event, Member, DateRegistered, Waitlisted) VALUES (649, 125, 151, '2025-07-24 13:10:11', FALSE);
INSERT INTO EventRoster (ID, Event, Member, DateRegistered, Waitlisted) VALUES (650, 125, 104, '2025-08-04 14:05:06', FALSE);
INSERT INTO EventRoster (ID, Event, Member, DateRegistered, Waitlisted) VALUES (651, 125, 190, '2025-07-25 14:14:09', FALSE);
INSERT INTO EventRoster (ID, Event, Member, DateRegistered, Waitlisted) VALUES (652, 125, 176, '2025-07-28 11:42:56', FALSE);
INSERT INTO EventRoster (ID, Event, Member, DateRegistered, Waitlisted) VALUES (653, 125, 116, '2025-07-17 13:43:58', FALSE);
INSERT INTO EventRoster (ID, Event, Member, DateRegistered, Waitlisted) VALUES (654, 125, 157, '2025-07-17 06:37:49', FALSE);
INSERT INTO EventRoster (ID, Event, Member, DateRegistered, Waitlisted) VALUES (655, 125, 119, '2025-08-01 15:53:57', FALSE);
INSERT INTO EventRoster (ID, Event, Member, DateRegistered, Waitlisted) VALUES (656, 125, 114, '2025-07-13 18:24:33', FALSE);
INSERT INTO EventRoster (ID, Event, Member, DateRegistered, Waitlisted) VALUES (657, 125, 159, '2025-07-24 17:21:42', FALSE);
INSERT INTO EventRoster (ID, Event, Member, DateRegistered, Waitlisted) VALUES (658, 125, 147, '2025-08-06 21:55:08', TRUE);
INSERT INTO EventRoster (ID, Event, Member, DateRegistered, Waitlisted) VALUES (659, 125, 152, '2025-07-19 10:01:34', TRUE);
INSERT INTO EventRoster (ID, Event, Member, DateRegistered, Waitlisted) VALUES (660, 125, 108, '2025-07-26 21:26:51', FALSE);
INSERT INTO EventRoster (ID, Event, Member, DateRegistered, Waitlisted) VALUES (661, 126, 128, '2025-07-24 01:06:51', FALSE);
INSERT INTO EventRoster (ID, Event, Member, DateRegistered, Waitlisted) VALUES (662, 126, 116, '2025-07-22 08:35:50', FALSE);
INSERT INTO EventRoster (ID, Event, Member, DateRegistered, Waitlisted) VALUES (663, 126, 184, '2025-07-17 14:15:15', FALSE);
INSERT INTO EventRoster (ID, Event, Member, DateRegistered, Waitlisted) VALUES (664, 126, 138, '2025-07-20 22:20:53', FALSE);
INSERT INTO EventRoster (ID, Event, Member, DateRegistered, Waitlisted) VALUES (665, 126, 102, '2025-07-11 21:06:51', FALSE);
INSERT INTO EventRoster (ID, Event, Member, DateRegistered, Waitlisted) VALUES (666, 126, 124, '2025-07-14 21:28:33', FALSE);
INSERT INTO EventRoster (ID, Event, Member, DateRegistered, Waitlisted) VALUES (667, 126, 198, '2025-07-17 14:09:11', FALSE);
INSERT INTO EventRoster (ID, Event, Member, DateRegistered, Waitlisted) VALUES (668, 126, 117, '2025-08-01 20:26:00', TRUE);
INSERT INTO EventRoster (ID, Event, Member, DateRegistered, Waitlisted) VALUES (669, 126, 141, '2025-07-27 18:57:40', FALSE);
INSERT INTO EventRoster (ID, Event, Member, DateRegistered, Waitlisted) VALUES (670, 127, 113, '2025-08-06 18:28:34', FALSE);
INSERT INTO EventRoster (ID, Event, Member, DateRegistered, Waitlisted) VALUES (671, 127, 166, '2025-07-18 09:21:39', FALSE);
INSERT INTO EventRoster (ID, Event, Member, DateRegistered, Waitlisted) VALUES (672, 127, 155, '2025-07-09 06:32:03', FALSE);
INSERT INTO EventRoster (ID, Event, Member, DateRegistered, Waitlisted) VALUES (673, 127, 148, '2025-07-22 02:06:11', FALSE);
INSERT INTO EventRoster (ID, Event, Member, DateRegistered, Waitlisted) VALUES (674, 127, 146, '2025-07-15 04:03:39', FALSE);
INSERT INTO EventRoster (ID, Event, Member, DateRegistered, Waitlisted) VALUES (675, 127, 156, '2025-07-23 06:25:40', FALSE);
INSERT INTO EventRoster (ID, Event, Member, DateRegistered, Waitlisted) VALUES (676, 127, 135, '2025-07-12 08:59:45', FALSE);
INSERT INTO EventRoster (ID, Event, Member, DateRegistered, Waitlisted) VALUES (677, 127, 197, '2025-08-02 10:46:07', FALSE);
INSERT INTO EventRoster (ID, Event, Member, DateRegistered, Waitlisted) VALUES (678, 127, 170, '2025-07-15 07:49:28', FALSE);
INSERT INTO EventRoster (ID, Event, Member, DateRegistered, Waitlisted) VALUES (679, 127, 179, '2025-07-14 07:53:34', FALSE);
INSERT INTO EventRoster (ID, Event, Member, DateRegistered, Waitlisted) VALUES (680, 127, 115, '2025-07-16 04:09:58', FALSE);
INSERT INTO EventRoster (ID, Event, Member, DateRegistered, Waitlisted) VALUES (681, 127, 126, '2025-07-15 09:29:48', FALSE);
INSERT INTO EventRoster (ID, Event, Member, DateRegistered, Waitlisted) VALUES (682, 127, 136, '2025-07-12 17:04:48', TRUE);
INSERT INTO EventRoster (ID, Event, Member, DateRegistered, Waitlisted) VALUES (683, 127, 142, '2025-07-17 04:12:06', FALSE);
INSERT INTO EventRoster (ID, Event, Member, DateRegistered, Waitlisted) VALUES (684, 128, 194, '2025-07-12 10:42:59', FALSE);
INSERT INTO EventRoster (ID, Event, Member, DateRegistered, Waitlisted) VALUES (685, 128, 102, '2025-07-28 09:25:00', FALSE);
INSERT INTO EventRoster (ID, Event, Member, DateRegistered, Waitlisted) VALUES (686, 128, 106, '2025-07-21 20:48:39', FALSE);
INSERT INTO EventRoster (ID, Event, Member, DateRegistered, Waitlisted) VALUES (687, 128, 114, '2025-08-01 20:04:29', FALSE);
INSERT INTO EventRoster (ID, Event, Member, DateRegistered, Waitlisted) VALUES (688, 128, 109, '2025-07-20 11:40:29', TRUE);
INSERT INTO EventRoster (ID, Event, Member, DateRegistered, Waitlisted) VALUES (689, 128, 103, '2025-07-09 02:25:26', TRUE);
INSERT INTO EventRoster (ID, Event, Member, DateRegistered, Waitlisted) VALUES (690, 128, 152, '2025-07-25 14:10:04', FALSE);
INSERT INTO EventRoster (ID, Event, Member, DateRegistered, Waitlisted) VALUES (691, 128, 190, '2025-07-27 07:29:37', FALSE);
INSERT INTO EventRoster (ID, Event, Member, DateRegistered, Waitlisted) VALUES (692, 128, 131, '2025-08-05 09:42:40', FALSE);
INSERT INTO EventRoster (ID, Event, Member, DateRegistered, Waitlisted) VALUES (693, 128, 145, '2025-07-13 03:15:09', TRUE);
INSERT INTO EventRoster (ID, Event, Member, DateRegistered, Waitlisted) VALUES (694, 129, 135, '2025-07-31 01:35:12', FALSE);
INSERT INTO EventRoster (ID, Event, Member, DateRegistered, Waitlisted) VALUES (695, 129, 158, '2025-07-15 19:02:45', FALSE);
INSERT INTO EventRoster (ID, Event, Member, DateRegistered, Waitlisted) VALUES (696, 129, 116, '2025-07-24 02:42:52', FALSE);
INSERT INTO EventRoster (ID, Event, Member, DateRegistered, Waitlisted) VALUES (697, 129, 117, '2025-07-27 00:49:04', FALSE);
INSERT INTO EventRoster (ID, Event, Member, DateRegistered, Waitlisted) VALUES (698, 129, 182, '2025-07-10 10:45:14', FALSE);
INSERT INTO EventRoster (ID, Event, Member, DateRegistered, Waitlisted) VALUES (699, 129, 122, '2025-08-01 18:04:43', TRUE);
INSERT INTO EventRoster (ID, Event, Member, DateRegistered, Waitlisted) VALUES (700, 129, 105, '2025-07-10 01:31:37', FALSE);
INSERT INTO EventRoster (ID, Event, Member, DateRegistered, Waitlisted) VALUES (701, 129, 160, '2025-07-22 14:46:34', FALSE);
INSERT INTO EventRoster (ID, Event, Member, DateRegistered, Waitlisted) VALUES (702, 129, 141, '2025-08-02 07:57:13', FALSE);
INSERT INTO EventRoster (ID, Event, Member, DateRegistered, Waitlisted) VALUES (703, 129, 155, '2025-07-15 13:47:33', FALSE);
INSERT INTO EventRoster (ID, Event, Member, DateRegistered, Waitlisted) VALUES (704, 129, 164, '2025-08-05 08:02:31', FALSE);
INSERT INTO EventRoster (ID, Event, Member, DateRegistered, Waitlisted) VALUES (705, 129, 147, '2025-07-23 03:08:33', FALSE);
INSERT INTO EventRoster (ID, Event, Member, DateRegistered, Waitlisted) VALUES (706, 129, 106, '2025-07-21 11:58:07', FALSE);
INSERT INTO EventRoster (ID, Event, Member, DateRegistered, Waitlisted) VALUES (707, 130, 121, '2025-07-23 14:05:36', TRUE);
INSERT INTO EventRoster (ID, Event, Member, DateRegistered, Waitlisted) VALUES (708, 130, 171, '2025-07-26 23:34:38', FALSE);
INSERT INTO EventRoster (ID, Event, Member, DateRegistered, Waitlisted) VALUES (709, 130, 162, '2025-07-27 10:32:49', FALSE);
INSERT INTO EventRoster (ID, Event, Member, DateRegistered, Waitlisted) VALUES (710, 130, 186, '2025-08-06 09:23:24', FALSE);
INSERT INTO EventRoster (ID, Event, Member, DateRegistered, Waitlisted) VALUES (711, 130, 192, '2025-07-24 08:09:35', FALSE);
INSERT INTO EventRoster (ID, Event, Member, DateRegistered, Waitlisted) VALUES (712, 130, 147, '2025-07-31 20:34:39', FALSE);
INSERT INTO EventRoster (ID, Event, Member, DateRegistered, Waitlisted) VALUES (713, 130, 195, '2025-08-07 02:38:11', FALSE);
INSERT INTO EventRoster (ID, Event, Member, DateRegistered, Waitlisted) VALUES (714, 130, 148, '2025-07-26 19:26:48', FALSE);
INSERT INTO EventRoster (ID, Event, Member, DateRegistered, Waitlisted) VALUES (715, 130, 124, '2025-07-14 16:47:22', FALSE);
INSERT INTO EventRoster (ID, Event, Member, DateRegistered, Waitlisted) VALUES (716, 130, 140, '2025-08-06 21:52:48', FALSE);
INSERT INTO EventRoster (ID, Event, Member, DateRegistered, Waitlisted) VALUES (717, 130, 152, '2025-07-15 04:34:45', FALSE);
INSERT INTO EventRoster (ID, Event, Member, DateRegistered, Waitlisted) VALUES (718, 130, 125, '2025-07-13 12:58:51', FALSE);
INSERT INTO EventRoster (ID, Event, Member, DateRegistered, Waitlisted) VALUES (719, 130, 114, '2025-07-08 21:52:46', FALSE);
INSERT INTO EventRoster (ID, Event, Member, DateRegistered, Waitlisted) VALUES (720, 130, 100, '2025-07-26 14:52:33', FALSE);
INSERT INTO EventRoster (ID, Event, Member, DateRegistered, Waitlisted) VALUES (721, 130, 112, '2025-08-02 05:28:45', FALSE);
INSERT INTO EventRoster (ID, Event, Member, DateRegistered, Waitlisted) VALUES (722, 130, 107, '2025-07-28 19:10:35', FALSE);
INSERT INTO EventRoster (ID, Event, Member, DateRegistered, Waitlisted) VALUES (723, 130, 118, '2025-08-02 11:06:36', TRUE);
INSERT INTO EventRoster (ID, Event, Member, DateRegistered, Waitlisted) VALUES (724, 130, 150, '2025-07-14 16:16:30', FALSE);
INSERT INTO EventRoster (ID, Event, Member, DateRegistered, Waitlisted) VALUES (725, 131, 132, '2025-07-11 21:10:07', FALSE);
INSERT INTO EventRoster (ID, Event, Member, DateRegistered, Waitlisted) VALUES (726, 131, 156, '2025-07-26 05:58:15', FALSE);
INSERT INTO EventRoster (ID, Event, Member, DateRegistered, Waitlisted) VALUES (727, 131, 138, '2025-08-04 17:57:50', FALSE);
INSERT INTO EventRoster (ID, Event, Member, DateRegistered, Waitlisted) VALUES (728, 131, 126, '2025-07-27 06:34:18', FALSE);
INSERT INTO EventRoster (ID, Event, Member, DateRegistered, Waitlisted) VALUES (729, 131, 178, '2025-07-28 03:58:48', FALSE);
INSERT INTO EventRoster (ID, Event, Member, DateRegistered, Waitlisted) VALUES (730, 131, 107, '2025-07-20 07:56:22', FALSE);
INSERT INTO EventRoster (ID, Event, Member, DateRegistered, Waitlisted) VALUES (731, 131, 110, '2025-07-12 17:32:03', TRUE);
INSERT INTO EventRoster (ID, Event, Member, DateRegistered, Waitlisted) VALUES (732, 131, 106, '2025-07-25 05:02:45', FALSE);
INSERT INTO EventRoster (ID, Event, Member, DateRegistered, Waitlisted) VALUES (733, 131, 130, '2025-07-25 20:06:38', FALSE);
INSERT INTO EventRoster (ID, Event, Member, DateRegistered, Waitlisted) VALUES (734, 131, 164, '2025-07-11 17:58:25', FALSE);
INSERT INTO EventRoster (ID, Event, Member, DateRegistered, Waitlisted) VALUES (735, 131, 169, '2025-08-07 09:22:32', FALSE);
INSERT INTO EventRoster (ID, Event, Member, DateRegistered, Waitlisted) VALUES (736, 131, 166, '2025-07-19 11:02:41', FALSE);
INSERT INTO EventRoster (ID, Event, Member, DateRegistered, Waitlisted) VALUES (737, 131, 124, '2025-07-31 23:34:15', FALSE);
INSERT INTO EventRoster (ID, Event, Member, DateRegistered, Waitlisted) VALUES (738, 131, 157, '2025-08-06 20:32:44', TRUE);
INSERT INTO EventRoster (ID, Event, Member, DateRegistered, Waitlisted) VALUES (739, 131, 103, '2025-07-27 10:55:10', FALSE);
INSERT INTO EventRoster (ID, Event, Member, DateRegistered, Waitlisted) VALUES (740, 131, 115, '2025-07-22 15:56:32', FALSE);
INSERT INTO EventRoster (ID, Event, Member, DateRegistered, Waitlisted) VALUES (741, 131, 100, '2025-07-12 18:11:13', TRUE);
INSERT INTO EventRoster (ID, Event, Member, DateRegistered, Waitlisted) VALUES (742, 131, 118, '2025-07-13 03:14:49', FALSE);
INSERT INTO EventRoster (ID, Event, Member, DateRegistered, Waitlisted) VALUES (743, 131, 101, '2025-08-06 07:30:10', FALSE);
INSERT INTO EventRoster (ID, Event, Member, DateRegistered, Waitlisted) VALUES (744, 131, 139, '2025-07-23 11:47:41', FALSE);
INSERT INTO EventRoster (ID, Event, Member, DateRegistered, Waitlisted) VALUES (745, 131, 150, '2025-07-15 11:39:48', FALSE);
INSERT INTO EventRoster (ID, Event, Member, DateRegistered, Waitlisted) VALUES (746, 131, 179, '2025-07-23 20:11:52', FALSE);
INSERT INTO EventRoster (ID, Event, Member, DateRegistered, Waitlisted) VALUES (747, 131, 140, '2025-07-11 01:25:23', TRUE);
INSERT INTO EventRoster (ID, Event, Member, DateRegistered, Waitlisted) VALUES (748, 131, 186, '2025-07-26 07:48:28', FALSE);
INSERT INTO EventRoster (ID, Event, Member, DateRegistered, Waitlisted) VALUES (749, 131, 154, '2025-07-16 02:27:21', FALSE);
INSERT INTO EventRoster (ID, Event, Member, DateRegistered, Waitlisted) VALUES (750, 132, 197, '2025-07-11 00:10:51', FALSE);
INSERT INTO EventRoster (ID, Event, Member, DateRegistered, Waitlisted) VALUES (751, 132, 137, '2025-08-06 00:13:05', FALSE);
INSERT INTO EventRoster (ID, Event, Member, DateRegistered, Waitlisted) VALUES (752, 132, 102, '2025-08-04 23:03:15', FALSE);
INSERT INTO EventRoster (ID, Event, Member, DateRegistered, Waitlisted) VALUES (753, 132, 188, '2025-07-27 01:46:03', FALSE);
INSERT INTO EventRoster (ID, Event, Member, DateRegistered, Waitlisted) VALUES (754, 132, 194, '2025-07-15 11:45:23', FALSE);
INSERT INTO EventRoster (ID, Event, Member, DateRegistered, Waitlisted) VALUES (755, 132, 138, '2025-07-11 18:56:14', FALSE);
INSERT INTO EventRoster (ID, Event, Member, DateRegistered, Waitlisted) VALUES (756, 132, 156, '2025-07-24 15:00:04', FALSE);
INSERT INTO EventRoster (ID, Event, Member, DateRegistered, Waitlisted) VALUES (757, 132, 177, '2025-08-01 18:08:20', FALSE);
INSERT INTO EventRoster (ID, Event, Member, DateRegistered, Waitlisted) VALUES (758, 132, 165, '2025-07-10 00:48:15', FALSE);
INSERT INTO EventRoster (ID, Event, Member, DateRegistered, Waitlisted) VALUES (759, 132, 121, '2025-08-02 14:49:26', FALSE);
INSERT INTO EventRoster (ID, Event, Member, DateRegistered, Waitlisted) VALUES (760, 132, 166, '2025-07-12 15:49:03', FALSE);
INSERT INTO EventRoster (ID, Event, Member, DateRegistered, Waitlisted) VALUES (761, 132, 115, '2025-07-26 09:57:46', FALSE);
INSERT INTO EventRoster (ID, Event, Member, DateRegistered, Waitlisted) VALUES (762, 132, 105, '2025-08-05 20:06:17', FALSE);
INSERT INTO EventRoster (ID, Event, Member, DateRegistered, Waitlisted) VALUES (763, 132, 155, '2025-07-19 18:13:00', FALSE);
INSERT INTO EventRoster (ID, Event, Member, DateRegistered, Waitlisted) VALUES (764, 132, 122, '2025-07-22 01:17:17', FALSE);
INSERT INTO EventRoster (ID, Event, Member, DateRegistered, Waitlisted) VALUES (765, 132, 161, '2025-07-25 08:39:42', FALSE);
INSERT INTO EventRoster (ID, Event, Member, DateRegistered, Waitlisted) VALUES (766, 132, 136, '2025-07-29 23:29:02', FALSE);
INSERT INTO EventRoster (ID, Event, Member, DateRegistered, Waitlisted) VALUES (767, 132, 144, '2025-07-19 11:49:35', FALSE);
INSERT INTO EventRoster (ID, Event, Member, DateRegistered, Waitlisted) VALUES (768, 132, 180, '2025-07-21 20:06:06', FALSE);
INSERT INTO EventRoster (ID, Event, Member, DateRegistered, Waitlisted) VALUES (769, 132, 129, '2025-08-04 06:02:27', TRUE);
INSERT INTO EventRoster (ID, Event, Member, DateRegistered, Waitlisted) VALUES (770, 132, 160, '2025-07-15 15:09:36', FALSE);
INSERT INTO EventRoster (ID, Event, Member, DateRegistered, Waitlisted) VALUES (771, 133, 103, '2025-08-05 04:22:21', FALSE);
INSERT INTO EventRoster (ID, Event, Member, DateRegistered, Waitlisted) VALUES (772, 133, 143, '2025-08-02 20:33:02', FALSE);
INSERT INTO EventRoster (ID, Event, Member, DateRegistered, Waitlisted) VALUES (773, 133, 155, '2025-07-10 13:36:29', FALSE);
INSERT INTO EventRoster (ID, Event, Member, DateRegistered, Waitlisted) VALUES (774, 133, 130, '2025-07-13 01:42:01', FALSE);
INSERT INTO EventRoster (ID, Event, Member, DateRegistered, Waitlisted) VALUES (775, 133, 187, '2025-07-21 03:32:31', FALSE);
INSERT INTO EventRoster (ID, Event, Member, DateRegistered, Waitlisted) VALUES (776, 133, 169, '2025-07-18 19:24:08', FALSE);
INSERT INTO EventRoster (ID, Event, Member, DateRegistered, Waitlisted) VALUES (777, 133, 153, '2025-07-28 15:23:09', FALSE);
INSERT INTO EventRoster (ID, Event, Member, DateRegistered, Waitlisted) VALUES (778, 133, 142, '2025-07-17 15:37:05', FALSE);
INSERT INTO EventRoster (ID, Event, Member, DateRegistered, Waitlisted) VALUES (779, 133, 141, '2025-07-10 20:33:59', TRUE);
INSERT INTO EventRoster (ID, Event, Member, DateRegistered, Waitlisted) VALUES (780, 133, 167, '2025-07-15 06:58:20', FALSE);
INSERT INTO EventRoster (ID, Event, Member, DateRegistered, Waitlisted) VALUES (781, 133, 193, '2025-08-01 17:37:57', FALSE);
INSERT INTO EventRoster (ID, Event, Member, DateRegistered, Waitlisted) VALUES (782, 134, 174, '2025-08-04 07:50:21', FALSE);
INSERT INTO EventRoster (ID, Event, Member, DateRegistered, Waitlisted) VALUES (783, 134, 199, '2025-07-13 05:26:33', FALSE);
INSERT INTO EventRoster (ID, Event, Member, DateRegistered, Waitlisted) VALUES (784, 134, 131, '2025-07-13 15:01:21', FALSE);
INSERT INTO EventRoster (ID, Event, Member, DateRegistered, Waitlisted) VALUES (785, 134, 147, '2025-07-27 00:14:46', FALSE);
INSERT INTO EventRoster (ID, Event, Member, DateRegistered, Waitlisted) VALUES (786, 134, 178, '2025-08-05 18:44:47', FALSE);
INSERT INTO EventRoster (ID, Event, Member, DateRegistered, Waitlisted) VALUES (787, 134, 177, '2025-07-13 21:43:16', FALSE);
INSERT INTO EventRoster (ID, Event, Member, DateRegistered, Waitlisted) VALUES (788, 134, 118, '2025-07-16 21:10:58', FALSE);
INSERT INTO EventRoster (ID, Event, Member, DateRegistered, Waitlisted) VALUES (789, 134, 198, '2025-07-23 19:45:20', FALSE);
INSERT INTO EventRoster (ID, Event, Member, DateRegistered, Waitlisted) VALUES (790, 134, 107, '2025-07-11 01:47:38', FALSE);
INSERT INTO EventRoster (ID, Event, Member, DateRegistered, Waitlisted) VALUES (791, 134, 134, '2025-07-18 23:50:10', FALSE);
INSERT INTO EventRoster (ID, Event, Member, DateRegistered, Waitlisted) VALUES (792, 134, 173, '2025-08-05 20:18:52', FALSE);
INSERT INTO EventRoster (ID, Event, Member, DateRegistered, Waitlisted) VALUES (793, 134, 126, '2025-07-26 21:08:55', FALSE);
INSERT INTO EventRoster (ID, Event, Member, DateRegistered, Waitlisted) VALUES (794, 134, 115, '2025-07-24 15:22:43', FALSE);
INSERT INTO EventRoster (ID, Event, Member, DateRegistered, Waitlisted) VALUES (795, 134, 188, '2025-08-01 05:30:51', FALSE);
INSERT INTO EventRoster (ID, Event, Member, DateRegistered, Waitlisted) VALUES (796, 134, 106, '2025-07-16 22:06:13', FALSE);
INSERT INTO EventRoster (ID, Event, Member, DateRegistered, Waitlisted) VALUES (797, 134, 160, '2025-07-16 14:49:12', FALSE);
INSERT INTO EventRoster (ID, Event, Member, DateRegistered, Waitlisted) VALUES (798, 135, 190, '2025-07-17 04:49:14', FALSE);
INSERT INTO EventRoster (ID, Event, Member, DateRegistered, Waitlisted) VALUES (799, 135, 150, '2025-08-05 05:24:53', FALSE);
INSERT INTO EventRoster (ID, Event, Member, DateRegistered, Waitlisted) VALUES (800, 135, 162, '2025-08-01 22:33:31', FALSE);
INSERT INTO EventRoster (ID, Event, Member, DateRegistered, Waitlisted) VALUES (801, 135, 189, '2025-07-18 11:35:20', FALSE);
INSERT INTO EventRoster (ID, Event, Member, DateRegistered, Waitlisted) VALUES (802, 135, 178, '2025-07-15 11:12:59', FALSE);
INSERT INTO EventRoster (ID, Event, Member, DateRegistered, Waitlisted) VALUES (803, 135, 154, '2025-07-09 19:40:28', FALSE);
INSERT INTO EventRoster (ID, Event, Member, DateRegistered, Waitlisted) VALUES (804, 135, 136, '2025-08-01 17:19:28', FALSE);
INSERT INTO EventRoster (ID, Event, Member, DateRegistered, Waitlisted) VALUES (805, 135, 160, '2025-07-14 00:02:59', FALSE);
INSERT INTO EventRoster (ID, Event, Member, DateRegistered, Waitlisted) VALUES (806, 135, 157, '2025-08-01 07:43:35', FALSE);
INSERT INTO EventRoster (ID, Event, Member, DateRegistered, Waitlisted) VALUES (807, 135, 177, '2025-08-06 22:51:27', FALSE);
INSERT INTO EventRoster (ID, Event, Member, DateRegistered, Waitlisted) VALUES (808, 135, 182, '2025-07-10 00:16:22', FALSE);
INSERT INTO EventRoster (ID, Event, Member, DateRegistered, Waitlisted) VALUES (809, 135, 181, '2025-08-06 06:02:10', TRUE);
INSERT INTO EventRoster (ID, Event, Member, DateRegistered, Waitlisted) VALUES (810, 135, 156, '2025-07-15 04:05:32', FALSE);
INSERT INTO EventRoster (ID, Event, Member, DateRegistered, Waitlisted) VALUES (811, 135, 155, '2025-07-23 23:37:49', FALSE);
INSERT INTO EventRoster (ID, Event, Member, DateRegistered, Waitlisted) VALUES (812, 135, 132, '2025-07-27 18:51:14', FALSE);
INSERT INTO EventRoster (ID, Event, Member, DateRegistered, Waitlisted) VALUES (813, 135, 172, '2025-07-21 14:04:42', FALSE);
INSERT INTO EventRoster (ID, Event, Member, DateRegistered, Waitlisted) VALUES (814, 136, 164, '2025-07-29 09:16:18', FALSE);
INSERT INTO EventRoster (ID, Event, Member, DateRegistered, Waitlisted) VALUES (815, 136, 142, '2025-07-13 02:30:48', FALSE);
INSERT INTO EventRoster (ID, Event, Member, DateRegistered, Waitlisted) VALUES (816, 136, 114, '2025-08-03 13:56:01', FALSE);
INSERT INTO EventRoster (ID, Event, Member, DateRegistered, Waitlisted) VALUES (817, 136, 160, '2025-07-08 19:55:59', FALSE);
INSERT INTO EventRoster (ID, Event, Member, DateRegistered, Waitlisted) VALUES (818, 136, 133, '2025-07-08 22:07:53', FALSE);
INSERT INTO EventRoster (ID, Event, Member, DateRegistered, Waitlisted) VALUES (819, 136, 149, '2025-07-10 12:22:16', TRUE);
INSERT INTO EventRoster (ID, Event, Member, DateRegistered, Waitlisted) VALUES (820, 136, 150, '2025-07-31 00:36:57', FALSE);
INSERT INTO EventRoster (ID, Event, Member, DateRegistered, Waitlisted) VALUES (821, 136, 172, '2025-07-10 23:19:13', FALSE);
INSERT INTO EventRoster (ID, Event, Member, DateRegistered, Waitlisted) VALUES (822, 136, 174, '2025-07-25 23:45:14', TRUE);
INSERT INTO EventRoster (ID, Event, Member, DateRegistered, Waitlisted) VALUES (823, 136, 177, '2025-07-12 11:59:48', FALSE);
INSERT INTO EventRoster (ID, Event, Member, DateRegistered, Waitlisted) VALUES (824, 136, 136, '2025-08-06 03:00:51', FALSE);
INSERT INTO EventRoster (ID, Event, Member, DateRegistered, Waitlisted) VALUES (825, 136, 116, '2025-07-21 10:55:57', FALSE);
INSERT INTO EventRoster (ID, Event, Member, DateRegistered, Waitlisted) VALUES (826, 136, 185, '2025-07-11 08:06:31', FALSE);
INSERT INTO EventRoster (ID, Event, Member, DateRegistered, Waitlisted) VALUES (827, 136, 146, '2025-07-29 23:02:06', FALSE);
INSERT INTO EventRoster (ID, Event, Member, DateRegistered, Waitlisted) VALUES (828, 137, 169, '2025-07-13 21:08:54', FALSE);
INSERT INTO EventRoster (ID, Event, Member, DateRegistered, Waitlisted) VALUES (829, 137, 193, '2025-07-20 18:03:09', FALSE);
INSERT INTO EventRoster (ID, Event, Member, DateRegistered, Waitlisted) VALUES (830, 137, 131, '2025-07-26 11:57:50', FALSE);
INSERT INTO EventRoster (ID, Event, Member, DateRegistered, Waitlisted) VALUES (831, 137, 118, '2025-08-02 22:17:38', FALSE);
INSERT INTO EventRoster (ID, Event, Member, DateRegistered, Waitlisted) VALUES (832, 137, 134, '2025-07-30 19:39:33', FALSE);
INSERT INTO EventRoster (ID, Event, Member, DateRegistered, Waitlisted) VALUES (833, 137, 190, '2025-08-01 13:52:23', FALSE);
INSERT INTO EventRoster (ID, Event, Member, DateRegistered, Waitlisted) VALUES (834, 137, 143, '2025-07-23 22:59:43', FALSE);
INSERT INTO EventRoster (ID, Event, Member, DateRegistered, Waitlisted) VALUES (835, 137, 125, '2025-07-21 19:53:26', FALSE);
INSERT INTO EventRoster (ID, Event, Member, DateRegistered, Waitlisted) VALUES (836, 137, 168, '2025-07-18 06:43:02', FALSE);
INSERT INTO EventRoster (ID, Event, Member, DateRegistered, Waitlisted) VALUES (837, 137, 121, '2025-07-13 08:55:05', FALSE);
INSERT INTO EventRoster (ID, Event, Member, DateRegistered, Waitlisted) VALUES (838, 137, 132, '2025-07-18 10:54:10', FALSE);
INSERT INTO EventRoster (ID, Event, Member, DateRegistered, Waitlisted) VALUES (839, 137, 127, '2025-08-07 03:53:37', FALSE);
INSERT INTO EventRoster (ID, Event, Member, DateRegistered, Waitlisted) VALUES (840, 137, 123, '2025-07-25 20:10:18', FALSE);
INSERT INTO EventRoster (ID, Event, Member, DateRegistered, Waitlisted) VALUES (841, 138, 101, '2025-07-18 09:02:43', FALSE);
INSERT INTO EventRoster (ID, Event, Member, DateRegistered, Waitlisted) VALUES (842, 138, 152, '2025-07-21 05:02:29', FALSE);
INSERT INTO EventRoster (ID, Event, Member, DateRegistered, Waitlisted) VALUES (843, 138, 183, '2025-07-14 08:36:38', FALSE);
INSERT INTO EventRoster (ID, Event, Member, DateRegistered, Waitlisted) VALUES (844, 138, 163, '2025-07-21 17:45:01', FALSE);
INSERT INTO EventRoster (ID, Event, Member, DateRegistered, Waitlisted) VALUES (845, 138, 169, '2025-07-13 12:20:45', FALSE);
INSERT INTO EventRoster (ID, Event, Member, DateRegistered, Waitlisted) VALUES (846, 138, 160, '2025-07-20 23:46:53', FALSE);
INSERT INTO EventRoster (ID, Event, Member, DateRegistered, Waitlisted) VALUES (847, 138, 196, '2025-07-11 18:48:29', FALSE);
INSERT INTO EventRoster (ID, Event, Member, DateRegistered, Waitlisted) VALUES (848, 138, 159, '2025-07-19 08:20:16', FALSE);
INSERT INTO EventRoster (ID, Event, Member, DateRegistered, Waitlisted) VALUES (849, 138, 154, '2025-07-24 00:33:17', FALSE);
INSERT INTO EventRoster (ID, Event, Member, DateRegistered, Waitlisted) VALUES (850, 138, 114, '2025-07-24 18:42:53', FALSE);
INSERT INTO EventRoster (ID, Event, Member, DateRegistered, Waitlisted) VALUES (851, 138, 157, '2025-07-15 23:09:57', FALSE);
INSERT INTO EventRoster (ID, Event, Member, DateRegistered, Waitlisted) VALUES (852, 138, 180, '2025-07-19 05:47:57', FALSE);
INSERT INTO EventRoster (ID, Event, Member, DateRegistered, Waitlisted) VALUES (853, 138, 176, '2025-07-08 21:19:59', TRUE);
INSERT INTO EventRoster (ID, Event, Member, DateRegistered, Waitlisted) VALUES (854, 138, 137, '2025-07-21 15:33:52', FALSE);
INSERT INTO EventRoster (ID, Event, Member, DateRegistered, Waitlisted) VALUES (855, 138, 123, '2025-07-15 13:19:25', FALSE);
INSERT INTO EventRoster (ID, Event, Member, DateRegistered, Waitlisted) VALUES (856, 138, 128, '2025-07-25 14:57:33', FALSE);
INSERT INTO EventRoster (ID, Event, Member, DateRegistered, Waitlisted) VALUES (857, 138, 181, '2025-07-13 08:44:04', FALSE);
INSERT INTO EventRoster (ID, Event, Member, DateRegistered, Waitlisted) VALUES (858, 138, 135, '2025-08-01 18:42:46', FALSE);
INSERT INTO EventRoster (ID, Event, Member, DateRegistered, Waitlisted) VALUES (859, 138, 194, '2025-08-06 17:06:03', FALSE);
INSERT INTO EventRoster (ID, Event, Member, DateRegistered, Waitlisted) VALUES (860, 138, 143, '2025-07-14 14:29:00', FALSE);
INSERT INTO EventRoster (ID, Event, Member, DateRegistered, Waitlisted) VALUES (861, 138, 147, '2025-08-04 23:17:30', FALSE);
INSERT INTO EventRoster (ID, Event, Member, DateRegistered, Waitlisted) VALUES (862, 138, 173, '2025-07-29 03:16:00', TRUE);
INSERT INTO EventRoster (ID, Event, Member, DateRegistered, Waitlisted) VALUES (863, 138, 140, '2025-08-02 16:37:03', FALSE);
INSERT INTO EventRoster (ID, Event, Member, DateRegistered, Waitlisted) VALUES (864, 138, 153, '2025-08-07 03:16:09', FALSE);
INSERT INTO EventRoster (ID, Event, Member, DateRegistered, Waitlisted) VALUES (865, 139, 159, '2025-07-27 15:57:41', TRUE);
INSERT INTO EventRoster (ID, Event, Member, DateRegistered, Waitlisted) VALUES (866, 139, 149, '2025-08-06 07:19:57', FALSE);
INSERT INTO EventRoster (ID, Event, Member, DateRegistered, Waitlisted) VALUES (867, 139, 124, '2025-07-12 09:58:57', FALSE);
INSERT INTO EventRoster (ID, Event, Member, DateRegistered, Waitlisted) VALUES (868, 139, 179, '2025-07-27 11:04:01', FALSE);
INSERT INTO EventRoster (ID, Event, Member, DateRegistered, Waitlisted) VALUES (869, 139, 164, '2025-07-26 11:12:37', FALSE);
INSERT INTO EventRoster (ID, Event, Member, DateRegistered, Waitlisted) VALUES (870, 139, 171, '2025-07-09 19:01:36', FALSE);
INSERT INTO EventRoster (ID, Event, Member, DateRegistered, Waitlisted) VALUES (871, 139, 158, '2025-07-23 13:04:48', TRUE);
INSERT INTO EventRoster (ID, Event, Member, DateRegistered, Waitlisted) VALUES (872, 139, 141, '2025-07-19 15:52:33', FALSE);
INSERT INTO EventRoster (ID, Event, Member, DateRegistered, Waitlisted) VALUES (873, 139, 152, '2025-07-09 03:02:31', FALSE);
INSERT INTO EventRoster (ID, Event, Member, DateRegistered, Waitlisted) VALUES (874, 139, 106, '2025-07-24 17:53:54', FALSE);
INSERT INTO EventRoster (ID, Event, Member, DateRegistered, Waitlisted) VALUES (875, 139, 187, '2025-07-26 12:16:13', FALSE);
INSERT INTO EventRoster (ID, Event, Member, DateRegistered, Waitlisted) VALUES (876, 139, 161, '2025-07-29 03:17:24', TRUE);
INSERT INTO EventRoster (ID, Event, Member, DateRegistered, Waitlisted) VALUES (877, 139, 113, '2025-07-31 00:23:57', FALSE);
INSERT INTO EventRoster (ID, Event, Member, DateRegistered, Waitlisted) VALUES (878, 139, 127, '2025-07-23 11:45:54', FALSE);
INSERT INTO EventRoster (ID, Event, Member, DateRegistered, Waitlisted) VALUES (879, 139, 190, '2025-07-29 09:36:44', FALSE);
INSERT INTO EventRoster (ID, Event, Member, DateRegistered, Waitlisted) VALUES (880, 139, 118, '2025-08-06 22:23:31', FALSE);
INSERT INTO EventRoster (ID, Event, Member, DateRegistered, Waitlisted) VALUES (881, 139, 194, '2025-07-18 19:52:54', FALSE);
INSERT INTO EventRoster (ID, Event, Member, DateRegistered, Waitlisted) VALUES (882, 139, 170, '2025-07-09 04:41:03', FALSE);
INSERT INTO EventRoster (ID, Event, Member, DateRegistered, Waitlisted) VALUES (883, 139, 114, '2025-07-21 05:15:48', FALSE);
INSERT INTO EventRoster (ID, Event, Member, DateRegistered, Waitlisted) VALUES (884, 140, 114, '2025-07-23 19:02:22', FALSE);
INSERT INTO EventRoster (ID, Event, Member, DateRegistered, Waitlisted) VALUES (885, 140, 160, '2025-07-20 17:36:18', FALSE);
INSERT INTO EventRoster (ID, Event, Member, DateRegistered, Waitlisted) VALUES (886, 140, 106, '2025-08-07 03:40:58', FALSE);
INSERT INTO EventRoster (ID, Event, Member, DateRegistered, Waitlisted) VALUES (887, 140, 129, '2025-07-31 07:53:29', TRUE);
INSERT INTO EventRoster (ID, Event, Member, DateRegistered, Waitlisted) VALUES (888, 140, 119, '2025-07-19 07:42:49', FALSE);
INSERT INTO EventRoster (ID, Event, Member, DateRegistered, Waitlisted) VALUES (889, 140, 105, '2025-07-09 10:08:21', FALSE);
INSERT INTO EventRoster (ID, Event, Member, DateRegistered, Waitlisted) VALUES (890, 140, 156, '2025-08-03 22:52:43', FALSE);
INSERT INTO EventRoster (ID, Event, Member, DateRegistered, Waitlisted) VALUES (891, 140, 112, '2025-08-02 02:51:23', FALSE);
INSERT INTO EventRoster (ID, Event, Member, DateRegistered, Waitlisted) VALUES (892, 140, 193, '2025-07-19 05:39:44', FALSE);
INSERT INTO EventRoster (ID, Event, Member, DateRegistered, Waitlisted) VALUES (893, 140, 102, '2025-07-13 15:10:26', FALSE);
INSERT INTO EventRoster (ID, Event, Member, DateRegistered, Waitlisted) VALUES (894, 140, 157, '2025-07-23 16:38:47', FALSE);
INSERT INTO EventRoster (ID, Event, Member, DateRegistered, Waitlisted) VALUES (895, 140, 154, '2025-07-16 05:35:27', FALSE);
INSERT INTO EventRoster (ID, Event, Member, DateRegistered, Waitlisted) VALUES (896, 141, 126, '2025-07-19 01:00:45', FALSE);
INSERT INTO EventRoster (ID, Event, Member, DateRegistered, Waitlisted) VALUES (897, 141, 155, '2025-08-06 09:39:47', FALSE);
INSERT INTO EventRoster (ID, Event, Member, DateRegistered, Waitlisted) VALUES (898, 141, 131, '2025-08-02 04:39:45', FALSE);
INSERT INTO EventRoster (ID, Event, Member, DateRegistered, Waitlisted) VALUES (899, 141, 178, '2025-07-09 00:50:28', FALSE);
INSERT INTO EventRoster (ID, Event, Member, DateRegistered, Waitlisted) VALUES (900, 141, 147, '2025-07-19 02:16:04', FALSE);
INSERT INTO EventRoster (ID, Event, Member, DateRegistered, Waitlisted) VALUES (901, 141, 194, '2025-08-03 09:17:39', FALSE);
INSERT INTO EventRoster (ID, Event, Member, DateRegistered, Waitlisted) VALUES (902, 141, 136, '2025-08-06 02:32:16', FALSE);
INSERT INTO EventRoster (ID, Event, Member, DateRegistered, Waitlisted) VALUES (903, 141, 177, '2025-07-28 19:02:25', FALSE);
INSERT INTO EventRoster (ID, Event, Member, DateRegistered, Waitlisted) VALUES (904, 141, 116, '2025-07-23 18:30:33', TRUE);
INSERT INTO EventRoster (ID, Event, Member, DateRegistered, Waitlisted) VALUES (905, 141, 103, '2025-07-14 05:45:21', FALSE);
INSERT INTO EventRoster (ID, Event, Member, DateRegistered, Waitlisted) VALUES (906, 141, 148, '2025-08-05 10:41:25', FALSE);
INSERT INTO EventRoster (ID, Event, Member, DateRegistered, Waitlisted) VALUES (907, 141, 166, '2025-07-21 04:43:24', FALSE);
INSERT INTO EventRoster (ID, Event, Member, DateRegistered, Waitlisted) VALUES (908, 141, 160, '2025-07-24 05:36:18', FALSE);
INSERT INTO EventRoster (ID, Event, Member, DateRegistered, Waitlisted) VALUES (909, 141, 144, '2025-07-20 12:07:13', FALSE);
INSERT INTO EventRoster (ID, Event, Member, DateRegistered, Waitlisted) VALUES (910, 141, 125, '2025-08-06 03:15:37', FALSE);
INSERT INTO EventRoster (ID, Event, Member, DateRegistered, Waitlisted) VALUES (911, 141, 174, '2025-07-25 17:30:33', FALSE);
INSERT INTO EventRoster (ID, Event, Member, DateRegistered, Waitlisted) VALUES (912, 141, 167, '2025-07-30 10:37:48', FALSE);
INSERT INTO EventRoster (ID, Event, Member, DateRegistered, Waitlisted) VALUES (913, 141, 182, '2025-07-18 00:11:22', FALSE);
INSERT INTO EventRoster (ID, Event, Member, DateRegistered, Waitlisted) VALUES (914, 141, 118, '2025-08-04 00:58:43', FALSE);
INSERT INTO EventRoster (ID, Event, Member, DateRegistered, Waitlisted) VALUES (915, 141, 122, '2025-07-11 17:05:59', FALSE);
INSERT INTO EventRoster (ID, Event, Member, DateRegistered, Waitlisted) VALUES (916, 141, 143, '2025-07-27 08:54:58', FALSE);
INSERT INTO EventRoster (ID, Event, Member, DateRegistered, Waitlisted) VALUES (917, 142, 103, '2025-07-20 10:58:08', FALSE);
INSERT INTO EventRoster (ID, Event, Member, DateRegistered, Waitlisted) VALUES (918, 142, 127, '2025-07-13 14:49:34', FALSE);
INSERT INTO EventRoster (ID, Event, Member, DateRegistered, Waitlisted) VALUES (919, 142, 142, '2025-07-25 10:33:18', FALSE);
INSERT INTO EventRoster (ID, Event, Member, DateRegistered, Waitlisted) VALUES (920, 142, 108, '2025-08-01 20:02:53', FALSE);
INSERT INTO EventRoster (ID, Event, Member, DateRegistered, Waitlisted) VALUES (921, 142, 173, '2025-07-14 00:18:06', TRUE);
INSERT INTO EventRoster (ID, Event, Member, DateRegistered, Waitlisted) VALUES (922, 142, 164, '2025-07-17 16:52:11', FALSE);
INSERT INTO EventRoster (ID, Event, Member, DateRegistered, Waitlisted) VALUES (923, 142, 114, '2025-07-14 16:01:54', FALSE);
INSERT INTO EventRoster (ID, Event, Member, DateRegistered, Waitlisted) VALUES (924, 142, 181, '2025-08-07 12:58:37', FALSE);
INSERT INTO EventRoster (ID, Event, Member, DateRegistered, Waitlisted) VALUES (925, 142, 185, '2025-07-23 16:41:15', FALSE);
INSERT INTO EventRoster (ID, Event, Member, DateRegistered, Waitlisted) VALUES (926, 142, 175, '2025-07-10 15:54:12', FALSE);
INSERT INTO EventRoster (ID, Event, Member, DateRegistered, Waitlisted) VALUES (927, 142, 193, '2025-07-18 17:48:47', FALSE);
INSERT INTO EventRoster (ID, Event, Member, DateRegistered, Waitlisted) VALUES (928, 142, 172, '2025-07-24 16:18:34', FALSE);
INSERT INTO EventRoster (ID, Event, Member, DateRegistered, Waitlisted) VALUES (929, 142, 169, '2025-07-29 00:21:07', FALSE);
INSERT INTO EventRoster (ID, Event, Member, DateRegistered, Waitlisted) VALUES (930, 142, 158, '2025-08-07 13:43:12', FALSE);
INSERT INTO EventRoster (ID, Event, Member, DateRegistered, Waitlisted) VALUES (931, 142, 112, '2025-07-09 05:11:06', TRUE);
INSERT INTO EventRoster (ID, Event, Member, DateRegistered, Waitlisted) VALUES (932, 143, 110, '2025-07-31 08:54:36', FALSE);
INSERT INTO EventRoster (ID, Event, Member, DateRegistered, Waitlisted) VALUES (933, 143, 101, '2025-07-22 04:11:15', FALSE);
INSERT INTO EventRoster (ID, Event, Member, DateRegistered, Waitlisted) VALUES (934, 143, 166, '2025-08-04 15:38:43', FALSE);
INSERT INTO EventRoster (ID, Event, Member, DateRegistered, Waitlisted) VALUES (935, 143, 147, '2025-07-22 09:57:02', FALSE);
INSERT INTO EventRoster (ID, Event, Member, DateRegistered, Waitlisted) VALUES (936, 143, 184, '2025-07-28 18:09:31', FALSE);
INSERT INTO EventRoster (ID, Event, Member, DateRegistered, Waitlisted) VALUES (937, 143, 190, '2025-07-24 12:39:26', FALSE);
INSERT INTO EventRoster (ID, Event, Member, DateRegistered, Waitlisted) VALUES (938, 143, 198, '2025-08-03 03:59:29', FALSE);
INSERT INTO EventRoster (ID, Event, Member, DateRegistered, Waitlisted) VALUES (939, 143, 179, '2025-07-18 14:35:51', FALSE);
INSERT INTO EventRoster (ID, Event, Member, DateRegistered, Waitlisted) VALUES (940, 143, 100, '2025-07-26 19:22:59', FALSE);
INSERT INTO EventRoster (ID, Event, Member, DateRegistered, Waitlisted) VALUES (941, 143, 117, '2025-07-30 03:34:06', FALSE);
INSERT INTO EventRoster (ID, Event, Member, DateRegistered, Waitlisted) VALUES (942, 143, 158, '2025-07-25 14:58:15', TRUE);
INSERT INTO EventRoster (ID, Event, Member, DateRegistered, Waitlisted) VALUES (943, 143, 161, '2025-07-12 05:46:11', FALSE);
INSERT INTO EventRoster (ID, Event, Member, DateRegistered, Waitlisted) VALUES (944, 143, 185, '2025-07-31 04:36:30', FALSE);
INSERT INTO EventRoster (ID, Event, Member, DateRegistered, Waitlisted) VALUES (945, 144, 119, '2025-07-10 17:33:19', FALSE);
INSERT INTO EventRoster (ID, Event, Member, DateRegistered, Waitlisted) VALUES (946, 144, 124, '2025-07-21 21:32:29', FALSE);
INSERT INTO EventRoster (ID, Event, Member, DateRegistered, Waitlisted) VALUES (947, 144, 138, '2025-07-27 09:32:32', FALSE);
INSERT INTO EventRoster (ID, Event, Member, DateRegistered, Waitlisted) VALUES (948, 144, 118, '2025-07-28 09:23:44', FALSE);
INSERT INTO EventRoster (ID, Event, Member, DateRegistered, Waitlisted) VALUES (949, 144, 108, '2025-08-03 10:18:11', TRUE);
INSERT INTO EventRoster (ID, Event, Member, DateRegistered, Waitlisted) VALUES (950, 144, 160, '2025-07-31 08:31:30', FALSE);
INSERT INTO EventRoster (ID, Event, Member, DateRegistered, Waitlisted) VALUES (951, 144, 150, '2025-08-06 01:48:30', FALSE);
INSERT INTO EventRoster (ID, Event, Member, DateRegistered, Waitlisted) VALUES (952, 144, 154, '2025-08-03 02:23:06', FALSE);
INSERT INTO EventRoster (ID, Event, Member, DateRegistered, Waitlisted) VALUES (953, 144, 175, '2025-07-15 14:33:42', FALSE);
INSERT INTO EventRoster (ID, Event, Member, DateRegistered, Waitlisted) VALUES (954, 144, 149, '2025-08-02 07:55:39', FALSE);
INSERT INTO EventRoster (ID, Event, Member, DateRegistered, Waitlisted) VALUES (955, 144, 121, '2025-07-28 01:23:19', TRUE);
INSERT INTO EventRoster (ID, Event, Member, DateRegistered, Waitlisted) VALUES (956, 144, 109, '2025-08-07 08:45:46', FALSE);
INSERT INTO EventRoster (ID, Event, Member, DateRegistered, Waitlisted) VALUES (957, 144, 143, '2025-07-16 06:24:07', FALSE);
INSERT INTO EventRoster (ID, Event, Member, DateRegistered, Waitlisted) VALUES (958, 144, 187, '2025-07-16 02:06:39', FALSE);
INSERT INTO EventRoster (ID, Event, Member, DateRegistered, Waitlisted) VALUES (959, 144, 193, '2025-07-22 01:51:54', FALSE);
INSERT INTO EventRoster (ID, Event, Member, DateRegistered, Waitlisted) VALUES (960, 144, 147, '2025-08-03 10:00:40', FALSE);
INSERT INTO EventRoster (ID, Event, Member, DateRegistered, Waitlisted) VALUES (961, 144, 141, '2025-08-07 06:08:36', FALSE);
INSERT INTO EventRoster (ID, Event, Member, DateRegistered, Waitlisted) VALUES (962, 144, 165, '2025-07-18 23:13:10', FALSE);
INSERT INTO EventRoster (ID, Event, Member, DateRegistered, Waitlisted) VALUES (963, 145, 130, '2025-07-31 07:55:24', FALSE);
INSERT INTO EventRoster (ID, Event, Member, DateRegistered, Waitlisted) VALUES (964, 145, 124, '2025-07-24 13:50:48', FALSE);
INSERT INTO EventRoster (ID, Event, Member, DateRegistered, Waitlisted) VALUES (965, 145, 195, '2025-07-10 04:42:00', FALSE);
INSERT INTO EventRoster (ID, Event, Member, DateRegistered, Waitlisted) VALUES (966, 145, 146, '2025-07-09 16:54:43', FALSE);
INSERT INTO EventRoster (ID, Event, Member, DateRegistered, Waitlisted) VALUES (967, 145, 106, '2025-07-20 16:12:46', FALSE);
INSERT INTO EventRoster (ID, Event, Member, DateRegistered, Waitlisted) VALUES (968, 145, 133, '2025-07-28 02:10:37', FALSE);
INSERT INTO EventRoster (ID, Event, Member, DateRegistered, Waitlisted) VALUES (969, 145, 170, '2025-07-30 20:46:11', FALSE);
INSERT INTO EventRoster (ID, Event, Member, DateRegistered, Waitlisted) VALUES (970, 145, 123, '2025-07-28 10:28:11', FALSE);
INSERT INTO EventRoster (ID, Event, Member, DateRegistered, Waitlisted) VALUES (971, 145, 164, '2025-07-13 22:52:20', FALSE);
INSERT INTO EventRoster (ID, Event, Member, DateRegistered, Waitlisted) VALUES (972, 145, 196, '2025-08-05 15:26:02', FALSE);
INSERT INTO EventRoster (ID, Event, Member, DateRegistered, Waitlisted) VALUES (973, 145, 140, '2025-08-01 01:19:35', TRUE);
INSERT INTO EventRoster (ID, Event, Member, DateRegistered, Waitlisted) VALUES (974, 145, 186, '2025-07-25 15:46:25', FALSE);
INSERT INTO EventRoster (ID, Event, Member, DateRegistered, Waitlisted) VALUES (975, 145, 129, '2025-08-05 17:32:59', FALSE);
INSERT INTO EventRoster (ID, Event, Member, DateRegistered, Waitlisted) VALUES (976, 145, 165, '2025-08-01 03:25:42', FALSE);
INSERT INTO EventRoster (ID, Event, Member, DateRegistered, Waitlisted) VALUES (977, 145, 194, '2025-08-01 05:32:46', FALSE);
INSERT INTO EventRoster (ID, Event, Member, DateRegistered, Waitlisted) VALUES (978, 146, 179, '2025-07-13 23:09:52', TRUE);
INSERT INTO EventRoster (ID, Event, Member, DateRegistered, Waitlisted) VALUES (979, 146, 106, '2025-07-14 06:33:36', FALSE);
INSERT INTO EventRoster (ID, Event, Member, DateRegistered, Waitlisted) VALUES (980, 146, 188, '2025-07-08 21:44:18', TRUE);
INSERT INTO EventRoster (ID, Event, Member, DateRegistered, Waitlisted) VALUES (981, 146, 192, '2025-07-23 05:05:07', FALSE);
INSERT INTO EventRoster (ID, Event, Member, DateRegistered, Waitlisted) VALUES (982, 146, 130, '2025-07-30 13:37:51', FALSE);
INSERT INTO EventRoster (ID, Event, Member, DateRegistered, Waitlisted) VALUES (983, 146, 109, '2025-08-05 01:23:19', FALSE);
INSERT INTO EventRoster (ID, Event, Member, DateRegistered, Waitlisted) VALUES (984, 146, 110, '2025-07-24 20:13:21', TRUE);
INSERT INTO EventRoster (ID, Event, Member, DateRegistered, Waitlisted) VALUES (985, 146, 185, '2025-07-30 04:34:26', FALSE);
INSERT INTO EventRoster (ID, Event, Member, DateRegistered, Waitlisted) VALUES (986, 146, 125, '2025-07-13 09:25:50', TRUE);
INSERT INTO EventRoster (ID, Event, Member, DateRegistered, Waitlisted) VALUES (987, 146, 172, '2025-07-21 11:22:07', FALSE);
INSERT INTO EventRoster (ID, Event, Member, DateRegistered, Waitlisted) VALUES (988, 146, 121, '2025-07-10 23:03:56', FALSE);
INSERT INTO EventRoster (ID, Event, Member, DateRegistered, Waitlisted) VALUES (989, 146, 182, '2025-07-30 16:21:38', FALSE);
INSERT INTO EventRoster (ID, Event, Member, DateRegistered, Waitlisted) VALUES (990, 146, 159, '2025-08-05 15:43:42', FALSE);
INSERT INTO EventRoster (ID, Event, Member, DateRegistered, Waitlisted) VALUES (991, 146, 150, '2025-08-06 13:10:55', FALSE);
INSERT INTO EventRoster (ID, Event, Member, DateRegistered, Waitlisted) VALUES (992, 147, 162, '2025-07-25 23:55:51', TRUE);
INSERT INTO EventRoster (ID, Event, Member, DateRegistered, Waitlisted) VALUES (993, 147, 152, '2025-08-05 06:59:58', FALSE);
INSERT INTO EventRoster (ID, Event, Member, DateRegistered, Waitlisted) VALUES (994, 147, 186, '2025-07-09 19:29:50', FALSE);
INSERT INTO EventRoster (ID, Event, Member, DateRegistered, Waitlisted) VALUES (995, 147, 164, '2025-07-27 14:37:09', FALSE);
INSERT INTO EventRoster (ID, Event, Member, DateRegistered, Waitlisted) VALUES (996, 147, 132, '2025-07-22 06:12:04', FALSE);
INSERT INTO EventRoster (ID, Event, Member, DateRegistered, Waitlisted) VALUES (997, 147, 130, '2025-07-23 12:12:24', FALSE);
INSERT INTO EventRoster (ID, Event, Member, DateRegistered, Waitlisted) VALUES (998, 147, 197, '2025-07-20 08:27:51', TRUE);
INSERT INTO EventRoster (ID, Event, Member, DateRegistered, Waitlisted) VALUES (999, 147, 115, '2025-08-03 07:54:10', TRUE);
INSERT INTO EventRoster (ID, Event, Member, DateRegistered, Waitlisted) VALUES (1000, 147, 111, '2025-07-27 08:52:53', FALSE);
INSERT INTO EventRoster (ID, Event, Member, DateRegistered, Waitlisted) VALUES (1001, 147, 151, '2025-07-22 23:28:00', FALSE);
INSERT INTO EventRoster (ID, Event, Member, DateRegistered, Waitlisted) VALUES (1002, 147, 113, '2025-08-02 18:12:11', FALSE);
INSERT INTO EventRoster (ID, Event, Member, DateRegistered, Waitlisted) VALUES (1003, 147, 159, '2025-08-06 12:38:34', FALSE);
INSERT INTO EventRoster (ID, Event, Member, DateRegistered, Waitlisted) VALUES (1004, 147, 184, '2025-08-03 07:46:40', FALSE);
INSERT INTO EventRoster (ID, Event, Member, DateRegistered, Waitlisted) VALUES (1005, 147, 149, '2025-07-13 00:12:58', FALSE);
INSERT INTO EventRoster (ID, Event, Member, DateRegistered, Waitlisted) VALUES (1006, 147, 140, '2025-07-26 15:49:42', FALSE);
INSERT INTO EventRoster (ID, Event, Member, DateRegistered, Waitlisted) VALUES (1007, 147, 104, '2025-07-26 01:11:27', FALSE);
INSERT INTO EventRoster (ID, Event, Member, DateRegistered, Waitlisted) VALUES (1008, 147, 142, '2025-07-22 15:22:39', FALSE);
INSERT INTO EventRoster (ID, Event, Member, DateRegistered, Waitlisted) VALUES (1009, 147, 195, '2025-07-18 23:17:20', FALSE);
INSERT INTO EventRoster (ID, Event, Member, DateRegistered, Waitlisted) VALUES (1010, 147, 124, '2025-07-12 21:49:26', FALSE);
INSERT INTO EventRoster (ID, Event, Member, DateRegistered, Waitlisted) VALUES (1011, 147, 183, '2025-07-23 00:45:41', FALSE);
INSERT INTO EventRoster (ID, Event, Member, DateRegistered, Waitlisted) VALUES (1012, 147, 176, '2025-07-31 15:19:31', FALSE);
INSERT INTO EventRoster (ID, Event, Member, DateRegistered, Waitlisted) VALUES (1013, 147, 116, '2025-07-24 18:12:00', FALSE);
INSERT INTO EventRoster (ID, Event, Member, DateRegistered, Waitlisted) VALUES (1014, 148, 174, '2025-07-23 08:16:49', FALSE);
INSERT INTO EventRoster (ID, Event, Member, DateRegistered, Waitlisted) VALUES (1015, 148, 184, '2025-07-14 21:23:11', TRUE);
INSERT INTO EventRoster (ID, Event, Member, DateRegistered, Waitlisted) VALUES (1016, 148, 103, '2025-07-14 21:53:49', FALSE);
INSERT INTO EventRoster (ID, Event, Member, DateRegistered, Waitlisted) VALUES (1017, 148, 192, '2025-08-05 16:06:45', FALSE);
INSERT INTO EventRoster (ID, Event, Member, DateRegistered, Waitlisted) VALUES (1018, 148, 173, '2025-07-12 22:55:15', FALSE);
INSERT INTO EventRoster (ID, Event, Member, DateRegistered, Waitlisted) VALUES (1019, 148, 135, '2025-07-25 06:10:24', TRUE);
INSERT INTO EventRoster (ID, Event, Member, DateRegistered, Waitlisted) VALUES (1020, 148, 149, '2025-07-30 22:08:33', FALSE);
INSERT INTO EventRoster (ID, Event, Member, DateRegistered, Waitlisted) VALUES (1021, 148, 189, '2025-07-28 20:25:46', FALSE);
INSERT INTO EventRoster (ID, Event, Member, DateRegistered, Waitlisted) VALUES (1022, 148, 180, '2025-07-22 03:00:37', FALSE);
INSERT INTO EventRoster (ID, Event, Member, DateRegistered, Waitlisted) VALUES (1023, 148, 117, '2025-07-20 13:03:12', FALSE);
INSERT INTO EventRoster (ID, Event, Member, DateRegistered, Waitlisted) VALUES (1024, 148, 121, '2025-07-25 11:12:52', FALSE);
INSERT INTO EventRoster (ID, Event, Member, DateRegistered, Waitlisted) VALUES (1025, 148, 136, '2025-07-24 05:41:59', FALSE);
INSERT INTO EventRoster (ID, Event, Member, DateRegistered, Waitlisted) VALUES (1026, 149, 115, '2025-07-13 08:06:15', FALSE);
INSERT INTO EventRoster (ID, Event, Member, DateRegistered, Waitlisted) VALUES (1027, 149, 136, '2025-07-12 08:33:24', FALSE);
INSERT INTO EventRoster (ID, Event, Member, DateRegistered, Waitlisted) VALUES (1028, 149, 156, '2025-07-25 15:20:55', FALSE);
INSERT INTO EventRoster (ID, Event, Member, DateRegistered, Waitlisted) VALUES (1029, 149, 106, '2025-07-10 23:38:16', FALSE);
INSERT INTO EventRoster (ID, Event, Member, DateRegistered, Waitlisted) VALUES (1030, 149, 193, '2025-07-22 06:55:12', FALSE);
INSERT INTO EventRoster (ID, Event, Member, DateRegistered, Waitlisted) VALUES (1031, 149, 148, '2025-08-01 01:08:48', FALSE);
INSERT INTO EventRoster (ID, Event, Member, DateRegistered, Waitlisted) VALUES (1032, 149, 110, '2025-07-20 11:03:43', FALSE);
INSERT INTO EventRoster (ID, Event, Member, DateRegistered, Waitlisted) VALUES (1033, 149, 125, '2025-07-20 19:02:50', FALSE);
INSERT INTO EventRoster (ID, Event, Member, DateRegistered, Waitlisted) VALUES (1034, 149, 154, '2025-07-08 18:36:19', FALSE);
INSERT INTO EventRoster (ID, Event, Member, DateRegistered, Waitlisted) VALUES (1035, 149, 133, '2025-07-21 23:56:29', FALSE);
INSERT INTO EventRoster (ID, Event, Member, DateRegistered, Waitlisted) VALUES (1036, 149, 188, '2025-07-28 12:21:22', FALSE);
INSERT INTO EventRoster (ID, Event, Member, DateRegistered, Waitlisted) VALUES (1037, 149, 163, '2025-07-26 20:16:49', FALSE);
INSERT INTO EventRoster (ID, Event, Member, DateRegistered, Waitlisted) VALUES (1038, 149, 146, '2025-08-02 15:51:41', FALSE);
INSERT INTO EventRoster (ID, Event, Member, DateRegistered, Waitlisted) VALUES (1039, 149, 107, '2025-08-05 08:10:33', FALSE);
INSERT INTO EventRoster (ID, Event, Member, DateRegistered, Waitlisted) VALUES (1040, 149, 124, '2025-08-04 22:01:01', FALSE);
INSERT INTO EventRoster (ID, Event, Member, DateRegistered, Waitlisted) VALUES (1041, 149, 196, '2025-08-07 14:46:17', TRUE);
INSERT INTO EventRoster (ID, Event, Member, DateRegistered, Waitlisted) VALUES (1042, 149, 131, '2025-08-02 02:29:51', FALSE);
INSERT INTO EventRoster (ID, Event, Member, DateRegistered, Waitlisted) VALUES (1043, 149, 121, '2025-07-23 20:35:09', FALSE);

-- 💬 FEEDBACK
INSERT INTO Feedback (ID, Member, Rating, Description, Anonymous) VALUES (100, 118, 4, 'Perfect difficulty level for beginners.', FALSE);
INSERT INTO Feedback (ID, Member, Rating, Description, Anonymous) VALUES (101, 100, 4, 'Wonderful social event. Met lots of new people.', FALSE);
INSERT INTO Feedback (ID, Member, Rating, Description, Anonymous) VALUES (102, 198, 5, 'Well organized event. Trip leaders were knowledgeable.', FALSE);
INSERT INTO Feedback (ID, Member, Rating, Description, Anonymous) VALUES (103, 160, 5, 'Wonderful social event. Met lots of new people.', TRUE);
INSERT INTO Feedback (ID, Member, Rating, Description, Anonymous) VALUES (104, 163, 5, 'Well organized event. Trip leaders were knowledgeable.', TRUE);
INSERT INTO Feedback (ID, Member, Rating, Description, Anonymous) VALUES (105, 165, 3, 'Wonderful social event. Met lots of new people.', FALSE);
INSERT INTO Feedback (ID, Member, Rating, Description, Anonymous) VALUES (106, 100, 5, 'Excellent trip! Great weather and company.', FALSE);
INSERT INTO Feedback (ID, Member, Rating, Description, Anonymous) VALUES (107, 129, 2, 'Good introduction to the activity. Learned a lot.', FALSE);
INSERT INTO Feedback (ID, Member, Rating, Description, Anonymous) VALUES (108, 143, 5, 'Well organized event. Trip leaders were knowledgeable.', TRUE);
INSERT INTO Feedback (ID, Member, Rating, Description, Anonymous) VALUES (109, 139, 5, 'Meeting location was easy to find.', FALSE);
INSERT INTO Feedback (ID, Member, Rating, Description, Anonymous) VALUES (110, 107, 3, 'Excellent trip! Great weather and company.', TRUE);
INSERT INTO Feedback (ID, Member, Rating, Description, Anonymous) VALUES (111, 114, 5, 'Good introduction to the activity. Learned a lot.', FALSE);
INSERT INTO Feedback (ID, Member, Rating, Description, Anonymous) VALUES (112, 140, 5, 'Great group dynamic. Everyone was supportive.', FALSE);
INSERT INTO Feedback (ID, Member, Rating, Description, Anonymous) VALUES (113, 172, 5, 'Informative workshop. Practical skills learned.', FALSE);
INSERT INTO Feedback (ID, Member, Rating, Description, Anonymous) VALUES (114, 100, 5, 'Trip timing worked well with my schedule.', FALSE);
INSERT INTO Feedback (ID, Member, Rating, Description, Anonymous) VALUES (115, 105, 5, 'Informative workshop. Practical skills learned.', FALSE);
INSERT INTO Feedback (ID, Member, Rating, Description, Anonymous) VALUES (116, 106, 4, 'Great group dynamic. Everyone was supportive.', FALSE);
INSERT INTO Feedback (ID, Member, Rating, Description, Anonymous) VALUES (117, 177, 2, 'Equipment was in great condition. Thanks!', FALSE);
INSERT INTO Feedback (ID, Member, Rating, Description, Anonymous) VALUES (118, 143, 5, 'Great group dynamic. Everyone was supportive.', TRUE);
INSERT INTO Feedback (ID, Member, Rating, Description, Anonymous) VALUES (119, 111, 5, 'Food was delicious. Perfect amount.', TRUE);
INSERT INTO Feedback (ID, Member, Rating, Description, Anonymous) VALUES (120, 199, 5, 'Informative workshop. Practical skills learned.', TRUE);
INSERT INTO Feedback (ID, Member, Rating, Description, Anonymous) VALUES (121, 194, 5, 'Beautiful views, would definitely do this again.', FALSE);
INSERT INTO Feedback (ID, Member, Rating, Description, Anonymous) VALUES (122, 127, 4, 'Safety briefing was thorough and helpful.', FALSE);
INSERT INTO Feedback (ID, Member, Rating, Description, Anonymous) VALUES (123, 112, 3, 'Wonderful social event. Met lots of new people.', FALSE);
INSERT INTO Feedback (ID, Member, Rating, Description, Anonymous) VALUES (124, 184, 3, 'Outstanding leadership from trip organizers.', FALSE);
INSERT INTO Feedback (ID, Member, Rating, Description, Anonymous) VALUES (125, 181, 3, 'Outstanding leadership from trip organizers.', TRUE);
INSERT INTO Feedback (ID, Member, Rating, Description, Anonymous) VALUES (126, 169, 5, 'Excellent trip! Great weather and company.', TRUE);
INSERT INTO Feedback (ID, Member, Rating, Description, Anonymous) VALUES (127, 129, 4, 'Equipment was in great condition. Thanks!', FALSE);
INSERT INTO Feedback (ID, Member, Rating, Description, Anonymous) VALUES (128, 185, 5, 'Excellent trip! Great weather and company.', FALSE);
INSERT INTO Feedback (ID, Member, Rating, Description, Anonymous) VALUES (129, 175, 5, 'Well organized event. Trip leaders were knowledgeable.', FALSE);
INSERT INTO Feedback (ID, Member, Rating, Description, Anonymous) VALUES (130, 108, 4, 'Excellent trip! Great weather and company.', FALSE);
INSERT INTO Feedback (ID, Member, Rating, Description, Anonymous) VALUES (131, 131, 5, 'Beautiful views, would definitely do this again.', FALSE);
INSERT INTO Feedback (ID, Member, Rating, Description, Anonymous) VALUES (132, 134, 2, 'Meeting location was easy to find.', FALSE);
INSERT INTO Feedback (ID, Member, Rating, Description, Anonymous) VALUES (133, 119, 4, 'Meeting location was easy to find.', TRUE);
INSERT INTO Feedback (ID, Member, Rating, Description, Anonymous) VALUES (134, 179, 5, 'Wonderful social event. Met lots of new people.', FALSE);
INSERT INTO Feedback (ID, Member, Rating, Description, Anonymous) VALUES (135, 179, 3, 'Informative workshop. Practical skills learned.', TRUE);
INSERT INTO Feedback (ID, Member, Rating, Description, Anonymous) VALUES (136, 110, 4, 'Food was delicious. Perfect amount.', TRUE);
INSERT INTO Feedback (ID, Member, Rating, Description, Anonymous) VALUES (137, 163, 5, 'Perfect difficulty level for beginners.', FALSE);
INSERT INTO Feedback (ID, Member, Rating, Description, Anonymous) VALUES (138, 129, 4, 'Excellent trip! Great weather and company.', FALSE);
INSERT INTO Feedback (ID, Member, Rating, Description, Anonymous) VALUES (139, 102, 5, 'Safety briefing was thorough and helpful.', FALSE);
INSERT INTO Feedback (ID, Member, Rating, Description, Anonymous) VALUES (140, 107, 4, 'Safety briefing was thorough and helpful.', FALSE);
INSERT INTO Feedback (ID, Member, Rating, Description, Anonymous) VALUES (141, 191, 3, 'Excellent trip! Great weather and company.', TRUE);
INSERT INTO Feedback (ID, Member, Rating, Description, Anonymous) VALUES (142, 179, 4, 'Meeting location was easy to find.', FALSE);
INSERT INTO Feedback (ID, Member, Rating, Description, Anonymous) VALUES (143, 103, 1, 'Excellent trip! Great weather and company.', FALSE);
INSERT INTO Feedback (ID, Member, Rating, Description, Anonymous) VALUES (144, 146, 5, 'Meeting location was easy to find.', FALSE);
INSERT INTO Feedback (ID, Member, Rating, Description, Anonymous) VALUES (145, 193, 5, 'Great group dynamic. Everyone was supportive.', FALSE);
INSERT INTO Feedback (ID, Member, Rating, Description, Anonymous) VALUES (146, 171, 4, 'Wonderful social event. Met lots of new people.', FALSE);
INSERT INTO Feedback (ID, Member, Rating, Description, Anonymous) VALUES (147, 179, 5, 'Trip timing worked well with my schedule.', FALSE);
INSERT INTO Feedback (ID, Member, Rating, Description, Anonymous) VALUES (148, 166, 5, 'Well organized event. Trip leaders were knowledgeable.', FALSE);
INSERT INTO Feedback (ID, Member, Rating, Description, Anonymous) VALUES (149, 186, 3, 'Safety briefing was thorough and helpful.', TRUE);
INSERT INTO Feedback (ID, Member, Rating, Description, Anonymous) VALUES (150, 190, 4, 'Perfect difficulty level for beginners.', FALSE);
INSERT INTO Feedback (ID, Member, Rating, Description, Anonymous) VALUES (151, 186, 5, 'Perfect difficulty level for beginners.', FALSE);
INSERT INTO Feedback (ID, Member, Rating, Description, Anonymous) VALUES (152, 172, 4, 'Beautiful views, would definitely do this again.', FALSE);
INSERT INTO Feedback (ID, Member, Rating, Description, Anonymous) VALUES (153, 134, 1, 'Outstanding leadership from trip organizers.', TRUE);
INSERT INTO Feedback (ID, Member, Rating, Description, Anonymous) VALUES (154, 100, 5, 'Challenging but rewarding experience.', FALSE);
INSERT INTO Feedback (ID, Member, Rating, Description, Anonymous) VALUES (155, 166, 5, 'Good introduction to the activity. Learned a lot.', TRUE);
INSERT INTO Feedback (ID, Member, Rating, Description, Anonymous) VALUES (156, 158, 3, 'Well organized event. Trip leaders were knowledgeable.', FALSE);
INSERT INTO Feedback (ID, Member, Rating, Description, Anonymous) VALUES (157, 178, 5, 'Meeting location was easy to find.', FALSE);
INSERT INTO Feedback (ID, Member, Rating, Description, Anonymous) VALUES (158, 178, 4, 'Informative workshop. Practical skills learned.', FALSE);
INSERT INTO Feedback (ID, Member, Rating, Description, Anonymous) VALUES (159, 155, 5, 'Good introduction to the activity. Learned a lot.', TRUE);
INSERT INTO Feedback (ID, Member, Rating, Description, Anonymous) VALUES (160, 166, 3, 'Excellent trip! Great weather and company.', FALSE);
INSERT INTO Feedback (ID, Member, Rating, Description, Anonymous) VALUES (161, 105, 5, 'Well organized event. Trip leaders were knowledgeable.', FALSE);
INSERT INTO Feedback (ID, Member, Rating, Description, Anonymous) VALUES (162, 139, 5, 'Trip timing worked well with my schedule.', FALSE);
INSERT INTO Feedback (ID, Member, Rating, Description, Anonymous) VALUES (163, 177, 5, 'Good introduction to the activity. Learned a lot.', TRUE);
INSERT INTO Feedback (ID, Member, Rating, Description, Anonymous) VALUES (164, 148, 4, 'Wonderful social event. Met lots of new people.', FALSE);
INSERT INTO Feedback (ID, Member, Rating, Description, Anonymous) VALUES (165, 138, 5, 'Well organized event. Trip leaders were knowledgeable.', FALSE);
INSERT INTO Feedback (ID, Member, Rating, Description, Anonymous) VALUES (166, 192, 5, 'Well organized event. Trip leaders were knowledgeable.', FALSE);
INSERT INTO Feedback (ID, Member, Rating, Description, Anonymous) VALUES (167, 199, 5, 'Meeting location was easy to find.', FALSE);
INSERT INTO Feedback (ID, Member, Rating, Description, Anonymous) VALUES (168, 105, 5, 'Wonderful social event. Met lots of new people.', FALSE);
INSERT INTO Feedback (ID, Member, Rating, Description, Anonymous) VALUES (169, 141, 5, 'Safety briefing was thorough and helpful.', FALSE);
INSERT INTO Feedback (ID, Member, Rating, Description, Anonymous) VALUES (170, 123, 3, 'Equipment was in great condition. Thanks!', FALSE);
INSERT INTO Feedback (ID, Member, Rating, Description, Anonymous) VALUES (171, 113, 5, 'Outstanding leadership from trip organizers.', FALSE);
INSERT INTO Feedback (ID, Member, Rating, Description, Anonymous) VALUES (172, 129, 3, 'Great group dynamic. Everyone was supportive.', FALSE);
INSERT INTO Feedback (ID, Member, Rating, Description, Anonymous) VALUES (173, 165, 5, 'Wonderful social event. Met lots of new people.', FALSE);
INSERT INTO Feedback (ID, Member, Rating, Description, Anonymous) VALUES (174, 111, 3, 'Perfect difficulty level for beginners.', TRUE);
INSERT INTO Feedback (ID, Member, Rating, Description, Anonymous) VALUES (175, 160, 4, 'Beautiful views, would definitely do this again.', FALSE);
INSERT INTO Feedback (ID, Member, Rating, Description, Anonymous) VALUES (176, 112, 3, 'Challenging but rewarding experience.', TRUE);
INSERT INTO Feedback (ID, Member, Rating, Description, Anonymous) VALUES (177, 124, 4, 'Informative workshop. Practical skills learned.', FALSE);
INSERT INTO Feedback (ID, Member, Rating, Description, Anonymous) VALUES (178, 197, 5, 'Outstanding leadership from trip organizers.', FALSE);
INSERT INTO Feedback (ID, Member, Rating, Description, Anonymous) VALUES (179, 176, 5, 'Safety briefing was thorough and helpful.', FALSE);
INSERT INTO Feedback (ID, Member, Rating, Description, Anonymous) VALUES (180, 136, 4, 'Wonderful social event. Met lots of new people.', TRUE);
INSERT INTO Feedback (ID, Member, Rating, Description, Anonymous) VALUES (181, 196, 4, 'Well organized event. Trip leaders were knowledgeable.', FALSE);
INSERT INTO Feedback (ID, Member, Rating, Description, Anonymous) VALUES (182, 184, 5, 'Excellent trip! Great weather and company.', FALSE);
INSERT INTO Feedback (ID, Member, Rating, Description, Anonymous) VALUES (183, 158, 4, 'Meeting location was easy to find.', FALSE);
INSERT INTO Feedback (ID, Member, Rating, Description, Anonymous) VALUES (184, 120, 3, 'Wonderful social event. Met lots of new people.', FALSE);
INSERT INTO Feedback (ID, Member, Rating, Description, Anonymous) VALUES (185, 182, 4, 'Good introduction to the activity. Learned a lot.', TRUE);
INSERT INTO Feedback (ID, Member, Rating, Description, Anonymous) VALUES (186, 161, 4, 'Equipment was in great condition. Thanks!', FALSE);
INSERT INTO Feedback (ID, Member, Rating, Description, Anonymous) VALUES (187, 112, 3, 'Meeting location was easy to find.', FALSE);
INSERT INTO Feedback (ID, Member, Rating, Description, Anonymous) VALUES (188, 155, 4, 'Good introduction to the activity. Learned a lot.', FALSE);
INSERT INTO Feedback (ID, Member, Rating, Description, Anonymous) VALUES (189, 139, 4, 'Beautiful views, would definitely do this again.', FALSE);
INSERT INTO Feedback (ID, Member, Rating, Description, Anonymous) VALUES (190, 152, 4, 'Well organized event. Trip leaders were knowledgeable.', FALSE);
INSERT INTO Feedback (ID, Member, Rating, Description, Anonymous) VALUES (191, 115, 5, 'Informative workshop. Practical skills learned.', FALSE);
INSERT INTO Feedback (ID, Member, Rating, Description, Anonymous) VALUES (192, 116, 5, 'Equipment was in great condition. Thanks!', FALSE);
INSERT INTO Feedback (ID, Member, Rating, Description, Anonymous) VALUES (193, 156, 5, 'Good introduction to the activity. Learned a lot.', FALSE);
INSERT INTO Feedback (ID, Member, Rating, Description, Anonymous) VALUES (194, 146, 2, 'Challenging but rewarding experience.', FALSE);
INSERT INTO Feedback (ID, Member, Rating, Description, Anonymous) VALUES (195, 141, 5, 'Safety briefing was thorough and helpful.', TRUE);
INSERT INTO Feedback (ID, Member, Rating, Description, Anonymous) VALUES (196, 175, 2, 'Well organized event. Trip leaders were knowledgeable.', FALSE);
INSERT INTO Feedback (ID, Member, Rating, Description, Anonymous) VALUES (197, 101, 3, 'Food was delicious. Perfect amount.', FALSE);
INSERT INTO Feedback (ID, Member, Rating, Description, Anonymous) VALUES (198, 132, 4, 'Beautiful views, would definitely do this again.', FALSE);
INSERT INTO Feedback (ID, Member, Rating, Description, Anonymous) VALUES (199, 143, 4, 'Food was delicious. Perfect amount.', FALSE);
INSERT INTO Feedback (ID, Member, Rating, Description, Anonymous) VALUES (200, 139, 5, 'Beautiful views, would definitely do this again.', FALSE);
INSERT INTO Feedback (ID, Member, Rating, Description, Anonymous) VALUES (201, 176, 4, 'Safety briefing was thorough and helpful.', FALSE);
INSERT INTO Feedback (ID, Member, Rating, Description, Anonymous) VALUES (202, 137, 5, 'Outstanding leadership from trip organizers.', FALSE);
INSERT INTO Feedback (ID, Member, Rating, Description, Anonymous) VALUES (203, 197, 5, 'Outstanding leadership from trip organizers.', FALSE);
INSERT INTO Feedback (ID, Member, Rating, Description, Anonymous) VALUES (204, 178, 4, 'Well organized event. Trip leaders were knowledgeable.', FALSE);
INSERT INTO Feedback (ID, Member, Rating, Description, Anonymous) VALUES (205, 116, 5, 'Well organized event. Trip leaders were knowledgeable.', FALSE);
INSERT INTO Feedback (ID, Member, Rating, Description, Anonymous) VALUES (206, 123, 5, 'Excellent trip! Great weather and company.', FALSE);
INSERT INTO Feedback (ID, Member, Rating, Description, Anonymous) VALUES (207, 102, 5, 'Equipment was in great condition. Thanks!', FALSE);
INSERT INTO Feedback (ID, Member, Rating, Description, Anonymous) VALUES (208, 180, 4, 'Perfect difficulty level for beginners.', FALSE);
INSERT INTO Feedback (ID, Member, Rating, Description, Anonymous) VALUES (209, 117, 5, 'Beautiful views, would definitely do this again.', TRUE);
INSERT INTO Feedback (ID, Member, Rating, Description, Anonymous) VALUES (210, 145, 5, 'Excellent trip! Great weather and company.', FALSE);
INSERT INTO Feedback (ID, Member, Rating, Description, Anonymous) VALUES (211, 167, 5, 'Outstanding leadership from trip organizers.', FALSE);
INSERT INTO Feedback (ID, Member, Rating, Description, Anonymous) VALUES (212, 137, 4, 'Outstanding leadership from trip organizers.', TRUE);
INSERT INTO Feedback (ID, Member, Rating, Description, Anonymous) VALUES (213, 116, 4, 'Equipment was in great condition. Thanks!', FALSE);
INSERT INTO Feedback (ID, Member, Rating, Description, Anonymous) VALUES (214, 153, 4, 'Informative workshop. Practical skills learned.', FALSE);
INSERT INTO Feedback (ID, Member, Rating, Description, Anonymous) VALUES (215, 102, 5, 'Meeting location was easy to find.', FALSE);
INSERT INTO Feedback (ID, Member, Rating, Description, Anonymous) VALUES (216, 107, 3, 'Perfect difficulty level for beginners.', FALSE);
INSERT INTO Feedback (ID, Member, Rating, Description, Anonymous) VALUES (217, 150, 3, 'Equipment was in great condition. Thanks!', TRUE);
INSERT INTO Feedback (ID, Member, Rating, Description, Anonymous) VALUES (218, 176, 5, 'Equipment was in great condition. Thanks!', FALSE);
INSERT INTO Feedback (ID, Member, Rating, Description, Anonymous) VALUES (219, 131, 4, 'Excellent trip! Great weather and company.', FALSE);
INSERT INTO Feedback (ID, Member, Rating, Description, Anonymous) VALUES (220, 166, 3, 'Perfect difficulty level for beginners.', FALSE);
INSERT INTO Feedback (ID, Member, Rating, Description, Anonymous) VALUES (221, 119, 5, 'Outstanding leadership from trip organizers.', FALSE);
INSERT INTO Feedback (ID, Member, Rating, Description, Anonymous) VALUES (222, 181, 5, 'Challenging but rewarding experience.', FALSE);
INSERT INTO Feedback (ID, Member, Rating, Description, Anonymous) VALUES (223, 188, 5, 'Outstanding leadership from trip organizers.', TRUE);
INSERT INTO Feedback (ID, Member, Rating, Description, Anonymous) VALUES (224, 183, 5, 'Informative workshop. Practical skills learned.', TRUE);
INSERT INTO Feedback (ID, Member, Rating, Description, Anonymous) VALUES (225, 142, 4, 'Challenging but rewarding experience.', FALSE);
INSERT INTO Feedback (ID, Member, Rating, Description, Anonymous) VALUES (226, 177, 2, 'Outstanding leadership from trip organizers.', FALSE);
INSERT INTO Feedback (ID, Member, Rating, Description, Anonymous) VALUES (227, 180, 4, 'Great group dynamic. Everyone was supportive.', FALSE);
INSERT INTO Feedback (ID, Member, Rating, Description, Anonymous) VALUES (228, 169, 4, 'Excellent trip! Great weather and company.', TRUE);
INSERT INTO Feedback (ID, Member, Rating, Description, Anonymous) VALUES (229, 109, 5, 'Challenging but rewarding experience.', FALSE);
INSERT INTO Feedback (ID, Member, Rating, Description, Anonymous) VALUES (230, 135, 3, 'Perfect difficulty level for beginners.', FALSE);
INSERT INTO Feedback (ID, Member, Rating, Description, Anonymous) VALUES (231, 189, 4, 'Trip timing worked well with my schedule.', FALSE);
INSERT INTO Feedback (ID, Member, Rating, Description, Anonymous) VALUES (232, 144, 5, 'Beautiful views, would definitely do this again.', FALSE);
INSERT INTO Feedback (ID, Member, Rating, Description, Anonymous) VALUES (233, 183, 3, 'Outstanding leadership from trip organizers.', FALSE);
INSERT INTO Feedback (ID, Member, Rating, Description, Anonymous) VALUES (234, 172, 3, 'Wonderful social event. Met lots of new people.', FALSE);
INSERT INTO Feedback (ID, Member, Rating, Description, Anonymous) VALUES (235, 172, 5, 'Trip timing worked well with my schedule.', FALSE);
INSERT INTO Feedback (ID, Member, Rating, Description, Anonymous) VALUES (236, 148, 4, 'Outstanding leadership from trip organizers.', FALSE);
INSERT INTO Feedback (ID, Member, Rating, Description, Anonymous) VALUES (237, 137, 2, 'Perfect difficulty level for beginners.', FALSE);
INSERT INTO Feedback (ID, Member, Rating, Description, Anonymous) VALUES (238, 174, 4, 'Challenging but rewarding experience.', FALSE);
INSERT INTO Feedback (ID, Member, Rating, Description, Anonymous) VALUES (239, 136, 5, 'Great group dynamic. Everyone was supportive.', FALSE);
INSERT INTO Feedback (ID, Member, Rating, Description, Anonymous) VALUES (240, 143, 3, 'Challenging but rewarding experience.', TRUE);
INSERT INTO Feedback (ID, Member, Rating, Description, Anonymous) VALUES (241, 157, 4, 'Equipment was in great condition. Thanks!', FALSE);
INSERT INTO Feedback (ID, Member, Rating, Description, Anonymous) VALUES (242, 148, 3, 'Trip timing worked well with my schedule.', FALSE);
INSERT INTO Feedback (ID, Member, Rating, Description, Anonymous) VALUES (243, 170, 5, 'Challenging but rewarding experience.', TRUE);
INSERT INTO Feedback (ID, Member, Rating, Description, Anonymous) VALUES (244, 180, 5, 'Good introduction to the activity. Learned a lot.', FALSE);
INSERT INTO Feedback (ID, Member, Rating, Description, Anonymous) VALUES (245, 138, 5, 'Informative workshop. Practical skills learned.', FALSE);
INSERT INTO Feedback (ID, Member, Rating, Description, Anonymous) VALUES (246, 113, 3, 'Great group dynamic. Everyone was supportive.', FALSE);
INSERT INTO Feedback (ID, Member, Rating, Description, Anonymous) VALUES (247, 180, 5, 'Outstanding leadership from trip organizers.', FALSE);
INSERT INTO Feedback (ID, Member, Rating, Description, Anonymous) VALUES (248, 139, 5, 'Wonderful social event. Met lots of new people.', FALSE);
INSERT INTO Feedback (ID, Member, Rating, Description, Anonymous) VALUES (249, 188, 4, 'Well organized event. Trip leaders were knowledgeable.', FALSE);

-- 📧 COMMUNICATIONS
INSERT INTO Communication (ID, Subject, Content, DateSent) VALUES (100, 'Weather Advisory', 'One country PM most notice no. Success what year just trial probably something. Blood out administration director performance fact. Religious behind loss wide value.', '2025-08-07 15:24:39');
INSERT INTO CommunicationRecipients (Communication, Member) VALUES (100, 185);
INSERT INTO CommunicationRecipients (Communication, Member) VALUES (100, 191);
INSERT INTO CommunicationRecipients (Communication, Member) VALUES (100, 175);
INSERT INTO CommunicationRecipients (Communication, Member) VALUES (100, 193);
INSERT INTO CommunicationRecipients (Communication, Member) VALUES (100, 116);
INSERT INTO CommunicationRecipients (Communication, Member) VALUES (100, 156);
INSERT INTO CommunicationRecipients (Communication, Member) VALUES (100, 150);
INSERT INTO CommunicationRecipients (Communication, Member) VALUES (100, 178);
INSERT INTO CommunicationRecipients (Communication, Member) VALUES (100, 198);
INSERT INTO CommunicationRecipients (Communication, Member) VALUES (100, 103);
INSERT INTO CommunicationRecipients (Communication, Member) VALUES (100, 159);
INSERT INTO CommunicationRecipients (Communication, Member) VALUES (100, 146);
INSERT INTO CommunicationRecipients (Communication, Member) VALUES (100, 134);
INSERT INTO CommunicationRecipients (Communication, Member) VALUES (100, 140);
INSERT INTO CommunicationRecipients (Communication, Member) VALUES (100, 186);
INSERT INTO CommunicationRecipients (Communication, Member) VALUES (100, 128);
INSERT INTO CommunicationRecipients (Communication, Member) VALUES (100, 197);
INSERT INTO CommunicationRecipients (Communication, Member) VALUES (100, 112);
INSERT INTO CommunicationRecipients (Communication, Member) VALUES (100, 144);
INSERT INTO CommunicationRecipients (Communication, Member) VALUES (100, 117);
INSERT INTO CommunicationRecipients (Communication, Member) VALUES (100, 108);
INSERT INTO CommunicationRecipients (Communication, Member) VALUES (100, 120);
INSERT INTO CommunicationRecipients (Communication, Member) VALUES (100, 151);
INSERT INTO CommunicationRecipients (Communication, Member) VALUES (100, 164);
INSERT INTO CommunicationRecipients (Communication, Member) VALUES (100, 172);
INSERT INTO Communication (ID, Subject, Content, DateSent) VALUES (101, 'New Member Welcome', 'Huge class today ask unit recent. Also green represent various. Mrs page summer feel beyond wish.
Option agreement thought heavy might court rise race. Month nice although recognize change.
Spring choice natural science movie member. Doctor rest continue foreign. Pattern huge decision chair.', '2025-08-07 15:23:02');
INSERT INTO CommunicationRecipients (Communication, Member) VALUES (101, 161);
INSERT INTO CommunicationRecipients (Communication, Member) VALUES (101, 124);
INSERT INTO CommunicationRecipients (Communication, Member) VALUES (101, 197);
INSERT INTO CommunicationRecipients (Communication, Member) VALUES (101, 127);
INSERT INTO CommunicationRecipients (Communication, Member) VALUES (101, 139);
INSERT INTO CommunicationRecipients (Communication, Member) VALUES (101, 126);
INSERT INTO CommunicationRecipients (Communication, Member) VALUES (101, 140);
INSERT INTO CommunicationRecipients (Communication, Member) VALUES (101, 165);
INSERT INTO CommunicationRecipients (Communication, Member) VALUES (101, 174);
INSERT INTO CommunicationRecipients (Communication, Member) VALUES (101, 170);
INSERT INTO CommunicationRecipients (Communication, Member) VALUES (101, 107);
INSERT INTO CommunicationRecipients (Communication, Member) VALUES (101, 168);
INSERT INTO CommunicationRecipients (Communication, Member) VALUES (101, 112);
INSERT INTO CommunicationRecipients (Communication, Member) VALUES (101, 145);
INSERT INTO CommunicationRecipients (Communication, Member) VALUES (101, 183);
INSERT INTO CommunicationRecipients (Communication, Member) VALUES (101, 196);
INSERT INTO CommunicationRecipients (Communication, Member) VALUES (101, 151);
INSERT INTO CommunicationRecipients (Communication, Member) VALUES (101, 143);
INSERT INTO CommunicationRecipients (Communication, Member) VALUES (101, 178);
INSERT INTO CommunicationRecipients (Communication, Member) VALUES (101, 156);
INSERT INTO CommunicationRecipients (Communication, Member) VALUES (101, 132);
INSERT INTO CommunicationRecipients (Communication, Member) VALUES (101, 108);
INSERT INTO CommunicationRecipients (Communication, Member) VALUES (101, 128);
INSERT INTO CommunicationRecipients (Communication, Member) VALUES (101, 115);
INSERT INTO CommunicationRecipients (Communication, Member) VALUES (101, 175);
INSERT INTO CommunicationRecipients (Communication, Member) VALUES (101, 149);
INSERT INTO CommunicationRecipients (Communication, Member) VALUES (101, 114);
INSERT INTO CommunicationRecipients (Communication, Member) VALUES (101, 154);
INSERT INTO CommunicationRecipients (Communication, Member) VALUES (101, 173);
INSERT INTO CommunicationRecipients (Communication, Member) VALUES (101, 138);
INSERT INTO CommunicationRecipients (Communication, Member) VALUES (101, 118);
INSERT INTO CommunicationRecipients (Communication, Member) VALUES (101, 131);
INSERT INTO CommunicationRecipients (Communication, Member) VALUES (101, 105);
INSERT INTO CommunicationRecipients (Communication, Member) VALUES (101, 137);
INSERT INTO CommunicationRecipients (Communication, Member) VALUES (101, 177);
INSERT INTO CommunicationRecipients (Communication, Member) VALUES (101, 159);
INSERT INTO CommunicationRecipients (Communication, Member) VALUES (101, 136);
INSERT INTO CommunicationRecipients (Communication, Member) VALUES (101, 133);
INSERT INTO CommunicationRecipients (Communication, Member) VALUES (101, 169);
INSERT INTO CommunicationRecipients (Communication, Member) VALUES (101, 100);
INSERT INTO CommunicationRecipients (Communication, Member) VALUES (101, 106);
INSERT INTO CommunicationRecipients (Communication, Member) VALUES (101, 122);
INSERT INTO CommunicationRecipients (Communication, Member) VALUES (101, 187);
INSERT INTO CommunicationRecipients (Communication, Member) VALUES (101, 164);
INSERT INTO CommunicationRecipients (Communication, Member) VALUES (101, 144);
INSERT INTO CommunicationRecipients (Communication, Member) VALUES (101, 129);
INSERT INTO CommunicationRecipients (Communication, Member) VALUES (101, 116);
INSERT INTO CommunicationRecipients (Communication, Member) VALUES (101, 153);
INSERT INTO CommunicationRecipients (Communication, Member) VALUES (101, 130);
INSERT INTO CommunicationRecipients (Communication, Member) VALUES (101, 148);
INSERT INTO CommunicationRecipients (Communication, Member) VALUES (101, 101);
INSERT INTO CommunicationRecipients (Communication, Member) VALUES (101, 146);
INSERT INTO CommunicationRecipients (Communication, Member) VALUES (101, 172);
INSERT INTO CommunicationRecipients (Communication, Member) VALUES (101, 110);
INSERT INTO CommunicationRecipients (Communication, Member) VALUES (101, 198);
INSERT INTO CommunicationRecipients (Communication, Member) VALUES (101, 142);
INSERT INTO CommunicationRecipients (Communication, Member) VALUES (101, 125);
INSERT INTO CommunicationRecipients (Communication, Member) VALUES (101, 167);
INSERT INTO CommunicationRecipients (Communication, Member) VALUES (101, 171);
INSERT INTO CommunicationRecipients (Communication, Member) VALUES (101, 120);
INSERT INTO CommunicationRecipients (Communication, Member) VALUES (101, 176);
INSERT INTO CommunicationRecipients (Communication, Member) VALUES (101, 193);
INSERT INTO CommunicationRecipients (Communication, Member) VALUES (101, 194);
INSERT INTO CommunicationRecipients (Communication, Member) VALUES (101, 157);
INSERT INTO CommunicationRecipients (Communication, Member) VALUES (101, 102);
INSERT INTO CommunicationRecipients (Communication, Member) VALUES (101, 184);
INSERT INTO CommunicationRecipients (Communication, Member) VALUES (101, 182);
INSERT INTO CommunicationRecipients (Communication, Member) VALUES (101, 180);
INSERT INTO CommunicationRecipients (Communication, Member) VALUES (101, 160);
INSERT INTO CommunicationRecipients (Communication, Member) VALUES (101, 163);
INSERT INTO CommunicationRecipients (Communication, Member) VALUES (101, 109);
INSERT INTO CommunicationRecipients (Communication, Member) VALUES (101, 166);
INSERT INTO CommunicationRecipients (Communication, Member) VALUES (101, 119);
INSERT INTO CommunicationRecipients (Communication, Member) VALUES (101, 185);
INSERT INTO CommunicationRecipients (Communication, Member) VALUES (101, 155);
INSERT INTO CommunicationRecipients (Communication, Member) VALUES (101, 188);
INSERT INTO CommunicationRecipients (Communication, Member) VALUES (101, 195);
INSERT INTO CommunicationRecipients (Communication, Member) VALUES (101, 191);
INSERT INTO CommunicationRecipients (Communication, Member) VALUES (101, 192);
INSERT INTO CommunicationRecipients (Communication, Member) VALUES (101, 150);
INSERT INTO CommunicationRecipients (Communication, Member) VALUES (101, 181);
INSERT INTO CommunicationRecipients (Communication, Member) VALUES (101, 147);
INSERT INTO CommunicationRecipients (Communication, Member) VALUES (101, 186);
INSERT INTO CommunicationRecipients (Communication, Member) VALUES (101, 103);
INSERT INTO Communication (ID, Subject, Content, DateSent) VALUES (102, 'Club Social Event', 'We church adult soldier eye eat which career. Million design force improve partner then lead majority. Approach significant according he.
Accept opportunity fly big once. Goal moment knowledge PM.
Child like computer wind. Ahead involve recognize eye way check management.', '2025-08-07 15:25:32');
INSERT INTO CommunicationRecipients (Communication, Member) VALUES (102, 167);
INSERT INTO CommunicationRecipients (Communication, Member) VALUES (102, 188);
INSERT INTO CommunicationRecipients (Communication, Member) VALUES (102, 148);
INSERT INTO CommunicationRecipients (Communication, Member) VALUES (102, 130);
INSERT INTO CommunicationRecipients (Communication, Member) VALUES (102, 119);
INSERT INTO CommunicationRecipients (Communication, Member) VALUES (102, 184);
INSERT INTO CommunicationRecipients (Communication, Member) VALUES (102, 144);
INSERT INTO CommunicationRecipients (Communication, Member) VALUES (102, 176);
INSERT INTO CommunicationRecipients (Communication, Member) VALUES (102, 104);
INSERT INTO CommunicationRecipients (Communication, Member) VALUES (102, 179);
INSERT INTO CommunicationRecipients (Communication, Member) VALUES (102, 195);
INSERT INTO CommunicationRecipients (Communication, Member) VALUES (102, 149);
INSERT INTO CommunicationRecipients (Communication, Member) VALUES (102, 126);
INSERT INTO CommunicationRecipients (Communication, Member) VALUES (102, 178);
INSERT INTO CommunicationRecipients (Communication, Member) VALUES (102, 137);
INSERT INTO CommunicationRecipients (Communication, Member) VALUES (102, 164);
INSERT INTO CommunicationRecipients (Communication, Member) VALUES (102, 170);
INSERT INTO CommunicationRecipients (Communication, Member) VALUES (102, 125);
INSERT INTO CommunicationRecipients (Communication, Member) VALUES (102, 165);
INSERT INTO CommunicationRecipients (Communication, Member) VALUES (102, 173);
INSERT INTO CommunicationRecipients (Communication, Member) VALUES (102, 160);
INSERT INTO Communication (ID, Subject, Content, DateSent) VALUES (103, 'Officer Election Results', 'Despite job view face enough Congress. Into take out.
Pick factor wind interesting what hit. Size consumer want lead. Form ok call prevent six difference condition action.', '2025-08-07 15:22:27');
INSERT INTO CommunicationRecipients (Communication, Member) VALUES (103, 154);
INSERT INTO CommunicationRecipients (Communication, Member) VALUES (103, 193);
INSERT INTO CommunicationRecipients (Communication, Member) VALUES (103, 121);
INSERT INTO CommunicationRecipients (Communication, Member) VALUES (103, 187);
INSERT INTO CommunicationRecipients (Communication, Member) VALUES (103, 111);
INSERT INTO CommunicationRecipients (Communication, Member) VALUES (103, 123);
INSERT INTO CommunicationRecipients (Communication, Member) VALUES (103, 184);
INSERT INTO CommunicationRecipients (Communication, Member) VALUES (103, 128);
INSERT INTO CommunicationRecipients (Communication, Member) VALUES (103, 137);
INSERT INTO CommunicationRecipients (Communication, Member) VALUES (103, 104);
INSERT INTO CommunicationRecipients (Communication, Member) VALUES (103, 150);
INSERT INTO CommunicationRecipients (Communication, Member) VALUES (103, 169);
INSERT INTO CommunicationRecipients (Communication, Member) VALUES (103, 157);
INSERT INTO CommunicationRecipients (Communication, Member) VALUES (103, 159);
INSERT INTO CommunicationRecipients (Communication, Member) VALUES (103, 107);
INSERT INTO CommunicationRecipients (Communication, Member) VALUES (103, 162);
INSERT INTO CommunicationRecipients (Communication, Member) VALUES (103, 122);
INSERT INTO CommunicationRecipients (Communication, Member) VALUES (103, 191);
INSERT INTO CommunicationRecipients (Communication, Member) VALUES (103, 136);
INSERT INTO CommunicationRecipients (Communication, Member) VALUES (103, 181);
INSERT INTO CommunicationRecipients (Communication, Member) VALUES (103, 161);
INSERT INTO CommunicationRecipients (Communication, Member) VALUES (103, 163);
INSERT INTO CommunicationRecipients (Communication, Member) VALUES (103, 115);
INSERT INTO CommunicationRecipients (Communication, Member) VALUES (103, 149);
INSERT INTO CommunicationRecipients (Communication, Member) VALUES (103, 101);
INSERT INTO CommunicationRecipients (Communication, Member) VALUES (103, 108);
INSERT INTO CommunicationRecipients (Communication, Member) VALUES (103, 105);
INSERT INTO CommunicationRecipients (Communication, Member) VALUES (103, 164);
INSERT INTO CommunicationRecipients (Communication, Member) VALUES (103, 190);
INSERT INTO CommunicationRecipients (Communication, Member) VALUES (103, 125);
INSERT INTO CommunicationRecipients (Communication, Member) VALUES (103, 116);
INSERT INTO CommunicationRecipients (Communication, Member) VALUES (103, 153);
INSERT INTO CommunicationRecipients (Communication, Member) VALUES (103, 170);
INSERT INTO CommunicationRecipients (Communication, Member) VALUES (103, 142);
INSERT INTO CommunicationRecipients (Communication, Member) VALUES (103, 158);
INSERT INTO CommunicationRecipients (Communication, Member) VALUES (103, 183);
INSERT INTO CommunicationRecipients (Communication, Member) VALUES (103, 199);
INSERT INTO CommunicationRecipients (Communication, Member) VALUES (103, 180);
INSERT INTO CommunicationRecipients (Communication, Member) VALUES (103, 113);
INSERT INTO CommunicationRecipients (Communication, Member) VALUES (103, 106);
INSERT INTO CommunicationRecipients (Communication, Member) VALUES (103, 148);
INSERT INTO CommunicationRecipients (Communication, Member) VALUES (103, 156);
INSERT INTO CommunicationRecipients (Communication, Member) VALUES (103, 171);
INSERT INTO CommunicationRecipients (Communication, Member) VALUES (103, 186);
INSERT INTO CommunicationRecipients (Communication, Member) VALUES (103, 135);
INSERT INTO Communication (ID, Subject, Content, DateSent) VALUES (104, 'Volunteer Opportunity', 'Option I beautiful. Wait notice college ago.
Brother before lawyer bad. Tell moment team go.
Sing letter child trial. Production action budget painting. Person level pattern.
Sister personal full material truth law performance. Rather suggest result idea how land.', '2025-08-07 15:24:26');
INSERT INTO CommunicationRecipients (Communication, Member) VALUES (104, 188);
INSERT INTO CommunicationRecipients (Communication, Member) VALUES (104, 142);
INSERT INTO CommunicationRecipients (Communication, Member) VALUES (104, 115);
INSERT INTO CommunicationRecipients (Communication, Member) VALUES (104, 168);
INSERT INTO CommunicationRecipients (Communication, Member) VALUES (104, 160);
INSERT INTO CommunicationRecipients (Communication, Member) VALUES (104, 100);
INSERT INTO CommunicationRecipients (Communication, Member) VALUES (104, 104);
INSERT INTO CommunicationRecipients (Communication, Member) VALUES (104, 165);
INSERT INTO CommunicationRecipients (Communication, Member) VALUES (104, 145);
INSERT INTO CommunicationRecipients (Communication, Member) VALUES (104, 136);
INSERT INTO CommunicationRecipients (Communication, Member) VALUES (104, 108);
INSERT INTO CommunicationRecipients (Communication, Member) VALUES (104, 151);
INSERT INTO CommunicationRecipients (Communication, Member) VALUES (104, 112);
INSERT INTO CommunicationRecipients (Communication, Member) VALUES (104, 174);
INSERT INTO CommunicationRecipients (Communication, Member) VALUES (104, 186);
INSERT INTO CommunicationRecipients (Communication, Member) VALUES (104, 166);
INSERT INTO CommunicationRecipients (Communication, Member) VALUES (104, 120);
INSERT INTO CommunicationRecipients (Communication, Member) VALUES (104, 103);
INSERT INTO CommunicationRecipients (Communication, Member) VALUES (104, 106);
INSERT INTO CommunicationRecipients (Communication, Member) VALUES (104, 118);
INSERT INTO CommunicationRecipients (Communication, Member) VALUES (104, 175);
INSERT INTO CommunicationRecipients (Communication, Member) VALUES (104, 172);
INSERT INTO CommunicationRecipients (Communication, Member) VALUES (104, 171);
INSERT INTO CommunicationRecipients (Communication, Member) VALUES (104, 178);
INSERT INTO CommunicationRecipients (Communication, Member) VALUES (104, 114);
INSERT INTO CommunicationRecipients (Communication, Member) VALUES (104, 109);
INSERT INTO CommunicationRecipients (Communication, Member) VALUES (104, 191);
INSERT INTO CommunicationRecipients (Communication, Member) VALUES (104, 154);
INSERT INTO CommunicationRecipients (Communication, Member) VALUES (104, 126);
INSERT INTO CommunicationRecipients (Communication, Member) VALUES (104, 187);
INSERT INTO CommunicationRecipients (Communication, Member) VALUES (104, 159);
INSERT INTO CommunicationRecipients (Communication, Member) VALUES (104, 119);
INSERT INTO CommunicationRecipients (Communication, Member) VALUES (104, 148);
INSERT INTO CommunicationRecipients (Communication, Member) VALUES (104, 180);
INSERT INTO CommunicationRecipients (Communication, Member) VALUES (104, 179);
INSERT INTO CommunicationRecipients (Communication, Member) VALUES (104, 192);
INSERT INTO CommunicationRecipients (Communication, Member) VALUES (104, 198);
INSERT INTO CommunicationRecipients (Communication, Member) VALUES (104, 124);
INSERT INTO CommunicationRecipients (Communication, Member) VALUES (104, 101);
INSERT INTO CommunicationRecipients (Communication, Member) VALUES (104, 181);
INSERT INTO CommunicationRecipients (Communication, Member) VALUES (104, 143);
INSERT INTO CommunicationRecipients (Communication, Member) VALUES (104, 182);
INSERT INTO CommunicationRecipients (Communication, Member) VALUES (104, 161);
INSERT INTO CommunicationRecipients (Communication, Member) VALUES (104, 189);
INSERT INTO CommunicationRecipients (Communication, Member) VALUES (104, 139);
INSERT INTO CommunicationRecipients (Communication, Member) VALUES (104, 147);
INSERT INTO CommunicationRecipients (Communication, Member) VALUES (104, 133);
INSERT INTO CommunicationRecipients (Communication, Member) VALUES (104, 135);
INSERT INTO CommunicationRecipients (Communication, Member) VALUES (104, 131);
INSERT INTO CommunicationRecipients (Communication, Member) VALUES (104, 107);
INSERT INTO CommunicationRecipients (Communication, Member) VALUES (104, 152);
INSERT INTO CommunicationRecipients (Communication, Member) VALUES (104, 110);
INSERT INTO CommunicationRecipients (Communication, Member) VALUES (104, 193);
INSERT INTO CommunicationRecipients (Communication, Member) VALUES (104, 137);
INSERT INTO CommunicationRecipients (Communication, Member) VALUES (104, 132);
INSERT INTO CommunicationRecipients (Communication, Member) VALUES (104, 122);
INSERT INTO CommunicationRecipients (Communication, Member) VALUES (104, 169);
INSERT INTO CommunicationRecipients (Communication, Member) VALUES (104, 185);
INSERT INTO CommunicationRecipients (Communication, Member) VALUES (104, 125);
INSERT INTO CommunicationRecipients (Communication, Member) VALUES (104, 144);
INSERT INTO CommunicationRecipients (Communication, Member) VALUES (104, 156);
INSERT INTO CommunicationRecipients (Communication, Member) VALUES (104, 116);
INSERT INTO CommunicationRecipients (Communication, Member) VALUES (104, 167);
INSERT INTO CommunicationRecipients (Communication, Member) VALUES (104, 111);
INSERT INTO CommunicationRecipients (Communication, Member) VALUES (104, 164);
INSERT INTO CommunicationRecipients (Communication, Member) VALUES (104, 123);
INSERT INTO CommunicationRecipients (Communication, Member) VALUES (104, 184);
INSERT INTO CommunicationRecipients (Communication, Member) VALUES (104, 117);
INSERT INTO CommunicationRecipients (Communication, Member) VALUES (104, 105);
INSERT INTO CommunicationRecipients (Communication, Member) VALUES (104, 177);
INSERT INTO CommunicationRecipients (Communication, Member) VALUES (104, 149);
INSERT INTO CommunicationRecipients (Communication, Member) VALUES (104, 176);
INSERT INTO CommunicationRecipients (Communication, Member) VALUES (104, 173);
INSERT INTO CommunicationRecipients (Communication, Member) VALUES (104, 170);
INSERT INTO CommunicationRecipients (Communication, Member) VALUES (104, 146);
INSERT INTO CommunicationRecipients (Communication, Member) VALUES (104, 128);
INSERT INTO CommunicationRecipients (Communication, Member) VALUES (104, 157);
INSERT INTO CommunicationRecipients (Communication, Member) VALUES (104, 127);
INSERT INTO CommunicationRecipients (Communication, Member) VALUES (104, 121);
INSERT INTO CommunicationRecipients (Communication, Member) VALUES (104, 138);
INSERT INTO CommunicationRecipients (Communication, Member) VALUES (104, 197);
INSERT INTO CommunicationRecipients (Communication, Member) VALUES (104, 140);
INSERT INTO CommunicationRecipients (Communication, Member) VALUES (104, 155);
INSERT INTO CommunicationRecipients (Communication, Member) VALUES (104, 195);
INSERT INTO CommunicationRecipients (Communication, Member) VALUES (104, 194);
INSERT INTO CommunicationRecipients (Communication, Member) VALUES (104, 102);
INSERT INTO CommunicationRecipients (Communication, Member) VALUES (104, 158);
INSERT INTO CommunicationRecipients (Communication, Member) VALUES (104, 190);
INSERT INTO CommunicationRecipients (Communication, Member) VALUES (104, 196);
INSERT INTO CommunicationRecipients (Communication, Member) VALUES (104, 150);
INSERT INTO CommunicationRecipients (Communication, Member) VALUES (104, 183);
INSERT INTO CommunicationRecipients (Communication, Member) VALUES (104, 163);
INSERT INTO CommunicationRecipients (Communication, Member) VALUES (104, 141);
INSERT INTO CommunicationRecipients (Communication, Member) VALUES (104, 162);
INSERT INTO CommunicationRecipients (Communication, Member) VALUES (104, 130);
INSERT INTO CommunicationRecipients (Communication, Member) VALUES (104, 153);
INSERT INTO CommunicationRecipients (Communication, Member) VALUES (104, 129);
INSERT INTO Communication (ID, Subject, Content, DateSent) VALUES (105, 'Gear Checkout Hours Update', 'Push respond small hot if hotel real. Particular computer through for firm sound write.
Training majority set poor which west star anything.
Study president some challenge task. Present forget spring. Maintain full catch set five near option.', '2025-08-07 15:24:44');
INSERT INTO CommunicationRecipients (Communication, Member) VALUES (105, 104);
INSERT INTO CommunicationRecipients (Communication, Member) VALUES (105, 150);
INSERT INTO CommunicationRecipients (Communication, Member) VALUES (105, 158);
INSERT INTO CommunicationRecipients (Communication, Member) VALUES (105, 122);
INSERT INTO CommunicationRecipients (Communication, Member) VALUES (105, 148);
INSERT INTO CommunicationRecipients (Communication, Member) VALUES (105, 124);
INSERT INTO CommunicationRecipients (Communication, Member) VALUES (105, 102);
INSERT INTO CommunicationRecipients (Communication, Member) VALUES (105, 116);
INSERT INTO CommunicationRecipients (Communication, Member) VALUES (105, 135);
INSERT INTO CommunicationRecipients (Communication, Member) VALUES (105, 152);
INSERT INTO CommunicationRecipients (Communication, Member) VALUES (105, 133);
INSERT INTO CommunicationRecipients (Communication, Member) VALUES (105, 193);
INSERT INTO CommunicationRecipients (Communication, Member) VALUES (105, 160);
INSERT INTO CommunicationRecipients (Communication, Member) VALUES (105, 119);
INSERT INTO CommunicationRecipients (Communication, Member) VALUES (105, 161);
INSERT INTO CommunicationRecipients (Communication, Member) VALUES (105, 117);
INSERT INTO CommunicationRecipients (Communication, Member) VALUES (105, 169);
INSERT INTO CommunicationRecipients (Communication, Member) VALUES (105, 103);
INSERT INTO CommunicationRecipients (Communication, Member) VALUES (105, 189);
INSERT INTO CommunicationRecipients (Communication, Member) VALUES (105, 141);
INSERT INTO CommunicationRecipients (Communication, Member) VALUES (105, 190);
INSERT INTO CommunicationRecipients (Communication, Member) VALUES (105, 157);
INSERT INTO CommunicationRecipients (Communication, Member) VALUES (105, 197);
INSERT INTO CommunicationRecipients (Communication, Member) VALUES (105, 107);
INSERT INTO CommunicationRecipients (Communication, Member) VALUES (105, 130);
INSERT INTO CommunicationRecipients (Communication, Member) VALUES (105, 187);
INSERT INTO CommunicationRecipients (Communication, Member) VALUES (105, 132);
INSERT INTO CommunicationRecipients (Communication, Member) VALUES (105, 184);
INSERT INTO CommunicationRecipients (Communication, Member) VALUES (105, 145);
INSERT INTO CommunicationRecipients (Communication, Member) VALUES (105, 129);
INSERT INTO CommunicationRecipients (Communication, Member) VALUES (105, 173);
INSERT INTO CommunicationRecipients (Communication, Member) VALUES (105, 180);
INSERT INTO CommunicationRecipients (Communication, Member) VALUES (105, 163);
INSERT INTO CommunicationRecipients (Communication, Member) VALUES (105, 177);
INSERT INTO CommunicationRecipients (Communication, Member) VALUES (105, 176);
INSERT INTO CommunicationRecipients (Communication, Member) VALUES (105, 134);
INSERT INTO CommunicationRecipients (Communication, Member) VALUES (105, 127);
INSERT INTO CommunicationRecipients (Communication, Member) VALUES (105, 136);
INSERT INTO CommunicationRecipients (Communication, Member) VALUES (105, 100);
INSERT INTO CommunicationRecipients (Communication, Member) VALUES (105, 125);
INSERT INTO CommunicationRecipients (Communication, Member) VALUES (105, 182);
INSERT INTO CommunicationRecipients (Communication, Member) VALUES (105, 143);
INSERT INTO CommunicationRecipients (Communication, Member) VALUES (105, 164);
INSERT INTO CommunicationRecipients (Communication, Member) VALUES (105, 110);
INSERT INTO CommunicationRecipients (Communication, Member) VALUES (105, 168);
INSERT INTO CommunicationRecipients (Communication, Member) VALUES (105, 198);
INSERT INTO CommunicationRecipients (Communication, Member) VALUES (105, 137);
INSERT INTO CommunicationRecipients (Communication, Member) VALUES (105, 188);
INSERT INTO CommunicationRecipients (Communication, Member) VALUES (105, 191);
INSERT INTO CommunicationRecipients (Communication, Member) VALUES (105, 112);
INSERT INTO CommunicationRecipients (Communication, Member) VALUES (105, 131);
INSERT INTO Communication (ID, Subject, Content, DateSent) VALUES (106, 'Budget Update', 'Result less per. Discover guy side.
Cost drive leader religious. Know down relate necessary of.
Hard last environmental without. There without stand present life table school.
Seek model soldier claim exactly pull think. Station person break son.', '2025-08-07 15:27:33');
INSERT INTO CommunicationRecipients (Communication, Member) VALUES (106, 136);
INSERT INTO CommunicationRecipients (Communication, Member) VALUES (106, 164);
INSERT INTO CommunicationRecipients (Communication, Member) VALUES (106, 165);
INSERT INTO CommunicationRecipients (Communication, Member) VALUES (106, 195);
INSERT INTO CommunicationRecipients (Communication, Member) VALUES (106, 140);
INSERT INTO CommunicationRecipients (Communication, Member) VALUES (106, 146);
INSERT INTO CommunicationRecipients (Communication, Member) VALUES (106, 112);
INSERT INTO CommunicationRecipients (Communication, Member) VALUES (106, 156);
INSERT INTO CommunicationRecipients (Communication, Member) VALUES (106, 167);
INSERT INTO CommunicationRecipients (Communication, Member) VALUES (106, 184);
INSERT INTO CommunicationRecipients (Communication, Member) VALUES (106, 121);
INSERT INTO CommunicationRecipients (Communication, Member) VALUES (106, 191);
INSERT INTO CommunicationRecipients (Communication, Member) VALUES (106, 120);
INSERT INTO CommunicationRecipients (Communication, Member) VALUES (106, 128);
INSERT INTO CommunicationRecipients (Communication, Member) VALUES (106, 145);
INSERT INTO CommunicationRecipients (Communication, Member) VALUES (106, 190);
INSERT INTO CommunicationRecipients (Communication, Member) VALUES (106, 154);
INSERT INTO CommunicationRecipients (Communication, Member) VALUES (106, 142);
INSERT INTO CommunicationRecipients (Communication, Member) VALUES (106, 117);
INSERT INTO CommunicationRecipients (Communication, Member) VALUES (106, 116);
INSERT INTO CommunicationRecipients (Communication, Member) VALUES (106, 194);
INSERT INTO CommunicationRecipients (Communication, Member) VALUES (106, 144);
INSERT INTO CommunicationRecipients (Communication, Member) VALUES (106, 162);
INSERT INTO CommunicationRecipients (Communication, Member) VALUES (106, 173);
INSERT INTO CommunicationRecipients (Communication, Member) VALUES (106, 129);
INSERT INTO CommunicationRecipients (Communication, Member) VALUES (106, 186);
INSERT INTO CommunicationRecipients (Communication, Member) VALUES (106, 196);
INSERT INTO CommunicationRecipients (Communication, Member) VALUES (106, 105);
INSERT INTO CommunicationRecipients (Communication, Member) VALUES (106, 127);
INSERT INTO CommunicationRecipients (Communication, Member) VALUES (106, 171);
INSERT INTO CommunicationRecipients (Communication, Member) VALUES (106, 102);
INSERT INTO CommunicationRecipients (Communication, Member) VALUES (106, 177);
INSERT INTO CommunicationRecipients (Communication, Member) VALUES (106, 132);
INSERT INTO CommunicationRecipients (Communication, Member) VALUES (106, 150);
INSERT INTO CommunicationRecipients (Communication, Member) VALUES (106, 179);
INSERT INTO CommunicationRecipients (Communication, Member) VALUES (106, 115);
INSERT INTO CommunicationRecipients (Communication, Member) VALUES (106, 126);
INSERT INTO CommunicationRecipients (Communication, Member) VALUES (106, 178);
INSERT INTO CommunicationRecipients (Communication, Member) VALUES (106, 187);
INSERT INTO CommunicationRecipients (Communication, Member) VALUES (106, 114);
INSERT INTO CommunicationRecipients (Communication, Member) VALUES (106, 193);
INSERT INTO CommunicationRecipients (Communication, Member) VALUES (106, 188);
INSERT INTO CommunicationRecipients (Communication, Member) VALUES (106, 103);
INSERT INTO CommunicationRecipients (Communication, Member) VALUES (106, 163);
INSERT INTO CommunicationRecipients (Communication, Member) VALUES (106, 100);
INSERT INTO CommunicationRecipients (Communication, Member) VALUES (106, 198);
INSERT INTO CommunicationRecipients (Communication, Member) VALUES (106, 130);
INSERT INTO CommunicationRecipients (Communication, Member) VALUES (106, 139);
INSERT INTO CommunicationRecipients (Communication, Member) VALUES (106, 122);
INSERT INTO CommunicationRecipients (Communication, Member) VALUES (106, 148);
INSERT INTO CommunicationRecipients (Communication, Member) VALUES (106, 133);
INSERT INTO CommunicationRecipients (Communication, Member) VALUES (106, 183);
INSERT INTO CommunicationRecipients (Communication, Member) VALUES (106, 143);
INSERT INTO CommunicationRecipients (Communication, Member) VALUES (106, 138);
INSERT INTO CommunicationRecipients (Communication, Member) VALUES (106, 158);
INSERT INTO CommunicationRecipients (Communication, Member) VALUES (106, 123);
INSERT INTO CommunicationRecipients (Communication, Member) VALUES (106, 185);
INSERT INTO Communication (ID, Subject, Content, DateSent) VALUES (107, 'Club Meeting This Thursday', 'Baby allow quickly set economic attention mouth. Upon painting play remain message.
Support return you. Build blue wish understand mouth house third professional. Sit section organization.
Remember city picture listen hard right plant. Such although from sure skill art whatever.', '2025-08-07 15:27:54');
INSERT INTO CommunicationRecipients (Communication, Member) VALUES (107, 166);
INSERT INTO CommunicationRecipients (Communication, Member) VALUES (107, 111);
INSERT INTO CommunicationRecipients (Communication, Member) VALUES (107, 105);
INSERT INTO CommunicationRecipients (Communication, Member) VALUES (107, 157);
INSERT INTO CommunicationRecipients (Communication, Member) VALUES (107, 180);
INSERT INTO CommunicationRecipients (Communication, Member) VALUES (107, 171);
INSERT INTO CommunicationRecipients (Communication, Member) VALUES (107, 162);
INSERT INTO CommunicationRecipients (Communication, Member) VALUES (107, 123);
INSERT INTO CommunicationRecipients (Communication, Member) VALUES (107, 183);
INSERT INTO CommunicationRecipients (Communication, Member) VALUES (107, 159);
INSERT INTO CommunicationRecipients (Communication, Member) VALUES (107, 140);
INSERT INTO CommunicationRecipients (Communication, Member) VALUES (107, 192);
INSERT INTO CommunicationRecipients (Communication, Member) VALUES (107, 133);
INSERT INTO CommunicationRecipients (Communication, Member) VALUES (107, 129);
INSERT INTO CommunicationRecipients (Communication, Member) VALUES (107, 104);
INSERT INTO CommunicationRecipients (Communication, Member) VALUES (107, 127);
INSERT INTO CommunicationRecipients (Communication, Member) VALUES (107, 185);
INSERT INTO CommunicationRecipients (Communication, Member) VALUES (107, 100);
INSERT INTO CommunicationRecipients (Communication, Member) VALUES (107, 199);
INSERT INTO CommunicationRecipients (Communication, Member) VALUES (107, 143);
INSERT INTO CommunicationRecipients (Communication, Member) VALUES (107, 125);
INSERT INTO CommunicationRecipients (Communication, Member) VALUES (107, 156);
INSERT INTO CommunicationRecipients (Communication, Member) VALUES (107, 175);
INSERT INTO CommunicationRecipients (Communication, Member) VALUES (107, 190);
INSERT INTO CommunicationRecipients (Communication, Member) VALUES (107, 106);
INSERT INTO CommunicationRecipients (Communication, Member) VALUES (107, 191);
INSERT INTO CommunicationRecipients (Communication, Member) VALUES (107, 165);
INSERT INTO CommunicationRecipients (Communication, Member) VALUES (107, 188);
INSERT INTO CommunicationRecipients (Communication, Member) VALUES (107, 197);
INSERT INTO CommunicationRecipients (Communication, Member) VALUES (107, 160);
INSERT INTO CommunicationRecipients (Communication, Member) VALUES (107, 186);
INSERT INTO CommunicationRecipients (Communication, Member) VALUES (107, 161);
INSERT INTO CommunicationRecipients (Communication, Member) VALUES (107, 148);
INSERT INTO CommunicationRecipients (Communication, Member) VALUES (107, 110);
INSERT INTO CommunicationRecipients (Communication, Member) VALUES (107, 101);
INSERT INTO CommunicationRecipients (Communication, Member) VALUES (107, 113);
INSERT INTO Communication (ID, Subject, Content, DateSent) VALUES (108, 'Safety Reminder: Winter Conditions', 'Property never wonder lawyer role newspaper response. I beat present from.
Positive catch she scene final research need. Against space central talk campaign. Movement myself improve which second process.
Little call save final case visit. Actually authority long.', '2025-08-07 15:24:21');
INSERT INTO CommunicationRecipients (Communication, Member) VALUES (108, 128);
INSERT INTO CommunicationRecipients (Communication, Member) VALUES (108, 192);
INSERT INTO CommunicationRecipients (Communication, Member) VALUES (108, 100);
INSERT INTO CommunicationRecipients (Communication, Member) VALUES (108, 190);
INSERT INTO CommunicationRecipients (Communication, Member) VALUES (108, 165);
INSERT INTO CommunicationRecipients (Communication, Member) VALUES (108, 187);
INSERT INTO CommunicationRecipients (Communication, Member) VALUES (108, 134);
INSERT INTO CommunicationRecipients (Communication, Member) VALUES (108, 157);
INSERT INTO CommunicationRecipients (Communication, Member) VALUES (108, 123);
INSERT INTO CommunicationRecipients (Communication, Member) VALUES (108, 106);
INSERT INTO CommunicationRecipients (Communication, Member) VALUES (108, 104);
INSERT INTO CommunicationRecipients (Communication, Member) VALUES (108, 191);
INSERT INTO CommunicationRecipients (Communication, Member) VALUES (108, 169);
INSERT INTO CommunicationRecipients (Communication, Member) VALUES (108, 176);
INSERT INTO CommunicationRecipients (Communication, Member) VALUES (108, 102);
INSERT INTO CommunicationRecipients (Communication, Member) VALUES (108, 178);
INSERT INTO CommunicationRecipients (Communication, Member) VALUES (108, 108);
INSERT INTO CommunicationRecipients (Communication, Member) VALUES (108, 149);
INSERT INTO CommunicationRecipients (Communication, Member) VALUES (108, 103);
INSERT INTO CommunicationRecipients (Communication, Member) VALUES (108, 198);
INSERT INTO CommunicationRecipients (Communication, Member) VALUES (108, 175);
INSERT INTO CommunicationRecipients (Communication, Member) VALUES (108, 156);
INSERT INTO CommunicationRecipients (Communication, Member) VALUES (108, 124);
INSERT INTO CommunicationRecipients (Communication, Member) VALUES (108, 153);
INSERT INTO CommunicationRecipients (Communication, Member) VALUES (108, 120);
INSERT INTO CommunicationRecipients (Communication, Member) VALUES (108, 101);
INSERT INTO CommunicationRecipients (Communication, Member) VALUES (108, 113);
INSERT INTO CommunicationRecipients (Communication, Member) VALUES (108, 135);
INSERT INTO CommunicationRecipients (Communication, Member) VALUES (108, 180);
INSERT INTO CommunicationRecipients (Communication, Member) VALUES (108, 131);
INSERT INTO CommunicationRecipients (Communication, Member) VALUES (108, 142);
INSERT INTO CommunicationRecipients (Communication, Member) VALUES (108, 146);
INSERT INTO CommunicationRecipients (Communication, Member) VALUES (108, 174);
INSERT INTO CommunicationRecipients (Communication, Member) VALUES (108, 177);
INSERT INTO CommunicationRecipients (Communication, Member) VALUES (108, 115);
INSERT INTO CommunicationRecipients (Communication, Member) VALUES (108, 121);
INSERT INTO CommunicationRecipients (Communication, Member) VALUES (108, 143);
INSERT INTO CommunicationRecipients (Communication, Member) VALUES (108, 160);
INSERT INTO CommunicationRecipients (Communication, Member) VALUES (108, 133);
INSERT INTO CommunicationRecipients (Communication, Member) VALUES (108, 117);
INSERT INTO CommunicationRecipients (Communication, Member) VALUES (108, 112);
INSERT INTO CommunicationRecipients (Communication, Member) VALUES (108, 129);
INSERT INTO CommunicationRecipients (Communication, Member) VALUES (108, 166);
INSERT INTO CommunicationRecipients (Communication, Member) VALUES (108, 144);
INSERT INTO CommunicationRecipients (Communication, Member) VALUES (108, 172);
INSERT INTO CommunicationRecipients (Communication, Member) VALUES (108, 148);
INSERT INTO CommunicationRecipients (Communication, Member) VALUES (108, 138);
INSERT INTO CommunicationRecipients (Communication, Member) VALUES (108, 162);
INSERT INTO CommunicationRecipients (Communication, Member) VALUES (108, 164);
INSERT INTO CommunicationRecipients (Communication, Member) VALUES (108, 140);
INSERT INTO CommunicationRecipients (Communication, Member) VALUES (108, 186);
INSERT INTO CommunicationRecipients (Communication, Member) VALUES (108, 145);
INSERT INTO CommunicationRecipients (Communication, Member) VALUES (108, 125);
INSERT INTO CommunicationRecipients (Communication, Member) VALUES (108, 170);
INSERT INTO CommunicationRecipients (Communication, Member) VALUES (108, 116);
INSERT INTO CommunicationRecipients (Communication, Member) VALUES (108, 183);
INSERT INTO CommunicationRecipients (Communication, Member) VALUES (108, 179);
INSERT INTO CommunicationRecipients (Communication, Member) VALUES (108, 130);
INSERT INTO CommunicationRecipients (Communication, Member) VALUES (108, 139);
INSERT INTO CommunicationRecipients (Communication, Member) VALUES (108, 189);
INSERT INTO CommunicationRecipients (Communication, Member) VALUES (108, 182);
INSERT INTO CommunicationRecipients (Communication, Member) VALUES (108, 163);
INSERT INTO CommunicationRecipients (Communication, Member) VALUES (108, 173);
INSERT INTO CommunicationRecipients (Communication, Member) VALUES (108, 155);
INSERT INTO CommunicationRecipients (Communication, Member) VALUES (108, 167);
INSERT INTO CommunicationRecipients (Communication, Member) VALUES (108, 110);
INSERT INTO CommunicationRecipients (Communication, Member) VALUES (108, 199);
INSERT INTO CommunicationRecipients (Communication, Member) VALUES (108, 118);
INSERT INTO CommunicationRecipients (Communication, Member) VALUES (108, 194);
INSERT INTO CommunicationRecipients (Communication, Member) VALUES (108, 122);
INSERT INTO Communication (ID, Subject, Content, DateSent) VALUES (109, 'Weather Advisory', 'Herself sound keep if American. Those Mrs most grow himself each. Personal amount indeed radio like another.
Economy face mean. Military while might cover writer program power.', '2025-08-07 15:25:47');
INSERT INTO CommunicationRecipients (Communication, Member) VALUES (109, 177);
INSERT INTO CommunicationRecipients (Communication, Member) VALUES (109, 140);
INSERT INTO CommunicationRecipients (Communication, Member) VALUES (109, 164);
INSERT INTO CommunicationRecipients (Communication, Member) VALUES (109, 109);
INSERT INTO CommunicationRecipients (Communication, Member) VALUES (109, 162);
INSERT INTO CommunicationRecipients (Communication, Member) VALUES (109, 186);
INSERT INTO CommunicationRecipients (Communication, Member) VALUES (109, 183);
INSERT INTO CommunicationRecipients (Communication, Member) VALUES (109, 149);
INSERT INTO CommunicationRecipients (Communication, Member) VALUES (109, 120);
INSERT INTO CommunicationRecipients (Communication, Member) VALUES (109, 178);
INSERT INTO CommunicationRecipients (Communication, Member) VALUES (109, 106);
INSERT INTO CommunicationRecipients (Communication, Member) VALUES (109, 101);
INSERT INTO CommunicationRecipients (Communication, Member) VALUES (109, 175);
INSERT INTO CommunicationRecipients (Communication, Member) VALUES (109, 163);
INSERT INTO CommunicationRecipients (Communication, Member) VALUES (109, 138);
INSERT INTO CommunicationRecipients (Communication, Member) VALUES (109, 192);
INSERT INTO CommunicationRecipients (Communication, Member) VALUES (109, 199);
INSERT INTO CommunicationRecipients (Communication, Member) VALUES (109, 153);
INSERT INTO CommunicationRecipients (Communication, Member) VALUES (109, 133);
INSERT INTO CommunicationRecipients (Communication, Member) VALUES (109, 118);
INSERT INTO CommunicationRecipients (Communication, Member) VALUES (109, 150);
INSERT INTO CommunicationRecipients (Communication, Member) VALUES (109, 161);
INSERT INTO CommunicationRecipients (Communication, Member) VALUES (109, 184);
INSERT INTO CommunicationRecipients (Communication, Member) VALUES (109, 159);
INSERT INTO CommunicationRecipients (Communication, Member) VALUES (109, 105);
INSERT INTO CommunicationRecipients (Communication, Member) VALUES (109, 176);
INSERT INTO CommunicationRecipients (Communication, Member) VALUES (109, 173);
INSERT INTO CommunicationRecipients (Communication, Member) VALUES (109, 111);
INSERT INTO CommunicationRecipients (Communication, Member) VALUES (109, 170);
INSERT INTO CommunicationRecipients (Communication, Member) VALUES (109, 129);
INSERT INTO CommunicationRecipients (Communication, Member) VALUES (109, 143);
INSERT INTO CommunicationRecipients (Communication, Member) VALUES (109, 130);
INSERT INTO CommunicationRecipients (Communication, Member) VALUES (109, 182);
INSERT INTO CommunicationRecipients (Communication, Member) VALUES (109, 185);
INSERT INTO CommunicationRecipients (Communication, Member) VALUES (109, 189);
INSERT INTO CommunicationRecipients (Communication, Member) VALUES (109, 114);
INSERT INTO CommunicationRecipients (Communication, Member) VALUES (109, 126);
INSERT INTO CommunicationRecipients (Communication, Member) VALUES (109, 197);
INSERT INTO CommunicationRecipients (Communication, Member) VALUES (109, 124);
INSERT INTO CommunicationRecipients (Communication, Member) VALUES (109, 166);
INSERT INTO CommunicationRecipients (Communication, Member) VALUES (109, 195);
INSERT INTO CommunicationRecipients (Communication, Member) VALUES (109, 193);
INSERT INTO CommunicationRecipients (Communication, Member) VALUES (109, 155);
INSERT INTO CommunicationRecipients (Communication, Member) VALUES (109, 115);
INSERT INTO CommunicationRecipients (Communication, Member) VALUES (109, 134);
INSERT INTO CommunicationRecipients (Communication, Member) VALUES (109, 158);
INSERT INTO CommunicationRecipients (Communication, Member) VALUES (109, 160);
INSERT INTO CommunicationRecipients (Communication, Member) VALUES (109, 148);
INSERT INTO CommunicationRecipients (Communication, Member) VALUES (109, 135);
INSERT INTO CommunicationRecipients (Communication, Member) VALUES (109, 125);
INSERT INTO CommunicationRecipients (Communication, Member) VALUES (109, 110);
INSERT INTO CommunicationRecipients (Communication, Member) VALUES (109, 154);
INSERT INTO CommunicationRecipients (Communication, Member) VALUES (109, 113);
INSERT INTO CommunicationRecipients (Communication, Member) VALUES (109, 108);
INSERT INTO CommunicationRecipients (Communication, Member) VALUES (109, 198);
INSERT INTO CommunicationRecipients (Communication, Member) VALUES (109, 144);
INSERT INTO CommunicationRecipients (Communication, Member) VALUES (109, 112);
INSERT INTO CommunicationRecipients (Communication, Member) VALUES (109, 181);
INSERT INTO CommunicationRecipients (Communication, Member) VALUES (109, 131);
INSERT INTO CommunicationRecipients (Communication, Member) VALUES (109, 102);
INSERT INTO CommunicationRecipients (Communication, Member) VALUES (109, 172);
INSERT INTO CommunicationRecipients (Communication, Member) VALUES (109, 119);
INSERT INTO CommunicationRecipients (Communication, Member) VALUES (109, 187);
INSERT INTO Communication (ID, Subject, Content, DateSent) VALUES (110, 'New Gear Available', 'Church despite above ok production. Spring long great particularly doctor. Mission soon among particular view beyond.
Who claim six hard campaign letter member. Adult we impact much example about.', '2025-08-07 15:25:00');
INSERT INTO CommunicationRecipients (Communication, Member) VALUES (110, 118);
INSERT INTO CommunicationRecipients (Communication, Member) VALUES (110, 162);
INSERT INTO CommunicationRecipients (Communication, Member) VALUES (110, 193);
INSERT INTO CommunicationRecipients (Communication, Member) VALUES (110, 149);
INSERT INTO CommunicationRecipients (Communication, Member) VALUES (110, 173);
INSERT INTO CommunicationRecipients (Communication, Member) VALUES (110, 110);
INSERT INTO CommunicationRecipients (Communication, Member) VALUES (110, 168);
INSERT INTO CommunicationRecipients (Communication, Member) VALUES (110, 187);
INSERT INTO CommunicationRecipients (Communication, Member) VALUES (110, 114);
INSERT INTO CommunicationRecipients (Communication, Member) VALUES (110, 154);
INSERT INTO CommunicationRecipients (Communication, Member) VALUES (110, 103);
INSERT INTO CommunicationRecipients (Communication, Member) VALUES (110, 146);
INSERT INTO CommunicationRecipients (Communication, Member) VALUES (110, 188);
INSERT INTO CommunicationRecipients (Communication, Member) VALUES (110, 157);
INSERT INTO CommunicationRecipients (Communication, Member) VALUES (110, 158);
INSERT INTO CommunicationRecipients (Communication, Member) VALUES (110, 167);
INSERT INTO CommunicationRecipients (Communication, Member) VALUES (110, 177);
INSERT INTO CommunicationRecipients (Communication, Member) VALUES (110, 107);
INSERT INTO CommunicationRecipients (Communication, Member) VALUES (110, 126);
INSERT INTO CommunicationRecipients (Communication, Member) VALUES (110, 112);
INSERT INTO CommunicationRecipients (Communication, Member) VALUES (110, 174);
INSERT INTO CommunicationRecipients (Communication, Member) VALUES (110, 179);
INSERT INTO CommunicationRecipients (Communication, Member) VALUES (110, 152);
INSERT INTO CommunicationRecipients (Communication, Member) VALUES (110, 184);
INSERT INTO CommunicationRecipients (Communication, Member) VALUES (110, 159);
INSERT INTO CommunicationRecipients (Communication, Member) VALUES (110, 197);
INSERT INTO CommunicationRecipients (Communication, Member) VALUES (110, 132);
INSERT INTO CommunicationRecipients (Communication, Member) VALUES (110, 164);
INSERT INTO CommunicationRecipients (Communication, Member) VALUES (110, 183);
INSERT INTO CommunicationRecipients (Communication, Member) VALUES (110, 182);
INSERT INTO CommunicationRecipients (Communication, Member) VALUES (110, 125);
INSERT INTO CommunicationRecipients (Communication, Member) VALUES (110, 123);
INSERT INTO CommunicationRecipients (Communication, Member) VALUES (110, 122);
INSERT INTO CommunicationRecipients (Communication, Member) VALUES (110, 109);
INSERT INTO CommunicationRecipients (Communication, Member) VALUES (110, 137);
INSERT INTO CommunicationRecipients (Communication, Member) VALUES (110, 151);
INSERT INTO CommunicationRecipients (Communication, Member) VALUES (110, 156);
INSERT INTO CommunicationRecipients (Communication, Member) VALUES (110, 175);
INSERT INTO CommunicationRecipients (Communication, Member) VALUES (110, 144);
INSERT INTO CommunicationRecipients (Communication, Member) VALUES (110, 117);
INSERT INTO CommunicationRecipients (Communication, Member) VALUES (110, 141);
INSERT INTO CommunicationRecipients (Communication, Member) VALUES (110, 121);
INSERT INTO CommunicationRecipients (Communication, Member) VALUES (110, 102);
INSERT INTO CommunicationRecipients (Communication, Member) VALUES (110, 111);
INSERT INTO CommunicationRecipients (Communication, Member) VALUES (110, 196);
INSERT INTO CommunicationRecipients (Communication, Member) VALUES (110, 180);
INSERT INTO CommunicationRecipients (Communication, Member) VALUES (110, 165);
INSERT INTO CommunicationRecipients (Communication, Member) VALUES (110, 147);
INSERT INTO CommunicationRecipients (Communication, Member) VALUES (110, 198);
INSERT INTO CommunicationRecipients (Communication, Member) VALUES (110, 106);
INSERT INTO CommunicationRecipients (Communication, Member) VALUES (110, 130);
INSERT INTO CommunicationRecipients (Communication, Member) VALUES (110, 138);
INSERT INTO CommunicationRecipients (Communication, Member) VALUES (110, 189);
INSERT INTO CommunicationRecipients (Communication, Member) VALUES (110, 119);
INSERT INTO CommunicationRecipients (Communication, Member) VALUES (110, 161);
INSERT INTO CommunicationRecipients (Communication, Member) VALUES (110, 143);
INSERT INTO CommunicationRecipients (Communication, Member) VALUES (110, 108);
INSERT INTO CommunicationRecipients (Communication, Member) VALUES (110, 150);
INSERT INTO CommunicationRecipients (Communication, Member) VALUES (110, 160);
INSERT INTO CommunicationRecipients (Communication, Member) VALUES (110, 191);
INSERT INTO CommunicationRecipients (Communication, Member) VALUES (110, 181);
INSERT INTO CommunicationRecipients (Communication, Member) VALUES (110, 169);
INSERT INTO CommunicationRecipients (Communication, Member) VALUES (110, 113);
INSERT INTO CommunicationRecipients (Communication, Member) VALUES (110, 199);
INSERT INTO CommunicationRecipients (Communication, Member) VALUES (110, 105);
INSERT INTO CommunicationRecipients (Communication, Member) VALUES (110, 155);
INSERT INTO CommunicationRecipients (Communication, Member) VALUES (110, 186);
INSERT INTO CommunicationRecipients (Communication, Member) VALUES (110, 136);
INSERT INTO CommunicationRecipients (Communication, Member) VALUES (110, 145);
INSERT INTO CommunicationRecipients (Communication, Member) VALUES (110, 135);
INSERT INTO CommunicationRecipients (Communication, Member) VALUES (110, 142);
INSERT INTO CommunicationRecipients (Communication, Member) VALUES (110, 195);
INSERT INTO CommunicationRecipients (Communication, Member) VALUES (110, 134);
INSERT INTO CommunicationRecipients (Communication, Member) VALUES (110, 101);
INSERT INTO CommunicationRecipients (Communication, Member) VALUES (110, 127);
INSERT INTO CommunicationRecipients (Communication, Member) VALUES (110, 153);
INSERT INTO CommunicationRecipients (Communication, Member) VALUES (110, 129);
INSERT INTO CommunicationRecipients (Communication, Member) VALUES (110, 133);
INSERT INTO CommunicationRecipients (Communication, Member) VALUES (110, 115);
INSERT INTO CommunicationRecipients (Communication, Member) VALUES (110, 124);
INSERT INTO CommunicationRecipients (Communication, Member) VALUES (110, 171);
INSERT INTO CommunicationRecipients (Communication, Member) VALUES (110, 139);
INSERT INTO CommunicationRecipients (Communication, Member) VALUES (110, 116);
INSERT INTO Communication (ID, Subject, Content, DateSent) VALUES (111, 'New Member Welcome', 'Economic item weight blue raise western. Project answer newspaper.
Now between hair. Finally consider wear message. Million help story voice mission.
Ok fight around seem. Civil senior likely mind. Father admit off discover her not still.', '2025-08-07 15:25:51');
INSERT INTO CommunicationRecipients (Communication, Member) VALUES (111, 197);
INSERT INTO CommunicationRecipients (Communication, Member) VALUES (111, 177);
INSERT INTO CommunicationRecipients (Communication, Member) VALUES (111, 109);
INSERT INTO CommunicationRecipients (Communication, Member) VALUES (111, 184);
INSERT INTO CommunicationRecipients (Communication, Member) VALUES (111, 142);
INSERT INTO CommunicationRecipients (Communication, Member) VALUES (111, 173);
INSERT INTO CommunicationRecipients (Communication, Member) VALUES (111, 163);
INSERT INTO CommunicationRecipients (Communication, Member) VALUES (111, 102);
INSERT INTO CommunicationRecipients (Communication, Member) VALUES (111, 101);
INSERT INTO CommunicationRecipients (Communication, Member) VALUES (111, 193);
INSERT INTO CommunicationRecipients (Communication, Member) VALUES (111, 114);
INSERT INTO CommunicationRecipients (Communication, Member) VALUES (111, 194);
INSERT INTO CommunicationRecipients (Communication, Member) VALUES (111, 125);
INSERT INTO CommunicationRecipients (Communication, Member) VALUES (111, 167);
INSERT INTO CommunicationRecipients (Communication, Member) VALUES (111, 124);
INSERT INTO CommunicationRecipients (Communication, Member) VALUES (111, 195);
INSERT INTO CommunicationRecipients (Communication, Member) VALUES (111, 183);
INSERT INTO CommunicationRecipients (Communication, Member) VALUES (111, 100);
INSERT INTO CommunicationRecipients (Communication, Member) VALUES (111, 123);
INSERT INTO CommunicationRecipients (Communication, Member) VALUES (111, 147);
INSERT INTO CommunicationRecipients (Communication, Member) VALUES (111, 199);
INSERT INTO CommunicationRecipients (Communication, Member) VALUES (111, 182);
INSERT INTO CommunicationRecipients (Communication, Member) VALUES (111, 106);
INSERT INTO CommunicationRecipients (Communication, Member) VALUES (111, 115);
INSERT INTO CommunicationRecipients (Communication, Member) VALUES (111, 107);
INSERT INTO CommunicationRecipients (Communication, Member) VALUES (111, 137);
INSERT INTO CommunicationRecipients (Communication, Member) VALUES (111, 186);
INSERT INTO CommunicationRecipients (Communication, Member) VALUES (111, 153);
INSERT INTO CommunicationRecipients (Communication, Member) VALUES (111, 120);
INSERT INTO CommunicationRecipients (Communication, Member) VALUES (111, 172);
INSERT INTO CommunicationRecipients (Communication, Member) VALUES (111, 127);
INSERT INTO CommunicationRecipients (Communication, Member) VALUES (111, 169);
INSERT INTO CommunicationRecipients (Communication, Member) VALUES (111, 159);
INSERT INTO CommunicationRecipients (Communication, Member) VALUES (111, 155);
INSERT INTO CommunicationRecipients (Communication, Member) VALUES (111, 192);
INSERT INTO CommunicationRecipients (Communication, Member) VALUES (111, 170);
INSERT INTO CommunicationRecipients (Communication, Member) VALUES (111, 180);
INSERT INTO CommunicationRecipients (Communication, Member) VALUES (111, 143);
INSERT INTO CommunicationRecipients (Communication, Member) VALUES (111, 111);
INSERT INTO CommunicationRecipients (Communication, Member) VALUES (111, 132);
INSERT INTO CommunicationRecipients (Communication, Member) VALUES (111, 128);
INSERT INTO CommunicationRecipients (Communication, Member) VALUES (111, 190);
INSERT INTO CommunicationRecipients (Communication, Member) VALUES (111, 196);
INSERT INTO CommunicationRecipients (Communication, Member) VALUES (111, 188);
INSERT INTO CommunicationRecipients (Communication, Member) VALUES (111, 191);
INSERT INTO CommunicationRecipients (Communication, Member) VALUES (111, 150);
INSERT INTO CommunicationRecipients (Communication, Member) VALUES (111, 179);
INSERT INTO CommunicationRecipients (Communication, Member) VALUES (111, 175);
INSERT INTO CommunicationRecipients (Communication, Member) VALUES (111, 119);
INSERT INTO CommunicationRecipients (Communication, Member) VALUES (111, 105);
INSERT INTO CommunicationRecipients (Communication, Member) VALUES (111, 133);
INSERT INTO CommunicationRecipients (Communication, Member) VALUES (111, 140);
INSERT INTO CommunicationRecipients (Communication, Member) VALUES (111, 145);
INSERT INTO CommunicationRecipients (Communication, Member) VALUES (111, 112);
INSERT INTO CommunicationRecipients (Communication, Member) VALUES (111, 158);
INSERT INTO CommunicationRecipients (Communication, Member) VALUES (111, 131);
INSERT INTO CommunicationRecipients (Communication, Member) VALUES (111, 198);
INSERT INTO CommunicationRecipients (Communication, Member) VALUES (111, 113);
INSERT INTO CommunicationRecipients (Communication, Member) VALUES (111, 144);
INSERT INTO CommunicationRecipients (Communication, Member) VALUES (111, 121);
INSERT INTO CommunicationRecipients (Communication, Member) VALUES (111, 148);
INSERT INTO CommunicationRecipients (Communication, Member) VALUES (111, 130);
INSERT INTO CommunicationRecipients (Communication, Member) VALUES (111, 189);
INSERT INTO CommunicationRecipients (Communication, Member) VALUES (111, 134);
INSERT INTO CommunicationRecipients (Communication, Member) VALUES (111, 126);
INSERT INTO CommunicationRecipients (Communication, Member) VALUES (111, 151);
INSERT INTO CommunicationRecipients (Communication, Member) VALUES (111, 122);
INSERT INTO CommunicationRecipients (Communication, Member) VALUES (111, 103);
INSERT INTO CommunicationRecipients (Communication, Member) VALUES (111, 185);
INSERT INTO CommunicationRecipients (Communication, Member) VALUES (111, 168);
INSERT INTO CommunicationRecipients (Communication, Member) VALUES (111, 176);
INSERT INTO CommunicationRecipients (Communication, Member) VALUES (111, 154);
INSERT INTO CommunicationRecipients (Communication, Member) VALUES (111, 156);
INSERT INTO CommunicationRecipients (Communication, Member) VALUES (111, 139);
INSERT INTO CommunicationRecipients (Communication, Member) VALUES (111, 152);
INSERT INTO CommunicationRecipients (Communication, Member) VALUES (111, 135);
INSERT INTO CommunicationRecipients (Communication, Member) VALUES (111, 174);
INSERT INTO CommunicationRecipients (Communication, Member) VALUES (111, 129);
INSERT INTO CommunicationRecipients (Communication, Member) VALUES (111, 146);
INSERT INTO CommunicationRecipients (Communication, Member) VALUES (111, 149);
INSERT INTO CommunicationRecipients (Communication, Member) VALUES (111, 110);
INSERT INTO CommunicationRecipients (Communication, Member) VALUES (111, 116);
INSERT INTO CommunicationRecipients (Communication, Member) VALUES (111, 166);
INSERT INTO CommunicationRecipients (Communication, Member) VALUES (111, 178);
INSERT INTO CommunicationRecipients (Communication, Member) VALUES (111, 160);
INSERT INTO CommunicationRecipients (Communication, Member) VALUES (111, 187);
INSERT INTO CommunicationRecipients (Communication, Member) VALUES (111, 161);
INSERT INTO CommunicationRecipients (Communication, Member) VALUES (111, 181);
INSERT INTO CommunicationRecipients (Communication, Member) VALUES (111, 118);
INSERT INTO CommunicationRecipients (Communication, Member) VALUES (111, 136);
INSERT INTO CommunicationRecipients (Communication, Member) VALUES (111, 171);
INSERT INTO CommunicationRecipients (Communication, Member) VALUES (111, 108);
INSERT INTO CommunicationRecipients (Communication, Member) VALUES (111, 164);
INSERT INTO CommunicationRecipients (Communication, Member) VALUES (111, 157);
INSERT INTO CommunicationRecipients (Communication, Member) VALUES (111, 104);
INSERT INTO Communication (ID, Subject, Content, DateSent) VALUES (112, 'Club Meeting This Thursday', 'Town choose focus. Author and no physical half attack culture. Summer party citizen leg.
Choice heavy series. Hospital other foreign agreement sea.', '2025-08-07 15:26:50');
INSERT INTO CommunicationRecipients (Communication, Member) VALUES (112, 140);
INSERT INTO CommunicationRecipients (Communication, Member) VALUES (112, 179);
INSERT INTO CommunicationRecipients (Communication, Member) VALUES (112, 185);
INSERT INTO CommunicationRecipients (Communication, Member) VALUES (112, 164);
INSERT INTO CommunicationRecipients (Communication, Member) VALUES (112, 161);
INSERT INTO CommunicationRecipients (Communication, Member) VALUES (112, 187);
INSERT INTO CommunicationRecipients (Communication, Member) VALUES (112, 138);
INSERT INTO CommunicationRecipients (Communication, Member) VALUES (112, 156);
INSERT INTO CommunicationRecipients (Communication, Member) VALUES (112, 149);
INSERT INTO CommunicationRecipients (Communication, Member) VALUES (112, 139);
INSERT INTO CommunicationRecipients (Communication, Member) VALUES (112, 143);
INSERT INTO CommunicationRecipients (Communication, Member) VALUES (112, 165);
INSERT INTO CommunicationRecipients (Communication, Member) VALUES (112, 157);
INSERT INTO CommunicationRecipients (Communication, Member) VALUES (112, 199);
INSERT INTO CommunicationRecipients (Communication, Member) VALUES (112, 190);
INSERT INTO CommunicationRecipients (Communication, Member) VALUES (112, 128);
INSERT INTO CommunicationRecipients (Communication, Member) VALUES (112, 153);
INSERT INTO CommunicationRecipients (Communication, Member) VALUES (112, 142);
INSERT INTO CommunicationRecipients (Communication, Member) VALUES (112, 148);
INSERT INTO CommunicationRecipients (Communication, Member) VALUES (112, 158);
INSERT INTO CommunicationRecipients (Communication, Member) VALUES (112, 120);
INSERT INTO CommunicationRecipients (Communication, Member) VALUES (112, 155);
INSERT INTO CommunicationRecipients (Communication, Member) VALUES (112, 118);
INSERT INTO CommunicationRecipients (Communication, Member) VALUES (112, 169);
INSERT INTO CommunicationRecipients (Communication, Member) VALUES (112, 194);
INSERT INTO CommunicationRecipients (Communication, Member) VALUES (112, 172);
INSERT INTO CommunicationRecipients (Communication, Member) VALUES (112, 171);
INSERT INTO CommunicationRecipients (Communication, Member) VALUES (112, 150);
INSERT INTO CommunicationRecipients (Communication, Member) VALUES (112, 103);
INSERT INTO CommunicationRecipients (Communication, Member) VALUES (112, 167);
INSERT INTO CommunicationRecipients (Communication, Member) VALUES (112, 177);
INSERT INTO CommunicationRecipients (Communication, Member) VALUES (112, 152);
INSERT INTO CommunicationRecipients (Communication, Member) VALUES (112, 110);
INSERT INTO CommunicationRecipients (Communication, Member) VALUES (112, 109);
INSERT INTO CommunicationRecipients (Communication, Member) VALUES (112, 105);
INSERT INTO CommunicationRecipients (Communication, Member) VALUES (112, 112);
INSERT INTO CommunicationRecipients (Communication, Member) VALUES (112, 100);
INSERT INTO CommunicationRecipients (Communication, Member) VALUES (112, 107);
INSERT INTO CommunicationRecipients (Communication, Member) VALUES (112, 114);
INSERT INTO CommunicationRecipients (Communication, Member) VALUES (112, 119);
INSERT INTO CommunicationRecipients (Communication, Member) VALUES (112, 141);
INSERT INTO CommunicationRecipients (Communication, Member) VALUES (112, 136);
INSERT INTO CommunicationRecipients (Communication, Member) VALUES (112, 189);
INSERT INTO CommunicationRecipients (Communication, Member) VALUES (112, 113);
INSERT INTO CommunicationRecipients (Communication, Member) VALUES (112, 197);
INSERT INTO CommunicationRecipients (Communication, Member) VALUES (112, 174);
INSERT INTO CommunicationRecipients (Communication, Member) VALUES (112, 196);
INSERT INTO CommunicationRecipients (Communication, Member) VALUES (112, 162);
INSERT INTO CommunicationRecipients (Communication, Member) VALUES (112, 166);
INSERT INTO CommunicationRecipients (Communication, Member) VALUES (112, 178);
INSERT INTO CommunicationRecipients (Communication, Member) VALUES (112, 181);
INSERT INTO CommunicationRecipients (Communication, Member) VALUES (112, 186);
INSERT INTO CommunicationRecipients (Communication, Member) VALUES (112, 101);
INSERT INTO CommunicationRecipients (Communication, Member) VALUES (112, 198);
INSERT INTO CommunicationRecipients (Communication, Member) VALUES (112, 133);
INSERT INTO CommunicationRecipients (Communication, Member) VALUES (112, 175);
INSERT INTO CommunicationRecipients (Communication, Member) VALUES (112, 176);
INSERT INTO CommunicationRecipients (Communication, Member) VALUES (112, 104);
INSERT INTO CommunicationRecipients (Communication, Member) VALUES (112, 137);
INSERT INTO CommunicationRecipients (Communication, Member) VALUES (112, 154);
INSERT INTO CommunicationRecipients (Communication, Member) VALUES (112, 130);
INSERT INTO CommunicationRecipients (Communication, Member) VALUES (112, 134);
INSERT INTO CommunicationRecipients (Communication, Member) VALUES (112, 159);
INSERT INTO CommunicationRecipients (Communication, Member) VALUES (112, 135);
INSERT INTO CommunicationRecipients (Communication, Member) VALUES (112, 191);
INSERT INTO CommunicationRecipients (Communication, Member) VALUES (112, 126);
INSERT INTO CommunicationRecipients (Communication, Member) VALUES (112, 122);
INSERT INTO CommunicationRecipients (Communication, Member) VALUES (112, 127);
INSERT INTO CommunicationRecipients (Communication, Member) VALUES (112, 163);
INSERT INTO CommunicationRecipients (Communication, Member) VALUES (112, 168);
INSERT INTO CommunicationRecipients (Communication, Member) VALUES (112, 102);
INSERT INTO CommunicationRecipients (Communication, Member) VALUES (112, 173);
INSERT INTO CommunicationRecipients (Communication, Member) VALUES (112, 108);
INSERT INTO CommunicationRecipients (Communication, Member) VALUES (112, 147);
INSERT INTO CommunicationRecipients (Communication, Member) VALUES (112, 195);
INSERT INTO CommunicationRecipients (Communication, Member) VALUES (112, 170);
INSERT INTO CommunicationRecipients (Communication, Member) VALUES (112, 146);
INSERT INTO CommunicationRecipients (Communication, Member) VALUES (112, 180);
INSERT INTO Communication (ID, Subject, Content, DateSent) VALUES (113, 'Budget Update', 'Action support character even. Entire wide mean interesting order. Much morning soldier name audience war. Front paper should expert.
See wife mind deep by. Later plant already data themselves. Spend artist during rather strategy community.
Author TV region. What all theory out city back.', '2025-08-07 15:27:17');
INSERT INTO CommunicationRecipients (Communication, Member) VALUES (113, 151);
INSERT INTO CommunicationRecipients (Communication, Member) VALUES (113, 184);
INSERT INTO CommunicationRecipients (Communication, Member) VALUES (113, 199);
INSERT INTO CommunicationRecipients (Communication, Member) VALUES (113, 126);
INSERT INTO CommunicationRecipients (Communication, Member) VALUES (113, 152);
INSERT INTO CommunicationRecipients (Communication, Member) VALUES (113, 153);
INSERT INTO CommunicationRecipients (Communication, Member) VALUES (113, 120);
INSERT INTO CommunicationRecipients (Communication, Member) VALUES (113, 121);
INSERT INTO CommunicationRecipients (Communication, Member) VALUES (113, 187);
INSERT INTO CommunicationRecipients (Communication, Member) VALUES (113, 180);
INSERT INTO CommunicationRecipients (Communication, Member) VALUES (113, 117);
INSERT INTO CommunicationRecipients (Communication, Member) VALUES (113, 138);
INSERT INTO CommunicationRecipients (Communication, Member) VALUES (113, 198);
INSERT INTO CommunicationRecipients (Communication, Member) VALUES (113, 116);
INSERT INTO CommunicationRecipients (Communication, Member) VALUES (113, 185);
INSERT INTO CommunicationRecipients (Communication, Member) VALUES (113, 102);
INSERT INTO CommunicationRecipients (Communication, Member) VALUES (113, 167);
INSERT INTO CommunicationRecipients (Communication, Member) VALUES (113, 147);
INSERT INTO CommunicationRecipients (Communication, Member) VALUES (113, 190);
INSERT INTO CommunicationRecipients (Communication, Member) VALUES (113, 105);
INSERT INTO CommunicationRecipients (Communication, Member) VALUES (113, 160);
INSERT INTO CommunicationRecipients (Communication, Member) VALUES (113, 156);
INSERT INTO CommunicationRecipients (Communication, Member) VALUES (113, 174);
INSERT INTO CommunicationRecipients (Communication, Member) VALUES (113, 175);
INSERT INTO CommunicationRecipients (Communication, Member) VALUES (113, 161);
INSERT INTO CommunicationRecipients (Communication, Member) VALUES (113, 107);
INSERT INTO CommunicationRecipients (Communication, Member) VALUES (113, 157);
INSERT INTO CommunicationRecipients (Communication, Member) VALUES (113, 163);
INSERT INTO CommunicationRecipients (Communication, Member) VALUES (113, 141);
INSERT INTO CommunicationRecipients (Communication, Member) VALUES (113, 122);
INSERT INTO CommunicationRecipients (Communication, Member) VALUES (113, 197);
INSERT INTO CommunicationRecipients (Communication, Member) VALUES (113, 106);
INSERT INTO CommunicationRecipients (Communication, Member) VALUES (113, 186);
INSERT INTO CommunicationRecipients (Communication, Member) VALUES (113, 124);
INSERT INTO CommunicationRecipients (Communication, Member) VALUES (113, 101);
INSERT INTO CommunicationRecipients (Communication, Member) VALUES (113, 182);
INSERT INTO CommunicationRecipients (Communication, Member) VALUES (113, 103);
INSERT INTO CommunicationRecipients (Communication, Member) VALUES (113, 145);
INSERT INTO CommunicationRecipients (Communication, Member) VALUES (113, 178);
INSERT INTO CommunicationRecipients (Communication, Member) VALUES (113, 165);
INSERT INTO CommunicationRecipients (Communication, Member) VALUES (113, 146);
INSERT INTO CommunicationRecipients (Communication, Member) VALUES (113, 111);
INSERT INTO CommunicationRecipients (Communication, Member) VALUES (113, 168);
INSERT INTO CommunicationRecipients (Communication, Member) VALUES (113, 125);
INSERT INTO CommunicationRecipients (Communication, Member) VALUES (113, 158);
INSERT INTO CommunicationRecipients (Communication, Member) VALUES (113, 142);
INSERT INTO CommunicationRecipients (Communication, Member) VALUES (113, 159);
INSERT INTO Communication (ID, Subject, Content, DateSent) VALUES (114, 'Gear Checkout Hours Update', 'Receive spend son style. Threat office response chance theory door contain. Wonder effort side hot always despite develop.
Trip term quickly cover couple. Data so rule ten sometimes per.
Whom teach thank piece turn. Change free result moment short single girl.', '2025-08-07 15:26:53');
INSERT INTO CommunicationRecipients (Communication, Member) VALUES (114, 107);
INSERT INTO CommunicationRecipients (Communication, Member) VALUES (114, 174);
INSERT INTO CommunicationRecipients (Communication, Member) VALUES (114, 192);
INSERT INTO CommunicationRecipients (Communication, Member) VALUES (114, 111);
INSERT INTO CommunicationRecipients (Communication, Member) VALUES (114, 136);
INSERT INTO CommunicationRecipients (Communication, Member) VALUES (114, 197);
INSERT INTO CommunicationRecipients (Communication, Member) VALUES (114, 177);
INSERT INTO CommunicationRecipients (Communication, Member) VALUES (114, 188);
INSERT INTO CommunicationRecipients (Communication, Member) VALUES (114, 119);
INSERT INTO CommunicationRecipients (Communication, Member) VALUES (114, 138);
INSERT INTO CommunicationRecipients (Communication, Member) VALUES (114, 103);
INSERT INTO CommunicationRecipients (Communication, Member) VALUES (114, 185);
INSERT INTO CommunicationRecipients (Communication, Member) VALUES (114, 163);
INSERT INTO CommunicationRecipients (Communication, Member) VALUES (114, 194);
INSERT INTO CommunicationRecipients (Communication, Member) VALUES (114, 114);
INSERT INTO CommunicationRecipients (Communication, Member) VALUES (114, 158);
INSERT INTO CommunicationRecipients (Communication, Member) VALUES (114, 105);
INSERT INTO CommunicationRecipients (Communication, Member) VALUES (114, 191);
INSERT INTO CommunicationRecipients (Communication, Member) VALUES (114, 193);
INSERT INTO CommunicationRecipients (Communication, Member) VALUES (114, 126);
INSERT INTO CommunicationRecipients (Communication, Member) VALUES (114, 104);
INSERT INTO CommunicationRecipients (Communication, Member) VALUES (114, 166);
INSERT INTO CommunicationRecipients (Communication, Member) VALUES (114, 144);
INSERT INTO CommunicationRecipients (Communication, Member) VALUES (114, 128);
INSERT INTO CommunicationRecipients (Communication, Member) VALUES (114, 140);
INSERT INTO CommunicationRecipients (Communication, Member) VALUES (114, 167);
INSERT INTO CommunicationRecipients (Communication, Member) VALUES (114, 164);
INSERT INTO CommunicationRecipients (Communication, Member) VALUES (114, 170);
INSERT INTO CommunicationRecipients (Communication, Member) VALUES (114, 129);
INSERT INTO CommunicationRecipients (Communication, Member) VALUES (114, 124);
INSERT INTO CommunicationRecipients (Communication, Member) VALUES (114, 198);
INSERT INTO CommunicationRecipients (Communication, Member) VALUES (114, 130);
INSERT INTO CommunicationRecipients (Communication, Member) VALUES (114, 139);
INSERT INTO CommunicationRecipients (Communication, Member) VALUES (114, 135);
INSERT INTO CommunicationRecipients (Communication, Member) VALUES (114, 101);
INSERT INTO CommunicationRecipients (Communication, Member) VALUES (114, 172);
INSERT INTO CommunicationRecipients (Communication, Member) VALUES (114, 190);
INSERT INTO CommunicationRecipients (Communication, Member) VALUES (114, 151);
INSERT INTO CommunicationRecipients (Communication, Member) VALUES (114, 106);
INSERT INTO CommunicationRecipients (Communication, Member) VALUES (114, 180);
INSERT INTO CommunicationRecipients (Communication, Member) VALUES (114, 133);
INSERT INTO CommunicationRecipients (Communication, Member) VALUES (114, 182);
INSERT INTO CommunicationRecipients (Communication, Member) VALUES (114, 187);
INSERT INTO CommunicationRecipients (Communication, Member) VALUES (114, 160);
INSERT INTO CommunicationRecipients (Communication, Member) VALUES (114, 115);
INSERT INTO CommunicationRecipients (Communication, Member) VALUES (114, 137);
INSERT INTO CommunicationRecipients (Communication, Member) VALUES (114, 113);
INSERT INTO CommunicationRecipients (Communication, Member) VALUES (114, 176);
INSERT INTO CommunicationRecipients (Communication, Member) VALUES (114, 154);
INSERT INTO CommunicationRecipients (Communication, Member) VALUES (114, 143);
INSERT INTO CommunicationRecipients (Communication, Member) VALUES (114, 102);
INSERT INTO CommunicationRecipients (Communication, Member) VALUES (114, 134);
INSERT INTO CommunicationRecipients (Communication, Member) VALUES (114, 112);
INSERT INTO CommunicationRecipients (Communication, Member) VALUES (114, 131);
INSERT INTO CommunicationRecipients (Communication, Member) VALUES (114, 199);
INSERT INTO CommunicationRecipients (Communication, Member) VALUES (114, 196);
INSERT INTO CommunicationRecipients (Communication, Member) VALUES (114, 132);
INSERT INTO CommunicationRecipients (Communication, Member) VALUES (114, 125);
INSERT INTO CommunicationRecipients (Communication, Member) VALUES (114, 122);
INSERT INTO CommunicationRecipients (Communication, Member) VALUES (114, 155);
INSERT INTO CommunicationRecipients (Communication, Member) VALUES (114, 181);
INSERT INTO CommunicationRecipients (Communication, Member) VALUES (114, 186);
INSERT INTO CommunicationRecipients (Communication, Member) VALUES (114, 100);
INSERT INTO CommunicationRecipients (Communication, Member) VALUES (114, 116);
INSERT INTO CommunicationRecipients (Communication, Member) VALUES (114, 183);
INSERT INTO CommunicationRecipients (Communication, Member) VALUES (114, 189);
INSERT INTO CommunicationRecipients (Communication, Member) VALUES (114, 141);
INSERT INTO CommunicationRecipients (Communication, Member) VALUES (114, 108);
INSERT INTO CommunicationRecipients (Communication, Member) VALUES (114, 109);
INSERT INTO CommunicationRecipients (Communication, Member) VALUES (114, 179);
INSERT INTO CommunicationRecipients (Communication, Member) VALUES (114, 175);
INSERT INTO CommunicationRecipients (Communication, Member) VALUES (114, 152);
INSERT INTO CommunicationRecipients (Communication, Member) VALUES (114, 145);
INSERT INTO CommunicationRecipients (Communication, Member) VALUES (114, 173);
INSERT INTO CommunicationRecipients (Communication, Member) VALUES (114, 159);
INSERT INTO CommunicationRecipients (Communication, Member) VALUES (114, 153);
INSERT INTO CommunicationRecipients (Communication, Member) VALUES (114, 118);
INSERT INTO CommunicationRecipients (Communication, Member) VALUES (114, 146);
INSERT INTO CommunicationRecipients (Communication, Member) VALUES (114, 161);
INSERT INTO CommunicationRecipients (Communication, Member) VALUES (114, 195);
INSERT INTO CommunicationRecipients (Communication, Member) VALUES (114, 165);
INSERT INTO CommunicationRecipients (Communication, Member) VALUES (114, 184);
INSERT INTO CommunicationRecipients (Communication, Member) VALUES (114, 148);
INSERT INTO CommunicationRecipients (Communication, Member) VALUES (114, 168);
INSERT INTO Communication (ID, Subject, Content, DateSent) VALUES (115, 'Photo Contest Winners', 'Father minute station food. Happen hair training partner upon or.
School upon senior woman.
They as possible total left. Fill human deal book. Understand maybe fish despite everybody.', '2025-08-07 15:25:19');
INSERT INTO CommunicationRecipients (Communication, Member) VALUES (115, 190);
INSERT INTO CommunicationRecipients (Communication, Member) VALUES (115, 162);
INSERT INTO CommunicationRecipients (Communication, Member) VALUES (115, 102);
INSERT INTO CommunicationRecipients (Communication, Member) VALUES (115, 121);
INSERT INTO CommunicationRecipients (Communication, Member) VALUES (115, 179);
INSERT INTO CommunicationRecipients (Communication, Member) VALUES (115, 119);
INSERT INTO CommunicationRecipients (Communication, Member) VALUES (115, 140);
INSERT INTO CommunicationRecipients (Communication, Member) VALUES (115, 116);
INSERT INTO CommunicationRecipients (Communication, Member) VALUES (115, 189);
INSERT INTO CommunicationRecipients (Communication, Member) VALUES (115, 138);
INSERT INTO CommunicationRecipients (Communication, Member) VALUES (115, 188);
INSERT INTO CommunicationRecipients (Communication, Member) VALUES (115, 112);
INSERT INTO CommunicationRecipients (Communication, Member) VALUES (115, 101);
INSERT INTO CommunicationRecipients (Communication, Member) VALUES (115, 184);
INSERT INTO CommunicationRecipients (Communication, Member) VALUES (115, 133);
INSERT INTO CommunicationRecipients (Communication, Member) VALUES (115, 152);
INSERT INTO CommunicationRecipients (Communication, Member) VALUES (115, 144);
INSERT INTO CommunicationRecipients (Communication, Member) VALUES (115, 192);
INSERT INTO CommunicationRecipients (Communication, Member) VALUES (115, 125);
INSERT INTO CommunicationRecipients (Communication, Member) VALUES (115, 137);
INSERT INTO CommunicationRecipients (Communication, Member) VALUES (115, 158);
INSERT INTO CommunicationRecipients (Communication, Member) VALUES (115, 163);
INSERT INTO CommunicationRecipients (Communication, Member) VALUES (115, 120);
INSERT INTO CommunicationRecipients (Communication, Member) VALUES (115, 195);
INSERT INTO Communication (ID, Subject, Content, DateSent) VALUES (116, 'Weekly Club Update', 'Need public yeah contain develop performance. Half third talk reduce human today grow. Since summer baby sign large. Provide activity budget charge machine provide.
Join show science visit teach. Type personal shoulder lawyer.
Film gun wonder. Chair word anyone agree.', '2025-08-07 15:24:44');
INSERT INTO CommunicationRecipients (Communication, Member) VALUES (116, 128);
INSERT INTO CommunicationRecipients (Communication, Member) VALUES (116, 119);
INSERT INTO CommunicationRecipients (Communication, Member) VALUES (116, 168);
INSERT INTO CommunicationRecipients (Communication, Member) VALUES (116, 145);
INSERT INTO CommunicationRecipients (Communication, Member) VALUES (116, 127);
INSERT INTO CommunicationRecipients (Communication, Member) VALUES (116, 142);
INSERT INTO CommunicationRecipients (Communication, Member) VALUES (116, 158);
INSERT INTO CommunicationRecipients (Communication, Member) VALUES (116, 175);
INSERT INTO CommunicationRecipients (Communication, Member) VALUES (116, 162);
INSERT INTO CommunicationRecipients (Communication, Member) VALUES (116, 188);
INSERT INTO CommunicationRecipients (Communication, Member) VALUES (116, 172);
INSERT INTO CommunicationRecipients (Communication, Member) VALUES (116, 120);
INSERT INTO CommunicationRecipients (Communication, Member) VALUES (116, 107);
INSERT INTO CommunicationRecipients (Communication, Member) VALUES (116, 101);
INSERT INTO CommunicationRecipients (Communication, Member) VALUES (116, 115);
INSERT INTO CommunicationRecipients (Communication, Member) VALUES (116, 105);
INSERT INTO CommunicationRecipients (Communication, Member) VALUES (116, 199);
INSERT INTO CommunicationRecipients (Communication, Member) VALUES (116, 192);
INSERT INTO CommunicationRecipients (Communication, Member) VALUES (116, 191);
INSERT INTO CommunicationRecipients (Communication, Member) VALUES (116, 196);
INSERT INTO CommunicationRecipients (Communication, Member) VALUES (116, 124);
INSERT INTO CommunicationRecipients (Communication, Member) VALUES (116, 197);
INSERT INTO CommunicationRecipients (Communication, Member) VALUES (116, 147);
INSERT INTO CommunicationRecipients (Communication, Member) VALUES (116, 154);
INSERT INTO CommunicationRecipients (Communication, Member) VALUES (116, 136);
INSERT INTO CommunicationRecipients (Communication, Member) VALUES (116, 174);
INSERT INTO CommunicationRecipients (Communication, Member) VALUES (116, 180);
INSERT INTO CommunicationRecipients (Communication, Member) VALUES (116, 148);
INSERT INTO CommunicationRecipients (Communication, Member) VALUES (116, 100);
INSERT INTO CommunicationRecipients (Communication, Member) VALUES (116, 135);
INSERT INTO CommunicationRecipients (Communication, Member) VALUES (116, 195);
INSERT INTO CommunicationRecipients (Communication, Member) VALUES (116, 177);
INSERT INTO CommunicationRecipients (Communication, Member) VALUES (116, 186);
INSERT INTO CommunicationRecipients (Communication, Member) VALUES (116, 132);
INSERT INTO CommunicationRecipients (Communication, Member) VALUES (116, 179);
INSERT INTO CommunicationRecipients (Communication, Member) VALUES (116, 139);
INSERT INTO CommunicationRecipients (Communication, Member) VALUES (116, 123);
INSERT INTO CommunicationRecipients (Communication, Member) VALUES (116, 102);
INSERT INTO CommunicationRecipients (Communication, Member) VALUES (116, 137);
INSERT INTO CommunicationRecipients (Communication, Member) VALUES (116, 104);
INSERT INTO CommunicationRecipients (Communication, Member) VALUES (116, 173);
INSERT INTO CommunicationRecipients (Communication, Member) VALUES (116, 159);
INSERT INTO CommunicationRecipients (Communication, Member) VALUES (116, 144);
INSERT INTO CommunicationRecipients (Communication, Member) VALUES (116, 126);
INSERT INTO CommunicationRecipients (Communication, Member) VALUES (116, 149);
INSERT INTO CommunicationRecipients (Communication, Member) VALUES (116, 182);
INSERT INTO CommunicationRecipients (Communication, Member) VALUES (116, 138);
INSERT INTO CommunicationRecipients (Communication, Member) VALUES (116, 143);
INSERT INTO CommunicationRecipients (Communication, Member) VALUES (116, 167);
INSERT INTO CommunicationRecipients (Communication, Member) VALUES (116, 103);
INSERT INTO CommunicationRecipients (Communication, Member) VALUES (116, 116);
INSERT INTO CommunicationRecipients (Communication, Member) VALUES (116, 117);
INSERT INTO CommunicationRecipients (Communication, Member) VALUES (116, 181);
INSERT INTO CommunicationRecipients (Communication, Member) VALUES (116, 165);
INSERT INTO CommunicationRecipients (Communication, Member) VALUES (116, 163);
INSERT INTO CommunicationRecipients (Communication, Member) VALUES (116, 130);
INSERT INTO CommunicationRecipients (Communication, Member) VALUES (116, 190);
INSERT INTO CommunicationRecipients (Communication, Member) VALUES (116, 140);
INSERT INTO Communication (ID, Subject, Content, DateSent) VALUES (117, 'Safety Reminder: Winter Conditions', 'Medical state drive history according drop party travel. Professional style discuss us.
Present group change scientist.
Determine strategy fire man alone surface dream. Avoid again down near way rule medical. Rather decide property always.', '2025-08-07 15:25:16');
INSERT INTO CommunicationRecipients (Communication, Member) VALUES (117, 166);
INSERT INTO CommunicationRecipients (Communication, Member) VALUES (117, 132);
INSERT INTO CommunicationRecipients (Communication, Member) VALUES (117, 112);
INSERT INTO CommunicationRecipients (Communication, Member) VALUES (117, 150);
INSERT INTO CommunicationRecipients (Communication, Member) VALUES (117, 136);
INSERT INTO CommunicationRecipients (Communication, Member) VALUES (117, 141);
INSERT INTO CommunicationRecipients (Communication, Member) VALUES (117, 175);
INSERT INTO CommunicationRecipients (Communication, Member) VALUES (117, 173);
INSERT INTO CommunicationRecipients (Communication, Member) VALUES (117, 127);
INSERT INTO CommunicationRecipients (Communication, Member) VALUES (117, 190);
INSERT INTO CommunicationRecipients (Communication, Member) VALUES (117, 177);
INSERT INTO CommunicationRecipients (Communication, Member) VALUES (117, 101);
INSERT INTO CommunicationRecipients (Communication, Member) VALUES (117, 129);
INSERT INTO CommunicationRecipients (Communication, Member) VALUES (117, 111);
INSERT INTO CommunicationRecipients (Communication, Member) VALUES (117, 137);
INSERT INTO CommunicationRecipients (Communication, Member) VALUES (117, 160);
INSERT INTO CommunicationRecipients (Communication, Member) VALUES (117, 153);
INSERT INTO CommunicationRecipients (Communication, Member) VALUES (117, 193);
INSERT INTO CommunicationRecipients (Communication, Member) VALUES (117, 108);
INSERT INTO CommunicationRecipients (Communication, Member) VALUES (117, 172);
INSERT INTO CommunicationRecipients (Communication, Member) VALUES (117, 189);
INSERT INTO CommunicationRecipients (Communication, Member) VALUES (117, 185);
INSERT INTO CommunicationRecipients (Communication, Member) VALUES (117, 130);
INSERT INTO CommunicationRecipients (Communication, Member) VALUES (117, 145);
INSERT INTO CommunicationRecipients (Communication, Member) VALUES (117, 125);
INSERT INTO CommunicationRecipients (Communication, Member) VALUES (117, 104);
INSERT INTO CommunicationRecipients (Communication, Member) VALUES (117, 124);
INSERT INTO CommunicationRecipients (Communication, Member) VALUES (117, 146);
INSERT INTO CommunicationRecipients (Communication, Member) VALUES (117, 151);
INSERT INTO CommunicationRecipients (Communication, Member) VALUES (117, 176);
INSERT INTO CommunicationRecipients (Communication, Member) VALUES (117, 171);
INSERT INTO CommunicationRecipients (Communication, Member) VALUES (117, 181);
INSERT INTO CommunicationRecipients (Communication, Member) VALUES (117, 126);
INSERT INTO CommunicationRecipients (Communication, Member) VALUES (117, 144);
INSERT INTO CommunicationRecipients (Communication, Member) VALUES (117, 102);
INSERT INTO CommunicationRecipients (Communication, Member) VALUES (117, 168);
INSERT INTO CommunicationRecipients (Communication, Member) VALUES (117, 147);
INSERT INTO CommunicationRecipients (Communication, Member) VALUES (117, 197);
INSERT INTO CommunicationRecipients (Communication, Member) VALUES (117, 170);
INSERT INTO CommunicationRecipients (Communication, Member) VALUES (117, 113);
INSERT INTO CommunicationRecipients (Communication, Member) VALUES (117, 121);
INSERT INTO CommunicationRecipients (Communication, Member) VALUES (117, 123);
INSERT INTO CommunicationRecipients (Communication, Member) VALUES (117, 119);
INSERT INTO CommunicationRecipients (Communication, Member) VALUES (117, 196);
INSERT INTO CommunicationRecipients (Communication, Member) VALUES (117, 183);
INSERT INTO CommunicationRecipients (Communication, Member) VALUES (117, 118);
INSERT INTO CommunicationRecipients (Communication, Member) VALUES (117, 138);
INSERT INTO CommunicationRecipients (Communication, Member) VALUES (117, 169);
INSERT INTO CommunicationRecipients (Communication, Member) VALUES (117, 114);
INSERT INTO CommunicationRecipients (Communication, Member) VALUES (117, 194);
INSERT INTO CommunicationRecipients (Communication, Member) VALUES (117, 180);
INSERT INTO CommunicationRecipients (Communication, Member) VALUES (117, 198);
INSERT INTO CommunicationRecipients (Communication, Member) VALUES (117, 165);
INSERT INTO CommunicationRecipients (Communication, Member) VALUES (117, 122);
INSERT INTO CommunicationRecipients (Communication, Member) VALUES (117, 162);
INSERT INTO CommunicationRecipients (Communication, Member) VALUES (117, 159);
INSERT INTO CommunicationRecipients (Communication, Member) VALUES (117, 128);
INSERT INTO Communication (ID, Subject, Content, DateSent) VALUES (118, 'Photo Contest Winners', 'Edge music how build choose beautiful audience.
Several direction less account black trade. Office company although economic Republican always which. Feeling official generation.
Oil organization change market degree have. Top kid north natural financial number.', '2025-08-07 15:25:24');
INSERT INTO CommunicationRecipients (Communication, Member) VALUES (118, 143);
INSERT INTO CommunicationRecipients (Communication, Member) VALUES (118, 163);
INSERT INTO CommunicationRecipients (Communication, Member) VALUES (118, 196);
INSERT INTO CommunicationRecipients (Communication, Member) VALUES (118, 168);
INSERT INTO CommunicationRecipients (Communication, Member) VALUES (118, 188);
INSERT INTO CommunicationRecipients (Communication, Member) VALUES (118, 162);
INSERT INTO CommunicationRecipients (Communication, Member) VALUES (118, 147);
INSERT INTO CommunicationRecipients (Communication, Member) VALUES (118, 153);
INSERT INTO CommunicationRecipients (Communication, Member) VALUES (118, 194);
INSERT INTO CommunicationRecipients (Communication, Member) VALUES (118, 197);
INSERT INTO CommunicationRecipients (Communication, Member) VALUES (118, 198);
INSERT INTO CommunicationRecipients (Communication, Member) VALUES (118, 157);
INSERT INTO CommunicationRecipients (Communication, Member) VALUES (118, 187);
INSERT INTO CommunicationRecipients (Communication, Member) VALUES (118, 114);
INSERT INTO CommunicationRecipients (Communication, Member) VALUES (118, 159);
INSERT INTO CommunicationRecipients (Communication, Member) VALUES (118, 192);
INSERT INTO CommunicationRecipients (Communication, Member) VALUES (118, 118);
INSERT INTO CommunicationRecipients (Communication, Member) VALUES (118, 164);
INSERT INTO CommunicationRecipients (Communication, Member) VALUES (118, 125);
INSERT INTO CommunicationRecipients (Communication, Member) VALUES (118, 128);
INSERT INTO CommunicationRecipients (Communication, Member) VALUES (118, 173);
INSERT INTO CommunicationRecipients (Communication, Member) VALUES (118, 160);
INSERT INTO CommunicationRecipients (Communication, Member) VALUES (118, 129);
INSERT INTO CommunicationRecipients (Communication, Member) VALUES (118, 109);
INSERT INTO CommunicationRecipients (Communication, Member) VALUES (118, 113);
INSERT INTO CommunicationRecipients (Communication, Member) VALUES (118, 181);
INSERT INTO CommunicationRecipients (Communication, Member) VALUES (118, 100);
INSERT INTO CommunicationRecipients (Communication, Member) VALUES (118, 115);
INSERT INTO CommunicationRecipients (Communication, Member) VALUES (118, 177);
INSERT INTO CommunicationRecipients (Communication, Member) VALUES (118, 124);
INSERT INTO CommunicationRecipients (Communication, Member) VALUES (118, 152);
INSERT INTO CommunicationRecipients (Communication, Member) VALUES (118, 189);
INSERT INTO CommunicationRecipients (Communication, Member) VALUES (118, 104);
INSERT INTO CommunicationRecipients (Communication, Member) VALUES (118, 142);
INSERT INTO CommunicationRecipients (Communication, Member) VALUES (118, 131);
INSERT INTO CommunicationRecipients (Communication, Member) VALUES (118, 102);
INSERT INTO CommunicationRecipients (Communication, Member) VALUES (118, 179);
INSERT INTO CommunicationRecipients (Communication, Member) VALUES (118, 199);
INSERT INTO CommunicationRecipients (Communication, Member) VALUES (118, 158);
INSERT INTO CommunicationRecipients (Communication, Member) VALUES (118, 193);
INSERT INTO CommunicationRecipients (Communication, Member) VALUES (118, 136);
INSERT INTO CommunicationRecipients (Communication, Member) VALUES (118, 106);
INSERT INTO CommunicationRecipients (Communication, Member) VALUES (118, 174);
INSERT INTO CommunicationRecipients (Communication, Member) VALUES (118, 134);
INSERT INTO CommunicationRecipients (Communication, Member) VALUES (118, 149);
INSERT INTO CommunicationRecipients (Communication, Member) VALUES (118, 103);
INSERT INTO CommunicationRecipients (Communication, Member) VALUES (118, 144);
INSERT INTO CommunicationRecipients (Communication, Member) VALUES (118, 195);
INSERT INTO CommunicationRecipients (Communication, Member) VALUES (118, 175);
INSERT INTO CommunicationRecipients (Communication, Member) VALUES (118, 127);
INSERT INTO CommunicationRecipients (Communication, Member) VALUES (118, 166);
INSERT INTO CommunicationRecipients (Communication, Member) VALUES (118, 151);
INSERT INTO CommunicationRecipients (Communication, Member) VALUES (118, 176);
INSERT INTO CommunicationRecipients (Communication, Member) VALUES (118, 126);
INSERT INTO CommunicationRecipients (Communication, Member) VALUES (118, 180);
INSERT INTO CommunicationRecipients (Communication, Member) VALUES (118, 121);
INSERT INTO CommunicationRecipients (Communication, Member) VALUES (118, 169);
INSERT INTO CommunicationRecipients (Communication, Member) VALUES (118, 156);
INSERT INTO CommunicationRecipients (Communication, Member) VALUES (118, 132);
INSERT INTO CommunicationRecipients (Communication, Member) VALUES (118, 112);
INSERT INTO CommunicationRecipients (Communication, Member) VALUES (118, 111);
INSERT INTO CommunicationRecipients (Communication, Member) VALUES (118, 178);
INSERT INTO CommunicationRecipients (Communication, Member) VALUES (118, 108);
INSERT INTO CommunicationRecipients (Communication, Member) VALUES (118, 137);
INSERT INTO CommunicationRecipients (Communication, Member) VALUES (118, 185);
INSERT INTO CommunicationRecipients (Communication, Member) VALUES (118, 190);
INSERT INTO CommunicationRecipients (Communication, Member) VALUES (118, 182);
INSERT INTO CommunicationRecipients (Communication, Member) VALUES (118, 116);
INSERT INTO CommunicationRecipients (Communication, Member) VALUES (118, 146);
INSERT INTO CommunicationRecipients (Communication, Member) VALUES (118, 186);
INSERT INTO CommunicationRecipients (Communication, Member) VALUES (118, 105);
INSERT INTO CommunicationRecipients (Communication, Member) VALUES (118, 120);
INSERT INTO CommunicationRecipients (Communication, Member) VALUES (118, 139);
INSERT INTO CommunicationRecipients (Communication, Member) VALUES (118, 135);
INSERT INTO CommunicationRecipients (Communication, Member) VALUES (118, 119);
INSERT INTO CommunicationRecipients (Communication, Member) VALUES (118, 167);
INSERT INTO CommunicationRecipients (Communication, Member) VALUES (118, 171);
INSERT INTO CommunicationRecipients (Communication, Member) VALUES (118, 138);
INSERT INTO CommunicationRecipients (Communication, Member) VALUES (118, 161);
INSERT INTO CommunicationRecipients (Communication, Member) VALUES (118, 148);
INSERT INTO CommunicationRecipients (Communication, Member) VALUES (118, 101);
INSERT INTO CommunicationRecipients (Communication, Member) VALUES (118, 141);
INSERT INTO CommunicationRecipients (Communication, Member) VALUES (118, 183);
INSERT INTO CommunicationRecipients (Communication, Member) VALUES (118, 130);
INSERT INTO CommunicationRecipients (Communication, Member) VALUES (118, 150);
INSERT INTO CommunicationRecipients (Communication, Member) VALUES (118, 140);
INSERT INTO CommunicationRecipients (Communication, Member) VALUES (118, 154);
INSERT INTO CommunicationRecipients (Communication, Member) VALUES (118, 172);
INSERT INTO CommunicationRecipients (Communication, Member) VALUES (118, 107);
INSERT INTO CommunicationRecipients (Communication, Member) VALUES (118, 145);
INSERT INTO CommunicationRecipients (Communication, Member) VALUES (118, 117);
INSERT INTO CommunicationRecipients (Communication, Member) VALUES (118, 122);
INSERT INTO CommunicationRecipients (Communication, Member) VALUES (118, 110);
INSERT INTO CommunicationRecipients (Communication, Member) VALUES (118, 184);
INSERT INTO CommunicationRecipients (Communication, Member) VALUES (118, 155);
INSERT INTO CommunicationRecipients (Communication, Member) VALUES (118, 191);
INSERT INTO CommunicationRecipients (Communication, Member) VALUES (118, 165);
INSERT INTO CommunicationRecipients (Communication, Member) VALUES (118, 123);
INSERT INTO CommunicationRecipients (Communication, Member) VALUES (118, 170);
INSERT INTO CommunicationRecipients (Communication, Member) VALUES (118, 133);
INSERT INTO Communication (ID, Subject, Content, DateSent) VALUES (119, 'Weather Advisory', 'Begin interview way Mrs crime live. Old meeting both try professor end appear. Per candidate child draw we.
Consider special attorney wide everyone build moment. Work catch recently sell could. Especially development pattern little pay. Create each material cup.', '2025-08-07 15:24:22');
INSERT INTO CommunicationRecipients (Communication, Member) VALUES (119, 102);
INSERT INTO CommunicationRecipients (Communication, Member) VALUES (119, 183);
INSERT INTO CommunicationRecipients (Communication, Member) VALUES (119, 198);
INSERT INTO CommunicationRecipients (Communication, Member) VALUES (119, 147);
INSERT INTO CommunicationRecipients (Communication, Member) VALUES (119, 196);
INSERT INTO CommunicationRecipients (Communication, Member) VALUES (119, 145);
INSERT INTO CommunicationRecipients (Communication, Member) VALUES (119, 192);
INSERT INTO CommunicationRecipients (Communication, Member) VALUES (119, 114);
INSERT INTO CommunicationRecipients (Communication, Member) VALUES (119, 186);
INSERT INTO CommunicationRecipients (Communication, Member) VALUES (119, 167);
INSERT INTO CommunicationRecipients (Communication, Member) VALUES (119, 168);
INSERT INTO CommunicationRecipients (Communication, Member) VALUES (119, 165);
INSERT INTO CommunicationRecipients (Communication, Member) VALUES (119, 180);
INSERT INTO CommunicationRecipients (Communication, Member) VALUES (119, 181);
INSERT INTO CommunicationRecipients (Communication, Member) VALUES (119, 124);
INSERT INTO CommunicationRecipients (Communication, Member) VALUES (119, 177);
INSERT INTO CommunicationRecipients (Communication, Member) VALUES (119, 140);
INSERT INTO CommunicationRecipients (Communication, Member) VALUES (119, 178);
INSERT INTO CommunicationRecipients (Communication, Member) VALUES (119, 137);
INSERT INTO CommunicationRecipients (Communication, Member) VALUES (119, 113);
INSERT INTO CommunicationRecipients (Communication, Member) VALUES (119, 161);
INSERT INTO CommunicationRecipients (Communication, Member) VALUES (119, 163);
INSERT INTO CommunicationRecipients (Communication, Member) VALUES (119, 134);
INSERT INTO CommunicationRecipients (Communication, Member) VALUES (119, 150);
INSERT INTO CommunicationRecipients (Communication, Member) VALUES (119, 174);
INSERT INTO CommunicationRecipients (Communication, Member) VALUES (119, 121);
INSERT INTO CommunicationRecipients (Communication, Member) VALUES (119, 195);
INSERT INTO CommunicationRecipients (Communication, Member) VALUES (119, 127);
INSERT INTO CommunicationRecipients (Communication, Member) VALUES (119, 125);
INSERT INTO CommunicationRecipients (Communication, Member) VALUES (119, 133);
INSERT INTO CommunicationRecipients (Communication, Member) VALUES (119, 128);
INSERT INTO CommunicationRecipients (Communication, Member) VALUES (119, 153);
INSERT INTO CommunicationRecipients (Communication, Member) VALUES (119, 188);
INSERT INTO CommunicationRecipients (Communication, Member) VALUES (119, 122);
INSERT INTO CommunicationRecipients (Communication, Member) VALUES (119, 108);
INSERT INTO CommunicationRecipients (Communication, Member) VALUES (119, 104);
INSERT INTO CommunicationRecipients (Communication, Member) VALUES (119, 170);
INSERT INTO CommunicationRecipients (Communication, Member) VALUES (119, 173);
INSERT INTO CommunicationRecipients (Communication, Member) VALUES (119, 149);
INSERT INTO CommunicationRecipients (Communication, Member) VALUES (119, 136);
INSERT INTO CommunicationRecipients (Communication, Member) VALUES (119, 164);
INSERT INTO CommunicationRecipients (Communication, Member) VALUES (119, 199);
INSERT INTO CommunicationRecipients (Communication, Member) VALUES (119, 138);
INSERT INTO CommunicationRecipients (Communication, Member) VALUES (119, 117);
INSERT INTO CommunicationRecipients (Communication, Member) VALUES (119, 189);
INSERT INTO CommunicationRecipients (Communication, Member) VALUES (119, 101);
INSERT INTO CommunicationRecipients (Communication, Member) VALUES (119, 129);
INSERT INTO CommunicationRecipients (Communication, Member) VALUES (119, 135);
INSERT INTO CommunicationRecipients (Communication, Member) VALUES (119, 193);
INSERT INTO CommunicationRecipients (Communication, Member) VALUES (119, 194);
INSERT INTO CommunicationRecipients (Communication, Member) VALUES (119, 156);
INSERT INTO CommunicationRecipients (Communication, Member) VALUES (119, 197);
INSERT INTO CommunicationRecipients (Communication, Member) VALUES (119, 123);
INSERT INTO CommunicationRecipients (Communication, Member) VALUES (119, 126);
INSERT INTO CommunicationRecipients (Communication, Member) VALUES (119, 175);
INSERT INTO CommunicationRecipients (Communication, Member) VALUES (119, 103);
INSERT INTO CommunicationRecipients (Communication, Member) VALUES (119, 119);
INSERT INTO CommunicationRecipients (Communication, Member) VALUES (119, 162);
INSERT INTO CommunicationRecipients (Communication, Member) VALUES (119, 190);
INSERT INTO CommunicationRecipients (Communication, Member) VALUES (119, 160);
INSERT INTO CommunicationRecipients (Communication, Member) VALUES (119, 112);
INSERT INTO CommunicationRecipients (Communication, Member) VALUES (119, 144);
INSERT INTO CommunicationRecipients (Communication, Member) VALUES (119, 154);
INSERT INTO CommunicationRecipients (Communication, Member) VALUES (119, 120);
INSERT INTO CommunicationRecipients (Communication, Member) VALUES (119, 105);
INSERT INTO CommunicationRecipients (Communication, Member) VALUES (119, 171);
INSERT INTO CommunicationRecipients (Communication, Member) VALUES (119, 169);
INSERT INTO CommunicationRecipients (Communication, Member) VALUES (119, 182);
INSERT INTO Communication (ID, Subject, Content, DateSent) VALUES (120, 'Volunteer Opportunity', 'Perhaps lot else woman there sister prove. Outside person state police enough. South keep baby yes full fine about option.
Great thus analysis great treatment.
Your story movie appear ahead teach. Professor name within can. She really case have. On what federal.', '2025-08-07 15:24:01');
INSERT INTO CommunicationRecipients (Communication, Member) VALUES (120, 189);
INSERT INTO CommunicationRecipients (Communication, Member) VALUES (120, 196);
INSERT INTO CommunicationRecipients (Communication, Member) VALUES (120, 158);
INSERT INTO CommunicationRecipients (Communication, Member) VALUES (120, 117);
INSERT INTO CommunicationRecipients (Communication, Member) VALUES (120, 175);
INSERT INTO CommunicationRecipients (Communication, Member) VALUES (120, 134);
INSERT INTO CommunicationRecipients (Communication, Member) VALUES (120, 164);
INSERT INTO CommunicationRecipients (Communication, Member) VALUES (120, 140);
INSERT INTO CommunicationRecipients (Communication, Member) VALUES (120, 157);
INSERT INTO CommunicationRecipients (Communication, Member) VALUES (120, 195);
INSERT INTO CommunicationRecipients (Communication, Member) VALUES (120, 171);
INSERT INTO CommunicationRecipients (Communication, Member) VALUES (120, 116);
INSERT INTO CommunicationRecipients (Communication, Member) VALUES (120, 197);
INSERT INTO CommunicationRecipients (Communication, Member) VALUES (120, 194);
INSERT INTO CommunicationRecipients (Communication, Member) VALUES (120, 187);
INSERT INTO CommunicationRecipients (Communication, Member) VALUES (120, 162);
INSERT INTO CommunicationRecipients (Communication, Member) VALUES (120, 133);
INSERT INTO CommunicationRecipients (Communication, Member) VALUES (120, 124);
INSERT INTO CommunicationRecipients (Communication, Member) VALUES (120, 114);
INSERT INTO CommunicationRecipients (Communication, Member) VALUES (120, 178);
INSERT INTO CommunicationRecipients (Communication, Member) VALUES (120, 160);
INSERT INTO CommunicationRecipients (Communication, Member) VALUES (120, 185);
INSERT INTO CommunicationRecipients (Communication, Member) VALUES (120, 111);
INSERT INTO CommunicationRecipients (Communication, Member) VALUES (120, 139);
INSERT INTO CommunicationRecipients (Communication, Member) VALUES (120, 151);
INSERT INTO CommunicationRecipients (Communication, Member) VALUES (120, 167);
INSERT INTO CommunicationRecipients (Communication, Member) VALUES (120, 181);
INSERT INTO CommunicationRecipients (Communication, Member) VALUES (120, 121);
INSERT INTO CommunicationRecipients (Communication, Member) VALUES (120, 138);
INSERT INTO CommunicationRecipients (Communication, Member) VALUES (120, 179);
INSERT INTO CommunicationRecipients (Communication, Member) VALUES (120, 142);
INSERT INTO CommunicationRecipients (Communication, Member) VALUES (120, 169);
INSERT INTO CommunicationRecipients (Communication, Member) VALUES (120, 105);
INSERT INTO CommunicationRecipients (Communication, Member) VALUES (120, 152);
INSERT INTO CommunicationRecipients (Communication, Member) VALUES (120, 128);
INSERT INTO CommunicationRecipients (Communication, Member) VALUES (120, 186);
INSERT INTO CommunicationRecipients (Communication, Member) VALUES (120, 129);
INSERT INTO CommunicationRecipients (Communication, Member) VALUES (120, 147);
INSERT INTO CommunicationRecipients (Communication, Member) VALUES (120, 182);
INSERT INTO CommunicationRecipients (Communication, Member) VALUES (120, 136);
INSERT INTO CommunicationRecipients (Communication, Member) VALUES (120, 118);
INSERT INTO CommunicationRecipients (Communication, Member) VALUES (120, 100);
INSERT INTO CommunicationRecipients (Communication, Member) VALUES (120, 144);
INSERT INTO CommunicationRecipients (Communication, Member) VALUES (120, 198);
INSERT INTO CommunicationRecipients (Communication, Member) VALUES (120, 120);
INSERT INTO CommunicationRecipients (Communication, Member) VALUES (120, 166);
INSERT INTO CommunicationRecipients (Communication, Member) VALUES (120, 148);
INSERT INTO CommunicationRecipients (Communication, Member) VALUES (120, 168);
INSERT INTO CommunicationRecipients (Communication, Member) VALUES (120, 172);
INSERT INTO CommunicationRecipients (Communication, Member) VALUES (120, 107);
INSERT INTO CommunicationRecipients (Communication, Member) VALUES (120, 177);
INSERT INTO CommunicationRecipients (Communication, Member) VALUES (120, 153);
INSERT INTO CommunicationRecipients (Communication, Member) VALUES (120, 123);
INSERT INTO CommunicationRecipients (Communication, Member) VALUES (120, 126);
INSERT INTO CommunicationRecipients (Communication, Member) VALUES (120, 159);
INSERT INTO CommunicationRecipients (Communication, Member) VALUES (120, 155);
INSERT INTO CommunicationRecipients (Communication, Member) VALUES (120, 193);
INSERT INTO CommunicationRecipients (Communication, Member) VALUES (120, 109);
INSERT INTO CommunicationRecipients (Communication, Member) VALUES (120, 115);
INSERT INTO CommunicationRecipients (Communication, Member) VALUES (120, 135);
INSERT INTO CommunicationRecipients (Communication, Member) VALUES (120, 137);
INSERT INTO CommunicationRecipients (Communication, Member) VALUES (120, 102);
INSERT INTO CommunicationRecipients (Communication, Member) VALUES (120, 108);
INSERT INTO CommunicationRecipients (Communication, Member) VALUES (120, 112);
INSERT INTO CommunicationRecipients (Communication, Member) VALUES (120, 146);
INSERT INTO CommunicationRecipients (Communication, Member) VALUES (120, 122);
INSERT INTO CommunicationRecipients (Communication, Member) VALUES (120, 165);
INSERT INTO CommunicationRecipients (Communication, Member) VALUES (120, 156);
INSERT INTO CommunicationRecipients (Communication, Member) VALUES (120, 176);
INSERT INTO CommunicationRecipients (Communication, Member) VALUES (120, 170);
INSERT INTO CommunicationRecipients (Communication, Member) VALUES (120, 103);
INSERT INTO CommunicationRecipients (Communication, Member) VALUES (120, 125);
INSERT INTO CommunicationRecipients (Communication, Member) VALUES (120, 127);
INSERT INTO CommunicationRecipients (Communication, Member) VALUES (120, 173);
INSERT INTO CommunicationRecipients (Communication, Member) VALUES (120, 130);
INSERT INTO CommunicationRecipients (Communication, Member) VALUES (120, 119);
INSERT INTO CommunicationRecipients (Communication, Member) VALUES (120, 163);
INSERT INTO CommunicationRecipients (Communication, Member) VALUES (120, 199);
INSERT INTO CommunicationRecipients (Communication, Member) VALUES (120, 131);
INSERT INTO CommunicationRecipients (Communication, Member) VALUES (120, 110);
INSERT INTO CommunicationRecipients (Communication, Member) VALUES (120, 161);
INSERT INTO CommunicationRecipients (Communication, Member) VALUES (120, 132);
INSERT INTO CommunicationRecipients (Communication, Member) VALUES (120, 191);
INSERT INTO CommunicationRecipients (Communication, Member) VALUES (120, 180);
INSERT INTO CommunicationRecipients (Communication, Member) VALUES (120, 106);
INSERT INTO Communication (ID, Subject, Content, DateSent) VALUES (121, 'Volunteer Opportunity', 'Past western since third participant each bit. Seek alone near crime themselves class no.
Nor film chair drive see hospital. Let executive eat never idea fast officer development. International leave evening task.', '2025-08-07 15:28:06');
INSERT INTO CommunicationRecipients (Communication, Member) VALUES (121, 117);
INSERT INTO CommunicationRecipients (Communication, Member) VALUES (121, 181);
INSERT INTO CommunicationRecipients (Communication, Member) VALUES (121, 179);
INSERT INTO CommunicationRecipients (Communication, Member) VALUES (121, 168);
INSERT INTO CommunicationRecipients (Communication, Member) VALUES (121, 195);
INSERT INTO CommunicationRecipients (Communication, Member) VALUES (121, 186);
INSERT INTO CommunicationRecipients (Communication, Member) VALUES (121, 160);
INSERT INTO CommunicationRecipients (Communication, Member) VALUES (121, 190);
INSERT INTO CommunicationRecipients (Communication, Member) VALUES (121, 159);
INSERT INTO CommunicationRecipients (Communication, Member) VALUES (121, 148);
INSERT INTO CommunicationRecipients (Communication, Member) VALUES (121, 157);
INSERT INTO CommunicationRecipients (Communication, Member) VALUES (121, 194);
INSERT INTO CommunicationRecipients (Communication, Member) VALUES (121, 188);
INSERT INTO CommunicationRecipients (Communication, Member) VALUES (121, 170);
INSERT INTO CommunicationRecipients (Communication, Member) VALUES (121, 180);
INSERT INTO CommunicationRecipients (Communication, Member) VALUES (121, 155);
INSERT INTO CommunicationRecipients (Communication, Member) VALUES (121, 150);
INSERT INTO CommunicationRecipients (Communication, Member) VALUES (121, 102);
INSERT INTO CommunicationRecipients (Communication, Member) VALUES (121, 189);
INSERT INTO CommunicationRecipients (Communication, Member) VALUES (121, 123);
INSERT INTO CommunicationRecipients (Communication, Member) VALUES (121, 184);
INSERT INTO CommunicationRecipients (Communication, Member) VALUES (121, 149);
INSERT INTO CommunicationRecipients (Communication, Member) VALUES (121, 106);
INSERT INTO CommunicationRecipients (Communication, Member) VALUES (121, 166);
INSERT INTO CommunicationRecipients (Communication, Member) VALUES (121, 163);
INSERT INTO CommunicationRecipients (Communication, Member) VALUES (121, 198);
INSERT INTO CommunicationRecipients (Communication, Member) VALUES (121, 136);
INSERT INTO CommunicationRecipients (Communication, Member) VALUES (121, 137);
INSERT INTO CommunicationRecipients (Communication, Member) VALUES (121, 177);
INSERT INTO CommunicationRecipients (Communication, Member) VALUES (121, 108);
INSERT INTO CommunicationRecipients (Communication, Member) VALUES (121, 196);
INSERT INTO CommunicationRecipients (Communication, Member) VALUES (121, 127);
INSERT INTO CommunicationRecipients (Communication, Member) VALUES (121, 158);
INSERT INTO CommunicationRecipients (Communication, Member) VALUES (121, 139);
INSERT INTO CommunicationRecipients (Communication, Member) VALUES (121, 130);
INSERT INTO CommunicationRecipients (Communication, Member) VALUES (121, 182);
INSERT INTO CommunicationRecipients (Communication, Member) VALUES (121, 165);
INSERT INTO CommunicationRecipients (Communication, Member) VALUES (121, 167);
INSERT INTO CommunicationRecipients (Communication, Member) VALUES (121, 124);
INSERT INTO CommunicationRecipients (Communication, Member) VALUES (121, 120);
INSERT INTO CommunicationRecipients (Communication, Member) VALUES (121, 185);
INSERT INTO CommunicationRecipients (Communication, Member) VALUES (121, 107);
INSERT INTO CommunicationRecipients (Communication, Member) VALUES (121, 164);
INSERT INTO CommunicationRecipients (Communication, Member) VALUES (121, 110);
INSERT INTO CommunicationRecipients (Communication, Member) VALUES (121, 113);
INSERT INTO CommunicationRecipients (Communication, Member) VALUES (121, 129);
INSERT INTO CommunicationRecipients (Communication, Member) VALUES (121, 101);
INSERT INTO CommunicationRecipients (Communication, Member) VALUES (121, 114);
INSERT INTO CommunicationRecipients (Communication, Member) VALUES (121, 153);
INSERT INTO CommunicationRecipients (Communication, Member) VALUES (121, 121);
INSERT INTO CommunicationRecipients (Communication, Member) VALUES (121, 143);
INSERT INTO CommunicationRecipients (Communication, Member) VALUES (121, 147);
INSERT INTO CommunicationRecipients (Communication, Member) VALUES (121, 105);
INSERT INTO CommunicationRecipients (Communication, Member) VALUES (121, 151);
INSERT INTO CommunicationRecipients (Communication, Member) VALUES (121, 142);
INSERT INTO CommunicationRecipients (Communication, Member) VALUES (121, 135);
INSERT INTO CommunicationRecipients (Communication, Member) VALUES (121, 134);
INSERT INTO CommunicationRecipients (Communication, Member) VALUES (121, 146);
INSERT INTO CommunicationRecipients (Communication, Member) VALUES (121, 187);
INSERT INTO CommunicationRecipients (Communication, Member) VALUES (121, 175);
INSERT INTO CommunicationRecipients (Communication, Member) VALUES (121, 132);
INSERT INTO CommunicationRecipients (Communication, Member) VALUES (121, 183);
INSERT INTO CommunicationRecipients (Communication, Member) VALUES (121, 193);
INSERT INTO CommunicationRecipients (Communication, Member) VALUES (121, 104);
INSERT INTO CommunicationRecipients (Communication, Member) VALUES (121, 103);
INSERT INTO CommunicationRecipients (Communication, Member) VALUES (121, 125);
INSERT INTO CommunicationRecipients (Communication, Member) VALUES (121, 192);
INSERT INTO CommunicationRecipients (Communication, Member) VALUES (121, 115);
INSERT INTO CommunicationRecipients (Communication, Member) VALUES (121, 162);
INSERT INTO CommunicationRecipients (Communication, Member) VALUES (121, 133);
INSERT INTO CommunicationRecipients (Communication, Member) VALUES (121, 178);
INSERT INTO CommunicationRecipients (Communication, Member) VALUES (121, 191);
INSERT INTO CommunicationRecipients (Communication, Member) VALUES (121, 109);
INSERT INTO CommunicationRecipients (Communication, Member) VALUES (121, 100);
INSERT INTO CommunicationRecipients (Communication, Member) VALUES (121, 138);
INSERT INTO CommunicationRecipients (Communication, Member) VALUES (121, 152);
INSERT INTO CommunicationRecipients (Communication, Member) VALUES (121, 197);
INSERT INTO CommunicationRecipients (Communication, Member) VALUES (121, 122);
INSERT INTO CommunicationRecipients (Communication, Member) VALUES (121, 161);
INSERT INTO CommunicationRecipients (Communication, Member) VALUES (121, 156);
INSERT INTO CommunicationRecipients (Communication, Member) VALUES (121, 111);
INSERT INTO CommunicationRecipients (Communication, Member) VALUES (121, 144);
INSERT INTO CommunicationRecipients (Communication, Member) VALUES (121, 173);
INSERT INTO CommunicationRecipients (Communication, Member) VALUES (121, 172);
INSERT INTO CommunicationRecipients (Communication, Member) VALUES (121, 169);
INSERT INTO CommunicationRecipients (Communication, Member) VALUES (121, 145);
INSERT INTO CommunicationRecipients (Communication, Member) VALUES (121, 141);
INSERT INTO CommunicationRecipients (Communication, Member) VALUES (121, 116);
INSERT INTO CommunicationRecipients (Communication, Member) VALUES (121, 140);
INSERT INTO CommunicationRecipients (Communication, Member) VALUES (121, 174);
INSERT INTO CommunicationRecipients (Communication, Member) VALUES (121, 128);
INSERT INTO CommunicationRecipients (Communication, Member) VALUES (121, 154);
INSERT INTO CommunicationRecipients (Communication, Member) VALUES (121, 199);
INSERT INTO CommunicationRecipients (Communication, Member) VALUES (121, 176);
INSERT INTO CommunicationRecipients (Communication, Member) VALUES (121, 171);
INSERT INTO CommunicationRecipients (Communication, Member) VALUES (121, 126);
INSERT INTO CommunicationRecipients (Communication, Member) VALUES (121, 131);
INSERT INTO CommunicationRecipients (Communication, Member) VALUES (121, 118);
INSERT INTO Communication (ID, Subject, Content, DateSent) VALUES (122, 'Upcoming Trip Reminder', 'Indeed history professor probably. According law box list night peace. Leg food deal common decade chair kind.
Ahead building size heart success. We service company head open.
Nation record drive ahead white sign. Per successful society prevent product detail method fly.', '2025-08-07 15:25:19');
INSERT INTO CommunicationRecipients (Communication, Member) VALUES (122, 170);
INSERT INTO CommunicationRecipients (Communication, Member) VALUES (122, 149);
INSERT INTO CommunicationRecipients (Communication, Member) VALUES (122, 117);
INSERT INTO CommunicationRecipients (Communication, Member) VALUES (122, 125);
INSERT INTO CommunicationRecipients (Communication, Member) VALUES (122, 147);
INSERT INTO CommunicationRecipients (Communication, Member) VALUES (122, 124);
INSERT INTO CommunicationRecipients (Communication, Member) VALUES (122, 175);
INSERT INTO CommunicationRecipients (Communication, Member) VALUES (122, 120);
INSERT INTO CommunicationRecipients (Communication, Member) VALUES (122, 178);
INSERT INTO CommunicationRecipients (Communication, Member) VALUES (122, 133);
INSERT INTO CommunicationRecipients (Communication, Member) VALUES (122, 100);
INSERT INTO CommunicationRecipients (Communication, Member) VALUES (122, 168);
INSERT INTO CommunicationRecipients (Communication, Member) VALUES (122, 157);
INSERT INTO CommunicationRecipients (Communication, Member) VALUES (122, 151);
INSERT INTO CommunicationRecipients (Communication, Member) VALUES (122, 137);
INSERT INTO CommunicationRecipients (Communication, Member) VALUES (122, 105);
INSERT INTO CommunicationRecipients (Communication, Member) VALUES (122, 181);
INSERT INTO CommunicationRecipients (Communication, Member) VALUES (122, 196);
INSERT INTO CommunicationRecipients (Communication, Member) VALUES (122, 121);
INSERT INTO CommunicationRecipients (Communication, Member) VALUES (122, 187);
INSERT INTO CommunicationRecipients (Communication, Member) VALUES (122, 197);
INSERT INTO CommunicationRecipients (Communication, Member) VALUES (122, 199);
INSERT INTO CommunicationRecipients (Communication, Member) VALUES (122, 166);
INSERT INTO CommunicationRecipients (Communication, Member) VALUES (122, 144);
INSERT INTO CommunicationRecipients (Communication, Member) VALUES (122, 132);
INSERT INTO CommunicationRecipients (Communication, Member) VALUES (122, 150);
INSERT INTO CommunicationRecipients (Communication, Member) VALUES (122, 180);
INSERT INTO CommunicationRecipients (Communication, Member) VALUES (122, 179);
INSERT INTO CommunicationRecipients (Communication, Member) VALUES (122, 198);
INSERT INTO CommunicationRecipients (Communication, Member) VALUES (122, 171);
INSERT INTO CommunicationRecipients (Communication, Member) VALUES (122, 152);
INSERT INTO CommunicationRecipients (Communication, Member) VALUES (122, 193);
INSERT INTO CommunicationRecipients (Communication, Member) VALUES (122, 130);
INSERT INTO CommunicationRecipients (Communication, Member) VALUES (122, 119);
INSERT INTO CommunicationRecipients (Communication, Member) VALUES (122, 165);
INSERT INTO CommunicationRecipients (Communication, Member) VALUES (122, 127);
INSERT INTO CommunicationRecipients (Communication, Member) VALUES (122, 114);
INSERT INTO CommunicationRecipients (Communication, Member) VALUES (122, 156);
INSERT INTO CommunicationRecipients (Communication, Member) VALUES (122, 129);
INSERT INTO CommunicationRecipients (Communication, Member) VALUES (122, 185);
INSERT INTO CommunicationRecipients (Communication, Member) VALUES (122, 190);
INSERT INTO CommunicationRecipients (Communication, Member) VALUES (122, 101);
INSERT INTO CommunicationRecipients (Communication, Member) VALUES (122, 140);
INSERT INTO CommunicationRecipients (Communication, Member) VALUES (122, 183);
INSERT INTO CommunicationRecipients (Communication, Member) VALUES (122, 138);
INSERT INTO CommunicationRecipients (Communication, Member) VALUES (122, 186);
INSERT INTO CommunicationRecipients (Communication, Member) VALUES (122, 182);
INSERT INTO CommunicationRecipients (Communication, Member) VALUES (122, 192);
INSERT INTO CommunicationRecipients (Communication, Member) VALUES (122, 126);
INSERT INTO CommunicationRecipients (Communication, Member) VALUES (122, 143);
INSERT INTO CommunicationRecipients (Communication, Member) VALUES (122, 194);
INSERT INTO CommunicationRecipients (Communication, Member) VALUES (122, 169);
INSERT INTO CommunicationRecipients (Communication, Member) VALUES (122, 148);
INSERT INTO Communication (ID, Subject, Content, DateSent) VALUES (123, 'New Gear Available', 'Picture ground offer yeah. Apply democratic southern maybe happy recently success. Yard head now later your day foot.
Win push dog view both so sure. Growth simple notice.', '2025-08-07 15:28:12');
INSERT INTO CommunicationRecipients (Communication, Member) VALUES (123, 190);
INSERT INTO CommunicationRecipients (Communication, Member) VALUES (123, 177);
INSERT INTO CommunicationRecipients (Communication, Member) VALUES (123, 167);
INSERT INTO CommunicationRecipients (Communication, Member) VALUES (123, 164);
INSERT INTO CommunicationRecipients (Communication, Member) VALUES (123, 182);
INSERT INTO CommunicationRecipients (Communication, Member) VALUES (123, 148);
INSERT INTO CommunicationRecipients (Communication, Member) VALUES (123, 192);
INSERT INTO CommunicationRecipients (Communication, Member) VALUES (123, 108);
INSERT INTO CommunicationRecipients (Communication, Member) VALUES (123, 195);
INSERT INTO CommunicationRecipients (Communication, Member) VALUES (123, 162);
INSERT INTO CommunicationRecipients (Communication, Member) VALUES (123, 127);
INSERT INTO CommunicationRecipients (Communication, Member) VALUES (123, 159);
INSERT INTO CommunicationRecipients (Communication, Member) VALUES (123, 161);
INSERT INTO CommunicationRecipients (Communication, Member) VALUES (123, 172);
INSERT INTO CommunicationRecipients (Communication, Member) VALUES (123, 107);
INSERT INTO CommunicationRecipients (Communication, Member) VALUES (123, 131);
INSERT INTO CommunicationRecipients (Communication, Member) VALUES (123, 109);
INSERT INTO CommunicationRecipients (Communication, Member) VALUES (123, 121);
INSERT INTO CommunicationRecipients (Communication, Member) VALUES (123, 185);
INSERT INTO CommunicationRecipients (Communication, Member) VALUES (123, 126);
INSERT INTO CommunicationRecipients (Communication, Member) VALUES (123, 173);
INSERT INTO CommunicationRecipients (Communication, Member) VALUES (123, 165);
INSERT INTO CommunicationRecipients (Communication, Member) VALUES (123, 144);
INSERT INTO CommunicationRecipients (Communication, Member) VALUES (123, 151);
INSERT INTO CommunicationRecipients (Communication, Member) VALUES (123, 150);
INSERT INTO CommunicationRecipients (Communication, Member) VALUES (123, 115);
INSERT INTO CommunicationRecipients (Communication, Member) VALUES (123, 129);
INSERT INTO CommunicationRecipients (Communication, Member) VALUES (123, 193);
INSERT INTO CommunicationRecipients (Communication, Member) VALUES (123, 158);
INSERT INTO CommunicationRecipients (Communication, Member) VALUES (123, 105);
INSERT INTO CommunicationRecipients (Communication, Member) VALUES (123, 128);
INSERT INTO CommunicationRecipients (Communication, Member) VALUES (123, 180);
INSERT INTO CommunicationRecipients (Communication, Member) VALUES (123, 157);
INSERT INTO CommunicationRecipients (Communication, Member) VALUES (123, 169);
INSERT INTO CommunicationRecipients (Communication, Member) VALUES (123, 125);
INSERT INTO CommunicationRecipients (Communication, Member) VALUES (123, 137);
INSERT INTO CommunicationRecipients (Communication, Member) VALUES (123, 134);
INSERT INTO CommunicationRecipients (Communication, Member) VALUES (123, 187);
INSERT INTO CommunicationRecipients (Communication, Member) VALUES (123, 171);
INSERT INTO CommunicationRecipients (Communication, Member) VALUES (123, 114);
INSERT INTO CommunicationRecipients (Communication, Member) VALUES (123, 124);
INSERT INTO CommunicationRecipients (Communication, Member) VALUES (123, 199);
INSERT INTO CommunicationRecipients (Communication, Member) VALUES (123, 117);
INSERT INTO CommunicationRecipients (Communication, Member) VALUES (123, 176);
INSERT INTO CommunicationRecipients (Communication, Member) VALUES (123, 102);
INSERT INTO CommunicationRecipients (Communication, Member) VALUES (123, 120);
INSERT INTO CommunicationRecipients (Communication, Member) VALUES (123, 110);
INSERT INTO CommunicationRecipients (Communication, Member) VALUES (123, 163);
INSERT INTO CommunicationRecipients (Communication, Member) VALUES (123, 113);
INSERT INTO CommunicationRecipients (Communication, Member) VALUES (123, 123);
INSERT INTO CommunicationRecipients (Communication, Member) VALUES (123, 103);
INSERT INTO CommunicationRecipients (Communication, Member) VALUES (123, 184);
INSERT INTO CommunicationRecipients (Communication, Member) VALUES (123, 174);
INSERT INTO CommunicationRecipients (Communication, Member) VALUES (123, 132);
INSERT INTO CommunicationRecipients (Communication, Member) VALUES (123, 175);
INSERT INTO CommunicationRecipients (Communication, Member) VALUES (123, 101);
INSERT INTO CommunicationRecipients (Communication, Member) VALUES (123, 156);
INSERT INTO CommunicationRecipients (Communication, Member) VALUES (123, 196);
INSERT INTO CommunicationRecipients (Communication, Member) VALUES (123, 153);
INSERT INTO CommunicationRecipients (Communication, Member) VALUES (123, 100);
INSERT INTO CommunicationRecipients (Communication, Member) VALUES (123, 142);
INSERT INTO CommunicationRecipients (Communication, Member) VALUES (123, 118);
INSERT INTO CommunicationRecipients (Communication, Member) VALUES (123, 133);
INSERT INTO CommunicationRecipients (Communication, Member) VALUES (123, 191);
INSERT INTO CommunicationRecipients (Communication, Member) VALUES (123, 189);
INSERT INTO CommunicationRecipients (Communication, Member) VALUES (123, 170);
INSERT INTO CommunicationRecipients (Communication, Member) VALUES (123, 135);
INSERT INTO CommunicationRecipients (Communication, Member) VALUES (123, 145);
INSERT INTO CommunicationRecipients (Communication, Member) VALUES (123, 179);
INSERT INTO CommunicationRecipients (Communication, Member) VALUES (123, 197);
INSERT INTO CommunicationRecipients (Communication, Member) VALUES (123, 141);
INSERT INTO CommunicationRecipients (Communication, Member) VALUES (123, 194);
INSERT INTO CommunicationRecipients (Communication, Member) VALUES (123, 139);
INSERT INTO CommunicationRecipients (Communication, Member) VALUES (123, 198);
INSERT INTO CommunicationRecipients (Communication, Member) VALUES (123, 143);
INSERT INTO CommunicationRecipients (Communication, Member) VALUES (123, 149);
INSERT INTO CommunicationRecipients (Communication, Member) VALUES (123, 136);
INSERT INTO CommunicationRecipients (Communication, Member) VALUES (123, 183);
INSERT INTO CommunicationRecipients (Communication, Member) VALUES (123, 152);
INSERT INTO Communication (ID, Subject, Content, DateSent) VALUES (124, 'New Member Welcome', 'City seat brother oil Democrat rather hold. Program push forget perhaps author film writer range. Wall mean such cold.
Especially either heart mouth director. New simple growth spring size human direction.', '2025-08-07 15:27:21');
INSERT INTO CommunicationRecipients (Communication, Member) VALUES (124, 175);
INSERT INTO CommunicationRecipients (Communication, Member) VALUES (124, 142);
INSERT INTO CommunicationRecipients (Communication, Member) VALUES (124, 102);
INSERT INTO CommunicationRecipients (Communication, Member) VALUES (124, 193);
INSERT INTO CommunicationRecipients (Communication, Member) VALUES (124, 169);
INSERT INTO CommunicationRecipients (Communication, Member) VALUES (124, 158);
INSERT INTO CommunicationRecipients (Communication, Member) VALUES (124, 132);
INSERT INTO CommunicationRecipients (Communication, Member) VALUES (124, 170);
INSERT INTO CommunicationRecipients (Communication, Member) VALUES (124, 167);
INSERT INTO CommunicationRecipients (Communication, Member) VALUES (124, 153);
INSERT INTO CommunicationRecipients (Communication, Member) VALUES (124, 114);
INSERT INTO CommunicationRecipients (Communication, Member) VALUES (124, 156);
INSERT INTO CommunicationRecipients (Communication, Member) VALUES (124, 198);
INSERT INTO CommunicationRecipients (Communication, Member) VALUES (124, 126);
INSERT INTO CommunicationRecipients (Communication, Member) VALUES (124, 121);
INSERT INTO CommunicationRecipients (Communication, Member) VALUES (124, 189);
INSERT INTO CommunicationRecipients (Communication, Member) VALUES (124, 163);
INSERT INTO CommunicationRecipients (Communication, Member) VALUES (124, 124);
INSERT INTO CommunicationRecipients (Communication, Member) VALUES (124, 106);
INSERT INTO CommunicationRecipients (Communication, Member) VALUES (124, 136);
INSERT INTO CommunicationRecipients (Communication, Member) VALUES (124, 168);
INSERT INTO CommunicationRecipients (Communication, Member) VALUES (124, 191);
INSERT INTO CommunicationRecipients (Communication, Member) VALUES (124, 162);
INSERT INTO CommunicationRecipients (Communication, Member) VALUES (124, 180);
INSERT INTO CommunicationRecipients (Communication, Member) VALUES (124, 155);
INSERT INTO CommunicationRecipients (Communication, Member) VALUES (124, 138);
INSERT INTO CommunicationRecipients (Communication, Member) VALUES (124, 104);
INSERT INTO CommunicationRecipients (Communication, Member) VALUES (124, 196);
INSERT INTO CommunicationRecipients (Communication, Member) VALUES (124, 150);
INSERT INTO CommunicationRecipients (Communication, Member) VALUES (124, 146);
INSERT INTO CommunicationRecipients (Communication, Member) VALUES (124, 122);
INSERT INTO CommunicationRecipients (Communication, Member) VALUES (124, 183);
INSERT INTO CommunicationRecipients (Communication, Member) VALUES (124, 107);
INSERT INTO CommunicationRecipients (Communication, Member) VALUES (124, 128);
INSERT INTO CommunicationRecipients (Communication, Member) VALUES (124, 188);
INSERT INTO CommunicationRecipients (Communication, Member) VALUES (124, 178);
INSERT INTO CommunicationRecipients (Communication, Member) VALUES (124, 116);
INSERT INTO CommunicationRecipients (Communication, Member) VALUES (124, 115);
INSERT INTO CommunicationRecipients (Communication, Member) VALUES (124, 125);
INSERT INTO CommunicationRecipients (Communication, Member) VALUES (124, 171);
INSERT INTO CommunicationRecipients (Communication, Member) VALUES (124, 192);
INSERT INTO CommunicationRecipients (Communication, Member) VALUES (124, 101);
INSERT INTO CommunicationRecipients (Communication, Member) VALUES (124, 130);
INSERT INTO CommunicationRecipients (Communication, Member) VALUES (124, 173);
INSERT INTO CommunicationRecipients (Communication, Member) VALUES (124, 161);
INSERT INTO CommunicationRecipients (Communication, Member) VALUES (124, 120);
INSERT INTO CommunicationRecipients (Communication, Member) VALUES (124, 139);
INSERT INTO CommunicationRecipients (Communication, Member) VALUES (124, 144);
INSERT INTO CommunicationRecipients (Communication, Member) VALUES (124, 186);
INSERT INTO CommunicationRecipients (Communication, Member) VALUES (124, 113);
INSERT INTO CommunicationRecipients (Communication, Member) VALUES (124, 166);
INSERT INTO CommunicationRecipients (Communication, Member) VALUES (124, 123);
INSERT INTO CommunicationRecipients (Communication, Member) VALUES (124, 184);
INSERT INTO CommunicationRecipients (Communication, Member) VALUES (124, 108);
INSERT INTO CommunicationRecipients (Communication, Member) VALUES (124, 190);
INSERT INTO CommunicationRecipients (Communication, Member) VALUES (124, 145);
INSERT INTO CommunicationRecipients (Communication, Member) VALUES (124, 119);
INSERT INTO CommunicationRecipients (Communication, Member) VALUES (124, 164);
INSERT INTO CommunicationRecipients (Communication, Member) VALUES (124, 151);
INSERT INTO CommunicationRecipients (Communication, Member) VALUES (124, 182);
INSERT INTO CommunicationRecipients (Communication, Member) VALUES (124, 181);
INSERT INTO CommunicationRecipients (Communication, Member) VALUES (124, 135);
INSERT INTO CommunicationRecipients (Communication, Member) VALUES (124, 185);
INSERT INTO CommunicationRecipients (Communication, Member) VALUES (124, 179);
INSERT INTO CommunicationRecipients (Communication, Member) VALUES (124, 195);
INSERT INTO CommunicationRecipients (Communication, Member) VALUES (124, 154);
INSERT INTO CommunicationRecipients (Communication, Member) VALUES (124, 133);
INSERT INTO CommunicationRecipients (Communication, Member) VALUES (124, 134);
INSERT INTO CommunicationRecipients (Communication, Member) VALUES (124, 143);
INSERT INTO CommunicationRecipients (Communication, Member) VALUES (124, 160);
INSERT INTO CommunicationRecipients (Communication, Member) VALUES (124, 199);
INSERT INTO CommunicationRecipients (Communication, Member) VALUES (124, 110);
INSERT INTO CommunicationRecipients (Communication, Member) VALUES (124, 105);
INSERT INTO CommunicationRecipients (Communication, Member) VALUES (124, 118);
INSERT INTO CommunicationRecipients (Communication, Member) VALUES (124, 187);
INSERT INTO CommunicationRecipients (Communication, Member) VALUES (124, 111);
INSERT INTO CommunicationRecipients (Communication, Member) VALUES (124, 197);
INSERT INTO CommunicationRecipients (Communication, Member) VALUES (124, 165);
INSERT INTO CommunicationRecipients (Communication, Member) VALUES (124, 174);
INSERT INTO CommunicationRecipients (Communication, Member) VALUES (124, 148);
INSERT INTO CommunicationRecipients (Communication, Member) VALUES (124, 149);
INSERT INTO CommunicationRecipients (Communication, Member) VALUES (124, 176);
INSERT INTO CommunicationRecipients (Communication, Member) VALUES (124, 172);
INSERT INTO CommunicationRecipients (Communication, Member) VALUES (124, 177);
INSERT INTO CommunicationRecipients (Communication, Member) VALUES (124, 159);
INSERT INTO CommunicationRecipients (Communication, Member) VALUES (124, 129);
INSERT INTO CommunicationRecipients (Communication, Member) VALUES (124, 152);
INSERT INTO CommunicationRecipients (Communication, Member) VALUES (124, 141);
INSERT INTO CommunicationRecipients (Communication, Member) VALUES (124, 127);
INSERT INTO CommunicationRecipients (Communication, Member) VALUES (124, 140);
INSERT INTO CommunicationRecipients (Communication, Member) VALUES (124, 112);
INSERT INTO CommunicationRecipients (Communication, Member) VALUES (124, 109);
INSERT INTO CommunicationRecipients (Communication, Member) VALUES (124, 147);
INSERT INTO CommunicationRecipients (Communication, Member) VALUES (124, 100);
INSERT INTO CommunicationRecipients (Communication, Member) VALUES (124, 194);
INSERT INTO CommunicationRecipients (Communication, Member) VALUES (124, 137);

-- 💰 BUDGETS
INSERT INTO Budget (ID, ApprovedBy, Author, FiscalYear, Status) VALUES (20, 117, 174, 2023, 'PAST');
INSERT INTO Budget (ID, ApprovedBy, Author, FiscalYear, Status) VALUES (21, 188, 142, 2024, 'APPROVED');
INSERT INTO Budget (ID, ApprovedBy, Author, FiscalYear, Status) VALUES (22, 190, 124, 2025, 'SUBMITTED');
INSERT INTO Budget (ID, ApprovedBy, Author, FiscalYear, Status) VALUES (23, 150, 112, 2026, 'SUBMITTED');

-- 💰 BUDGET ACCOUNTS
INSERT INTO BudgetAccount (ID, Budget, AcctCode, AcctTitle) VALUES (20, 20, 'INSUR271', 'Insurance');
INSERT INTO BudgetAccount (ID, Budget, AcctCode, AcctTitle) VALUES (21, 20, 'ADMIN920', 'Administrative');
INSERT INTO BudgetAccount (ID, Budget, AcctCode, AcctTitle) VALUES (22, 20, 'EVENT370', 'Event Supplies');
INSERT INTO BudgetAccount (ID, Budget, AcctCode, AcctTitle) VALUES (23, 20, 'TRANS817', 'Transportation');
INSERT INTO BudgetAccount (ID, Budget, AcctCode, AcctTitle) VALUES (24, 20, 'TRAIN593', 'Training & Certification');
INSERT INTO BudgetAccount (ID, Budget, AcctCode, AcctTitle) VALUES (25, 21, 'INSUR864', 'Insurance');
INSERT INTO BudgetAccount (ID, Budget, AcctCode, AcctTitle) VALUES (26, 21, 'FOOD128', 'Food & Catering');
INSERT INTO BudgetAccount (ID, Budget, AcctCode, AcctTitle) VALUES (27, 21, 'GEAR232', 'Equipment & Gear');
INSERT INTO BudgetAccount (ID, Budget, AcctCode, AcctTitle) VALUES (28, 21, 'TRAIN515', 'Training & Certification');
INSERT INTO BudgetAccount (ID, Budget, AcctCode, AcctTitle) VALUES (29, 21, 'TRANS787', 'Transportation');
INSERT INTO BudgetAccount (ID, Budget, AcctCode, AcctTitle) VALUES (30, 21, 'EVENT813', 'Event Supplies');
INSERT INTO BudgetAccount (ID, Budget, AcctCode, AcctTitle) VALUES (31, 22, 'TRAIN677', 'Training & Certification');
INSERT INTO BudgetAccount (ID, Budget, AcctCode, AcctTitle) VALUES (32, 22, 'ADMIN445', 'Administrative');
INSERT INTO BudgetAccount (ID, Budget, AcctCode, AcctTitle) VALUES (33, 22, 'FOOD415', 'Food & Catering');
INSERT INTO BudgetAccount (ID, Budget, AcctCode, AcctTitle) VALUES (34, 22, 'INSUR210', 'Insurance');
INSERT INTO BudgetAccount (ID, Budget, AcctCode, AcctTitle) VALUES (35, 22, 'EVENT768', 'Event Supplies');
INSERT INTO BudgetAccount (ID, Budget, AcctCode, AcctTitle) VALUES (36, 22, 'MAINT436', 'Maintenance & Repairs');
INSERT INTO BudgetAccount (ID, Budget, AcctCode, AcctTitle) VALUES (37, 23, 'FOOD604', 'Food & Catering');
INSERT INTO BudgetAccount (ID, Budget, AcctCode, AcctTitle) VALUES (38, 23, 'ADMIN387', 'Administrative');
INSERT INTO BudgetAccount (ID, Budget, AcctCode, AcctTitle) VALUES (39, 23, 'EVENT848', 'Event Supplies');
INSERT INTO BudgetAccount (ID, Budget, AcctCode, AcctTitle) VALUES (40, 23, 'MAINT146', 'Maintenance & Repairs');
INSERT INTO BudgetAccount (ID, Budget, AcctCode, AcctTitle) VALUES (41, 23, 'TRANS742', 'Transportation');

-- 🏪 VENDORS
INSERT INTO Vendor (ID, Address, Website, Contact) VALUES (20, 'USNS Stone, FPO AP 96644', 'www.reicoop.com', 'taylorsylvia@example.net');
INSERT INTO Vendor (ID, Address, Website, Contact) VALUES (21, '3655 Burke Village Suite 610, Jeremyville, SC 89954', 'www.easternmountainsports.com', 'tammy26@example.org');
INSERT INTO Vendor (ID, Address, Website, Contact) VALUES (22, '2436 Nguyen Landing, Rachelhaven, RI 10669', 'www.outdoorgearexchange.com', 'kimberlyrichardson@example.com');
INSERT INTO Vendor (ID, Address, Website, Contact) VALUES (23, '73282 Hamilton Place, Garciamouth, WI 36887', 'www.internationalmountainequipment.com', 'peterowens@example.org');
INSERT INTO Vendor (ID, Address, Website, Contact) VALUES (24, '7130 Chandler Extensions Suite 256, Port Marie, MO 33125', 'www.climbhigh.com', 'kellysmith@example.net');
INSERT INTO Vendor (ID, Address, Website, Contact) VALUES (25, '45740 Ferguson Cliff Apt. 392, Jamestown, WI 97981', 'www.backcountrygear.com', 'julie50@example.net');
INSERT INTO Vendor (ID, Address, Website, Contact) VALUES (26, '4287 Paul Crest, Loveland, MD 59540', 'www.localoutdoorstore.com', 'matthewwilliams@example.net');
INSERT INTO Vendor (ID, Address, Website, Contact) VALUES (27, '21504 Adams Ranch Apt. 134, New Erik, GA 23488', 'www.mountainwarehouse.com', 'chensley@example.org');
INSERT INTO Vendor (ID, Address, Website, Contact) VALUES (28, '63608 Thompson Station, West Christopher, PA 90749', 'www.gearcoop.com', 'lindsey33@example.com');
INSERT INTO Vendor (ID, Address, Website, Contact) VALUES (29, '10987 Lauren Valley Apt. 924, New Paulaberg, CA 96982', 'www.adventureoutpost.com', 'xtaylor@example.com');
INSERT INTO Vendor (ID, Address, Website, Contact) VALUES (30, '9694 Cortez Courts, Port Dennis, FM 92306', 'www.summitsports.com', 'christian20@example.org');
INSERT INTO Vendor (ID, Address, Website, Contact) VALUES (31, '84870 Brian Turnpike Suite 584, Lake Maria, MA 69716', 'www.basecampoutfitters.com', 'stephenwells@example.com');

-- 💳 REIMBURSEMENTS
INSERT INTO Reimbursement (ID, MemberID, Total, Type, Description) VALUES (20, 153, 224.19, 'Training', 'Positive seek detail rest. Themselves conference up often example entire model.');
INSERT INTO Reimbursement (ID, MemberID, Total, Type, Description) VALUES (21, 120, 245.55, 'Maintenance', 'Hair herself interest value share employee. Learn enough organization.');
INSERT INTO Reimbursement (ID, MemberID, Total, Type, Description) VALUES (22, 191, 266.45, 'Training', 'Actually day nice car difficult. Culture purpose account political treatment.');
INSERT INTO Reimbursement (ID, MemberID, Total, Type, Description) VALUES (23, 109, 204.85, 'Food', 'Century spend skin per.');
INSERT INTO Reimbursement (ID, MemberID, Total, Type, Description) VALUES (24, 134, 190.46, 'Event Supplies', 'Job would customer best determine. Age fish situation with great attorney head.');
INSERT INTO Reimbursement (ID, MemberID, Total, Type, Description) VALUES (25, 194, 77.76, 'Equipment', 'Or evening first. Only sell recognize commercial son.');
INSERT INTO Reimbursement (ID, MemberID, Total, Type, Description) VALUES (26, 183, 453.25, 'Event Supplies', 'Hot series left like low get with main. Political choice brother system.');
INSERT INTO Reimbursement (ID, MemberID, Total, Type, Description) VALUES (27, 125, 199.95, 'Maintenance', 'Officer interesting job. Positive room billion fear recognize time.');
INSERT INTO Reimbursement (ID, MemberID, Total, Type, Description) VALUES (28, 107, 394.82, 'Transportation', 'Pick born the. Win individual analysis run particularly student.');
INSERT INTO Reimbursement (ID, MemberID, Total, Type, Description) VALUES (29, 170, 179.35, 'Transportation', 'Necessary start save security stage.');
INSERT INTO Reimbursement (ID, MemberID, Total, Type, Description) VALUES (30, 132, 348.34, 'Food', 'Medical safe perhaps reflect successful full mother event. At Congress moment material see.');
INSERT INTO Reimbursement (ID, MemberID, Total, Type, Description) VALUES (31, 142, 483.84, 'Event Supplies', 'Behind interview prove feeling by director.
Field gas avoid research. No price even.');
INSERT INTO Reimbursement (ID, MemberID, Total, Type, Description) VALUES (32, 156, 358.43, 'Maintenance', 'Street certain provide beyond according. Record their seek politics civil end together nor.');
INSERT INTO Reimbursement (ID, MemberID, Total, Type, Description) VALUES (33, 173, 250.92, 'Event Supplies', 'Require other current store seem easy. House administration coach country woman.');
INSERT INTO Reimbursement (ID, MemberID, Total, Type, Description) VALUES (34, 196, 400.58, 'Transportation', 'Might watch act discover already behind ability eat. Exist stand phone near put know who.');
INSERT INTO Reimbursement (ID, MemberID, Total, Type, Description) VALUES (35, 158, 171.2, 'Training', 'Most direction successful. Free character concern summer moment.');
INSERT INTO Reimbursement (ID, MemberID, Total, Type, Description) VALUES (36, 167, 157.48, 'Event Supplies', 'Ago meeting card money third stay stay.');
INSERT INTO Reimbursement (ID, MemberID, Total, Type, Description) VALUES (37, 181, 89.29, 'Food', 'Provide notice should remember teacher. Pay total admit response pull.');
INSERT INTO Reimbursement (ID, MemberID, Total, Type, Description) VALUES (38, 180, 119.26, 'Maintenance', 'Marriage half cut back important cold discussion but. Collection own save save.');
INSERT INTO Reimbursement (ID, MemberID, Total, Type, Description) VALUES (39, 123, 453.11, 'Transportation', 'Idea then generation plan college. Pay strategy firm area record arrive.');
INSERT INTO Reimbursement (ID, MemberID, Total, Type, Description) VALUES (40, 156, 273.01, 'Event Supplies', 'Manage yes plan entire black. Win citizen know plan Republican. Of full bring away.');
INSERT INTO Reimbursement (ID, MemberID, Total, Type, Description) VALUES (41, 112, 83.32, 'Maintenance', 'Whole space account town assume prove maybe. Run situation by. Success cold bad film fact suffer.');
INSERT INTO Reimbursement (ID, MemberID, Total, Type, Description) VALUES (42, 176, 384.26, 'Training', 'Policy fall color charge. Large question fear it.');
INSERT INTO Reimbursement (ID, MemberID, Total, Type, Description) VALUES (43, 139, 184.01, 'Event Supplies', 'Play next better to travel. Range indeed any present budget.');
INSERT INTO Reimbursement (ID, MemberID, Total, Type, Description) VALUES (44, 163, 394.67, 'Transportation', 'Agreement actually class team. Begin remember religious generation week direction.');
INSERT INTO Reimbursement (ID, MemberID, Total, Type, Description) VALUES (45, 118, 221.11, 'Equipment', 'Century human environmental brother building performance. What dog wife call race but.');
INSERT INTO Reimbursement (ID, MemberID, Total, Type, Description) VALUES (46, 121, 432.34, 'Maintenance', 'First police will range herself. Child start serve explain.');
INSERT INTO Reimbursement (ID, MemberID, Total, Type, Description) VALUES (47, 127, 39.56, 'Transportation', 'Third our low factor nature magazine least. Government form team method act.');
INSERT INTO Reimbursement (ID, MemberID, Total, Type, Description) VALUES (48, 169, 444.07, 'Maintenance', 'Benefit room agree election good recent. Course future true feeling other. Audience issue bad.');
INSERT INTO Reimbursement (ID, MemberID, Total, Type, Description) VALUES (49, 167, 499.62, 'Food', 'Analysis building expert our clearly professor. Human east music back matter record.');

-- 🛒 PURCHASE ORDERS
INSERT INTO PurchaseOrder (ID, Vendor, Reimbursement, OrderDate) VALUES (1, 27, 42, '2025-06-07');
INSERT INTO PurchaseOrder (ID, Vendor, Reimbursement, OrderDate) VALUES (2, 27, 27, '2025-02-25');
INSERT INTO PurchaseOrder (ID, Vendor, Reimbursement, OrderDate) VALUES (3, 28, NULL, '2025-04-04');
INSERT INTO PurchaseOrder (ID, Vendor, Reimbursement, OrderDate) VALUES (4, 23, 42, '2024-11-26');
INSERT INTO PurchaseOrder (ID, Vendor, Reimbursement, OrderDate) VALUES (5, 22, 33, '2024-10-02');
INSERT INTO PurchaseOrder (ID, Vendor, Reimbursement, OrderDate) VALUES (6, 25, 41, '2025-06-05');
INSERT INTO PurchaseOrder (ID, Vendor, Reimbursement, OrderDate) VALUES (7, 21, 22, '2024-11-11');
INSERT INTO PurchaseOrder (ID, Vendor, Reimbursement, OrderDate) VALUES (8, 31, NULL, '2025-04-12');
INSERT INTO PurchaseOrder (ID, Vendor, Reimbursement, OrderDate) VALUES (9, 20, 43, '2025-02-28');
INSERT INTO PurchaseOrder (ID, Vendor, Reimbursement, OrderDate) VALUES (10, 29, 41, '2024-11-19');
INSERT INTO PurchaseOrder (ID, Vendor, Reimbursement, OrderDate) VALUES (11, 30, 27, '2025-04-22');
INSERT INTO PurchaseOrder (ID, Vendor, Reimbursement, OrderDate) VALUES (12, 24, 31, '2025-05-19');
INSERT INTO PurchaseOrder (ID, Vendor, Reimbursement, OrderDate) VALUES (13, 28, 40, '2025-05-05');
INSERT INTO PurchaseOrder (ID, Vendor, Reimbursement, OrderDate) VALUES (14, 28, 48, '2024-08-15');
INSERT INTO PurchaseOrder (ID, Vendor, Reimbursement, OrderDate) VALUES (15, 23, 28, '2024-11-30');

-- 🎒 RENTAL ITEMS
INSERT INTO RentalItem (ID, PurchaseOrder, Name, Price, Location, Quantity, Size, Availability, Status, Picture) VALUES (50, 11, 'Camping Stove', 65.0, 'Gear Room B', 2, 'Double Burner', 'Available for checkout', 'AVAILABLE', 'camping_stove.jpg');
INSERT INTO RentalItem (ID, PurchaseOrder, Name, Price, Location, Quantity, Size, Availability, Status, Picture) VALUES (51, 9, 'Sleeping Pad', 60.0, 'Gear Room B', 2, 'Long', 'Available for checkout', 'AVAILABLE', 'sleeping_pad.jpg');
INSERT INTO RentalItem (ID, PurchaseOrder, Name, Price, Location, Quantity, Size, Availability, Status, Picture) VALUES (52, 12, 'Crampons', 120.0, 'Gear Room A', 3, 'Small', 'Available for checkout', 'AVAILABLE', 'crampons.jpg');
INSERT INTO RentalItem (ID, PurchaseOrder, Name, Price, Location, Quantity, Size, Availability, Status, Picture) VALUES (53, 2, 'Camping Stove', 65.0, 'Gear Room B', 3, 'Double Burner', 'Available for checkout', 'AVAILABLE', 'camping_stove.jpg');
INSERT INTO RentalItem (ID, PurchaseOrder, Name, Price, Location, Quantity, Size, Availability, Status, Picture) VALUES (54, 6, 'Ice Axe', 80.0, 'Gear Room A', 1, '70cm', 'Status: CHECKED_OUT', 'CHECKED_OUT', 'ice_axe.jpg');
INSERT INTO RentalItem (ID, PurchaseOrder, Name, Price, Location, Quantity, Size, Availability, Status, Picture) VALUES (55, 6, 'Climbing Harness', 75.0, 'Gear Room A', 1, 'Medium', 'Available for checkout', 'AVAILABLE', 'climbing_harness.jpg');
INSERT INTO RentalItem (ID, PurchaseOrder, Name, Price, Location, Quantity, Size, Availability, Status, Picture) VALUES (56, 15, 'Climbing Helmet', 50.0, 'Gear Room A', 3, 'One Size', 'Status: CHECKED_OUT', 'CHECKED_OUT', 'climbing_helmet.jpg');
INSERT INTO RentalItem (ID, PurchaseOrder, Name, Price, Location, Quantity, Size, Availability, Status, Picture) VALUES (57, 8, 'Climbing Rope', 200.0, 'Gear Room A', 2, '70m Dynamic', 'Status: CHECKED_OUT', 'CHECKED_OUT', 'climbing_rope.jpg');
INSERT INTO RentalItem (ID, PurchaseOrder, Name, Price, Location, Quantity, Size, Availability, Status, Picture) VALUES (58, 14, 'Headlamp', 40.0, 'Gear Room C', 2, 'One Size', 'Status: CHECKED_OUT', 'CHECKED_OUT', 'headlamp.jpg');
INSERT INTO RentalItem (ID, PurchaseOrder, Name, Price, Location, Quantity, Size, Availability, Status, Picture) VALUES (59, 8, 'Backpack', 95.0, 'Gear Room B', 2, '40L', 'Available for checkout', 'AVAILABLE', 'backpack.jpg');
INSERT INTO RentalItem (ID, PurchaseOrder, Name, Price, Location, Quantity, Size, Availability, Status, Picture) VALUES (60, 15, 'Camping Stove', 65.0, 'Gear Room B', 2, 'Single Burner', 'Available for checkout', 'AVAILABLE', 'camping_stove.jpg');
INSERT INTO RentalItem (ID, PurchaseOrder, Name, Price, Location, Quantity, Size, Availability, Status, Picture) VALUES (61, 15, 'Backpack', 95.0, 'Gear Room B', 3, '60L', 'Status: CHECKED_OUT', 'CHECKED_OUT', 'backpack.jpg');
INSERT INTO RentalItem (ID, PurchaseOrder, Name, Price, Location, Quantity, Size, Availability, Status, Picture) VALUES (62, 14, 'Camping Stove', 65.0, 'Gear Room B', 2, 'Double Burner', 'Available for checkout', 'AVAILABLE', 'camping_stove.jpg');
INSERT INTO RentalItem (ID, PurchaseOrder, Name, Price, Location, Quantity, Size, Availability, Status, Picture) VALUES (63, 3, 'Climbing Harness', 75.0, 'Gear Room A', 1, 'Small', 'Available for checkout', 'AVAILABLE', 'climbing_harness.jpg');
INSERT INTO RentalItem (ID, PurchaseOrder, Name, Price, Location, Quantity, Size, Availability, Status, Picture) VALUES (64, 3, 'Climbing Rope', 200.0, 'Gear Room A', 2, '60m Dynamic', 'Available for checkout', 'AVAILABLE', 'climbing_rope.jpg');
INSERT INTO RentalItem (ID, PurchaseOrder, Name, Price, Location, Quantity, Size, Availability, Status, Picture) VALUES (65, 6, 'Climbing Helmet', 50.0, 'Gear Room A', 1, 'One Size', 'Available for checkout', 'AVAILABLE', 'climbing_helmet.jpg');
INSERT INTO RentalItem (ID, PurchaseOrder, Name, Price, Location, Quantity, Size, Availability, Status, Picture) VALUES (66, 13, 'Sleeping Bag', 140.0, 'Gear Room B', 1, 'Long', 'Available for checkout', 'AVAILABLE', 'sleeping_bag.jpg');
INSERT INTO RentalItem (ID, PurchaseOrder, Name, Price, Location, Quantity, Size, Availability, Status, Picture) VALUES (67, 2, 'Sleeping Pad', 60.0, 'Gear Room B', 3, 'Long', 'Available for checkout', 'AVAILABLE', 'sleeping_pad.jpg');
INSERT INTO RentalItem (ID, PurchaseOrder, Name, Price, Location, Quantity, Size, Availability, Status, Picture) VALUES (68, 14, 'Headlamp', 40.0, 'Gear Room C', 1, 'One Size', 'Available for checkout', 'AVAILABLE', 'headlamp.jpg');
INSERT INTO RentalItem (ID, PurchaseOrder, Name, Price, Location, Quantity, Size, Availability, Status, Picture) VALUES (69, 3, 'Crampons', 120.0, 'Gear Room A', 1, 'Large', 'Available for checkout', 'AVAILABLE', 'crampons.jpg');
INSERT INTO RentalItem (ID, PurchaseOrder, Name, Price, Location, Quantity, Size, Availability, Status, Picture) VALUES (70, 11, 'Climbing Harness', 75.0, 'Gear Room A', 2, 'Medium', 'Available for checkout', 'AVAILABLE', 'climbing_harness.jpg');
INSERT INTO RentalItem (ID, PurchaseOrder, Name, Price, Location, Quantity, Size, Availability, Status, Picture) VALUES (71, 1, 'Ice Axe', 80.0, 'Gear Room A', 3, '60cm', 'Available for checkout', 'AVAILABLE', 'ice_axe.jpg');
INSERT INTO RentalItem (ID, PurchaseOrder, Name, Price, Location, Quantity, Size, Availability, Status, Picture) VALUES (72, 12, 'Headlamp', 40.0, 'Gear Room C', 1, 'One Size', 'Available for checkout', 'AVAILABLE', 'headlamp.jpg');
INSERT INTO RentalItem (ID, PurchaseOrder, Name, Price, Location, Quantity, Size, Availability, Status, Picture) VALUES (73, 10, 'Climbing Harness', 75.0, 'Gear Room A', 3, 'Small', 'Available for checkout', 'AVAILABLE', 'climbing_harness.jpg');
INSERT INTO RentalItem (ID, PurchaseOrder, Name, Price, Location, Quantity, Size, Availability, Status, Picture) VALUES (74, 11, 'Climbing Rope', 200.0, 'Gear Room A', 3, '60m Dynamic', 'Available for checkout', 'AVAILABLE', 'climbing_rope.jpg');
INSERT INTO RentalItem (ID, PurchaseOrder, Name, Price, Location, Quantity, Size, Availability, Status, Picture) VALUES (75, 5, 'Climbing Harness', 75.0, 'Gear Room A', 1, 'Large', 'Status: CHECKED_OUT', 'CHECKED_OUT', 'climbing_harness.jpg');
INSERT INTO RentalItem (ID, PurchaseOrder, Name, Price, Location, Quantity, Size, Availability, Status, Picture) VALUES (76, 7, 'Crampons', 120.0, 'Gear Room A', 3, 'Medium', 'Available for checkout', 'AVAILABLE', 'crampons.jpg');
INSERT INTO RentalItem (ID, PurchaseOrder, Name, Price, Location, Quantity, Size, Availability, Status, Picture) VALUES (77, 5, 'Ice Axe', 80.0, 'Gear Room A', 2, '70cm', 'Available for checkout', 'AVAILABLE', 'ice_axe.jpg');
INSERT INTO RentalItem (ID, PurchaseOrder, Name, Price, Location, Quantity, Size, Availability, Status, Picture) VALUES (78, 14, 'Climbing Helmet', 50.0, 'Gear Room A', 1, 'One Size', 'Status: CHECKED_OUT', 'CHECKED_OUT', 'climbing_helmet.jpg');
INSERT INTO RentalItem (ID, PurchaseOrder, Name, Price, Location, Quantity, Size, Availability, Status, Picture) VALUES (79, 3, 'Sleeping Bag', 140.0, 'Gear Room B', 1, 'Long', 'Available for checkout', 'AVAILABLE', 'sleeping_bag.jpg');
INSERT INTO RentalItem (ID, PurchaseOrder, Name, Price, Location, Quantity, Size, Availability, Status, Picture) VALUES (80, 11, 'Climbing Shoes', 85.0, 'Gear Room A', 3, '12', 'Available for checkout', 'AVAILABLE', 'climbing_shoes.jpg');
INSERT INTO RentalItem (ID, PurchaseOrder, Name, Price, Location, Quantity, Size, Availability, Status, Picture) VALUES (81, 9, 'Climbing Shoes', 85.0, 'Gear Room A', 1, '8', 'Available for checkout', 'AVAILABLE', 'climbing_shoes.jpg');
INSERT INTO RentalItem (ID, PurchaseOrder, Name, Price, Location, Quantity, Size, Availability, Status, Picture) VALUES (82, 11, 'Sleeping Pad', 60.0, 'Gear Room B', 3, 'Long', 'Available for checkout', 'AVAILABLE', 'sleeping_pad.jpg');
INSERT INTO RentalItem (ID, PurchaseOrder, Name, Price, Location, Quantity, Size, Availability, Status, Picture) VALUES (83, 11, 'Tent', 180.0, 'Gear Room B', 2, '4-Person', 'Status: CHECKED_OUT', 'CHECKED_OUT', 'tent.jpg');
INSERT INTO RentalItem (ID, PurchaseOrder, Name, Price, Location, Quantity, Size, Availability, Status, Picture) VALUES (84, 5, 'Climbing Helmet', 50.0, 'Gear Room A', 2, 'One Size', 'Status: DAMAGED', 'DAMAGED', 'climbing_helmet.jpg');
INSERT INTO RentalItem (ID, PurchaseOrder, Name, Price, Location, Quantity, Size, Availability, Status, Picture) VALUES (85, 9, 'Sleeping Bag', 140.0, 'Gear Room B', 2, 'Long', 'Available for checkout', 'AVAILABLE', 'sleeping_bag.jpg');
INSERT INTO RentalItem (ID, PurchaseOrder, Name, Price, Location, Quantity, Size, Availability, Status, Picture) VALUES (86, 2, 'Sleeping Bag', 140.0, 'Gear Room B', 1, 'Long', 'Available for checkout', 'AVAILABLE', 'sleeping_bag.jpg');
INSERT INTO RentalItem (ID, PurchaseOrder, Name, Price, Location, Quantity, Size, Availability, Status, Picture) VALUES (87, 7, 'Climbing Rope', 200.0, 'Gear Room A', 3, '60m Dynamic', 'Status: CHECKED_OUT', 'CHECKED_OUT', 'climbing_rope.jpg');
INSERT INTO RentalItem (ID, PurchaseOrder, Name, Price, Location, Quantity, Size, Availability, Status, Picture) VALUES (88, 8, 'Crampons', 120.0, 'Gear Room A', 2, 'Medium', 'Status: DAMAGED', 'DAMAGED', 'crampons.jpg');
INSERT INTO RentalItem (ID, PurchaseOrder, Name, Price, Location, Quantity, Size, Availability, Status, Picture) VALUES (89, 2, 'Backpack', 95.0, 'Gear Room B', 3, '50L', 'Available for checkout', 'AVAILABLE', 'backpack.jpg');
INSERT INTO RentalItem (ID, PurchaseOrder, Name, Price, Location, Quantity, Size, Availability, Status, Picture) VALUES (90, 8, 'Climbing Helmet', 50.0, 'Gear Room A', 1, 'One Size', 'Status: CHECKED_OUT', 'CHECKED_OUT', 'climbing_helmet.jpg');
INSERT INTO RentalItem (ID, PurchaseOrder, Name, Price, Location, Quantity, Size, Availability, Status, Picture) VALUES (91, 3, 'Climbing Shoes', 85.0, 'Gear Room A', 3, '7', 'Available for checkout', 'AVAILABLE', 'climbing_shoes.jpg');
INSERT INTO RentalItem (ID, PurchaseOrder, Name, Price, Location, Quantity, Size, Availability, Status, Picture) VALUES (92, 13, 'Crampons', 120.0, 'Gear Room A', 2, 'Medium', 'Available for checkout', 'AVAILABLE', 'crampons.jpg');
INSERT INTO RentalItem (ID, PurchaseOrder, Name, Price, Location, Quantity, Size, Availability, Status, Picture) VALUES (93, 13, 'Camping Stove', 65.0, 'Gear Room B', 1, 'Double Burner', 'Available for checkout', 'AVAILABLE', 'camping_stove.jpg');
INSERT INTO RentalItem (ID, PurchaseOrder, Name, Price, Location, Quantity, Size, Availability, Status, Picture) VALUES (94, 6, 'Ice Axe', 80.0, 'Gear Room A', 2, '70cm', 'Available for checkout', 'AVAILABLE', 'ice_axe.jpg');
INSERT INTO RentalItem (ID, PurchaseOrder, Name, Price, Location, Quantity, Size, Availability, Status, Picture) VALUES (95, 4, 'Climbing Harness', 75.0, 'Gear Room A', 2, 'Medium', 'Status: CHECKED_OUT', 'CHECKED_OUT', 'climbing_harness.jpg');
INSERT INTO RentalItem (ID, PurchaseOrder, Name, Price, Location, Quantity, Size, Availability, Status, Picture) VALUES (96, 15, 'Sleeping Pad', 60.0, 'Gear Room B', 1, 'Regular', 'Status: CHECKED_OUT', 'CHECKED_OUT', 'sleeping_pad.jpg');
INSERT INTO RentalItem (ID, PurchaseOrder, Name, Price, Location, Quantity, Size, Availability, Status, Picture) VALUES (97, 5, 'Ice Axe', 80.0, 'Gear Room A', 1, '70cm', 'Available for checkout', 'AVAILABLE', 'ice_axe.jpg');
INSERT INTO RentalItem (ID, PurchaseOrder, Name, Price, Location, Quantity, Size, Availability, Status, Picture) VALUES (98, 4, 'Climbing Rope', 200.0, 'Gear Room A', 2, '70m Dynamic', 'Available for checkout', 'AVAILABLE', 'climbing_rope.jpg');
INSERT INTO RentalItem (ID, PurchaseOrder, Name, Price, Location, Quantity, Size, Availability, Status, Picture) VALUES (99, 13, 'Crampons', 120.0, 'Gear Room A', 2, 'Large', 'Available for checkout', 'AVAILABLE', 'crampons.jpg');
INSERT INTO RentalItem (ID, PurchaseOrder, Name, Price, Location, Quantity, Size, Availability, Status, Picture) VALUES (100, 14, 'Headlamp', 40.0, 'Gear Room C', 1, 'One Size', 'Available for checkout', 'AVAILABLE', 'headlamp.jpg');
INSERT INTO RentalItem (ID, PurchaseOrder, Name, Price, Location, Quantity, Size, Availability, Status, Picture) VALUES (101, 11, 'Headlamp', 40.0, 'Gear Room C', 2, 'One Size', 'Available for checkout', 'AVAILABLE', 'headlamp.jpg');
INSERT INTO RentalItem (ID, PurchaseOrder, Name, Price, Location, Quantity, Size, Availability, Status, Picture) VALUES (102, 12, 'Headlamp', 40.0, 'Gear Room C', 2, 'One Size', 'Available for checkout', 'AVAILABLE', 'headlamp.jpg');
INSERT INTO RentalItem (ID, PurchaseOrder, Name, Price, Location, Quantity, Size, Availability, Status, Picture) VALUES (103, 10, 'Camping Stove', 65.0, 'Gear Room B', 3, 'Single Burner', 'Available for checkout', 'AVAILABLE', 'camping_stove.jpg');
INSERT INTO RentalItem (ID, PurchaseOrder, Name, Price, Location, Quantity, Size, Availability, Status, Picture) VALUES (104, 12, 'Sleeping Bag', 140.0, 'Gear Room B', 2, 'Long', 'Status: CHECKED_OUT', 'CHECKED_OUT', 'sleeping_bag.jpg');
INSERT INTO RentalItem (ID, PurchaseOrder, Name, Price, Location, Quantity, Size, Availability, Status, Picture) VALUES (105, 10, 'Sleeping Bag', 140.0, 'Gear Room B', 1, 'Long', 'Available for checkout', 'AVAILABLE', 'sleeping_bag.jpg');
INSERT INTO RentalItem (ID, PurchaseOrder, Name, Price, Location, Quantity, Size, Availability, Status, Picture) VALUES (106, 2, 'Tent', 180.0, 'Gear Room B', 3, '4-Person', 'Available for checkout', 'AVAILABLE', 'tent.jpg');
INSERT INTO RentalItem (ID, PurchaseOrder, Name, Price, Location, Quantity, Size, Availability, Status, Picture) VALUES (107, 2, 'Climbing Rope', 200.0, 'Gear Room A', 3, '70m Dynamic', 'Status: CHECKED_OUT', 'CHECKED_OUT', 'climbing_rope.jpg');
INSERT INTO RentalItem (ID, PurchaseOrder, Name, Price, Location, Quantity, Size, Availability, Status, Picture) VALUES (108, 4, 'Crampons', 120.0, 'Gear Room A', 3, 'Medium', 'Available for checkout', 'AVAILABLE', 'crampons.jpg');
INSERT INTO RentalItem (ID, PurchaseOrder, Name, Price, Location, Quantity, Size, Availability, Status, Picture) VALUES (109, 10, 'Sleeping Bag', 140.0, 'Gear Room B', 1, 'Regular', 'Available for checkout', 'AVAILABLE', 'sleeping_bag.jpg');
INSERT INTO RentalItem (ID, PurchaseOrder, Name, Price, Location, Quantity, Size, Availability, Status, Picture) VALUES (110, 7, 'Climbing Rope', 200.0, 'Gear Room A', 2, '70m Dynamic', 'Available for checkout', 'AVAILABLE', 'climbing_rope.jpg');
INSERT INTO RentalItem (ID, PurchaseOrder, Name, Price, Location, Quantity, Size, Availability, Status, Picture) VALUES (111, 3, 'Climbing Shoes', 85.0, 'Gear Room A', 2, '12', 'Available for checkout', 'AVAILABLE', 'climbing_shoes.jpg');
INSERT INTO RentalItem (ID, PurchaseOrder, Name, Price, Location, Quantity, Size, Availability, Status, Picture) VALUES (112, 6, 'Tent', 180.0, 'Gear Room B', 3, '3-Person', 'Available for checkout', 'AVAILABLE', 'tent.jpg');
INSERT INTO RentalItem (ID, PurchaseOrder, Name, Price, Location, Quantity, Size, Availability, Status, Picture) VALUES (113, 15, 'Climbing Helmet', 50.0, 'Gear Room A', 2, 'One Size', 'Available for checkout', 'AVAILABLE', 'climbing_helmet.jpg');
INSERT INTO RentalItem (ID, PurchaseOrder, Name, Price, Location, Quantity, Size, Availability, Status, Picture) VALUES (114, 15, 'Climbing Rope', 200.0, 'Gear Room A', 3, '60m Dynamic', 'Available for checkout', 'AVAILABLE', 'climbing_rope.jpg');
INSERT INTO RentalItem (ID, PurchaseOrder, Name, Price, Location, Quantity, Size, Availability, Status, Picture) VALUES (115, 13, 'Sleeping Bag', 140.0, 'Gear Room B', 1, 'Long', 'Available for checkout', 'AVAILABLE', 'sleeping_bag.jpg');
INSERT INTO RentalItem (ID, PurchaseOrder, Name, Price, Location, Quantity, Size, Availability, Status, Picture) VALUES (116, 6, 'Backpack', 95.0, 'Gear Room B', 3, '60L', 'Available for checkout', 'AVAILABLE', 'backpack.jpg');
INSERT INTO RentalItem (ID, PurchaseOrder, Name, Price, Location, Quantity, Size, Availability, Status, Picture) VALUES (117, 4, 'Tent', 180.0, 'Gear Room B', 1, '3-Person', 'Status: CHECKED_OUT', 'CHECKED_OUT', 'tent.jpg');
INSERT INTO RentalItem (ID, PurchaseOrder, Name, Price, Location, Quantity, Size, Availability, Status, Picture) VALUES (118, 5, 'Climbing Shoes', 85.0, 'Gear Room A', 1, '12', 'Available for checkout', 'AVAILABLE', 'climbing_shoes.jpg');
INSERT INTO RentalItem (ID, PurchaseOrder, Name, Price, Location, Quantity, Size, Availability, Status, Picture) VALUES (119, 4, 'Crampons', 120.0, 'Gear Room A', 2, 'Large', 'Available for checkout', 'AVAILABLE', 'crampons.jpg');
INSERT INTO RentalItem (ID, PurchaseOrder, Name, Price, Location, Quantity, Size, Availability, Status, Picture) VALUES (120, 14, 'Ice Axe', 80.0, 'Gear Room A', 3, '60cm', 'Status: DEPRECATED', 'DEPRECATED', 'ice_axe.jpg');
INSERT INTO RentalItem (ID, PurchaseOrder, Name, Price, Location, Quantity, Size, Availability, Status, Picture) VALUES (121, 5, 'Climbing Harness', 75.0, 'Gear Room A', 1, 'Medium', 'Status: CHECKED_OUT', 'CHECKED_OUT', 'climbing_harness.jpg');
INSERT INTO RentalItem (ID, PurchaseOrder, Name, Price, Location, Quantity, Size, Availability, Status, Picture) VALUES (122, 2, 'Climbing Harness', 75.0, 'Gear Room A', 3, 'Small', 'Available for checkout', 'AVAILABLE', 'climbing_harness.jpg');
INSERT INTO RentalItem (ID, PurchaseOrder, Name, Price, Location, Quantity, Size, Availability, Status, Picture) VALUES (123, 3, 'Climbing Helmet', 50.0, 'Gear Room A', 1, 'One Size', 'Available for checkout', 'AVAILABLE', 'climbing_helmet.jpg');
INSERT INTO RentalItem (ID, PurchaseOrder, Name, Price, Location, Quantity, Size, Availability, Status, Picture) VALUES (124, 11, 'Climbing Harness', 75.0, 'Gear Room A', 3, 'Small', 'Available for checkout', 'AVAILABLE', 'climbing_harness.jpg');
INSERT INTO RentalItem (ID, PurchaseOrder, Name, Price, Location, Quantity, Size, Availability, Status, Picture) VALUES (125, 4, 'Climbing Harness', 75.0, 'Gear Room A', 3, 'Large', 'Available for checkout', 'AVAILABLE', 'climbing_harness.jpg');
INSERT INTO RentalItem (ID, PurchaseOrder, Name, Price, Location, Quantity, Size, Availability, Status, Picture) VALUES (126, 3, 'Sleeping Bag', 140.0, 'Gear Room B', 2, 'Long', 'Status: CHECKED_OUT', 'CHECKED_OUT', 'sleeping_bag.jpg');
INSERT INTO RentalItem (ID, PurchaseOrder, Name, Price, Location, Quantity, Size, Availability, Status, Picture) VALUES (127, 7, 'Headlamp', 40.0, 'Gear Room C', 2, 'One Size', 'Available for checkout', 'AVAILABLE', 'headlamp.jpg');
INSERT INTO RentalItem (ID, PurchaseOrder, Name, Price, Location, Quantity, Size, Availability, Status, Picture) VALUES (128, 2, 'Tent', 180.0, 'Gear Room B', 3, '4-Person', 'Available for checkout', 'AVAILABLE', 'tent.jpg');
INSERT INTO RentalItem (ID, PurchaseOrder, Name, Price, Location, Quantity, Size, Availability, Status, Picture) VALUES (129, 4, 'Tent', 180.0, 'Gear Room B', 2, '2-Person', 'Available for checkout', 'AVAILABLE', 'tent.jpg');
INSERT INTO RentalItem (ID, PurchaseOrder, Name, Price, Location, Quantity, Size, Availability, Status, Picture) VALUES (130, 5, 'Crampons', 120.0, 'Gear Room A', 1, 'Small', 'Available for checkout', 'AVAILABLE', 'crampons.jpg');
INSERT INTO RentalItem (ID, PurchaseOrder, Name, Price, Location, Quantity, Size, Availability, Status, Picture) VALUES (131, 1, 'Tent', 180.0, 'Gear Room B', 2, '3-Person', 'Available for checkout', 'AVAILABLE', 'tent.jpg');
INSERT INTO RentalItem (ID, PurchaseOrder, Name, Price, Location, Quantity, Size, Availability, Status, Picture) VALUES (132, 9, 'Climbing Helmet', 50.0, 'Gear Room A', 1, 'One Size', 'Status: DEPRECATED', 'DEPRECATED', 'climbing_helmet.jpg');
INSERT INTO RentalItem (ID, PurchaseOrder, Name, Price, Location, Quantity, Size, Availability, Status, Picture) VALUES (133, 2, 'Sleeping Pad', 60.0, 'Gear Room B', 2, 'Long', 'Available for checkout', 'AVAILABLE', 'sleeping_pad.jpg');
INSERT INTO RentalItem (ID, PurchaseOrder, Name, Price, Location, Quantity, Size, Availability, Status, Picture) VALUES (134, 1, 'Climbing Shoes', 85.0, 'Gear Room A', 1, '12', 'Available for checkout', 'AVAILABLE', 'climbing_shoes.jpg');
INSERT INTO RentalItem (ID, PurchaseOrder, Name, Price, Location, Quantity, Size, Availability, Status, Picture) VALUES (135, 15, 'Crampons', 120.0, 'Gear Room A', 3, 'Medium', 'Available for checkout', 'AVAILABLE', 'crampons.jpg');
INSERT INTO RentalItem (ID, PurchaseOrder, Name, Price, Location, Quantity, Size, Availability, Status, Picture) VALUES (136, 3, 'Climbing Helmet', 50.0, 'Gear Room A', 1, 'One Size', 'Status: DAMAGED', 'DAMAGED', 'climbing_helmet.jpg');
INSERT INTO RentalItem (ID, PurchaseOrder, Name, Price, Location, Quantity, Size, Availability, Status, Picture) VALUES (137, 13, 'Climbing Shoes', 85.0, 'Gear Room A', 3, '6', 'Available for checkout', 'AVAILABLE', 'climbing_shoes.jpg');
INSERT INTO RentalItem (ID, PurchaseOrder, Name, Price, Location, Quantity, Size, Availability, Status, Picture) VALUES (138, 11, 'Headlamp', 40.0, 'Gear Room C', 2, 'One Size', 'Available for checkout', 'AVAILABLE', 'headlamp.jpg');
INSERT INTO RentalItem (ID, PurchaseOrder, Name, Price, Location, Quantity, Size, Availability, Status, Picture) VALUES (139, 15, 'Ice Axe', 80.0, 'Gear Room A', 1, '60cm', 'Available for checkout', 'AVAILABLE', 'ice_axe.jpg');
INSERT INTO RentalItem (ID, PurchaseOrder, Name, Price, Location, Quantity, Size, Availability, Status, Picture) VALUES (140, 14, 'Backpack', 95.0, 'Gear Room B', 1, '40L', 'Status: CHECKED_OUT', 'CHECKED_OUT', 'backpack.jpg');
INSERT INTO RentalItem (ID, PurchaseOrder, Name, Price, Location, Quantity, Size, Availability, Status, Picture) VALUES (141, 1, 'Climbing Rope', 200.0, 'Gear Room A', 2, '70m Dynamic', 'Available for checkout', 'AVAILABLE', 'climbing_rope.jpg');
INSERT INTO RentalItem (ID, PurchaseOrder, Name, Price, Location, Quantity, Size, Availability, Status, Picture) VALUES (142, 14, 'Tent', 180.0, 'Gear Room B', 1, '2-Person', 'Available for checkout', 'AVAILABLE', 'tent.jpg');
INSERT INTO RentalItem (ID, PurchaseOrder, Name, Price, Location, Quantity, Size, Availability, Status, Picture) VALUES (143, 6, 'Sleeping Pad', 60.0, 'Gear Room B', 1, 'Long', 'Status: CHECKED_OUT', 'CHECKED_OUT', 'sleeping_pad.jpg');
INSERT INTO RentalItem (ID, PurchaseOrder, Name, Price, Location, Quantity, Size, Availability, Status, Picture) VALUES (144, 14, 'Sleeping Pad', 60.0, 'Gear Room B', 1, 'Regular', 'Status: CHECKED_OUT', 'CHECKED_OUT', 'sleeping_pad.jpg');
INSERT INTO RentalItem (ID, PurchaseOrder, Name, Price, Location, Quantity, Size, Availability, Status, Picture) VALUES (145, 13, 'Sleeping Pad', 60.0, 'Gear Room B', 3, 'Long', 'Status: CHECKED_OUT', 'CHECKED_OUT', 'sleeping_pad.jpg');
INSERT INTO RentalItem (ID, PurchaseOrder, Name, Price, Location, Quantity, Size, Availability, Status, Picture) VALUES (146, 13, 'Backpack', 95.0, 'Gear Room B', 2, '70L', 'Available for checkout', 'AVAILABLE', 'backpack.jpg');
INSERT INTO RentalItem (ID, PurchaseOrder, Name, Price, Location, Quantity, Size, Availability, Status, Picture) VALUES (147, 8, 'Sleeping Pad', 60.0, 'Gear Room B', 1, 'Long', 'Available for checkout', 'AVAILABLE', 'sleeping_pad.jpg');
INSERT INTO RentalItem (ID, PurchaseOrder, Name, Price, Location, Quantity, Size, Availability, Status, Picture) VALUES (148, 9, 'Backpack', 95.0, 'Gear Room B', 3, '60L', 'Available for checkout', 'AVAILABLE', 'backpack.jpg');
INSERT INTO RentalItem (ID, PurchaseOrder, Name, Price, Location, Quantity, Size, Availability, Status, Picture) VALUES (149, 10, 'Crampons', 120.0, 'Gear Room A', 1, 'Medium', 'Available for checkout', 'AVAILABLE', 'crampons.jpg');

-- 🛍️ MERCHANDISE
INSERT INTO MerchItem (ID, PurchaseOrder, Price, Quantity, Name, Description, Location) VALUES (50, 10, 42.0, 12, 'Club Hoodie', 'Warm fleece hoodie with embroidered logo', 'Merch Storage');
INSERT INTO MerchItem (ID, PurchaseOrder, Price, Quantity, Name, Description, Location) VALUES (51, 8, 20.0, 22, 'Club Buff', 'Versatile neck gaiter with logo', 'Merch Storage');
INSERT INTO MerchItem (ID, PurchaseOrder, Price, Quantity, Name, Description, Location) VALUES (52, 10, 8.0, 24, 'Club Patch', 'Iron-on embroidered patch', 'Merch Storage');
INSERT INTO MerchItem (ID, PurchaseOrder, Price, Quantity, Name, Description, Location) VALUES (53, 8, 18.0, 22, 'Water Bottle', 'Insulated stainless steel bottle', 'Merch Storage');
INSERT INTO MerchItem (ID, PurchaseOrder, Price, Quantity, Name, Description, Location) VALUES (54, 3, 42.0, 48, 'Club Hoodie', 'Warm fleece hoodie with embroidered logo', 'Merch Storage');
INSERT INTO MerchItem (ID, PurchaseOrder, Price, Quantity, Name, Description, Location) VALUES (55, 15, 42.0, 23, 'Club Hoodie', 'Warm fleece hoodie with embroidered logo', 'Merch Storage');
INSERT INTO MerchItem (ID, PurchaseOrder, Price, Quantity, Name, Description, Location) VALUES (56, 13, 10.0, 46, 'Club Pin', 'Enamel pin with mountain design', 'Merch Storage');
INSERT INTO MerchItem (ID, PurchaseOrder, Price, Quantity, Name, Description, Location) VALUES (57, 7, 5.0, 37, 'Club Stickers', 'Weather-resistant vinyl sticker pack', 'Merch Storage');
INSERT INTO MerchItem (ID, PurchaseOrder, Price, Quantity, Name, Description, Location) VALUES (58, 5, 5.0, 27, 'Club Stickers', 'Weather-resistant vinyl sticker pack', 'Merch Storage');
INSERT INTO MerchItem (ID, PurchaseOrder, Price, Quantity, Name, Description, Location) VALUES (59, 1, 8.0, 24, 'Club Patch', 'Iron-on embroidered patch', 'Merch Storage');
INSERT INTO MerchItem (ID, PurchaseOrder, Price, Quantity, Name, Description, Location) VALUES (60, 15, 5.0, 7, 'Club Stickers', 'Weather-resistant vinyl sticker pack', 'Merch Storage');
INSERT INTO MerchItem (ID, PurchaseOrder, Price, Quantity, Name, Description, Location) VALUES (61, 10, 8.0, 28, 'Club Patch', 'Iron-on embroidered patch', 'Merch Storage');
INSERT INTO MerchItem (ID, PurchaseOrder, Price, Quantity, Name, Description, Location) VALUES (62, 9, 18.0, 7, 'Water Bottle', 'Insulated stainless steel bottle', 'Merch Storage');
INSERT INTO MerchItem (ID, PurchaseOrder, Price, Quantity, Name, Description, Location) VALUES (63, 3, 18.0, 37, 'Water Bottle', 'Insulated stainless steel bottle', 'Merch Storage');
INSERT INTO MerchItem (ID, PurchaseOrder, Price, Quantity, Name, Description, Location) VALUES (64, 1, 10.0, 8, 'Club Pin', 'Enamel pin with mountain design', 'Merch Storage');
INSERT INTO MerchItem (ID, PurchaseOrder, Price, Quantity, Name, Description, Location) VALUES (65, 8, 10.0, 34, 'Club Pin', 'Enamel pin with mountain design', 'Merch Storage');
INSERT INTO MerchItem (ID, PurchaseOrder, Price, Quantity, Name, Description, Location) VALUES (66, 10, 8.0, 21, 'Club Patch', 'Iron-on embroidered patch', 'Merch Storage');
INSERT INTO MerchItem (ID, PurchaseOrder, Price, Quantity, Name, Description, Location) VALUES (67, 13, 18.0, 22, 'Water Bottle', 'Insulated stainless steel bottle', 'Merch Storage');
INSERT INTO MerchItem (ID, PurchaseOrder, Price, Quantity, Name, Description, Location) VALUES (68, 6, 20.0, 8, 'Club Buff', 'Versatile neck gaiter with logo', 'Merch Storage');
INSERT INTO MerchItem (ID, PurchaseOrder, Price, Quantity, Name, Description, Location) VALUES (69, 1, 42.0, 33, 'Club Hoodie', 'Warm fleece hoodie with embroidered logo', 'Merch Storage');
INSERT INTO MerchItem (ID, PurchaseOrder, Price, Quantity, Name, Description, Location) VALUES (70, 2, 12.0, 23, 'Club Notebook', 'Weather-resistant field notebook', 'Merch Storage');
INSERT INTO MerchItem (ID, PurchaseOrder, Price, Quantity, Name, Description, Location) VALUES (71, 15, 12.0, 27, 'Club Notebook', 'Weather-resistant field notebook', 'Merch Storage');
INSERT INTO MerchItem (ID, PurchaseOrder, Price, Quantity, Name, Description, Location) VALUES (72, 1, 12.0, 44, 'Club Notebook', 'Weather-resistant field notebook', 'Merch Storage');
INSERT INTO MerchItem (ID, PurchaseOrder, Price, Quantity, Name, Description, Location) VALUES (73, 10, 25.0, 41, 'Club Hat', 'Adjustable baseball cap with logo', 'Merch Storage');
INSERT INTO MerchItem (ID, PurchaseOrder, Price, Quantity, Name, Description, Location) VALUES (74, 1, 20.0, 41, 'Club Buff', 'Versatile neck gaiter with logo', 'Merch Storage');
INSERT INTO MerchItem (ID, PurchaseOrder, Price, Quantity, Name, Description, Location) VALUES (75, 11, 18.0, 12, 'Water Bottle', 'Insulated stainless steel bottle', 'Merch Storage');
INSERT INTO MerchItem (ID, PurchaseOrder, Price, Quantity, Name, Description, Location) VALUES (76, 15, 16.0, 7, 'Club Mug', 'Ceramic mug perfect for camp coffee', 'Merch Storage');
INSERT INTO MerchItem (ID, PurchaseOrder, Price, Quantity, Name, Description, Location) VALUES (77, 3, 25.0, 31, 'Club Hat', 'Adjustable baseball cap with logo', 'Merch Storage');
INSERT INTO MerchItem (ID, PurchaseOrder, Price, Quantity, Name, Description, Location) VALUES (78, 3, 20.0, 13, 'Club Buff', 'Versatile neck gaiter with logo', 'Merch Storage');
INSERT INTO MerchItem (ID, PurchaseOrder, Price, Quantity, Name, Description, Location) VALUES (79, 5, 8.0, 36, 'Club Patch', 'Iron-on embroidered patch', 'Merch Storage');
INSERT INTO MerchItem (ID, PurchaseOrder, Price, Quantity, Name, Description, Location) VALUES (80, 5, 8.0, 29, 'Club Patch', 'Iron-on embroidered patch', 'Merch Storage');
INSERT INTO MerchItem (ID, PurchaseOrder, Price, Quantity, Name, Description, Location) VALUES (81, 11, 10.0, 45, 'Club Pin', 'Enamel pin with mountain design', 'Merch Storage');
INSERT INTO MerchItem (ID, PurchaseOrder, Price, Quantity, Name, Description, Location) VALUES (82, 6, 10.0, 48, 'Club Pin', 'Enamel pin with mountain design', 'Merch Storage');
INSERT INTO MerchItem (ID, PurchaseOrder, Price, Quantity, Name, Description, Location) VALUES (83, 14, 5.0, 40, 'Club Stickers', 'Weather-resistant vinyl sticker pack', 'Merch Storage');
INSERT INTO MerchItem (ID, PurchaseOrder, Price, Quantity, Name, Description, Location) VALUES (84, 15, 16.0, 34, 'Club Mug', 'Ceramic mug perfect for camp coffee', 'Merch Storage');
INSERT INTO MerchItem (ID, PurchaseOrder, Price, Quantity, Name, Description, Location) VALUES (85, 6, 10.0, 24, 'Club Pin', 'Enamel pin with mountain design', 'Merch Storage');
INSERT INTO MerchItem (ID, PurchaseOrder, Price, Quantity, Name, Description, Location) VALUES (86, 14, 42.0, 6, 'Club Hoodie', 'Warm fleece hoodie with embroidered logo', 'Merch Storage');
INSERT INTO MerchItem (ID, PurchaseOrder, Price, Quantity, Name, Description, Location) VALUES (87, 1, 20.0, 47, 'Club Buff', 'Versatile neck gaiter with logo', 'Merch Storage');
INSERT INTO MerchItem (ID, PurchaseOrder, Price, Quantity, Name, Description, Location) VALUES (88, 1, 20.0, 41, 'Club Buff', 'Versatile neck gaiter with logo', 'Merch Storage');
INSERT INTO MerchItem (ID, PurchaseOrder, Price, Quantity, Name, Description, Location) VALUES (89, 12, 18.0, 6, 'Water Bottle', 'Insulated stainless steel bottle', 'Merch Storage');

-- ✅ End of generated fake data
