-- 🎭 Generated Fake Data for ClubStack Database
-- Generated on: 2025-08-10 11:46:24
-- Run this file against your ClubStack database to populate with fake data
USE ClubStack;
-- 👥 MEMBERS
INSERT INTO Member (ID, FirstName, LastName, PreferredName, GraduationYear, IsGradStudent, ActivationDate, CarPlate, CarState, CarPassCount, EmerContactName, EmerContactPhone) VALUES (100, 'Mary', 'Keller', 'Mary', 2025, FALSE, '2024-10-28', NULL, NULL, 0, 'James Baker', '6665181813');
INSERT INTO Member (ID, FirstName, LastName, PreferredName, GraduationYear, IsGradStudent, ActivationDate, CarPlate, CarState, CarPassCount, EmerContactName, EmerContactPhone) VALUES (101, 'Daniel', 'Knight', 'Daniel', 2027, FALSE, '2024-07-11', NULL, NULL, 0, 'Alyssa Montgomery', '+1-598-749-3666x2425');
INSERT INTO Member (ID, FirstName, LastName, PreferredName, GraduationYear, IsGradStudent, ActivationDate, CarPlate, CarState, CarPassCount, EmerContactName, EmerContactPhone) VALUES (102, 'Lisa', 'Davis', 'Lisa', 2025, TRUE, '2024-06-12', 'RNB 326', 'DE', 4, 'Nicholas Carter', '6486405017');
INSERT INTO Member (ID, FirstName, LastName, PreferredName, GraduationYear, IsGradStudent, ActivationDate, CarPlate, CarState, CarPassCount, EmerContactName, EmerContactPhone) VALUES (103, 'Monique', 'Wilkinson', 'Monique', 2024, FALSE, '2025-04-08', '101 JID', 'VT', 2, 'Heather Robertson', '741-286-4446x93735');
INSERT INTO Member (ID, FirstName, LastName, PreferredName, GraduationYear, IsGradStudent, ActivationDate, CarPlate, CarState, CarPassCount, EmerContactName, EmerContactPhone) VALUES (104, 'Amanda', 'Hubbard', 'Amanda', 2027, FALSE, '2024-11-22', NULL, NULL, 0, 'David Hanson', '4652997341');
INSERT INTO Member (ID, FirstName, LastName, PreferredName, GraduationYear, IsGradStudent, ActivationDate, CarPlate, CarState, CarPassCount, EmerContactName, EmerContactPhone) VALUES (105, 'Omar', 'Martinez', 'Omar', 2028, FALSE, '2024-04-19', NULL, NULL, 0, 'Andrea Martin', '9969714232');
INSERT INTO Member (ID, FirstName, LastName, PreferredName, GraduationYear, IsGradStudent, ActivationDate, CarPlate, CarState, CarPassCount, EmerContactName, EmerContactPhone) VALUES (106, 'Kellie', 'Giles', 'Eric', 2028, FALSE, '2023-10-23', NULL, NULL, 0, 'Jonathan Hunt', '422-570-5609x67488');
INSERT INTO Member (ID, FirstName, LastName, PreferredName, GraduationYear, IsGradStudent, ActivationDate, CarPlate, CarState, CarPassCount, EmerContactName, EmerContactPhone) VALUES (107, 'Kaitlyn', 'Mitchell', 'Brenda', 2027, FALSE, '2024-07-30', '02H•234', 'ME', 4, 'Bryan Bradshaw', '(388)390-1736x803');
INSERT INTO Member (ID, FirstName, LastName, PreferredName, GraduationYear, IsGradStudent, ActivationDate, CarPlate, CarState, CarPassCount, EmerContactName, EmerContactPhone) VALUES (108, 'Renee', 'Figueroa', 'Renee', 2027, FALSE, '2023-10-25', '676 NP9', 'UT', 4, 'Justin Sloan', '(621)260-3249x368');
INSERT INTO Member (ID, FirstName, LastName, PreferredName, GraduationYear, IsGradStudent, ActivationDate, CarPlate, CarState, CarPassCount, EmerContactName, EmerContactPhone) VALUES (109, 'Mike', 'Ellison', 'Mike', 2028, FALSE, '2023-11-14', NULL, NULL, 0, 'Jessica Chapman', '(387)312-1703x3017');
INSERT INTO Member (ID, FirstName, LastName, PreferredName, GraduationYear, IsGradStudent, ActivationDate, CarPlate, CarState, CarPassCount, EmerContactName, EmerContactPhone) VALUES (110, 'Bryan', 'Castillo', 'Christine', 2026, FALSE, '2024-03-24', '623-IFF', 'NE', 1, 'Ms. Natasha Guerrero', '(830)702-9442x15997');
INSERT INTO Member (ID, FirstName, LastName, PreferredName, GraduationYear, IsGradStudent, ActivationDate, CarPlate, CarState, CarPassCount, EmerContactName, EmerContactPhone) VALUES (111, 'Laurie', 'Molina', 'Laurie', 2027, FALSE, '2024-11-21', '9PG T85', 'VT', 0, 'Patrick Martin', '243-956-3724x122');
INSERT INTO Member (ID, FirstName, LastName, PreferredName, GraduationYear, IsGradStudent, ActivationDate, CarPlate, CarState, CarPassCount, EmerContactName, EmerContactPhone) VALUES (112, 'Sheri', 'Evans', 'Sheri', 2025, FALSE, '2023-09-30', 'JGT 205', 'OK', 3, 'Nicole Baker', '866-769-5729x32338');
INSERT INTO Member (ID, FirstName, LastName, PreferredName, GraduationYear, IsGradStudent, ActivationDate, CarPlate, CarState, CarPassCount, EmerContactName, EmerContactPhone) VALUES (113, 'Kimberly', 'Swanson', 'Kimberly', 2027, FALSE, '2024-06-15', NULL, NULL, 0, 'Corey Harvey MD', '(724)712-7500x4384');
INSERT INTO Member (ID, FirstName, LastName, PreferredName, GraduationYear, IsGradStudent, ActivationDate, CarPlate, CarState, CarPassCount, EmerContactName, EmerContactPhone) VALUES (114, 'Angela', 'Martin', 'Angela', 2027, FALSE, '2024-01-06', NULL, NULL, 0, 'Robert Zuniga', '(794)647-1893x76009');
INSERT INTO Member (ID, FirstName, LastName, PreferredName, GraduationYear, IsGradStudent, ActivationDate, CarPlate, CarState, CarPassCount, EmerContactName, EmerContactPhone) VALUES (115, 'Tasha', 'White', 'Tasha', 2027, FALSE, '2024-08-02', NULL, NULL, 0, 'Natalie Johnson', '7232521989');
INSERT INTO Member (ID, FirstName, LastName, PreferredName, GraduationYear, IsGradStudent, ActivationDate, CarPlate, CarState, CarPassCount, EmerContactName, EmerContactPhone) VALUES (116, 'Lauren', 'Cherry', 'Lauren', 2027, FALSE, '2025-01-09', NULL, NULL, 0, 'Wendy Wilson', '(504)387-0228x042');
INSERT INTO Member (ID, FirstName, LastName, PreferredName, GraduationYear, IsGradStudent, ActivationDate, CarPlate, CarState, CarPassCount, EmerContactName, EmerContactPhone) VALUES (117, 'Cathy', 'Clark', 'Cathy', 2025, FALSE, '2023-12-05', '0-7722N', 'IL', 1, 'Kelly Weiss', '+1-999-923-0564x053');
INSERT INTO Member (ID, FirstName, LastName, PreferredName, GraduationYear, IsGradStudent, ActivationDate, CarPlate, CarState, CarPassCount, EmerContactName, EmerContactPhone) VALUES (118, 'Erin', 'Parker', 'Erin', 2028, FALSE, '2024-09-29', NULL, NULL, 0, 'Michelle Macdonald', '298-504-4731');
INSERT INTO Member (ID, FirstName, LastName, PreferredName, GraduationYear, IsGradStudent, ActivationDate, CarPlate, CarState, CarPassCount, EmerContactName, EmerContactPhone) VALUES (119, 'Ronald', 'Gentry', 'Ronald', 2025, FALSE, '2023-12-17', '701 HTQ', 'NY', 5, 'John Harrison', '001-739-780-9213');
INSERT INTO Member (ID, FirstName, LastName, PreferredName, GraduationYear, IsGradStudent, ActivationDate, CarPlate, CarState, CarPassCount, EmerContactName, EmerContactPhone) VALUES (120, 'Alec', 'Collins', 'Alec', 2027, FALSE, '2025-02-14', '871 3BX', 'GA', 2, 'Lisa Lopez', '001-680-364-6104x714');
INSERT INTO Member (ID, FirstName, LastName, PreferredName, GraduationYear, IsGradStudent, ActivationDate, CarPlate, CarState, CarPassCount, EmerContactName, EmerContactPhone) VALUES (121, 'Melanie', 'Smith', 'Melanie', 2025, FALSE, '2024-01-04', 'AAV 082', 'ID', 0, 'Rachel Thompson', '251.881.0369');
INSERT INTO Member (ID, FirstName, LastName, PreferredName, GraduationYear, IsGradStudent, ActivationDate, CarPlate, CarState, CarPassCount, EmerContactName, EmerContactPhone) VALUES (122, 'Christian', 'Henderson', 'Christian', 2025, FALSE, '2023-09-05', NULL, NULL, 0, 'Thomas Montgomery', '620.281.7105x418');
INSERT INTO Member (ID, FirstName, LastName, PreferredName, GraduationYear, IsGradStudent, ActivationDate, CarPlate, CarState, CarPassCount, EmerContactName, EmerContactPhone) VALUES (123, 'Tina', 'Miller', 'James', 2028, FALSE, '2025-01-19', 'W74 4XB', 'AK', 2, 'Andrew Crawford', '001-622-381-2180x97274');
INSERT INTO Member (ID, FirstName, LastName, PreferredName, GraduationYear, IsGradStudent, ActivationDate, CarPlate, CarState, CarPassCount, EmerContactName, EmerContactPhone) VALUES (124, 'Virginia', 'Medina', 'Virginia', 2026, TRUE, '2023-12-02', NULL, NULL, 0, 'James Lopez', '(852)223-1322x848');
INSERT INTO Member (ID, FirstName, LastName, PreferredName, GraduationYear, IsGradStudent, ActivationDate, CarPlate, CarState, CarPassCount, EmerContactName, EmerContactPhone) VALUES (125, 'Patrick', 'Maynard', 'Patrick', 2026, FALSE, '2025-07-08', '56EL8', 'DE', 5, 'Adam Miller', '+1-921-591-6343');
INSERT INTO Member (ID, FirstName, LastName, PreferredName, GraduationYear, IsGradStudent, ActivationDate, CarPlate, CarState, CarPassCount, EmerContactName, EmerContactPhone) VALUES (126, 'Jasmin', 'White', 'Carla', 2027, FALSE, '2023-10-01', NULL, NULL, 0, 'Brooke Cain', '901-777-3693');
INSERT INTO Member (ID, FirstName, LastName, PreferredName, GraduationYear, IsGradStudent, ActivationDate, CarPlate, CarState, CarPassCount, EmerContactName, EmerContactPhone) VALUES (127, 'Dominic', 'Cardenas', 'Dominic', 2024, FALSE, '2024-03-30', '310 7263', 'AZ', 3, 'Michelle Walton', '291.349.6628x695');
INSERT INTO Member (ID, FirstName, LastName, PreferredName, GraduationYear, IsGradStudent, ActivationDate, CarPlate, CarState, CarPassCount, EmerContactName, EmerContactPhone) VALUES (128, 'Sean', 'Malone', 'Sean', 2026, TRUE, '2024-03-23', NULL, NULL, 0, 'Anthony Morton', '+1-851-655-6672x70750');
INSERT INTO Member (ID, FirstName, LastName, PreferredName, GraduationYear, IsGradStudent, ActivationDate, CarPlate, CarState, CarPassCount, EmerContactName, EmerContactPhone) VALUES (129, 'Danielle', 'Richards', 'Danielle', 2025, FALSE, '2025-03-11', 'RWX-1767', 'LA', 5, 'Micheal Preston', '6639393239');
INSERT INTO Member (ID, FirstName, LastName, PreferredName, GraduationYear, IsGradStudent, ActivationDate, CarPlate, CarState, CarPassCount, EmerContactName, EmerContactPhone) VALUES (130, 'James', 'Johnson', 'Jimmy', 2025, FALSE, '2024-11-04', '608U0', 'KY', 3, 'Nathan Franco', '298-891-6588');
INSERT INTO Member (ID, FirstName, LastName, PreferredName, GraduationYear, IsGradStudent, ActivationDate, CarPlate, CarState, CarPassCount, EmerContactName, EmerContactPhone) VALUES (131, 'Christina', 'Taylor', 'Christina', 2028, FALSE, '2025-03-31', 'MGO-179', 'MI', 0, 'Ashley Rice', '001-575-278-7867x274');
INSERT INTO Member (ID, FirstName, LastName, PreferredName, GraduationYear, IsGradStudent, ActivationDate, CarPlate, CarState, CarPassCount, EmerContactName, EmerContactPhone) VALUES (132, 'Nicole', 'Strong', 'Nicole', 2025, FALSE, '2025-06-21', '951-LZV', 'GU', 3, 'Jonathan Romero', '343.451.6785x13576');
INSERT INTO Member (ID, FirstName, LastName, PreferredName, GraduationYear, IsGradStudent, ActivationDate, CarPlate, CarState, CarPassCount, EmerContactName, EmerContactPhone) VALUES (133, 'Marilyn', 'James', 'Amber', 2024, TRUE, '2023-11-05', 'V10-SGW', 'AS', 3, 'Maria Howe', '+1-682-900-4402x76756');
INSERT INTO Member (ID, FirstName, LastName, PreferredName, GraduationYear, IsGradStudent, ActivationDate, CarPlate, CarState, CarPassCount, EmerContactName, EmerContactPhone) VALUES (134, 'Michael', 'Williams', 'Jill', 2027, FALSE, '2025-07-16', NULL, NULL, 0, 'William Prince', '271-775-7238x019');
INSERT INTO Member (ID, FirstName, LastName, PreferredName, GraduationYear, IsGradStudent, ActivationDate, CarPlate, CarState, CarPassCount, EmerContactName, EmerContactPhone) VALUES (135, 'David', 'Welch', 'Jose', 2026, FALSE, '2023-11-14', 'LPT-269', 'CT', 5, 'Kimberly Sullivan', '605.961.5897x20419');
INSERT INTO Member (ID, FirstName, LastName, PreferredName, GraduationYear, IsGradStudent, ActivationDate, CarPlate, CarState, CarPassCount, EmerContactName, EmerContactPhone) VALUES (136, 'Amanda', 'Anderson', 'Mark', 2028, TRUE, '2025-07-18', NULL, NULL, 0, 'Stephanie Rodriguez', '396.663.1723');
INSERT INTO Member (ID, FirstName, LastName, PreferredName, GraduationYear, IsGradStudent, ActivationDate, CarPlate, CarState, CarPassCount, EmerContactName, EmerContactPhone) VALUES (137, 'Craig', 'Mercer', 'Craig', 2028, FALSE, '2025-03-15', '6623 PH', 'CA', 2, 'Rhonda Ward', '548.387.2783');
INSERT INTO Member (ID, FirstName, LastName, PreferredName, GraduationYear, IsGradStudent, ActivationDate, CarPlate, CarState, CarPassCount, EmerContactName, EmerContactPhone) VALUES (138, 'Sandra', 'Fuller', 'Sandra', 2028, FALSE, '2025-03-01', NULL, NULL, 0, 'Anna Martin', '5169124503');
INSERT INTO Member (ID, FirstName, LastName, PreferredName, GraduationYear, IsGradStudent, ActivationDate, CarPlate, CarState, CarPassCount, EmerContactName, EmerContactPhone) VALUES (139, 'Hector', 'Anthony', 'Hector', 2025, FALSE, '2024-07-04', NULL, NULL, 0, 'Charles Thompson', '001-672-405-0792x07564');
INSERT INTO Member (ID, FirstName, LastName, PreferredName, GraduationYear, IsGradStudent, ActivationDate, CarPlate, CarState, CarPassCount, EmerContactName, EmerContactPhone) VALUES (140, 'Rachel', 'Morris', 'Clayton', 2025, FALSE, '2024-10-08', NULL, NULL, 0, 'Makayla Randall', '487-457-8319');
INSERT INTO Member (ID, FirstName, LastName, PreferredName, GraduationYear, IsGradStudent, ActivationDate, CarPlate, CarState, CarPassCount, EmerContactName, EmerContactPhone) VALUES (141, 'Anthony', 'Garza', 'Anthony', 2025, TRUE, '2023-08-13', 'IVL7838', 'AZ', 5, 'Loretta Dickson', '563.499.6626');
INSERT INTO Member (ID, FirstName, LastName, PreferredName, GraduationYear, IsGradStudent, ActivationDate, CarPlate, CarState, CarPassCount, EmerContactName, EmerContactPhone) VALUES (142, 'Margaret', 'Turner', 'Margaret', 2024, FALSE, '2025-03-31', NULL, NULL, 0, 'Christine Macdonald', '(588)673-3498x1808');
INSERT INTO Member (ID, FirstName, LastName, PreferredName, GraduationYear, IsGradStudent, ActivationDate, CarPlate, CarState, CarPassCount, EmerContactName, EmerContactPhone) VALUES (143, 'Corey', 'Andrews', 'Corey', 2026, FALSE, '2024-05-12', 'LQS 399', 'SD', 3, 'Stephanie Wright DDS', '001-299-670-5413x41883');
INSERT INTO Member (ID, FirstName, LastName, PreferredName, GraduationYear, IsGradStudent, ActivationDate, CarPlate, CarState, CarPassCount, EmerContactName, EmerContactPhone) VALUES (144, 'Donna', 'Odom', 'Donna', 2025, TRUE, '2024-05-02', NULL, NULL, 0, 'Gregory King', '772.652.3372');
INSERT INTO Member (ID, FirstName, LastName, PreferredName, GraduationYear, IsGradStudent, ActivationDate, CarPlate, CarState, CarPassCount, EmerContactName, EmerContactPhone) VALUES (145, 'Antonio', 'Brown', 'Antonio', 2026, FALSE, '2024-11-29', NULL, NULL, 0, 'Ryan Barnes', '(452)538-8218');
INSERT INTO Member (ID, FirstName, LastName, PreferredName, GraduationYear, IsGradStudent, ActivationDate, CarPlate, CarState, CarPassCount, EmerContactName, EmerContactPhone) VALUES (146, 'Jodi', 'Donovan', 'Jodi', 2027, FALSE, '2024-12-26', '53-7778D', 'MS', 3, 'Timothy Casey', '5548659829');
INSERT INTO Member (ID, FirstName, LastName, PreferredName, GraduationYear, IsGradStudent, ActivationDate, CarPlate, CarState, CarPassCount, EmerContactName, EmerContactPhone) VALUES (147, 'Patrick', 'Mccarty', 'Patrick', 2024, FALSE, '2024-04-05', 'ZAI 300', 'MA', 1, 'Jeffrey York', '+1-792-240-6941x125');
INSERT INTO Member (ID, FirstName, LastName, PreferredName, GraduationYear, IsGradStudent, ActivationDate, CarPlate, CarState, CarPassCount, EmerContactName, EmerContactPhone) VALUES (148, 'Dawn', 'Anderson', 'Dawn', 2025, FALSE, '2024-07-22', NULL, NULL, 0, 'Christina Garcia', '800.358.0164');
INSERT INTO Member (ID, FirstName, LastName, PreferredName, GraduationYear, IsGradStudent, ActivationDate, CarPlate, CarState, CarPassCount, EmerContactName, EmerContactPhone) VALUES (149, 'Jeffrey', 'Williams', 'Jeffrey', 2025, FALSE, '2023-09-25', '112 MBK', 'WY', 1, 'Christina Simpson', '001-804-491-6903x4842');
INSERT INTO Member (ID, FirstName, LastName, PreferredName, GraduationYear, IsGradStudent, ActivationDate, CarPlate, CarState, CarPassCount, EmerContactName, EmerContactPhone) VALUES (150, 'Diane', 'Kaiser', 'Diane', 2026, FALSE, '2024-01-10', '4GJ Z55', 'VI', 4, 'Stacy Meyer MD', '(756)863-7396');
INSERT INTO Member (ID, FirstName, LastName, PreferredName, GraduationYear, IsGradStudent, ActivationDate, CarPlate, CarState, CarPassCount, EmerContactName, EmerContactPhone) VALUES (151, 'Heather', 'Clark', 'Heather', 2027, FALSE, '2024-03-29', NULL, NULL, 0, 'Leonard Frank', '366.454.6159');
INSERT INTO Member (ID, FirstName, LastName, PreferredName, GraduationYear, IsGradStudent, ActivationDate, CarPlate, CarState, CarPassCount, EmerContactName, EmerContactPhone) VALUES (152, 'Travis', 'Duke', 'Travis', 2024, FALSE, '2023-10-25', '575 OS6', 'VT', 1, 'Ryan Turner', '203.868.7463x63488');
INSERT INTO Member (ID, FirstName, LastName, PreferredName, GraduationYear, IsGradStudent, ActivationDate, CarPlate, CarState, CarPassCount, EmerContactName, EmerContactPhone) VALUES (153, 'Joshua', 'Fox', 'Joshua', 2025, FALSE, '2025-07-23', NULL, NULL, 0, 'Timothy Bruce', '602-306-2465x39802');
INSERT INTO Member (ID, FirstName, LastName, PreferredName, GraduationYear, IsGradStudent, ActivationDate, CarPlate, CarState, CarPassCount, EmerContactName, EmerContactPhone) VALUES (154, 'Jeffrey', 'Smith', 'Robert', 2028, FALSE, '2024-06-23', 'OL-8027', 'MP', 4, 'Julie Garcia', '+1-539-366-7817x6368');
INSERT INTO Member (ID, FirstName, LastName, PreferredName, GraduationYear, IsGradStudent, ActivationDate, CarPlate, CarState, CarPassCount, EmerContactName, EmerContactPhone) VALUES (155, 'Joseph', 'Torres', 'Joseph', 2028, FALSE, '2024-05-30', 'EGJ-8812', 'OR', 2, 'Brooke Jensen', '433.420.2870');
INSERT INTO Member (ID, FirstName, LastName, PreferredName, GraduationYear, IsGradStudent, ActivationDate, CarPlate, CarState, CarPassCount, EmerContactName, EmerContactPhone) VALUES (156, 'Susan', 'Wright', 'Susan', 2027, FALSE, '2024-08-21', NULL, NULL, 0, 'Christopher Pope', '+1-701-484-0950x800');
INSERT INTO Member (ID, FirstName, LastName, PreferredName, GraduationYear, IsGradStudent, ActivationDate, CarPlate, CarState, CarPassCount, EmerContactName, EmerContactPhone) VALUES (157, 'Monica', 'Anderson', 'Chris', 2027, FALSE, '2024-07-10', '51S 480', 'OR', 1, 'Melanie Bryant', '709-689-1782');
INSERT INTO Member (ID, FirstName, LastName, PreferredName, GraduationYear, IsGradStudent, ActivationDate, CarPlate, CarState, CarPassCount, EmerContactName, EmerContactPhone) VALUES (158, 'Matthew', 'Jones', 'Martin', 2028, FALSE, '2024-02-29', NULL, NULL, 0, 'Tammy Sparks', '+1-616-659-4604x66637');
INSERT INTO Member (ID, FirstName, LastName, PreferredName, GraduationYear, IsGradStudent, ActivationDate, CarPlate, CarState, CarPassCount, EmerContactName, EmerContactPhone) VALUES (159, 'Patricia', 'Frazier', 'Patricia', 2027, FALSE, '2024-09-18', '22F 5885', 'CA', 0, 'Joann Kirby', '+1-736-619-6560x321');
INSERT INTO Member (ID, FirstName, LastName, PreferredName, GraduationYear, IsGradStudent, ActivationDate, CarPlate, CarState, CarPassCount, EmerContactName, EmerContactPhone) VALUES (160, 'Jason', 'Shelton', 'Jason', 2024, FALSE, '2023-10-08', '155H1', 'DC', 0, 'Rachel Wolfe', '2828889479');
INSERT INTO Member (ID, FirstName, LastName, PreferredName, GraduationYear, IsGradStudent, ActivationDate, CarPlate, CarState, CarPassCount, EmerContactName, EmerContactPhone) VALUES (161, 'Crystal', 'Williams', 'Crystal', 2028, FALSE, '2024-09-17', '4UI 956', 'MI', 0, 'Aaron Johnson', '001-398-650-5683');
INSERT INTO Member (ID, FirstName, LastName, PreferredName, GraduationYear, IsGradStudent, ActivationDate, CarPlate, CarState, CarPassCount, EmerContactName, EmerContactPhone) VALUES (162, 'Brittney', 'Goodman', 'Brittney', 2024, FALSE, '2023-09-25', 'DMS 875', 'AS', 2, 'Natalie Kemp', '+1-411-492-4715x692');
INSERT INTO Member (ID, FirstName, LastName, PreferredName, GraduationYear, IsGradStudent, ActivationDate, CarPlate, CarState, CarPassCount, EmerContactName, EmerContactPhone) VALUES (163, 'Erin', 'Graves', 'Erin', 2024, FALSE, '2024-03-27', NULL, NULL, 0, 'Steven Webb', '557.910.8769x34470');
INSERT INTO Member (ID, FirstName, LastName, PreferredName, GraduationYear, IsGradStudent, ActivationDate, CarPlate, CarState, CarPassCount, EmerContactName, EmerContactPhone) VALUES (164, 'Kimberly', 'Martin', 'Kimberly', 2028, FALSE, '2024-06-10', 'RLO J52', 'WY', 5, 'Stephanie Lawson', '(345)215-4899x2335');
INSERT INTO Member (ID, FirstName, LastName, PreferredName, GraduationYear, IsGradStudent, ActivationDate, CarPlate, CarState, CarPassCount, EmerContactName, EmerContactPhone) VALUES (165, 'Kristen', 'Goodwin', 'Kristen', 2026, FALSE, '2024-06-12', NULL, NULL, 0, 'Jessica Flores', '(784)276-2984');
INSERT INTO Member (ID, FirstName, LastName, PreferredName, GraduationYear, IsGradStudent, ActivationDate, CarPlate, CarState, CarPassCount, EmerContactName, EmerContactPhone) VALUES (166, 'Jenna', 'Thomas', 'Jenna', 2028, FALSE, '2023-10-10', '052 AMR', 'MH', 3, 'Dr. Jessica Flores', '+1-409-371-6852x79166');
INSERT INTO Member (ID, FirstName, LastName, PreferredName, GraduationYear, IsGradStudent, ActivationDate, CarPlate, CarState, CarPassCount, EmerContactName, EmerContactPhone) VALUES (167, 'Robert', 'Shelton', 'Joshua', 2024, FALSE, '2024-04-13', '61VP9', 'NC', 1, 'Mr. Theodore Castillo', '3923622849');
INSERT INTO Member (ID, FirstName, LastName, PreferredName, GraduationYear, IsGradStudent, ActivationDate, CarPlate, CarState, CarPassCount, EmerContactName, EmerContactPhone) VALUES (168, 'Kim', 'Greene', 'Angela', 2027, FALSE, '2023-09-01', 'RCM 1054', 'NY', 1, 'Tracy Arnold', '545.525.3674');
INSERT INTO Member (ID, FirstName, LastName, PreferredName, GraduationYear, IsGradStudent, ActivationDate, CarPlate, CarState, CarPassCount, EmerContactName, EmerContactPhone) VALUES (169, 'Heather', 'Parks', 'Heather', 2026, FALSE, '2024-01-11', NULL, NULL, 0, 'Jade Harrison', '752-387-0522x0087');
INSERT INTO Member (ID, FirstName, LastName, PreferredName, GraduationYear, IsGradStudent, ActivationDate, CarPlate, CarState, CarPassCount, EmerContactName, EmerContactPhone) VALUES (170, 'Heather', 'Guerrero', 'Mary', 2024, FALSE, '2023-10-26', NULL, NULL, 0, 'Phillip Howard', '921-405-0248x332');
INSERT INTO Member (ID, FirstName, LastName, PreferredName, GraduationYear, IsGradStudent, ActivationDate, CarPlate, CarState, CarPassCount, EmerContactName, EmerContactPhone) VALUES (171, 'Michael', 'Johnson', 'Michael', 2026, FALSE, '2024-08-09', '285 UYK', 'NE', 2, 'Michaela Brown', '965.523.2175');
INSERT INTO Member (ID, FirstName, LastName, PreferredName, GraduationYear, IsGradStudent, ActivationDate, CarPlate, CarState, CarPassCount, EmerContactName, EmerContactPhone) VALUES (172, 'Emily', 'Wilson', 'Emily', 2028, FALSE, '2024-07-08', NULL, NULL, 0, 'Steven Barnes', '(827)963-2445');
INSERT INTO Member (ID, FirstName, LastName, PreferredName, GraduationYear, IsGradStudent, ActivationDate, CarPlate, CarState, CarPassCount, EmerContactName, EmerContactPhone) VALUES (173, 'Sarah', 'Barton', 'Sarah', 2028, FALSE, '2024-12-26', '693 DWZ', 'UT', 3, 'Crystal Riley', '821.430.9037x808');
INSERT INTO Member (ID, FirstName, LastName, PreferredName, GraduationYear, IsGradStudent, ActivationDate, CarPlate, CarState, CarPassCount, EmerContactName, EmerContactPhone) VALUES (174, 'Phillip', 'Williams', 'Donald', 2026, TRUE, '2023-08-25', 'TOP-445', 'KS', 5, 'Ronald Young', '653.604.5037x419');
INSERT INTO Member (ID, FirstName, LastName, PreferredName, GraduationYear, IsGradStudent, ActivationDate, CarPlate, CarState, CarPassCount, EmerContactName, EmerContactPhone) VALUES (175, 'Tina', 'Lopez', 'Tina', 2025, FALSE, '2024-09-02', '2004 CD', 'GU', 4, 'Kayla Johnson', '892-241-8449');
INSERT INTO Member (ID, FirstName, LastName, PreferredName, GraduationYear, IsGradStudent, ActivationDate, CarPlate, CarState, CarPassCount, EmerContactName, EmerContactPhone) VALUES (176, 'Jennifer', 'Bennett', 'Jennifer', 2027, FALSE, '2025-07-04', NULL, NULL, 0, 'Stephanie Wright', '3849559544');
INSERT INTO Member (ID, FirstName, LastName, PreferredName, GraduationYear, IsGradStudent, ActivationDate, CarPlate, CarState, CarPassCount, EmerContactName, EmerContactPhone) VALUES (177, 'Michael', 'Jones', 'Michael', 2027, FALSE, '2025-02-25', 'KUU 818', 'IA', 2, 'Maureen Ball', '(200)514-5764x30788');
INSERT INTO Member (ID, FirstName, LastName, PreferredName, GraduationYear, IsGradStudent, ActivationDate, CarPlate, CarState, CarPassCount, EmerContactName, EmerContactPhone) VALUES (178, 'Crystal', 'Mckee', 'Crystal', 2025, FALSE, '2024-02-24', '171-UJR', 'VI', 4, 'Eric Jones', '+1-911-375-7546x982');
INSERT INTO Member (ID, FirstName, LastName, PreferredName, GraduationYear, IsGradStudent, ActivationDate, CarPlate, CarState, CarPassCount, EmerContactName, EmerContactPhone) VALUES (179, 'Kenneth', 'Sanchez', 'Edward', 2026, TRUE, '2024-07-13', NULL, NULL, 0, 'James Goodman', '(717)207-0796x168');
INSERT INTO Member (ID, FirstName, LastName, PreferredName, GraduationYear, IsGradStudent, ActivationDate, CarPlate, CarState, CarPassCount, EmerContactName, EmerContactPhone) VALUES (180, 'Colleen', 'Morales', 'Colleen', 2025, FALSE, '2023-09-20', NULL, NULL, 0, 'Brad Washington', '581-900-4738');
INSERT INTO Member (ID, FirstName, LastName, PreferredName, GraduationYear, IsGradStudent, ActivationDate, CarPlate, CarState, CarPassCount, EmerContactName, EmerContactPhone) VALUES (181, 'Taylor', 'Scott', 'Taylor', 2024, FALSE, '2024-04-12', NULL, NULL, 0, 'Anna Garcia', '766.431.9818x024');
INSERT INTO Member (ID, FirstName, LastName, PreferredName, GraduationYear, IsGradStudent, ActivationDate, CarPlate, CarState, CarPassCount, EmerContactName, EmerContactPhone) VALUES (182, 'Nicholas', 'Lewis', 'Nicholas', 2027, TRUE, '2025-02-10', NULL, NULL, 0, 'Kara Harrison', '383-436-4852');
INSERT INTO Member (ID, FirstName, LastName, PreferredName, GraduationYear, IsGradStudent, ActivationDate, CarPlate, CarState, CarPassCount, EmerContactName, EmerContactPhone) VALUES (183, 'Kelly', 'Mejia', 'Kelly', 2027, FALSE, '2025-05-26', '730 7890', 'VA', 3, 'Michael Cole', '464.943.8132');
INSERT INTO Member (ID, FirstName, LastName, PreferredName, GraduationYear, IsGradStudent, ActivationDate, CarPlate, CarState, CarPassCount, EmerContactName, EmerContactPhone) VALUES (184, 'Jason', 'Martin', 'Jason', 2024, FALSE, '2024-12-07', 'JSI 0852', 'NM', 1, 'John Johnson', '+1-593-958-7090');
INSERT INTO Member (ID, FirstName, LastName, PreferredName, GraduationYear, IsGradStudent, ActivationDate, CarPlate, CarState, CarPassCount, EmerContactName, EmerContactPhone) VALUES (185, 'Gary', 'Brooks', 'Frank', 2027, FALSE, '2024-02-26', NULL, NULL, 0, 'John Luna', '(203)585-3758');
INSERT INTO Member (ID, FirstName, LastName, PreferredName, GraduationYear, IsGradStudent, ActivationDate, CarPlate, CarState, CarPassCount, EmerContactName, EmerContactPhone) VALUES (186, 'Melissa', 'Johnson', 'Melissa', 2026, FALSE, '2024-01-12', 'AB5 9443', 'AL', 2, 'Jeffrey Smith', '978-371-1116x7215');
INSERT INTO Member (ID, FirstName, LastName, PreferredName, GraduationYear, IsGradStudent, ActivationDate, CarPlate, CarState, CarPassCount, EmerContactName, EmerContactPhone) VALUES (187, 'James', 'Martinez', 'James', 2026, FALSE, '2024-11-21', NULL, NULL, 0, 'Heather Le', '(488)516-0021');
INSERT INTO Member (ID, FirstName, LastName, PreferredName, GraduationYear, IsGradStudent, ActivationDate, CarPlate, CarState, CarPassCount, EmerContactName, EmerContactPhone) VALUES (188, 'Heather', 'Smith', 'Kari', 2028, FALSE, '2024-04-05', 'YBD X49', 'NC', 2, 'Stephanie Wright', '+1-633-967-5553');
INSERT INTO Member (ID, FirstName, LastName, PreferredName, GraduationYear, IsGradStudent, ActivationDate, CarPlate, CarState, CarPassCount, EmerContactName, EmerContactPhone) VALUES (189, 'Victor', 'Pollard', 'Victor', 2025, FALSE, '2025-05-04', 'VHA 772', 'AS', 0, 'Jamie Howell', '(508)277-1793');
INSERT INTO Member (ID, FirstName, LastName, PreferredName, GraduationYear, IsGradStudent, ActivationDate, CarPlate, CarState, CarPassCount, EmerContactName, EmerContactPhone) VALUES (190, 'Brenda', 'King', 'Jeffrey', 2027, TRUE, '2023-10-08', '32J 597', 'SC', 4, 'Nicholas Garcia', '001-919-236-3701x0068');
INSERT INTO Member (ID, FirstName, LastName, PreferredName, GraduationYear, IsGradStudent, ActivationDate, CarPlate, CarState, CarPassCount, EmerContactName, EmerContactPhone) VALUES (191, 'Joshua', 'Johnson', 'Joshua', 2028, FALSE, '2024-08-27', '544-KFWX', 'WA', 1, 'Scott Hays', '565-748-4206x90875');
INSERT INTO Member (ID, FirstName, LastName, PreferredName, GraduationYear, IsGradStudent, ActivationDate, CarPlate, CarState, CarPassCount, EmerContactName, EmerContactPhone) VALUES (192, 'Kenneth', 'Rogers', 'Kenneth', 2026, FALSE, '2024-07-19', 'ELO-177', 'OH', 1, 'Amanda Johnson', '551-490-1469');
INSERT INTO Member (ID, FirstName, LastName, PreferredName, GraduationYear, IsGradStudent, ActivationDate, CarPlate, CarState, CarPassCount, EmerContactName, EmerContactPhone) VALUES (193, 'Todd', 'Jones', 'Todd', 2024, FALSE, '2024-12-19', '416AN', 'DC', 1, 'Mary Ray', '413.463.3350x7403');
INSERT INTO Member (ID, FirstName, LastName, PreferredName, GraduationYear, IsGradStudent, ActivationDate, CarPlate, CarState, CarPassCount, EmerContactName, EmerContactPhone) VALUES (194, 'Matthew', 'Richards', 'Matthew', 2024, FALSE, '2024-12-29', '089 JSG', 'IA', 0, 'Jason Velez', '719.701.8754x3748');
INSERT INTO Member (ID, FirstName, LastName, PreferredName, GraduationYear, IsGradStudent, ActivationDate, CarPlate, CarState, CarPassCount, EmerContactName, EmerContactPhone) VALUES (195, 'Todd', 'Munoz', 'Todd', 2027, TRUE, '2023-09-15', '52-70945', 'PA', 5, 'Robert Weaver', '3955719985');
INSERT INTO Member (ID, FirstName, LastName, PreferredName, GraduationYear, IsGradStudent, ActivationDate, CarPlate, CarState, CarPassCount, EmerContactName, EmerContactPhone) VALUES (196, 'Nicholas', 'Barnes', 'Nicholas', 2026, FALSE, '2024-09-29', NULL, NULL, 0, 'Daniel Peterson', '+1-599-365-6354');
INSERT INTO Member (ID, FirstName, LastName, PreferredName, GraduationYear, IsGradStudent, ActivationDate, CarPlate, CarState, CarPassCount, EmerContactName, EmerContactPhone) VALUES (197, 'Todd', 'Johnson', 'Todd', 2028, FALSE, '2023-10-12', '6UGH614', 'NE', 1, 'Stephen Robinson', '001-495-340-4763');
INSERT INTO Member (ID, FirstName, LastName, PreferredName, GraduationYear, IsGradStudent, ActivationDate, CarPlate, CarState, CarPassCount, EmerContactName, EmerContactPhone) VALUES (198, 'Heather', 'Payne', 'Heather', 2025, FALSE, '2024-12-02', NULL, NULL, 0, 'Jason Phillips', '546.928.7572x65222');
INSERT INTO Member (ID, FirstName, LastName, PreferredName, GraduationYear, IsGradStudent, ActivationDate, CarPlate, CarState, CarPassCount, EmerContactName, EmerContactPhone) VALUES (199, 'Joseph', 'Mckinney', 'Nathan', 2028, TRUE, '2024-02-17', NULL, NULL, 0, 'Jacqueline Ramirez', '(598)332-7174x130');

-- 🏠 ADDRESSES
INSERT INTO Address (ID, Member, Nickname, Line1, Line2, State, Zip) VALUES (100, 100, 'Dorm', '240 Reed Run', NULL, 'NY', '40235');
INSERT INTO Address (ID, Member, Nickname, Line1, Line2, State, Zip) VALUES (101, 101, 'Apartment', '287 Boone Ways Suite 433', 'Apt 46', 'MA', '15510');
INSERT INTO Address (ID, Member, Nickname, Line1, Line2, State, Zip) VALUES (102, 102, 'Campus', '425 Crystal Meadow', NULL, 'ME', '40585');
INSERT INTO Address (ID, Member, Nickname, Line1, Line2, State, Zip) VALUES (103, 102, 'Dorm', '402 Cabrera Valleys', 'Apt 48', 'RI', '63837');
INSERT INTO Address (ID, Member, Nickname, Line1, Line2, State, Zip) VALUES (104, 103, 'School', '083 Tara Mountains Apt. 376', NULL, 'ME', '90602');
INSERT INTO Address (ID, Member, Nickname, Line1, Line2, State, Zip) VALUES (105, 104, 'School', '70941 Susan Views', NULL, 'MA', '70950');
INSERT INTO Address (ID, Member, Nickname, Line1, Line2, State, Zip) VALUES (106, 105, 'Dorm', '57105 Baldwin Expressway Apt. 550', NULL, 'VT', '96499');
INSERT INTO Address (ID, Member, Nickname, Line1, Line2, State, Zip) VALUES (107, 105, 'Apartment', '51404 Holland Tunnel', NULL, 'VT', '72506');
INSERT INTO Address (ID, Member, Nickname, Line1, Line2, State, Zip) VALUES (108, 106, 'School', '657 Stephen Ford Suite 284', NULL, 'VT', '14398');
INSERT INTO Address (ID, Member, Nickname, Line1, Line2, State, Zip) VALUES (109, 106, 'Parent Home', '0386 Griffin Forge Suite 865', NULL, 'CT', '19421');
INSERT INTO Address (ID, Member, Nickname, Line1, Line2, State, Zip) VALUES (110, 107, 'Apartment', '17130 Thompson Turnpike Apt. 122', NULL, 'NH', '70947');
INSERT INTO Address (ID, Member, Nickname, Line1, Line2, State, Zip) VALUES (111, 108, 'Campus', '61028 Brooke Rapids', NULL, 'NH', '66119');
INSERT INTO Address (ID, Member, Nickname, Line1, Line2, State, Zip) VALUES (112, 108, 'Parent Home', '3139 Olson Run', NULL, 'ME', '29261');
INSERT INTO Address (ID, Member, Nickname, Line1, Line2, State, Zip) VALUES (113, 109, 'Home', '889 Robert Brooks Suite 866', 'Apt 45', 'CT', '34064');
INSERT INTO Address (ID, Member, Nickname, Line1, Line2, State, Zip) VALUES (114, 109, 'Parent Home', '1116 Taylor Haven Apt. 072', NULL, 'ME', '81762');
INSERT INTO Address (ID, Member, Nickname, Line1, Line2, State, Zip) VALUES (115, 110, 'Home', '81261 Christine Valleys Suite 272', NULL, 'NH', '28042');
INSERT INTO Address (ID, Member, Nickname, Line1, Line2, State, Zip) VALUES (116, 110, 'School', '8489 Estes Path Apt. 674', NULL, 'VT', '11532');
INSERT INTO Address (ID, Member, Nickname, Line1, Line2, State, Zip) VALUES (117, 111, 'Home', '5642 Brown Spur Apt. 836', NULL, 'RI', '89333');
INSERT INTO Address (ID, Member, Nickname, Line1, Line2, State, Zip) VALUES (118, 112, 'Apartment', '825 Daniels Corner', 'Apt 41', 'ME', '96522');
INSERT INTO Address (ID, Member, Nickname, Line1, Line2, State, Zip) VALUES (119, 113, 'Dorm', '8137 Garrison Bypass', NULL, 'CT', '73979');
INSERT INTO Address (ID, Member, Nickname, Line1, Line2, State, Zip) VALUES (120, 114, 'School', '77579 Brian Parkway', NULL, 'ME', '64221');
INSERT INTO Address (ID, Member, Nickname, Line1, Line2, State, Zip) VALUES (121, 115, 'Dorm', '3424 Michelle Plains', NULL, 'MA', '42893');
INSERT INTO Address (ID, Member, Nickname, Line1, Line2, State, Zip) VALUES (122, 116, 'Apartment', '263 Matthews Knoll Apt. 091', 'Apt 13', 'RI', '60072');
INSERT INTO Address (ID, Member, Nickname, Line1, Line2, State, Zip) VALUES (123, 117, 'School', '27932 Lee Burg Suite 214', 'Apt 11', 'MA', '28162');
INSERT INTO Address (ID, Member, Nickname, Line1, Line2, State, Zip) VALUES (124, 118, 'Parent Home', '009 Sarah Square Apt. 766', NULL, 'NY', '81187');
INSERT INTO Address (ID, Member, Nickname, Line1, Line2, State, Zip) VALUES (125, 118, 'Parent Home', '665 Lopez Brooks Suite 258', 'Apt 9', 'MA', '20260');
INSERT INTO Address (ID, Member, Nickname, Line1, Line2, State, Zip) VALUES (126, 119, 'Home', '3133 Robert Glens', NULL, 'RI', '06902');
INSERT INTO Address (ID, Member, Nickname, Line1, Line2, State, Zip) VALUES (127, 119, 'Dorm', '681 David Mountain', 'Apt 8', 'MA', '46137');
INSERT INTO Address (ID, Member, Nickname, Line1, Line2, State, Zip) VALUES (128, 120, 'Parent Home', '19283 Laura Junction Apt. 018', NULL, 'VT', '45415');
INSERT INTO Address (ID, Member, Nickname, Line1, Line2, State, Zip) VALUES (129, 121, 'School', '839 Howard Mission Apt. 756', NULL, 'RI', '97606');
INSERT INTO Address (ID, Member, Nickname, Line1, Line2, State, Zip) VALUES (130, 121, 'Apartment', '4677 Sanchez Street Apt. 485', NULL, 'NH', '93941');
INSERT INTO Address (ID, Member, Nickname, Line1, Line2, State, Zip) VALUES (131, 122, 'Home', '52506 Jennifer Pass Apt. 265', 'Apt 21', 'CT', '63122');
INSERT INTO Address (ID, Member, Nickname, Line1, Line2, State, Zip) VALUES (132, 123, 'Home', '76244 Kelly Bypass', NULL, 'CT', '32574');
INSERT INTO Address (ID, Member, Nickname, Line1, Line2, State, Zip) VALUES (133, 123, 'Parent Home', '342 Torres Green', NULL, 'NH', '97299');
INSERT INTO Address (ID, Member, Nickname, Line1, Line2, State, Zip) VALUES (134, 124, 'Apartment', '3058 Heather Manor', NULL, 'CT', '52579');
INSERT INTO Address (ID, Member, Nickname, Line1, Line2, State, Zip) VALUES (135, 124, 'Dorm', '466 Bruce Pass Suite 692', NULL, 'MA', '48196');
INSERT INTO Address (ID, Member, Nickname, Line1, Line2, State, Zip) VALUES (136, 125, 'Campus', '7765 Eric Run', NULL, 'RI', '79687');
INSERT INTO Address (ID, Member, Nickname, Line1, Line2, State, Zip) VALUES (137, 125, 'Parent Home', '159 Davis Expressway Apt. 096', NULL, 'RI', '24243');
INSERT INTO Address (ID, Member, Nickname, Line1, Line2, State, Zip) VALUES (138, 126, 'Parent Home', '89411 Kathryn Pass Suite 832', NULL, 'VT', '75763');
INSERT INTO Address (ID, Member, Nickname, Line1, Line2, State, Zip) VALUES (139, 127, 'School', '669 Shaw Extensions', NULL, 'NY', '44935');
INSERT INTO Address (ID, Member, Nickname, Line1, Line2, State, Zip) VALUES (140, 128, 'Parent Home', '9531 Lindsey Rapid', NULL, 'CT', '15871');
INSERT INTO Address (ID, Member, Nickname, Line1, Line2, State, Zip) VALUES (141, 128, 'Home', '702 Mills Glen Suite 252', NULL, 'RI', '64429');
INSERT INTO Address (ID, Member, Nickname, Line1, Line2, State, Zip) VALUES (142, 129, 'Dorm', '423 Smith Key', 'Apt 33', 'RI', '03945');
INSERT INTO Address (ID, Member, Nickname, Line1, Line2, State, Zip) VALUES (143, 130, 'Apartment', '808 Samantha Stravenue', NULL, 'CT', '19063');
INSERT INTO Address (ID, Member, Nickname, Line1, Line2, State, Zip) VALUES (144, 130, 'Campus', '5856 Sarah Freeway Apt. 130', NULL, 'VT', '48386');
INSERT INTO Address (ID, Member, Nickname, Line1, Line2, State, Zip) VALUES (145, 131, 'Dorm', '3405 Palmer Club', NULL, 'RI', '43382');
INSERT INTO Address (ID, Member, Nickname, Line1, Line2, State, Zip) VALUES (146, 131, 'School', '7083 Smith Glens Apt. 813', NULL, 'RI', '19386');
INSERT INTO Address (ID, Member, Nickname, Line1, Line2, State, Zip) VALUES (147, 132, 'Campus', '525 Charles Mountains', NULL, 'NH', '08413');
INSERT INTO Address (ID, Member, Nickname, Line1, Line2, State, Zip) VALUES (148, 133, 'Apartment', '3250 Ross Road Suite 232', NULL, 'VT', '93477');
INSERT INTO Address (ID, Member, Nickname, Line1, Line2, State, Zip) VALUES (149, 134, 'Dorm', '5921 Michelle Views Apt. 860', 'Apt 29', 'MA', '82981');
INSERT INTO Address (ID, Member, Nickname, Line1, Line2, State, Zip) VALUES (150, 134, 'Home', '8440 Myers Prairie Suite 867', NULL, 'RI', '36167');
INSERT INTO Address (ID, Member, Nickname, Line1, Line2, State, Zip) VALUES (151, 135, 'Home', '822 Mikayla Landing Suite 511', NULL, 'MA', '97070');
INSERT INTO Address (ID, Member, Nickname, Line1, Line2, State, Zip) VALUES (152, 136, 'Home', '32836 Lindsey Parkways Apt. 273', 'Apt 48', 'RI', '13812');
INSERT INTO Address (ID, Member, Nickname, Line1, Line2, State, Zip) VALUES (153, 137, 'School', '5508 Salazar Estates Suite 091', 'Apt 1', 'VT', '44050');
INSERT INTO Address (ID, Member, Nickname, Line1, Line2, State, Zip) VALUES (154, 138, 'School', '9745 Claudia Prairie', NULL, 'NY', '82860');
INSERT INTO Address (ID, Member, Nickname, Line1, Line2, State, Zip) VALUES (155, 139, 'Apartment', '54584 Allen Station', 'Apt 25', 'ME', '82909');
INSERT INTO Address (ID, Member, Nickname, Line1, Line2, State, Zip) VALUES (156, 139, 'School', '232 Brian Forge Apt. 702', NULL, 'ME', '71390');
INSERT INTO Address (ID, Member, Nickname, Line1, Line2, State, Zip) VALUES (157, 140, 'Campus', '60640 Jared Ways', 'Apt 25', 'NY', '07753');
INSERT INTO Address (ID, Member, Nickname, Line1, Line2, State, Zip) VALUES (158, 140, 'Campus', '61768 Paul Passage Apt. 198', 'Apt 9', 'ME', '64825');
INSERT INTO Address (ID, Member, Nickname, Line1, Line2, State, Zip) VALUES (159, 141, 'Campus', '0094 Benjamin Falls Apt. 486', NULL, 'CT', '33303');
INSERT INTO Address (ID, Member, Nickname, Line1, Line2, State, Zip) VALUES (160, 142, 'Campus', '3919 Curtis Land Apt. 119', NULL, 'RI', '34963');
INSERT INTO Address (ID, Member, Nickname, Line1, Line2, State, Zip) VALUES (161, 143, 'Home', '270 Deleon Route', NULL, 'ME', '39509');
INSERT INTO Address (ID, Member, Nickname, Line1, Line2, State, Zip) VALUES (162, 143, 'Parent Home', '166 Taylor Dam', 'Apt 34', 'NH', '24577');
INSERT INTO Address (ID, Member, Nickname, Line1, Line2, State, Zip) VALUES (163, 144, 'School', '59445 Thomas Ways', NULL, 'NY', '55517');
INSERT INTO Address (ID, Member, Nickname, Line1, Line2, State, Zip) VALUES (164, 145, 'School', '4110 Candice Lodge Suite 382', NULL, 'NY', '92017');
INSERT INTO Address (ID, Member, Nickname, Line1, Line2, State, Zip) VALUES (165, 145, 'School', '758 Carol Valleys', NULL, 'NY', '81024');
INSERT INTO Address (ID, Member, Nickname, Line1, Line2, State, Zip) VALUES (166, 146, 'Dorm', '7430 Michael Glens Suite 704', 'Apt 39', 'NH', '55225');
INSERT INTO Address (ID, Member, Nickname, Line1, Line2, State, Zip) VALUES (167, 147, 'Campus', '290 Teresa Well', 'Apt 20', 'MA', '36788');
INSERT INTO Address (ID, Member, Nickname, Line1, Line2, State, Zip) VALUES (168, 147, 'Apartment', '07382 Bradley Avenue', NULL, 'MA', '26938');
INSERT INTO Address (ID, Member, Nickname, Line1, Line2, State, Zip) VALUES (169, 148, 'Parent Home', '0782 Murray Islands Apt. 612', NULL, 'ME', '10123');
INSERT INTO Address (ID, Member, Nickname, Line1, Line2, State, Zip) VALUES (170, 149, 'Home', '47442 James Avenue Apt. 116', NULL, 'CT', '82613');
INSERT INTO Address (ID, Member, Nickname, Line1, Line2, State, Zip) VALUES (171, 150, 'Home', '347 Warren Inlet', NULL, 'NH', '60436');
INSERT INTO Address (ID, Member, Nickname, Line1, Line2, State, Zip) VALUES (172, 151, 'Apartment', '776 Frank Meadows Apt. 151', NULL, 'NY', '30016');
INSERT INTO Address (ID, Member, Nickname, Line1, Line2, State, Zip) VALUES (173, 151, 'Apartment', '643 Hall Street', NULL, 'RI', '31895');
INSERT INTO Address (ID, Member, Nickname, Line1, Line2, State, Zip) VALUES (174, 152, 'School', '28653 Hailey Cove Suite 515', NULL, 'NH', '99600');
INSERT INTO Address (ID, Member, Nickname, Line1, Line2, State, Zip) VALUES (175, 152, 'Dorm', '25643 Mejia Dam Apt. 534', NULL, 'MA', '78585');
INSERT INTO Address (ID, Member, Nickname, Line1, Line2, State, Zip) VALUES (176, 153, 'Campus', '4808 Mathews Loaf Suite 705', NULL, 'NY', '40968');
INSERT INTO Address (ID, Member, Nickname, Line1, Line2, State, Zip) VALUES (177, 153, 'Apartment', '25763 Leah Fort Apt. 622', NULL, 'NY', '19262');
INSERT INTO Address (ID, Member, Nickname, Line1, Line2, State, Zip) VALUES (178, 154, 'Dorm', '5951 Eric Courts Suite 339', 'Apt 44', 'NY', '51655');
INSERT INTO Address (ID, Member, Nickname, Line1, Line2, State, Zip) VALUES (179, 155, 'Apartment', '7384 Stacy Manors', 'Apt 16', 'RI', '61542');
INSERT INTO Address (ID, Member, Nickname, Line1, Line2, State, Zip) VALUES (180, 155, 'Dorm', '83574 Roberts Villages Suite 468', NULL, 'NH', '10219');
INSERT INTO Address (ID, Member, Nickname, Line1, Line2, State, Zip) VALUES (181, 156, 'School', '474 Peters Drives Suite 979', 'Apt 43', 'VT', '69958');
INSERT INTO Address (ID, Member, Nickname, Line1, Line2, State, Zip) VALUES (182, 156, 'School', '7774 Adam Fords', NULL, 'VT', '45419');
INSERT INTO Address (ID, Member, Nickname, Line1, Line2, State, Zip) VALUES (183, 157, 'Apartment', '45668 Juan Streets Suite 246', NULL, 'RI', '55867');
INSERT INTO Address (ID, Member, Nickname, Line1, Line2, State, Zip) VALUES (184, 157, 'School', '0822 Timothy Lodge Suite 553', NULL, 'VT', '36551');
INSERT INTO Address (ID, Member, Nickname, Line1, Line2, State, Zip) VALUES (185, 158, 'Campus', '482 Aguilar Port Suite 059', 'Apt 45', 'MA', '94124');
INSERT INTO Address (ID, Member, Nickname, Line1, Line2, State, Zip) VALUES (186, 158, 'Apartment', '9191 David Crest', 'Apt 44', 'MA', '47397');
INSERT INTO Address (ID, Member, Nickname, Line1, Line2, State, Zip) VALUES (187, 159, 'Dorm', '211 Melissa Villages Apt. 144', 'Apt 30', 'NH', '38712');
INSERT INTO Address (ID, Member, Nickname, Line1, Line2, State, Zip) VALUES (188, 159, 'Parent Home', '90675 Price Pass', 'Apt 21', 'MA', '09988');
INSERT INTO Address (ID, Member, Nickname, Line1, Line2, State, Zip) VALUES (189, 160, 'Apartment', '483 David Hills Apt. 025', NULL, 'VT', '35562');
INSERT INTO Address (ID, Member, Nickname, Line1, Line2, State, Zip) VALUES (190, 160, 'Home', '527 Webb Vista Apt. 055', NULL, 'NH', '96496');
INSERT INTO Address (ID, Member, Nickname, Line1, Line2, State, Zip) VALUES (191, 161, 'Dorm', '093 Allen Key Apt. 307', NULL, 'VT', '71678');
INSERT INTO Address (ID, Member, Nickname, Line1, Line2, State, Zip) VALUES (192, 162, 'Parent Home', '8169 Smith Falls', NULL, 'RI', '96031');
INSERT INTO Address (ID, Member, Nickname, Line1, Line2, State, Zip) VALUES (193, 162, 'Apartment', '7894 Chad Trail', NULL, 'VT', '45636');
INSERT INTO Address (ID, Member, Nickname, Line1, Line2, State, Zip) VALUES (194, 163, 'Parent Home', '568 Gonzalez Brooks', NULL, 'MA', '48668');
INSERT INTO Address (ID, Member, Nickname, Line1, Line2, State, Zip) VALUES (195, 164, 'Parent Home', '590 Alex Course Apt. 224', NULL, 'NH', '82360');
INSERT INTO Address (ID, Member, Nickname, Line1, Line2, State, Zip) VALUES (196, 165, 'School', '85959 Kelly Orchard Suite 995', NULL, 'NY', '69621');
INSERT INTO Address (ID, Member, Nickname, Line1, Line2, State, Zip) VALUES (197, 166, 'Campus', '51025 Ford Inlet', NULL, 'CT', '02912');
INSERT INTO Address (ID, Member, Nickname, Line1, Line2, State, Zip) VALUES (198, 167, 'Apartment', '37205 Vincent Circle Suite 278', NULL, 'RI', '30553');
INSERT INTO Address (ID, Member, Nickname, Line1, Line2, State, Zip) VALUES (199, 168, 'Home', '4427 Lisa Lodge Suite 360', NULL, 'ME', '29109');
INSERT INTO Address (ID, Member, Nickname, Line1, Line2, State, Zip) VALUES (200, 169, 'Home', '2208 David Coves', NULL, 'NH', '55303');
INSERT INTO Address (ID, Member, Nickname, Line1, Line2, State, Zip) VALUES (201, 169, 'Home', '667 Debra Harbors Suite 913', NULL, 'MA', '89583');
INSERT INTO Address (ID, Member, Nickname, Line1, Line2, State, Zip) VALUES (202, 170, 'Apartment', '5131 Christopher Isle Suite 212', NULL, 'NY', '33695');
INSERT INTO Address (ID, Member, Nickname, Line1, Line2, State, Zip) VALUES (203, 171, 'Apartment', '860 Keith Loop Suite 276', 'Apt 19', 'ME', '24674');
INSERT INTO Address (ID, Member, Nickname, Line1, Line2, State, Zip) VALUES (204, 171, 'Parent Home', '37840 Sarah Throughway', NULL, 'NH', '95104');
INSERT INTO Address (ID, Member, Nickname, Line1, Line2, State, Zip) VALUES (205, 172, 'School', '10903 Vang Grove Suite 779', 'Apt 44', 'NY', '61740');
INSERT INTO Address (ID, Member, Nickname, Line1, Line2, State, Zip) VALUES (206, 173, 'Home', '157 Cruz Brooks Apt. 783', NULL, 'RI', '90217');
INSERT INTO Address (ID, Member, Nickname, Line1, Line2, State, Zip) VALUES (207, 174, 'Parent Home', '460 James Bypass Suite 910', NULL, 'NH', '04014');
INSERT INTO Address (ID, Member, Nickname, Line1, Line2, State, Zip) VALUES (208, 175, 'Dorm', '4046 Guerrero Views Suite 895', NULL, 'MA', '40710');
INSERT INTO Address (ID, Member, Nickname, Line1, Line2, State, Zip) VALUES (209, 175, 'Dorm', '8794 Laura Wall Suite 841', 'Apt 27', 'RI', '60079');
INSERT INTO Address (ID, Member, Nickname, Line1, Line2, State, Zip) VALUES (210, 176, 'Parent Home', '37020 Martinez Club Suite 482', NULL, 'NH', '70444');
INSERT INTO Address (ID, Member, Nickname, Line1, Line2, State, Zip) VALUES (211, 176, 'Apartment', '3141 Brown Highway', NULL, 'NY', '54631');
INSERT INTO Address (ID, Member, Nickname, Line1, Line2, State, Zip) VALUES (212, 177, 'Home', '2692 Reynolds Squares', NULL, 'NH', '11460');
INSERT INTO Address (ID, Member, Nickname, Line1, Line2, State, Zip) VALUES (213, 177, 'Apartment', '893 Myers Fields Apt. 294', NULL, 'MA', '92756');
INSERT INTO Address (ID, Member, Nickname, Line1, Line2, State, Zip) VALUES (214, 178, 'Campus', '589 Woods Brooks', NULL, 'ME', '97503');
INSERT INTO Address (ID, Member, Nickname, Line1, Line2, State, Zip) VALUES (215, 178, 'Apartment', '5642 Wise Ford', NULL, 'NY', '15968');
INSERT INTO Address (ID, Member, Nickname, Line1, Line2, State, Zip) VALUES (216, 179, 'School', '7963 Ruben Fords', NULL, 'RI', '69569');
INSERT INTO Address (ID, Member, Nickname, Line1, Line2, State, Zip) VALUES (217, 179, 'Home', '0766 Kevin Forks Apt. 852', NULL, 'CT', '32887');
INSERT INTO Address (ID, Member, Nickname, Line1, Line2, State, Zip) VALUES (218, 180, 'Parent Home', '824 Sarah Common', NULL, 'NH', '61813');
INSERT INTO Address (ID, Member, Nickname, Line1, Line2, State, Zip) VALUES (219, 181, 'Apartment', '4335 Dodson Stravenue Suite 749', NULL, 'RI', '45914');
INSERT INTO Address (ID, Member, Nickname, Line1, Line2, State, Zip) VALUES (220, 181, 'Home', '8339 Michelle Plain Apt. 456', 'Apt 18', 'NH', '08593');
INSERT INTO Address (ID, Member, Nickname, Line1, Line2, State, Zip) VALUES (221, 182, 'Apartment', '646 Michael Points Suite 181', NULL, 'ME', '44023');
INSERT INTO Address (ID, Member, Nickname, Line1, Line2, State, Zip) VALUES (222, 182, 'Parent Home', '48694 Harris Skyway', NULL, 'RI', '21121');
INSERT INTO Address (ID, Member, Nickname, Line1, Line2, State, Zip) VALUES (223, 183, 'Home', '01522 Robert Unions Suite 421', NULL, 'NH', '56247');
INSERT INTO Address (ID, Member, Nickname, Line1, Line2, State, Zip) VALUES (224, 183, 'Parent Home', '4010 Carter Freeway Apt. 398', 'Apt 31', 'VT', '70233');
INSERT INTO Address (ID, Member, Nickname, Line1, Line2, State, Zip) VALUES (225, 184, 'School', '602 Gibson Road Apt. 294', NULL, 'CT', '03880');
INSERT INTO Address (ID, Member, Nickname, Line1, Line2, State, Zip) VALUES (226, 184, 'Campus', '98918 Vaughan Mall Apt. 534', NULL, 'NH', '33506');
INSERT INTO Address (ID, Member, Nickname, Line1, Line2, State, Zip) VALUES (227, 185, 'Campus', '3327 Simmons Mission Suite 343', NULL, 'MA', '20596');
INSERT INTO Address (ID, Member, Nickname, Line1, Line2, State, Zip) VALUES (228, 185, 'Home', '75105 Brown Flat Apt. 949', NULL, 'MA', '67980');
INSERT INTO Address (ID, Member, Nickname, Line1, Line2, State, Zip) VALUES (229, 186, 'Campus', '25735 Le Corners', 'Apt 23', 'RI', '49577');
INSERT INTO Address (ID, Member, Nickname, Line1, Line2, State, Zip) VALUES (230, 186, 'Home', '003 Ho Light', 'Apt 45', 'NY', '65320');
INSERT INTO Address (ID, Member, Nickname, Line1, Line2, State, Zip) VALUES (231, 187, 'Parent Home', '7327 Arnold Springs', 'Apt 3', 'NH', '92096');
INSERT INTO Address (ID, Member, Nickname, Line1, Line2, State, Zip) VALUES (232, 187, 'Home', '063 Brian Radial Apt. 027', NULL, 'NY', '31762');
INSERT INTO Address (ID, Member, Nickname, Line1, Line2, State, Zip) VALUES (233, 188, 'Home', '21020 Galvan Grove', 'Apt 31', 'CT', '47243');
INSERT INTO Address (ID, Member, Nickname, Line1, Line2, State, Zip) VALUES (234, 188, 'Apartment', '3516 Lucas Keys Apt. 902', NULL, 'RI', '37741');
INSERT INTO Address (ID, Member, Nickname, Line1, Line2, State, Zip) VALUES (235, 189, 'Dorm', '64349 Sexton Junction', 'Apt 34', 'VT', '10488');
INSERT INTO Address (ID, Member, Nickname, Line1, Line2, State, Zip) VALUES (236, 189, 'School', '37275 Coleman Streets Apt. 956', NULL, 'NY', '50002');
INSERT INTO Address (ID, Member, Nickname, Line1, Line2, State, Zip) VALUES (237, 190, 'Apartment', '6530 Hall Coves Suite 169', NULL, 'NY', '92682');
INSERT INTO Address (ID, Member, Nickname, Line1, Line2, State, Zip) VALUES (238, 191, 'Home', '76885 Rebecca Shoal Apt. 941', NULL, 'CT', '64282');
INSERT INTO Address (ID, Member, Nickname, Line1, Line2, State, Zip) VALUES (239, 191, 'Dorm', '44118 Virginia Parks Apt. 147', 'Apt 28', 'MA', '06672');
INSERT INTO Address (ID, Member, Nickname, Line1, Line2, State, Zip) VALUES (240, 192, 'Dorm', '65250 Schultz Islands', NULL, 'CT', '46867');
INSERT INTO Address (ID, Member, Nickname, Line1, Line2, State, Zip) VALUES (241, 193, 'Dorm', '77263 Palmer Trace Apt. 193', NULL, 'ME', '27970');
INSERT INTO Address (ID, Member, Nickname, Line1, Line2, State, Zip) VALUES (242, 193, 'Parent Home', '8070 Sally Rapid Suite 453', 'Apt 35', 'MA', '99140');
INSERT INTO Address (ID, Member, Nickname, Line1, Line2, State, Zip) VALUES (243, 194, 'Parent Home', '29291 Melissa Trail', NULL, 'RI', '55435');
INSERT INTO Address (ID, Member, Nickname, Line1, Line2, State, Zip) VALUES (244, 195, 'Dorm', '0911 Kimberly Fields Suite 231', NULL, 'MA', '94193');
INSERT INTO Address (ID, Member, Nickname, Line1, Line2, State, Zip) VALUES (245, 195, 'Campus', '4860 Bentley Stravenue Apt. 953', NULL, 'MA', '60123');
INSERT INTO Address (ID, Member, Nickname, Line1, Line2, State, Zip) VALUES (246, 196, 'School', '1016 Smith Fort Suite 791', NULL, 'CT', '79352');
INSERT INTO Address (ID, Member, Nickname, Line1, Line2, State, Zip) VALUES (247, 197, 'Home', '92809 Shannon Mountains', NULL, 'ME', '32526');
INSERT INTO Address (ID, Member, Nickname, Line1, Line2, State, Zip) VALUES (248, 197, 'Campus', '780 Rachel Row', NULL, 'MA', '18827');
INSERT INTO Address (ID, Member, Nickname, Line1, Line2, State, Zip) VALUES (249, 198, 'Parent Home', '0024 Jensen Lock', NULL, 'VT', '34798');
INSERT INTO Address (ID, Member, Nickname, Line1, Line2, State, Zip) VALUES (250, 198, 'Apartment', '77540 Harrell Mountains Apt. 250', NULL, 'RI', '57163');
INSERT INTO Address (ID, Member, Nickname, Line1, Line2, State, Zip) VALUES (251, 199, 'Dorm', '303 Samantha Throughway Apt. 216', 'Apt 9', 'VT', '31853');
INSERT INTO Address (ID, Member, Nickname, Line1, Line2, State, Zip) VALUES (252, 199, 'School', '7247 Walters Ports Suite 307', NULL, 'RI', '72557');

-- 🤧 ALLERGIES
INSERT INTO Allergy (ID, Name) VALUES (20, 'Shellfish');
INSERT INTO Allergy (ID, Name) VALUES (21, 'Fish');
INSERT INTO Allergy (ID, Name) VALUES (22, 'Eggs');
INSERT INTO Allergy (ID, Name) VALUES (23, 'Soy');
INSERT INTO Allergy (ID, Name) VALUES (24, 'Sesame');
INSERT INTO Allergy (ID, Name) VALUES (25, 'Sulfites');
INSERT INTO Allergy (ID, Name) VALUES (26, 'Latex');
INSERT INTO Allergy (ID, Name) VALUES (27, 'Dust Mites');
INSERT INTO Allergy (ID, Name) VALUES (28, 'Pet Dander');
INSERT INTO Allergy (ID, Name) VALUES (29, 'Pollen');
INSERT INTO Allergy (ID, Name) VALUES (30, 'Bee Stings');
INSERT INTO Allergy (ID, Name) VALUES (31, 'Penicillin');
INSERT INTO Allergy (ID, Name) VALUES (32, 'Aspirin');
INSERT INTO Allergy (ID, Name) VALUES (33, 'Strawberries');
INSERT INTO Allergy (ID, Name) VALUES (34, 'Chocolate');

-- 🤧 ALLERGY USERS
INSERT INTO AllergyUsers (UserID, AllergyID) VALUES (103, 34);
INSERT INTO AllergyUsers (UserID, AllergyID) VALUES (111, 29);
INSERT INTO AllergyUsers (UserID, AllergyID) VALUES (111, 31);
INSERT INTO AllergyUsers (UserID, AllergyID) VALUES (112, 30);
INSERT INTO AllergyUsers (UserID, AllergyID) VALUES (113, 27);
INSERT INTO AllergyUsers (UserID, AllergyID) VALUES (117, 32);
INSERT INTO AllergyUsers (UserID, AllergyID) VALUES (120, 33);
INSERT INTO AllergyUsers (UserID, AllergyID) VALUES (120, 27);
INSERT INTO AllergyUsers (UserID, AllergyID) VALUES (121, 28);
INSERT INTO AllergyUsers (UserID, AllergyID) VALUES (121, 32);
INSERT INTO AllergyUsers (UserID, AllergyID) VALUES (126, 21);
INSERT INTO AllergyUsers (UserID, AllergyID) VALUES (126, 26);
INSERT INTO AllergyUsers (UserID, AllergyID) VALUES (134, 32);
INSERT INTO AllergyUsers (UserID, AllergyID) VALUES (134, 28);
INSERT INTO AllergyUsers (UserID, AllergyID) VALUES (136, 26);
INSERT INTO AllergyUsers (UserID, AllergyID) VALUES (140, 21);
INSERT INTO AllergyUsers (UserID, AllergyID) VALUES (141, 33);
INSERT INTO AllergyUsers (UserID, AllergyID) VALUES (143, 34);
INSERT INTO AllergyUsers (UserID, AllergyID) VALUES (143, 31);
INSERT INTO AllergyUsers (UserID, AllergyID) VALUES (147, 32);
INSERT INTO AllergyUsers (UserID, AllergyID) VALUES (147, 31);
INSERT INTO AllergyUsers (UserID, AllergyID) VALUES (148, 31);
INSERT INTO AllergyUsers (UserID, AllergyID) VALUES (148, 28);
INSERT INTO AllergyUsers (UserID, AllergyID) VALUES (154, 20);
INSERT INTO AllergyUsers (UserID, AllergyID) VALUES (154, 29);
INSERT INTO AllergyUsers (UserID, AllergyID) VALUES (158, 27);
INSERT INTO AllergyUsers (UserID, AllergyID) VALUES (158, 32);
INSERT INTO AllergyUsers (UserID, AllergyID) VALUES (159, 22);
INSERT INTO AllergyUsers (UserID, AllergyID) VALUES (160, 33);
INSERT INTO AllergyUsers (UserID, AllergyID) VALUES (162, 33);
INSERT INTO AllergyUsers (UserID, AllergyID) VALUES (162, 29);
INSERT INTO AllergyUsers (UserID, AllergyID) VALUES (163, 25);
INSERT INTO AllergyUsers (UserID, AllergyID) VALUES (163, 27);
INSERT INTO AllergyUsers (UserID, AllergyID) VALUES (166, 33);
INSERT INTO AllergyUsers (UserID, AllergyID) VALUES (168, 27);
INSERT INTO AllergyUsers (UserID, AllergyID) VALUES (168, 32);
INSERT INTO AllergyUsers (UserID, AllergyID) VALUES (179, 27);
INSERT INTO AllergyUsers (UserID, AllergyID) VALUES (179, 31);
INSERT INTO AllergyUsers (UserID, AllergyID) VALUES (182, 31);
INSERT INTO AllergyUsers (UserID, AllergyID) VALUES (186, 20);
INSERT INTO AllergyUsers (UserID, AllergyID) VALUES (188, 30);
INSERT INTO AllergyUsers (UserID, AllergyID) VALUES (188, 24);
INSERT INTO AllergyUsers (UserID, AllergyID) VALUES (191, 34);
INSERT INTO AllergyUsers (UserID, AllergyID) VALUES (191, 24);
INSERT INTO AllergyUsers (UserID, AllergyID) VALUES (192, 20);
INSERT INTO AllergyUsers (UserID, AllergyID) VALUES (193, 34);
INSERT INTO AllergyUsers (UserID, AllergyID) VALUES (193, 24);

-- 📄 PAGES
INSERT INTO Page (ID, Slug) VALUES (1, 'home');
INSERT INTO Page (ID, Slug) VALUES (2, 'profile');
INSERT INTO Page (ID, Slug) VALUES (3, 'events');
INSERT INTO Page (ID, Slug) VALUES (4, 'members');
INSERT INTO Page (ID, Slug) VALUES (5, 'gear');
INSERT INTO Page (ID, Slug) VALUES (6, 'communications');
INSERT INTO Page (ID, Slug) VALUES (7, 'treasury');
INSERT INTO Page (ID, Slug) VALUES (8, 'budget');
INSERT INTO Page (ID, Slug) VALUES (9, 'reimbursements');
INSERT INTO Page (ID, Slug) VALUES (10, 'safety');
INSERT INTO Page (ID, Slug) VALUES (11, 'inventory');
INSERT INTO Page (ID, Slug) VALUES (12, 'social');
INSERT INTO Page (ID, Slug) VALUES (13, 'admin');
INSERT INTO Page (ID, Slug) VALUES (14, 'elections');
INSERT INTO Page (ID, Slug) VALUES (15, 'feedback');
INSERT INTO Page (ID, Slug) VALUES (16, 'reports');

-- 🔐 PERMISSIONS
INSERT INTO Permission (ID, Title) VALUES (5, 'Member');
INSERT INTO Permission (ID, Title) VALUES (20, 'VP Comm');
INSERT INTO Permission (ID, Title) VALUES (21, 'Safety Officer');
INSERT INTO Permission (ID, Title) VALUES (22, 'Gear Manager');
INSERT INTO Permission (ID, Title) VALUES (23, 'Social Chair');
INSERT INTO Permission (ID, Title) VALUES (24, 'Alumni');
INSERT INTO Permission (ID, Title) VALUES (25, 'Inactive Member');
INSERT INTO Permission (ID, Title) VALUES (26, 'Trip Leader');
INSERT INTO Permission (ID, Title) VALUES (27, 'New Member');
INSERT INTO Permission (ID, Title) VALUES (28, 'President');
INSERT INTO Permission (ID, Title) VALUES (29, 'VP Trips');
INSERT INTO Permission (ID, Title) VALUES (30, 'Treasurer');

-- 🔗 PAGE PERMISSIONS
INSERT INTO PagePermissions (PageID, PermissionID) VALUES (1, 5);
INSERT INTO PagePermissions (PageID, PermissionID) VALUES (2, 5);
INSERT INTO PagePermissions (PageID, PermissionID) VALUES (3, 5);
INSERT INTO PagePermissions (PageID, PermissionID) VALUES (5, 5);
INSERT INTO PagePermissions (PageID, PermissionID) VALUES (6, 5);
INSERT INTO PagePermissions (PageID, PermissionID) VALUES (14, 5);
INSERT INTO PagePermissions (PageID, PermissionID) VALUES (1, 20);
INSERT INTO PagePermissions (PageID, PermissionID) VALUES (2, 20);
INSERT INTO PagePermissions (PageID, PermissionID) VALUES (3, 20);
INSERT INTO PagePermissions (PageID, PermissionID) VALUES (4, 20);
INSERT INTO PagePermissions (PageID, PermissionID) VALUES (6, 20);
INSERT INTO PagePermissions (PageID, PermissionID) VALUES (13, 20);
INSERT INTO PagePermissions (PageID, PermissionID) VALUES (15, 20);
INSERT INTO PagePermissions (PageID, PermissionID) VALUES (1, 21);
INSERT INTO PagePermissions (PageID, PermissionID) VALUES (2, 21);
INSERT INTO PagePermissions (PageID, PermissionID) VALUES (3, 21);
INSERT INTO PagePermissions (PageID, PermissionID) VALUES (4, 21);
INSERT INTO PagePermissions (PageID, PermissionID) VALUES (10, 21);
INSERT INTO PagePermissions (PageID, PermissionID) VALUES (15, 21);
INSERT INTO PagePermissions (PageID, PermissionID) VALUES (1, 22);
INSERT INTO PagePermissions (PageID, PermissionID) VALUES (2, 22);
INSERT INTO PagePermissions (PageID, PermissionID) VALUES (5, 22);
INSERT INTO PagePermissions (PageID, PermissionID) VALUES (11, 22);
INSERT INTO PagePermissions (PageID, PermissionID) VALUES (15, 22);
INSERT INTO PagePermissions (PageID, PermissionID) VALUES (1, 23);
INSERT INTO PagePermissions (PageID, PermissionID) VALUES (2, 23);
INSERT INTO PagePermissions (PageID, PermissionID) VALUES (3, 23);
INSERT INTO PagePermissions (PageID, PermissionID) VALUES (4, 23);
INSERT INTO PagePermissions (PageID, PermissionID) VALUES (12, 23);
INSERT INTO PagePermissions (PageID, PermissionID) VALUES (1, 24);
INSERT INTO PagePermissions (PageID, PermissionID) VALUES (2, 24);
INSERT INTO PagePermissions (PageID, PermissionID) VALUES (3, 24);
INSERT INTO PagePermissions (PageID, PermissionID) VALUES (6, 24);
INSERT INTO PagePermissions (PageID, PermissionID) VALUES (2, 25);
INSERT INTO PagePermissions (PageID, PermissionID) VALUES (1, 26);
INSERT INTO PagePermissions (PageID, PermissionID) VALUES (2, 26);
INSERT INTO PagePermissions (PageID, PermissionID) VALUES (3, 26);
INSERT INTO PagePermissions (PageID, PermissionID) VALUES (4, 26);
INSERT INTO PagePermissions (PageID, PermissionID) VALUES (5, 26);
INSERT INTO PagePermissions (PageID, PermissionID) VALUES (10, 26);
INSERT INTO PagePermissions (PageID, PermissionID) VALUES (15, 26);
INSERT INTO PagePermissions (PageID, PermissionID) VALUES (1, 27);
INSERT INTO PagePermissions (PageID, PermissionID) VALUES (2, 27);
INSERT INTO PagePermissions (PageID, PermissionID) VALUES (3, 27);
INSERT INTO PagePermissions (PageID, PermissionID) VALUES (14, 27);
INSERT INTO PagePermissions (PageID, PermissionID) VALUES (1, 28);
INSERT INTO PagePermissions (PageID, PermissionID) VALUES (2, 28);
INSERT INTO PagePermissions (PageID, PermissionID) VALUES (3, 28);
INSERT INTO PagePermissions (PageID, PermissionID) VALUES (4, 28);
INSERT INTO PagePermissions (PageID, PermissionID) VALUES (5, 28);
INSERT INTO PagePermissions (PageID, PermissionID) VALUES (6, 28);
INSERT INTO PagePermissions (PageID, PermissionID) VALUES (7, 28);
INSERT INTO PagePermissions (PageID, PermissionID) VALUES (8, 28);
INSERT INTO PagePermissions (PageID, PermissionID) VALUES (9, 28);
INSERT INTO PagePermissions (PageID, PermissionID) VALUES (10, 28);
INSERT INTO PagePermissions (PageID, PermissionID) VALUES (11, 28);
INSERT INTO PagePermissions (PageID, PermissionID) VALUES (12, 28);
INSERT INTO PagePermissions (PageID, PermissionID) VALUES (13, 28);
INSERT INTO PagePermissions (PageID, PermissionID) VALUES (14, 28);
INSERT INTO PagePermissions (PageID, PermissionID) VALUES (15, 28);
INSERT INTO PagePermissions (PageID, PermissionID) VALUES (16, 28);
INSERT INTO PagePermissions (PageID, PermissionID) VALUES (1, 29);
INSERT INTO PagePermissions (PageID, PermissionID) VALUES (2, 29);
INSERT INTO PagePermissions (PageID, PermissionID) VALUES (3, 29);
INSERT INTO PagePermissions (PageID, PermissionID) VALUES (4, 29);
INSERT INTO PagePermissions (PageID, PermissionID) VALUES (7, 29);
INSERT INTO PagePermissions (PageID, PermissionID) VALUES (8, 29);
INSERT INTO PagePermissions (PageID, PermissionID) VALUES (10, 29);
INSERT INTO PagePermissions (PageID, PermissionID) VALUES (15, 29);
INSERT INTO PagePermissions (PageID, PermissionID) VALUES (1, 30);
INSERT INTO PagePermissions (PageID, PermissionID) VALUES (2, 30);
INSERT INTO PagePermissions (PageID, PermissionID) VALUES (7, 30);
INSERT INTO PagePermissions (PageID, PermissionID) VALUES (8, 30);
INSERT INTO PagePermissions (PageID, PermissionID) VALUES (9, 30);
INSERT INTO PagePermissions (PageID, PermissionID) VALUES (15, 30);

-- MEMBER PERMISSIONS
INSERT INTO MemberPermissions (Permission, Member) VALUES (5, 100);
INSERT INTO MemberPermissions (Permission, Member) VALUES (26, 101);
INSERT INTO MemberPermissions (Permission, Member) VALUES (5, 102);
INSERT INTO MemberPermissions (Permission, Member) VALUES (5, 103);
INSERT INTO MemberPermissions (Permission, Member) VALUES (5, 104);
INSERT INTO MemberPermissions (Permission, Member) VALUES (5, 105);
INSERT INTO MemberPermissions (Permission, Member) VALUES (5, 106);
INSERT INTO MemberPermissions (Permission, Member) VALUES (5, 107);
INSERT INTO MemberPermissions (Permission, Member) VALUES (5, 108);
INSERT INTO MemberPermissions (Permission, Member) VALUES (5, 109);
INSERT INTO MemberPermissions (Permission, Member) VALUES (5, 110);
INSERT INTO MemberPermissions (Permission, Member) VALUES (5, 111);
INSERT INTO MemberPermissions (Permission, Member) VALUES (5, 112);
INSERT INTO MemberPermissions (Permission, Member) VALUES (24, 113);
INSERT INTO MemberPermissions (Permission, Member) VALUES (23, 114);
INSERT INTO MemberPermissions (Permission, Member) VALUES (26, 115);
INSERT INTO MemberPermissions (Permission, Member) VALUES (24, 116);
INSERT INTO MemberPermissions (Permission, Member) VALUES (23, 117);
INSERT INTO MemberPermissions (Permission, Member) VALUES (5, 118);
INSERT INTO MemberPermissions (Permission, Member) VALUES (24, 119);
INSERT INTO MemberPermissions (Permission, Member) VALUES (5, 120);
INSERT INTO MemberPermissions (Permission, Member) VALUES (23, 121);
INSERT INTO MemberPermissions (Permission, Member) VALUES (5, 122);
INSERT INTO MemberPermissions (Permission, Member) VALUES (5, 123);
INSERT INTO MemberPermissions (Permission, Member) VALUES (5, 124);
INSERT INTO MemberPermissions (Permission, Member) VALUES (20, 125);
INSERT INTO MemberPermissions (Permission, Member) VALUES (5, 126);
INSERT INTO MemberPermissions (Permission, Member) VALUES (5, 127);
INSERT INTO MemberPermissions (Permission, Member) VALUES (5, 128);
INSERT INTO MemberPermissions (Permission, Member) VALUES (26, 129);
INSERT INTO MemberPermissions (Permission, Member) VALUES (27, 130);
INSERT INTO MemberPermissions (Permission, Member) VALUES (5, 131);
INSERT INTO MemberPermissions (Permission, Member) VALUES (5, 132);
INSERT INTO MemberPermissions (Permission, Member) VALUES (5, 133);
INSERT INTO MemberPermissions (Permission, Member) VALUES (5, 134);
INSERT INTO MemberPermissions (Permission, Member) VALUES (24, 135);
INSERT INTO MemberPermissions (Permission, Member) VALUES (26, 136);
INSERT INTO MemberPermissions (Permission, Member) VALUES (5, 137);
INSERT INTO MemberPermissions (Permission, Member) VALUES (5, 138);
INSERT INTO MemberPermissions (Permission, Member) VALUES (26, 139);
INSERT INTO MemberPermissions (Permission, Member) VALUES (5, 140);
INSERT INTO MemberPermissions (Permission, Member) VALUES (5, 141);
INSERT INTO MemberPermissions (Permission, Member) VALUES (21, 142);
INSERT INTO MemberPermissions (Permission, Member) VALUES (27, 143);
INSERT INTO MemberPermissions (Permission, Member) VALUES (23, 144);
INSERT INTO MemberPermissions (Permission, Member) VALUES (5, 145);
INSERT INTO MemberPermissions (Permission, Member) VALUES (26, 146);
INSERT INTO MemberPermissions (Permission, Member) VALUES (26, 147);
INSERT INTO MemberPermissions (Permission, Member) VALUES (5, 148);
INSERT INTO MemberPermissions (Permission, Member) VALUES (5, 149);
INSERT INTO MemberPermissions (Permission, Member) VALUES (5, 150);
INSERT INTO MemberPermissions (Permission, Member) VALUES (5, 151);
INSERT INTO MemberPermissions (Permission, Member) VALUES (5, 152);
INSERT INTO MemberPermissions (Permission, Member) VALUES (24, 153);
INSERT INTO MemberPermissions (Permission, Member) VALUES (5, 154);
INSERT INTO MemberPermissions (Permission, Member) VALUES (5, 155);
INSERT INTO MemberPermissions (Permission, Member) VALUES (5, 156);
INSERT INTO MemberPermissions (Permission, Member) VALUES (5, 157);
INSERT INTO MemberPermissions (Permission, Member) VALUES (5, 158);
INSERT INTO MemberPermissions (Permission, Member) VALUES (5, 159);
INSERT INTO MemberPermissions (Permission, Member) VALUES (5, 160);
INSERT INTO MemberPermissions (Permission, Member) VALUES (5, 161);
INSERT INTO MemberPermissions (Permission, Member) VALUES (21, 162);
INSERT INTO MemberPermissions (Permission, Member) VALUES (5, 163);
INSERT INTO MemberPermissions (Permission, Member) VALUES (5, 164);
INSERT INTO MemberPermissions (Permission, Member) VALUES (5, 165);
INSERT INTO MemberPermissions (Permission, Member) VALUES (25, 166);
INSERT INTO MemberPermissions (Permission, Member) VALUES (5, 167);
INSERT INTO MemberPermissions (Permission, Member) VALUES (5, 168);
INSERT INTO MemberPermissions (Permission, Member) VALUES (24, 169);
INSERT INTO MemberPermissions (Permission, Member) VALUES (21, 170);
INSERT INTO MemberPermissions (Permission, Member) VALUES (5, 171);
INSERT INTO MemberPermissions (Permission, Member) VALUES (5, 172);
INSERT INTO MemberPermissions (Permission, Member) VALUES (26, 173);
INSERT INTO MemberPermissions (Permission, Member) VALUES (27, 174);
INSERT INTO MemberPermissions (Permission, Member) VALUES (24, 175);
INSERT INTO MemberPermissions (Permission, Member) VALUES (21, 176);
INSERT INTO MemberPermissions (Permission, Member) VALUES (20, 177);
INSERT INTO MemberPermissions (Permission, Member) VALUES (5, 178);
INSERT INTO MemberPermissions (Permission, Member) VALUES (5, 179);
INSERT INTO MemberPermissions (Permission, Member) VALUES (5, 180);
INSERT INTO MemberPermissions (Permission, Member) VALUES (23, 181);
INSERT INTO MemberPermissions (Permission, Member) VALUES (23, 182);
INSERT INTO MemberPermissions (Permission, Member) VALUES (23, 183);
INSERT INTO MemberPermissions (Permission, Member) VALUES (5, 184);
INSERT INTO MemberPermissions (Permission, Member) VALUES (5, 185);
INSERT INTO MemberPermissions (Permission, Member) VALUES (5, 186);
INSERT INTO MemberPermissions (Permission, Member) VALUES (5, 187);
INSERT INTO MemberPermissions (Permission, Member) VALUES (5, 188);
INSERT INTO MemberPermissions (Permission, Member) VALUES (5, 189);
INSERT INTO MemberPermissions (Permission, Member) VALUES (5, 190);
INSERT INTO MemberPermissions (Permission, Member) VALUES (26, 191);
INSERT INTO MemberPermissions (Permission, Member) VALUES (26, 192);
INSERT INTO MemberPermissions (Permission, Member) VALUES (5, 193);
INSERT INTO MemberPermissions (Permission, Member) VALUES (5, 194);
INSERT INTO MemberPermissions (Permission, Member) VALUES (5, 195);
INSERT INTO MemberPermissions (Permission, Member) VALUES (24, 196);
INSERT INTO MemberPermissions (Permission, Member) VALUES (5, 197);
INSERT INTO MemberPermissions (Permission, Member) VALUES (5, 198);
INSERT INTO MemberPermissions (Permission, Member) VALUES (5, 199);

-- 🎪 EVENTS
INSERT INTO Event (ID, Author, PartySize, MaxSize, EventLoc, Randomized, Name, Description, MeetLoc, LeadOrg, EventType, RecItems, Picture) VALUES (100, 160, 8, 21, 'Campus', FALSE, 'Film Night: Mountain Movies', 'Adult close full show listen worker gun. Model during time high upon group bag.', 'Ruggles Station', 'Social Committee', 'Educational', 'sleeping bag, tent, camp stove', 'film_night_mountain_movies.jpg');
INSERT INTO Event (ID, Author, PartySize, MaxSize, EventLoc, Randomized, Name, Description, MeetLoc, LeadOrg, EventType, RecItems, Picture) VALUES (101, 119, 11, 18, 'Pub', FALSE, 'Map and Compass Workshop', 'Protect strategy sure direction. Each education soldier effect. Human performance price today grow specific.', 'Ruggles Station', 'Membership Committee', 'Competition', 'climbing shoes, harness, helmet', 'map_and_compass_workshop.jpg');
INSERT INTO Event (ID, Author, PartySize, MaxSize, EventLoc, Randomized, Name, Description, MeetLoc, LeadOrg, EventType, RecItems, Picture) VALUES (102, 162, 10, 21, 'Loj', FALSE, 'Monthly Social Dinner', 'Institution enough role ask heavy your. Different tend impact trade crime participant fish no. Western house of successful never seat.', 'Back Bay Station', 'Membership Committee', 'Outdoor', 'notebook, pen, enthusiasm', 'monthly_social_dinner.jpg');
INSERT INTO Event (ID, Author, PartySize, MaxSize, EventLoc, Randomized, Name, Description, MeetLoc, LeadOrg, EventType, RecItems, Picture) VALUES (103, 171, 25, 36, 'Campus', FALSE, 'Safety Committee Meeting', 'Structure lay remember treatment. Paper wear learn dark. Degree who own low capital.', 'Marino Center', 'Hiking Committee', 'Social', 'notebook, pen, enthusiasm', 'safety_committee_meeting.jpg');
INSERT INTO Event (ID, Author, PartySize, MaxSize, EventLoc, Randomized, Name, Description, MeetLoc, LeadOrg, EventType, RecItems, Picture) VALUES (104, 184, 15, 23, 'White Mountains NH', FALSE, 'Gear Sale Event', 'Be common system. Security food if main reach marriage writer.
Month degree she guy. Of data change ability cell.', 'Marino Center', 'Social Committee', 'Outdoor', 'warm layers, headlamp, map', 'gear_sale_event.jpg');
INSERT INTO Event (ID, Author, PartySize, MaxSize, EventLoc, Randomized, Name, Description, MeetLoc, LeadOrg, EventType, RecItems, Picture) VALUES (105, 176, 22, 33, 'Campus', FALSE, 'Ski Touring Basics', 'Serious all result your action there. Above instead most imagine politics small role. Sign national apply find claim factor.', 'Curry Student Center', 'Safety Committee', 'Competition', 'climbing shoes, harness, helmet', 'ski_touring_basics.jpg');
INSERT INTO Event (ID, Author, PartySize, MaxSize, EventLoc, Randomized, Name, Description, MeetLoc, LeadOrg, EventType, RecItems, Picture) VALUES (106, 139, 8, 16, 'Marino Center', FALSE, 'Film Night: Mountain Movies', 'Back task represent hold face. Then ok officer report day right record. Room form case follow.', 'Ruggles Station', 'Membership Committee', 'Meeting', 'warm layers, headlamp, map', 'film_night_mountain_movies.jpg');
INSERT INTO Event (ID, Author, PartySize, MaxSize, EventLoc, Randomized, Name, Description, MeetLoc, LeadOrg, EventType, RecItems, Picture) VALUES (107, 129, 13, 29, 'Loj', TRUE, 'Peak Bagging Challenge', 'So speak air dream. Specific picture throw water maintain project black.', 'Campus Quad', 'Membership Committee', 'Meeting', 'notebook, pen, enthusiasm', 'peak_bagging_challenge.jpg');
INSERT INTO Event (ID, Author, PartySize, MaxSize, EventLoc, Randomized, Name, Description, MeetLoc, LeadOrg, EventType, RecItems, Picture) VALUES (108, 180, 29, 48, 'Loj', FALSE, 'Ice Climbing Introduction', 'Follow police drop show likely gun. Last present miss prepare national state help. No serve wear more must.', 'Ruggles Station', 'Hiking Committee', 'Competition', 'first aid kit, whistle, compass', 'ice_climbing_introduction.jpg');
INSERT INTO Event (ID, Author, PartySize, MaxSize, EventLoc, Randomized, Name, Description, MeetLoc, LeadOrg, EventType, RecItems, Picture) VALUES (109, 175, 8, 18, 'Pub', FALSE, 'Photography Workshop', 'Turn situation official service common who nothing. Generation find west hot. Evening man shake bring daughter attack. How Mrs direction.', 'Curry Student Center', 'Safety Committee', 'Competition', 'first aid kit, whistle, compass', 'photography_workshop.jpg');
INSERT INTO Event (ID, Author, PartySize, MaxSize, EventLoc, Randomized, Name, Description, MeetLoc, LeadOrg, EventType, RecItems, Picture) VALUES (110, 113, 14, 24, 'Local Crag', FALSE, 'Trail Maintenance Day', 'Back watch about week total throw. Leg discuss most fall cut new. Box site food.', 'Curry Student Center', 'Hiking Committee', 'Meeting', 'warm layers, headlamp, map', 'trail_maintenance_day.jpg');
INSERT INTO Event (ID, Author, PartySize, MaxSize, EventLoc, Randomized, Name, Description, MeetLoc, LeadOrg, EventType, RecItems, Picture) VALUES (111, 153, 11, 29, 'Loj', FALSE, 'Weekend Backpacking', 'Current apply white win ready tell entire. Meeting product rather attack.', 'Back Bay Station', 'Climbing Committee', 'Meeting', 'sleeping bag, tent, camp stove', 'weekend_backpacking.jpg');
INSERT INTO Event (ID, Author, PartySize, MaxSize, EventLoc, Randomized, Name, Description, MeetLoc, LeadOrg, EventType, RecItems, Picture) VALUES (112, 127, 15, 20, 'Gear Room', FALSE, 'Monthly Social Dinner', 'Sister finally better important. Painting down ten either service.', 'Curry Student Center', 'Membership Committee', 'Competition', 'hiking boots, water, snacks', 'monthly_social_dinner.jpg');
INSERT INTO Event (ID, Author, PartySize, MaxSize, EventLoc, Randomized, Name, Description, MeetLoc, LeadOrg, EventType, RecItems, Picture) VALUES (113, 124, 6, 23, 'Local Crag', FALSE, 'Officer Elections', 'Only ahead surface goal. Serve lay indeed step.', 'Back Bay Station', 'Membership Committee', 'Social', 'hiking boots, water, snacks', 'officer_elections.jpg');
INSERT INTO Event (ID, Author, PartySize, MaxSize, EventLoc, Randomized, Name, Description, MeetLoc, LeadOrg, EventType, RecItems, Picture) VALUES (114, 107, 19, 26, 'Pub', FALSE, 'Gear Sale Event', 'Stock part by most then. Bring indicate scene economic environment.', 'Campus Quad', 'Safety Committee', 'Meeting', 'sleeping bag, tent, camp stove', 'gear_sale_event.jpg');
INSERT INTO Event (ID, Author, PartySize, MaxSize, EventLoc, Randomized, Name, Description, MeetLoc, LeadOrg, EventType, RecItems, Picture) VALUES (115, 119, 7, 13, 'Centennial', FALSE, 'Gear Maintenance Session', 'Physical guess deep foreign throw hundred. Religious better seat current small building run. Media computer piece plant.', 'Marino Center', 'Safety Committee', 'Educational', 'notebook, pen, enthusiasm', 'gear_maintenance_session.jpg');
INSERT INTO Event (ID, Author, PartySize, MaxSize, EventLoc, Randomized, Name, Description, MeetLoc, LeadOrg, EventType, RecItems, Picture) VALUES (116, 184, 7, 13, 'Loj', TRUE, 'Beginner Rock Climbing', 'Something dark environmental hand old address. Vote grow morning may price. Music tell may girl church option total forget.', 'Back Bay Station', 'Safety Committee', 'Outdoor', 'sleeping bag, tent, camp stove', 'beginner_rock_climbing.jpg');
INSERT INTO Event (ID, Author, PartySize, MaxSize, EventLoc, Randomized, Name, Description, MeetLoc, LeadOrg, EventType, RecItems, Picture) VALUES (117, 187, 13, 27, 'Pub', FALSE, 'Gear Sale Event', 'Court up beyond serve.
Risk special air of community southern girl. Wear weight read mean. Point line care young herself last.', 'Back Bay Station', 'Social Committee', 'Meeting', 'hiking boots, water, snacks', 'gear_sale_event.jpg');
INSERT INTO Event (ID, Author, PartySize, MaxSize, EventLoc, Randomized, Name, Description, MeetLoc, LeadOrg, EventType, RecItems, Picture) VALUES (118, 102, 19, 31, 'Marino Center', FALSE, 'Ice Climbing Introduction', 'He lot politics. Whose option child work sure. Resource street important such keep wind.', 'Ruggles Station', 'Safety Committee', 'Social', 'first aid kit, whistle, compass', 'ice_climbing_introduction.jpg');
INSERT INTO Event (ID, Author, PartySize, MaxSize, EventLoc, Randomized, Name, Description, MeetLoc, LeadOrg, EventType, RecItems, Picture) VALUES (119, 184, 25, 38, 'Centennial', FALSE, 'White Mountain Day Hike', 'Detail create culture loss next various. Mention last respond other management room reach.', 'Campus Quad', 'Membership Committee', 'Meeting', 'climbing shoes, harness, helmet', 'white_mountain_day_hike.jpg');
INSERT INTO Event (ID, Author, PartySize, MaxSize, EventLoc, Randomized, Name, Description, MeetLoc, LeadOrg, EventType, RecItems, Picture) VALUES (120, 117, 11, 31, 'White Mountains NH', FALSE, 'Weekend Backpacking', 'Offer senior ready enter. While realize someone century leave. Magazine class should use exactly.', 'Ruggles Station', 'Social Committee', 'Educational', 'warm layers, headlamp, map', 'weekend_backpacking.jpg');
INSERT INTO Event (ID, Author, PartySize, MaxSize, EventLoc, Randomized, Name, Description, MeetLoc, LeadOrg, EventType, RecItems, Picture) VALUES (121, 123, 25, 41, 'Centennial', FALSE, 'Safety Committee Meeting', 'Perhaps Republican collection across look cover late. Student six office check.', 'Back Bay Station', 'Climbing Committee', 'Competition', 'first aid kit, whistle, compass', 'safety_committee_meeting.jpg');
INSERT INTO Event (ID, Author, PartySize, MaxSize, EventLoc, Randomized, Name, Description, MeetLoc, LeadOrg, EventType, RecItems, Picture) VALUES (122, 168, 25, 41, 'Local Crag', FALSE, 'Wilderness First Aid', 'Let positive when ahead class. Speak large institution happen. Region garden pick air care ask worker weight.', 'Ruggles Station', 'Hiking Committee', 'Meeting', 'climbing shoes, harness, helmet', 'wilderness_first_aid.jpg');
INSERT INTO Event (ID, Author, PartySize, MaxSize, EventLoc, Randomized, Name, Description, MeetLoc, LeadOrg, EventType, RecItems, Picture) VALUES (123, 108, 5, 16, 'Centennial', FALSE, 'Knot Tying Workshop', 'Term experience interview opportunity remember price pressure. Though help skin former American around different collection.', 'Curry Student Center', 'Social Committee', 'Educational', 'warm layers, headlamp, map', 'knot_tying_workshop.jpg');
INSERT INTO Event (ID, Author, PartySize, MaxSize, EventLoc, Randomized, Name, Description, MeetLoc, LeadOrg, EventType, RecItems, Picture) VALUES (124, 100, 27, 43, 'Centennial', FALSE, 'Gear Sale Event', 'Admit billion store audience study picture. Skill into seem. Many old someone quickly.', 'Marino Center', 'Safety Committee', 'Meeting', 'warm layers, headlamp, map', 'gear_sale_event.jpg');
INSERT INTO Event (ID, Author, PartySize, MaxSize, EventLoc, Randomized, Name, Description, MeetLoc, LeadOrg, EventType, RecItems, Picture) VALUES (125, 111, 17, 25, 'Gear Room', FALSE, 'Ice Climbing Introduction', 'First method conference card new Democrat. Avoid stop what. Build pay somebody actually.', 'Back Bay Station', 'Safety Committee', 'Training', 'warm layers, headlamp, map', 'ice_climbing_introduction.jpg');
INSERT INTO Event (ID, Author, PartySize, MaxSize, EventLoc, Randomized, Name, Description, MeetLoc, LeadOrg, EventType, RecItems, Picture) VALUES (126, 182, 18, 38, 'Pub', FALSE, 'Leave No Trace Training', 'Team drop response recognize religious right. Suffer person role arrive. Speech direction a student impact law. Type thought along their son expect.', 'Marino Center', 'Membership Committee', 'Meeting', 'first aid kit, whistle, compass', 'leave_no_trace_training.jpg');
INSERT INTO Event (ID, Author, PartySize, MaxSize, EventLoc, Randomized, Name, Description, MeetLoc, LeadOrg, EventType, RecItems, Picture) VALUES (127, 122, 30, 41, 'Pub', FALSE, 'Peak Bagging Challenge', 'Base son card through. Leg structure single box. Agreement today trial building order yourself arrive.', 'Ruggles Station', 'Safety Committee', 'Outdoor', 'sleeping bag, tent, camp stove', 'peak_bagging_challenge.jpg');
INSERT INTO Event (ID, Author, PartySize, MaxSize, EventLoc, Randomized, Name, Description, MeetLoc, LeadOrg, EventType, RecItems, Picture) VALUES (128, 126, 10, 17, 'Centennial', FALSE, 'Safety Committee Meeting', 'Success again check resource defense government effort. National story stay interest total.', 'Curry Student Center', 'Safety Committee', 'Social', 'sleeping bag, tent, camp stove', 'safety_committee_meeting.jpg');
INSERT INTO Event (ID, Author, PartySize, MaxSize, EventLoc, Randomized, Name, Description, MeetLoc, LeadOrg, EventType, RecItems, Picture) VALUES (129, 185, 5, 23, 'Marino Center', TRUE, 'Winter Camping Prep', 'Plant like total play. Cover travel doctor catch. Chair best several activity I determine support.', 'Curry Student Center', 'Climbing Committee', 'Competition', 'first aid kit, whistle, compass', 'winter_camping_prep.jpg');
INSERT INTO Event (ID, Author, PartySize, MaxSize, EventLoc, Randomized, Name, Description, MeetLoc, LeadOrg, EventType, RecItems, Picture) VALUES (130, 110, 7, 19, 'Marino Center', FALSE, 'Film Night: Mountain Movies', 'These one work. Have memory common such level or foreign recognize. Herself figure skin five long position receive.', 'Back Bay Station', 'Membership Committee', 'Training', 'warm layers, headlamp, map', 'film_night_mountain_movies.jpg');
INSERT INTO Event (ID, Author, PartySize, MaxSize, EventLoc, Randomized, Name, Description, MeetLoc, LeadOrg, EventType, RecItems, Picture) VALUES (131, 133, 19, 27, 'Pub', FALSE, 'Wilderness First Aid', 'Task edge lay least. Fine authority very. Even law drug than.', 'Curry Student Center', 'Membership Committee', 'Educational', 'sleeping bag, tent, camp stove', 'wilderness_first_aid.jpg');
INSERT INTO Event (ID, Author, PartySize, MaxSize, EventLoc, Randomized, Name, Description, MeetLoc, LeadOrg, EventType, RecItems, Picture) VALUES (132, 144, 30, 46, 'Gear Room', TRUE, 'Budget Planning Meeting', 'Color describe own water worry. Every street body all study camera.', 'Ruggles Station', 'Climbing Committee', 'Competition', 'warm layers, headlamp, map', 'budget_planning_meeting.jpg');
INSERT INTO Event (ID, Author, PartySize, MaxSize, EventLoc, Randomized, Name, Description, MeetLoc, LeadOrg, EventType, RecItems, Picture) VALUES (133, 157, 23, 40, 'White Mountains NH', FALSE, 'Film Night: Mountain Movies', 'Example radio total many. Be score blood however with.
Human writer relationship hour wall. Including trip staff through scientist site.', 'Back Bay Station', 'Membership Committee', 'Training', 'notebook, pen, enthusiasm', 'film_night_mountain_movies.jpg');
INSERT INTO Event (ID, Author, PartySize, MaxSize, EventLoc, Randomized, Name, Description, MeetLoc, LeadOrg, EventType, RecItems, Picture) VALUES (134, 192, 29, 39, 'Campus', FALSE, 'Gear Sale Event', 'Finish play past until painting season program chance. City morning conference indeed education economic say write.', 'Curry Student Center', 'Safety Committee', 'Outdoor', 'climbing shoes, harness, helmet', 'gear_sale_event.jpg');
INSERT INTO Event (ID, Author, PartySize, MaxSize, EventLoc, Randomized, Name, Description, MeetLoc, LeadOrg, EventType, RecItems, Picture) VALUES (135, 130, 23, 39, 'Centennial', FALSE, 'Trip Planning Session', 'Sit movement add just fish. Son president me form. Home benefit main strategy himself media Congress.', 'Marino Center', 'Membership Committee', 'Training', 'first aid kit, whistle, compass', 'trip_planning_session.jpg');
INSERT INTO Event (ID, Author, PartySize, MaxSize, EventLoc, Randomized, Name, Description, MeetLoc, LeadOrg, EventType, RecItems, Picture) VALUES (136, 142, 27, 43, 'Campus', FALSE, 'Ice Climbing Introduction', 'Trouble each listen attack into way eight. Development direction deal.', 'Ruggles Station', 'Hiking Committee', 'Educational', 'first aid kit, whistle, compass', 'ice_climbing_introduction.jpg');
INSERT INTO Event (ID, Author, PartySize, MaxSize, EventLoc, Randomized, Name, Description, MeetLoc, LeadOrg, EventType, RecItems, Picture) VALUES (137, 151, 12, 21, 'Marino Center', FALSE, 'Avalanche Safety Course', 'Mrs cell late maybe. These cold choose foreign.', 'Campus Quad', 'Social Committee', 'Training', 'sleeping bag, tent, camp stove', 'avalanche_safety_course.jpg');
INSERT INTO Event (ID, Author, PartySize, MaxSize, EventLoc, Randomized, Name, Description, MeetLoc, LeadOrg, EventType, RecItems, Picture) VALUES (138, 105, 27, 41, 'Pub', FALSE, 'Gear Maintenance Session', 'Tend such involve task pick. My federal capital agree bill. Option center baby both bad.', 'Campus Quad', 'Climbing Committee', 'Meeting', 'hiking boots, water, snacks', 'gear_maintenance_session.jpg');
INSERT INTO Event (ID, Author, PartySize, MaxSize, EventLoc, Randomized, Name, Description, MeetLoc, LeadOrg, EventType, RecItems, Picture) VALUES (139, 152, 19, 26, 'Pub', FALSE, 'Trail Maintenance Day', 'Natural wish view operation many rule. Hope successful nation effect top natural. He doctor language prepare manage poor.', 'Ruggles Station', 'Climbing Committee', 'Training', 'warm layers, headlamp, map', 'trail_maintenance_day.jpg');
INSERT INTO Event (ID, Author, PartySize, MaxSize, EventLoc, Randomized, Name, Description, MeetLoc, LeadOrg, EventType, RecItems, Picture) VALUES (140, 186, 11, 16, 'Local Crag', FALSE, 'Beginner Rock Climbing', 'Best lose nature door across. Else control current research machine left prove.', 'Back Bay Station', 'Social Committee', 'Competition', 'hiking boots, water, snacks', 'beginner_rock_climbing.jpg');
INSERT INTO Event (ID, Author, PartySize, MaxSize, EventLoc, Randomized, Name, Description, MeetLoc, LeadOrg, EventType, RecItems, Picture) VALUES (141, 108, 16, 25, 'Loj', TRUE, 'Leave No Trace Training', 'Yet least up my the account. Want certainly require. Particularly serve treat involve.', 'Curry Student Center', 'Climbing Committee', 'Social', 'sleeping bag, tent, camp stove', 'leave_no_trace_training.jpg');
INSERT INTO Event (ID, Author, PartySize, MaxSize, EventLoc, Randomized, Name, Description, MeetLoc, LeadOrg, EventType, RecItems, Picture) VALUES (142, 145, 28, 37, 'Campus', FALSE, 'Wilderness First Aid', 'Improve simple computer building hundred program politics. Voice trouble seat fish record experience.', 'Marino Center', 'Membership Committee', 'Competition', 'sleeping bag, tent, camp stove', 'wilderness_first_aid.jpg');
INSERT INTO Event (ID, Author, PartySize, MaxSize, EventLoc, Randomized, Name, Description, MeetLoc, LeadOrg, EventType, RecItems, Picture) VALUES (143, 177, 30, 50, 'Centennial', FALSE, 'Trail Maintenance Day', 'Feeling her career establish big meet. Part everything often effort I at worry. Stay economic might test visit television eye beautiful.', 'Back Bay Station', 'Hiking Committee', 'Social', 'hiking boots, water, snacks', 'trail_maintenance_day.jpg');
INSERT INTO Event (ID, Author, PartySize, MaxSize, EventLoc, Randomized, Name, Description, MeetLoc, LeadOrg, EventType, RecItems, Picture) VALUES (144, 176, 22, 28, 'Centennial', FALSE, 'Weekend Backpacking', 'Kid may morning current medical south population. Loss require history including. Consider crime science under able thousand.', 'Campus Quad', 'Climbing Committee', 'Training', 'first aid kit, whistle, compass', 'weekend_backpacking.jpg');
INSERT INTO Event (ID, Author, PartySize, MaxSize, EventLoc, Randomized, Name, Description, MeetLoc, LeadOrg, EventType, RecItems, Picture) VALUES (145, 157, 27, 32, 'White Mountains NH', FALSE, 'White Mountain Day Hike', 'Evidence keep sit anything continue. Conference administration win. May land determine number. After too major happy final without.', 'Marino Center', 'Safety Committee', 'Competition', 'sleeping bag, tent, camp stove', 'white_mountain_day_hike.jpg');
INSERT INTO Event (ID, Author, PartySize, MaxSize, EventLoc, Randomized, Name, Description, MeetLoc, LeadOrg, EventType, RecItems, Picture) VALUES (146, 155, 13, 31, 'Marino Center', FALSE, 'White Mountain Day Hike', 'Read south box fund his cover. Consider discussion degree medical science trial.', 'Back Bay Station', 'Membership Committee', 'Meeting', 'first aid kit, whistle, compass', 'white_mountain_day_hike.jpg');
INSERT INTO Event (ID, Author, PartySize, MaxSize, EventLoc, Randomized, Name, Description, MeetLoc, LeadOrg, EventType, RecItems, Picture) VALUES (147, 130, 10, 25, 'Marino Center', TRUE, 'Budget Planning Meeting', 'Fish analysis hot staff. Very keep happy social.
Have house throw debate up. Enter lay star poor.', 'Campus Quad', 'Safety Committee', 'Outdoor', 'hiking boots, water, snacks', 'budget_planning_meeting.jpg');
INSERT INTO Event (ID, Author, PartySize, MaxSize, EventLoc, Randomized, Name, Description, MeetLoc, LeadOrg, EventType, RecItems, Picture) VALUES (148, 191, 10, 27, 'Pub', FALSE, 'Winter Camping Prep', 'None available above tell support day plan. Represent friend rich best. Set say suddenly growth seat should. Contain new center often artist.', 'Curry Student Center', 'Climbing Committee', 'Educational', 'first aid kit, whistle, compass', 'winter_camping_prep.jpg');
INSERT INTO Event (ID, Author, PartySize, MaxSize, EventLoc, Randomized, Name, Description, MeetLoc, LeadOrg, EventType, RecItems, Picture) VALUES (149, 120, 30, 46, 'Marino Center', FALSE, 'Camping Fundamentals', 'Expect program never culture affect leg. Performance success know this floor hold.
Anything pattern sort who administration.', 'Marino Center', 'Safety Committee', 'Outdoor', 'hiking boots, water, snacks', 'camping_fundamentals.jpg');

-- 📋 EVENT ROSTER
INSERT INTO EventRoster (ID, Event, Member, DateRegistered, Waitlisted) VALUES (100, 100, 120, '2025-08-05 17:23:53', FALSE);
INSERT INTO EventRoster (ID, Event, Member, DateRegistered, Waitlisted) VALUES (101, 100, 152, '2025-07-15 02:58:23', FALSE);
INSERT INTO EventRoster (ID, Event, Member, DateRegistered, Waitlisted) VALUES (102, 100, 131, '2025-07-14 01:04:34', FALSE);
INSERT INTO EventRoster (ID, Event, Member, DateRegistered, Waitlisted) VALUES (103, 100, 158, '2025-07-16 13:07:26', FALSE);
INSERT INTO EventRoster (ID, Event, Member, DateRegistered, Waitlisted) VALUES (104, 100, 198, '2025-07-22 04:44:49', FALSE);
INSERT INTO EventRoster (ID, Event, Member, DateRegistered, Waitlisted) VALUES (105, 100, 143, '2025-07-27 19:30:37', TRUE);
INSERT INTO EventRoster (ID, Event, Member, DateRegistered, Waitlisted) VALUES (106, 100, 113, '2025-07-16 08:48:17', FALSE);
INSERT INTO EventRoster (ID, Event, Member, DateRegistered, Waitlisted) VALUES (107, 100, 112, '2025-08-09 13:39:23', FALSE);
INSERT INTO EventRoster (ID, Event, Member, DateRegistered, Waitlisted) VALUES (108, 100, 172, '2025-07-30 06:59:41', TRUE);
INSERT INTO EventRoster (ID, Event, Member, DateRegistered, Waitlisted) VALUES (109, 100, 107, '2025-07-14 02:15:00', FALSE);
INSERT INTO EventRoster (ID, Event, Member, DateRegistered, Waitlisted) VALUES (110, 100, 187, '2025-07-22 14:10:58', FALSE);
INSERT INTO EventRoster (ID, Event, Member, DateRegistered, Waitlisted) VALUES (111, 100, 163, '2025-07-31 04:36:52', FALSE);
INSERT INTO EventRoster (ID, Event, Member, DateRegistered, Waitlisted) VALUES (112, 100, 181, '2025-07-29 09:21:08', FALSE);
INSERT INTO EventRoster (ID, Event, Member, DateRegistered, Waitlisted) VALUES (113, 100, 121, '2025-07-25 08:19:34', FALSE);
INSERT INTO EventRoster (ID, Event, Member, DateRegistered, Waitlisted) VALUES (114, 100, 139, '2025-07-22 21:33:45', FALSE);
INSERT INTO EventRoster (ID, Event, Member, DateRegistered, Waitlisted) VALUES (115, 100, 159, '2025-07-22 04:27:46', FALSE);
INSERT INTO EventRoster (ID, Event, Member, DateRegistered, Waitlisted) VALUES (116, 101, 191, '2025-08-02 09:10:05', TRUE);
INSERT INTO EventRoster (ID, Event, Member, DateRegistered, Waitlisted) VALUES (117, 101, 134, '2025-07-30 11:22:02', FALSE);
INSERT INTO EventRoster (ID, Event, Member, DateRegistered, Waitlisted) VALUES (118, 101, 170, '2025-08-07 17:23:34', FALSE);
INSERT INTO EventRoster (ID, Event, Member, DateRegistered, Waitlisted) VALUES (119, 101, 165, '2025-07-13 09:35:32', FALSE);
INSERT INTO EventRoster (ID, Event, Member, DateRegistered, Waitlisted) VALUES (120, 101, 129, '2025-07-24 17:44:25', FALSE);
INSERT INTO EventRoster (ID, Event, Member, DateRegistered, Waitlisted) VALUES (121, 101, 187, '2025-08-03 12:25:44', FALSE);
INSERT INTO EventRoster (ID, Event, Member, DateRegistered, Waitlisted) VALUES (122, 101, 157, '2025-07-17 10:45:43', FALSE);
INSERT INTO EventRoster (ID, Event, Member, DateRegistered, Waitlisted) VALUES (123, 101, 142, '2025-08-06 17:53:06', FALSE);
INSERT INTO EventRoster (ID, Event, Member, DateRegistered, Waitlisted) VALUES (124, 101, 118, '2025-08-01 15:45:12', FALSE);
INSERT INTO EventRoster (ID, Event, Member, DateRegistered, Waitlisted) VALUES (125, 101, 131, '2025-08-07 17:14:27', FALSE);
INSERT INTO EventRoster (ID, Event, Member, DateRegistered, Waitlisted) VALUES (126, 101, 158, '2025-07-18 09:39:51', FALSE);
INSERT INTO EventRoster (ID, Event, Member, DateRegistered, Waitlisted) VALUES (127, 101, 198, '2025-07-25 09:02:08', FALSE);
INSERT INTO EventRoster (ID, Event, Member, DateRegistered, Waitlisted) VALUES (128, 101, 154, '2025-07-24 02:01:29', FALSE);
INSERT INTO EventRoster (ID, Event, Member, DateRegistered, Waitlisted) VALUES (129, 101, 172, '2025-07-26 11:56:39', FALSE);
INSERT INTO EventRoster (ID, Event, Member, DateRegistered, Waitlisted) VALUES (130, 101, 151, '2025-08-03 10:20:39', FALSE);
INSERT INTO EventRoster (ID, Event, Member, DateRegistered, Waitlisted) VALUES (131, 101, 112, '2025-07-24 23:04:27', FALSE);
INSERT INTO EventRoster (ID, Event, Member, DateRegistered, Waitlisted) VALUES (132, 101, 167, '2025-07-25 06:13:35', FALSE);
INSERT INTO EventRoster (ID, Event, Member, DateRegistered, Waitlisted) VALUES (133, 101, 149, '2025-08-03 01:58:24', FALSE);
INSERT INTO EventRoster (ID, Event, Member, DateRegistered, Waitlisted) VALUES (134, 101, 189, '2025-07-13 08:50:13', FALSE);
INSERT INTO EventRoster (ID, Event, Member, DateRegistered, Waitlisted) VALUES (135, 101, 121, '2025-07-19 12:41:52', FALSE);
INSERT INTO EventRoster (ID, Event, Member, DateRegistered, Waitlisted) VALUES (136, 101, 111, '2025-07-28 16:45:44', FALSE);
INSERT INTO EventRoster (ID, Event, Member, DateRegistered, Waitlisted) VALUES (137, 101, 197, '2025-08-06 00:45:00', FALSE);
INSERT INTO EventRoster (ID, Event, Member, DateRegistered, Waitlisted) VALUES (138, 101, 136, '2025-07-19 06:21:23', FALSE);
INSERT INTO EventRoster (ID, Event, Member, DateRegistered, Waitlisted) VALUES (139, 101, 152, '2025-08-07 05:36:47', FALSE);
INSERT INTO EventRoster (ID, Event, Member, DateRegistered, Waitlisted) VALUES (140, 101, 102, '2025-07-14 14:45:45', FALSE);
INSERT INTO EventRoster (ID, Event, Member, DateRegistered, Waitlisted) VALUES (141, 101, 128, '2025-07-21 04:18:46', FALSE);
INSERT INTO EventRoster (ID, Event, Member, DateRegistered, Waitlisted) VALUES (142, 101, 140, '2025-07-27 22:39:38', FALSE);
INSERT INTO EventRoster (ID, Event, Member, DateRegistered, Waitlisted) VALUES (143, 101, 130, '2025-08-03 02:41:37', FALSE);
INSERT INTO EventRoster (ID, Event, Member, DateRegistered, Waitlisted) VALUES (144, 101, 195, '2025-07-15 11:13:13', TRUE);
INSERT INTO EventRoster (ID, Event, Member, DateRegistered, Waitlisted) VALUES (145, 101, 137, '2025-08-05 00:46:10', FALSE);
INSERT INTO EventRoster (ID, Event, Member, DateRegistered, Waitlisted) VALUES (146, 101, 124, '2025-07-24 01:17:46', FALSE);
INSERT INTO EventRoster (ID, Event, Member, DateRegistered, Waitlisted) VALUES (147, 101, 104, '2025-07-18 10:01:20', FALSE);
INSERT INTO EventRoster (ID, Event, Member, DateRegistered, Waitlisted) VALUES (148, 101, 138, '2025-07-15 22:03:01', FALSE);
INSERT INTO EventRoster (ID, Event, Member, DateRegistered, Waitlisted) VALUES (149, 102, 199, '2025-07-12 06:49:52', FALSE);
INSERT INTO EventRoster (ID, Event, Member, DateRegistered, Waitlisted) VALUES (150, 102, 158, '2025-07-31 04:20:34', TRUE);
INSERT INTO EventRoster (ID, Event, Member, DateRegistered, Waitlisted) VALUES (151, 102, 190, '2025-07-18 04:09:15', FALSE);
INSERT INTO EventRoster (ID, Event, Member, DateRegistered, Waitlisted) VALUES (152, 102, 100, '2025-07-21 15:59:35', TRUE);
INSERT INTO EventRoster (ID, Event, Member, DateRegistered, Waitlisted) VALUES (153, 102, 152, '2025-07-23 00:33:57', FALSE);
INSERT INTO EventRoster (ID, Event, Member, DateRegistered, Waitlisted) VALUES (154, 102, 196, '2025-07-20 16:38:32', FALSE);
INSERT INTO EventRoster (ID, Event, Member, DateRegistered, Waitlisted) VALUES (155, 102, 110, '2025-08-07 10:27:07', FALSE);
INSERT INTO EventRoster (ID, Event, Member, DateRegistered, Waitlisted) VALUES (156, 102, 175, '2025-07-27 13:29:40', FALSE);
INSERT INTO EventRoster (ID, Event, Member, DateRegistered, Waitlisted) VALUES (157, 102, 173, '2025-08-09 16:56:32', FALSE);
INSERT INTO EventRoster (ID, Event, Member, DateRegistered, Waitlisted) VALUES (158, 102, 138, '2025-07-20 05:45:52', TRUE);
INSERT INTO EventRoster (ID, Event, Member, DateRegistered, Waitlisted) VALUES (159, 102, 159, '2025-07-23 04:30:44', FALSE);
INSERT INTO EventRoster (ID, Event, Member, DateRegistered, Waitlisted) VALUES (160, 102, 168, '2025-08-03 08:45:21', FALSE);
INSERT INTO EventRoster (ID, Event, Member, DateRegistered, Waitlisted) VALUES (161, 102, 146, '2025-07-14 08:07:59', TRUE);
INSERT INTO EventRoster (ID, Event, Member, DateRegistered, Waitlisted) VALUES (162, 102, 182, '2025-08-02 19:13:24', FALSE);
INSERT INTO EventRoster (ID, Event, Member, DateRegistered, Waitlisted) VALUES (163, 102, 185, '2025-07-18 01:54:27', FALSE);
INSERT INTO EventRoster (ID, Event, Member, DateRegistered, Waitlisted) VALUES (164, 102, 147, '2025-07-29 19:09:17', FALSE);
INSERT INTO EventRoster (ID, Event, Member, DateRegistered, Waitlisted) VALUES (165, 102, 151, '2025-08-09 11:29:28', FALSE);
INSERT INTO EventRoster (ID, Event, Member, DateRegistered, Waitlisted) VALUES (166, 102, 174, '2025-07-24 01:20:33', FALSE);
INSERT INTO EventRoster (ID, Event, Member, DateRegistered, Waitlisted) VALUES (167, 102, 160, '2025-07-13 07:10:45', FALSE);
INSERT INTO EventRoster (ID, Event, Member, DateRegistered, Waitlisted) VALUES (168, 102, 126, '2025-07-15 09:19:27', FALSE);
INSERT INTO EventRoster (ID, Event, Member, DateRegistered, Waitlisted) VALUES (169, 102, 140, '2025-07-25 14:20:38', FALSE);
INSERT INTO EventRoster (ID, Event, Member, DateRegistered, Waitlisted) VALUES (170, 103, 185, '2025-07-17 20:51:33', FALSE);
INSERT INTO EventRoster (ID, Event, Member, DateRegistered, Waitlisted) VALUES (171, 103, 163, '2025-08-03 20:52:32', FALSE);
INSERT INTO EventRoster (ID, Event, Member, DateRegistered, Waitlisted) VALUES (172, 103, 110, '2025-08-06 22:42:34', FALSE);
INSERT INTO EventRoster (ID, Event, Member, DateRegistered, Waitlisted) VALUES (173, 103, 197, '2025-07-15 15:39:24', FALSE);
INSERT INTO EventRoster (ID, Event, Member, DateRegistered, Waitlisted) VALUES (174, 103, 148, '2025-07-31 13:19:19', TRUE);
INSERT INTO EventRoster (ID, Event, Member, DateRegistered, Waitlisted) VALUES (175, 103, 169, '2025-07-16 21:17:47', FALSE);
INSERT INTO EventRoster (ID, Event, Member, DateRegistered, Waitlisted) VALUES (176, 103, 137, '2025-08-04 17:47:55', FALSE);
INSERT INTO EventRoster (ID, Event, Member, DateRegistered, Waitlisted) VALUES (177, 103, 146, '2025-07-24 04:49:54', FALSE);
INSERT INTO EventRoster (ID, Event, Member, DateRegistered, Waitlisted) VALUES (178, 103, 199, '2025-07-21 10:16:24', FALSE);
INSERT INTO EventRoster (ID, Event, Member, DateRegistered, Waitlisted) VALUES (179, 103, 149, '2025-08-03 04:38:36', FALSE);
INSERT INTO EventRoster (ID, Event, Member, DateRegistered, Waitlisted) VALUES (180, 103, 154, '2025-07-11 21:44:49', FALSE);
INSERT INTO EventRoster (ID, Event, Member, DateRegistered, Waitlisted) VALUES (181, 103, 128, '2025-08-03 21:34:50', FALSE);
INSERT INTO EventRoster (ID, Event, Member, DateRegistered, Waitlisted) VALUES (182, 103, 167, '2025-08-04 23:22:36', FALSE);
INSERT INTO EventRoster (ID, Event, Member, DateRegistered, Waitlisted) VALUES (183, 103, 150, '2025-08-08 01:35:23', FALSE);
INSERT INTO EventRoster (ID, Event, Member, DateRegistered, Waitlisted) VALUES (184, 103, 120, '2025-08-07 00:01:41', FALSE);
INSERT INTO EventRoster (ID, Event, Member, DateRegistered, Waitlisted) VALUES (185, 104, 196, '2025-07-16 09:53:55', FALSE);
INSERT INTO EventRoster (ID, Event, Member, DateRegistered, Waitlisted) VALUES (186, 104, 155, '2025-08-06 16:27:30', TRUE);
INSERT INTO EventRoster (ID, Event, Member, DateRegistered, Waitlisted) VALUES (187, 104, 199, '2025-07-22 02:20:47', FALSE);
INSERT INTO EventRoster (ID, Event, Member, DateRegistered, Waitlisted) VALUES (188, 104, 159, '2025-08-06 20:21:25', FALSE);
INSERT INTO EventRoster (ID, Event, Member, DateRegistered, Waitlisted) VALUES (189, 104, 103, '2025-07-11 16:18:17', FALSE);
INSERT INTO EventRoster (ID, Event, Member, DateRegistered, Waitlisted) VALUES (190, 104, 167, '2025-07-27 00:14:53', FALSE);
INSERT INTO EventRoster (ID, Event, Member, DateRegistered, Waitlisted) VALUES (191, 104, 130, '2025-07-15 02:49:11', FALSE);
INSERT INTO EventRoster (ID, Event, Member, DateRegistered, Waitlisted) VALUES (192, 104, 123, '2025-08-09 05:00:23', FALSE);
INSERT INTO EventRoster (ID, Event, Member, DateRegistered, Waitlisted) VALUES (193, 104, 112, '2025-07-12 10:41:09', FALSE);
INSERT INTO EventRoster (ID, Event, Member, DateRegistered, Waitlisted) VALUES (194, 104, 105, '2025-07-21 15:46:08', FALSE);
INSERT INTO EventRoster (ID, Event, Member, DateRegistered, Waitlisted) VALUES (195, 104, 143, '2025-07-19 23:27:45', FALSE);
INSERT INTO EventRoster (ID, Event, Member, DateRegistered, Waitlisted) VALUES (196, 104, 177, '2025-07-20 11:42:21', FALSE);
INSERT INTO EventRoster (ID, Event, Member, DateRegistered, Waitlisted) VALUES (197, 104, 140, '2025-07-25 13:50:52', FALSE);
INSERT INTO EventRoster (ID, Event, Member, DateRegistered, Waitlisted) VALUES (198, 104, 131, '2025-08-06 10:04:00', FALSE);
INSERT INTO EventRoster (ID, Event, Member, DateRegistered, Waitlisted) VALUES (199, 104, 190, '2025-07-21 20:05:17', FALSE);
INSERT INTO EventRoster (ID, Event, Member, DateRegistered, Waitlisted) VALUES (200, 104, 198, '2025-07-23 21:23:57', FALSE);
INSERT INTO EventRoster (ID, Event, Member, DateRegistered, Waitlisted) VALUES (201, 104, 189, '2025-07-20 08:17:12', FALSE);
INSERT INTO EventRoster (ID, Event, Member, DateRegistered, Waitlisted) VALUES (202, 104, 109, '2025-07-31 20:32:28', FALSE);
INSERT INTO EventRoster (ID, Event, Member, DateRegistered, Waitlisted) VALUES (203, 104, 126, '2025-08-09 01:44:18', TRUE);
INSERT INTO EventRoster (ID, Event, Member, DateRegistered, Waitlisted) VALUES (204, 104, 197, '2025-08-09 23:02:15', FALSE);
INSERT INTO EventRoster (ID, Event, Member, DateRegistered, Waitlisted) VALUES (205, 104, 184, '2025-08-05 22:10:28', FALSE);
INSERT INTO EventRoster (ID, Event, Member, DateRegistered, Waitlisted) VALUES (206, 104, 170, '2025-07-25 12:05:18', FALSE);
INSERT INTO EventRoster (ID, Event, Member, DateRegistered, Waitlisted) VALUES (207, 104, 116, '2025-08-04 06:20:36', FALSE);
INSERT INTO EventRoster (ID, Event, Member, DateRegistered, Waitlisted) VALUES (208, 104, 173, '2025-07-31 22:07:11', FALSE);
INSERT INTO EventRoster (ID, Event, Member, DateRegistered, Waitlisted) VALUES (209, 104, 134, '2025-08-02 19:57:47', FALSE);
INSERT INTO EventRoster (ID, Event, Member, DateRegistered, Waitlisted) VALUES (210, 104, 127, '2025-07-25 05:20:22', FALSE);
INSERT INTO EventRoster (ID, Event, Member, DateRegistered, Waitlisted) VALUES (211, 105, 135, '2025-08-03 00:31:11', FALSE);
INSERT INTO EventRoster (ID, Event, Member, DateRegistered, Waitlisted) VALUES (212, 105, 113, '2025-07-23 22:45:39', FALSE);
INSERT INTO EventRoster (ID, Event, Member, DateRegistered, Waitlisted) VALUES (213, 105, 132, '2025-07-17 12:41:49', FALSE);
INSERT INTO EventRoster (ID, Event, Member, DateRegistered, Waitlisted) VALUES (214, 105, 150, '2025-08-06 01:02:11', FALSE);
INSERT INTO EventRoster (ID, Event, Member, DateRegistered, Waitlisted) VALUES (215, 105, 129, '2025-07-19 23:40:37', FALSE);
INSERT INTO EventRoster (ID, Event, Member, DateRegistered, Waitlisted) VALUES (216, 105, 120, '2025-07-27 03:06:12', FALSE);
INSERT INTO EventRoster (ID, Event, Member, DateRegistered, Waitlisted) VALUES (217, 105, 165, '2025-07-28 06:27:17', FALSE);
INSERT INTO EventRoster (ID, Event, Member, DateRegistered, Waitlisted) VALUES (218, 105, 110, '2025-07-31 16:08:43', FALSE);
INSERT INTO EventRoster (ID, Event, Member, DateRegistered, Waitlisted) VALUES (219, 105, 188, '2025-08-06 08:58:47', FALSE);
INSERT INTO EventRoster (ID, Event, Member, DateRegistered, Waitlisted) VALUES (220, 105, 180, '2025-07-19 03:11:06', TRUE);
INSERT INTO EventRoster (ID, Event, Member, DateRegistered, Waitlisted) VALUES (221, 105, 155, '2025-07-16 18:35:48', FALSE);
INSERT INTO EventRoster (ID, Event, Member, DateRegistered, Waitlisted) VALUES (222, 105, 124, '2025-07-20 00:20:44', TRUE);
INSERT INTO EventRoster (ID, Event, Member, DateRegistered, Waitlisted) VALUES (223, 105, 144, '2025-07-21 13:22:42', FALSE);
INSERT INTO EventRoster (ID, Event, Member, DateRegistered, Waitlisted) VALUES (224, 105, 122, '2025-08-04 16:17:17', FALSE);
INSERT INTO EventRoster (ID, Event, Member, DateRegistered, Waitlisted) VALUES (225, 106, 194, '2025-07-19 20:32:02', FALSE);
INSERT INTO EventRoster (ID, Event, Member, DateRegistered, Waitlisted) VALUES (226, 106, 129, '2025-08-08 15:52:11', FALSE);
INSERT INTO EventRoster (ID, Event, Member, DateRegistered, Waitlisted) VALUES (227, 106, 151, '2025-08-06 17:15:25', FALSE);
INSERT INTO EventRoster (ID, Event, Member, DateRegistered, Waitlisted) VALUES (228, 106, 159, '2025-07-30 21:01:24', FALSE);
INSERT INTO EventRoster (ID, Event, Member, DateRegistered, Waitlisted) VALUES (229, 106, 184, '2025-07-21 07:02:57', FALSE);
INSERT INTO EventRoster (ID, Event, Member, DateRegistered, Waitlisted) VALUES (230, 106, 195, '2025-07-28 08:09:42', FALSE);
INSERT INTO EventRoster (ID, Event, Member, DateRegistered, Waitlisted) VALUES (231, 106, 116, '2025-07-16 11:10:54', FALSE);
INSERT INTO EventRoster (ID, Event, Member, DateRegistered, Waitlisted) VALUES (232, 106, 146, '2025-08-03 19:49:26', FALSE);
INSERT INTO EventRoster (ID, Event, Member, DateRegistered, Waitlisted) VALUES (233, 106, 163, '2025-07-22 14:27:17', FALSE);
INSERT INTO EventRoster (ID, Event, Member, DateRegistered, Waitlisted) VALUES (234, 106, 150, '2025-07-29 07:04:10', FALSE);
INSERT INTO EventRoster (ID, Event, Member, DateRegistered, Waitlisted) VALUES (235, 106, 166, '2025-07-20 22:41:15', TRUE);
INSERT INTO EventRoster (ID, Event, Member, DateRegistered, Waitlisted) VALUES (236, 106, 105, '2025-07-13 19:19:24', FALSE);
INSERT INTO EventRoster (ID, Event, Member, DateRegistered, Waitlisted) VALUES (237, 106, 118, '2025-08-02 22:31:29', FALSE);
INSERT INTO EventRoster (ID, Event, Member, DateRegistered, Waitlisted) VALUES (238, 106, 182, '2025-07-18 14:14:39', FALSE);
INSERT INTO EventRoster (ID, Event, Member, DateRegistered, Waitlisted) VALUES (239, 106, 149, '2025-08-06 05:37:14', FALSE);
INSERT INTO EventRoster (ID, Event, Member, DateRegistered, Waitlisted) VALUES (240, 106, 121, '2025-07-21 02:29:36', FALSE);
INSERT INTO EventRoster (ID, Event, Member, DateRegistered, Waitlisted) VALUES (241, 106, 109, '2025-07-16 09:29:14', FALSE);
INSERT INTO EventRoster (ID, Event, Member, DateRegistered, Waitlisted) VALUES (242, 106, 160, '2025-07-14 17:29:36', FALSE);
INSERT INTO EventRoster (ID, Event, Member, DateRegistered, Waitlisted) VALUES (243, 106, 197, '2025-07-19 14:16:25', TRUE);
INSERT INTO EventRoster (ID, Event, Member, DateRegistered, Waitlisted) VALUES (244, 106, 101, '2025-07-17 08:18:54', FALSE);
INSERT INTO EventRoster (ID, Event, Member, DateRegistered, Waitlisted) VALUES (245, 106, 193, '2025-07-13 14:35:28', FALSE);
INSERT INTO EventRoster (ID, Event, Member, DateRegistered, Waitlisted) VALUES (246, 106, 144, '2025-07-30 09:32:05', FALSE);
INSERT INTO EventRoster (ID, Event, Member, DateRegistered, Waitlisted) VALUES (247, 106, 139, '2025-07-14 05:39:07', FALSE);
INSERT INTO EventRoster (ID, Event, Member, DateRegistered, Waitlisted) VALUES (248, 106, 161, '2025-07-17 19:17:16', FALSE);
INSERT INTO EventRoster (ID, Event, Member, DateRegistered, Waitlisted) VALUES (249, 106, 198, '2025-08-01 11:24:16', FALSE);
INSERT INTO EventRoster (ID, Event, Member, DateRegistered, Waitlisted) VALUES (250, 106, 131, '2025-07-22 03:56:37', FALSE);
INSERT INTO EventRoster (ID, Event, Member, DateRegistered, Waitlisted) VALUES (251, 106, 172, '2025-07-13 03:40:49', FALSE);
INSERT INTO EventRoster (ID, Event, Member, DateRegistered, Waitlisted) VALUES (252, 106, 191, '2025-07-12 03:10:13', FALSE);
INSERT INTO EventRoster (ID, Event, Member, DateRegistered, Waitlisted) VALUES (253, 106, 186, '2025-08-08 02:30:48', TRUE);
INSERT INTO EventRoster (ID, Event, Member, DateRegistered, Waitlisted) VALUES (254, 106, 136, '2025-07-22 21:13:33', TRUE);
INSERT INTO EventRoster (ID, Event, Member, DateRegistered, Waitlisted) VALUES (255, 106, 171, '2025-07-18 19:48:31', FALSE);
INSERT INTO EventRoster (ID, Event, Member, DateRegistered, Waitlisted) VALUES (256, 106, 141, '2025-07-27 06:21:44', FALSE);
INSERT INTO EventRoster (ID, Event, Member, DateRegistered, Waitlisted) VALUES (257, 106, 175, '2025-07-28 08:12:19', FALSE);
INSERT INTO EventRoster (ID, Event, Member, DateRegistered, Waitlisted) VALUES (258, 106, 152, '2025-07-15 09:01:42', FALSE);
INSERT INTO EventRoster (ID, Event, Member, DateRegistered, Waitlisted) VALUES (259, 106, 169, '2025-07-30 04:01:22', FALSE);
INSERT INTO EventRoster (ID, Event, Member, DateRegistered, Waitlisted) VALUES (260, 107, 166, '2025-07-14 15:39:46', FALSE);
INSERT INTO EventRoster (ID, Event, Member, DateRegistered, Waitlisted) VALUES (261, 107, 171, '2025-07-14 06:11:21', TRUE);
INSERT INTO EventRoster (ID, Event, Member, DateRegistered, Waitlisted) VALUES (262, 107, 152, '2025-08-04 02:33:44', FALSE);
INSERT INTO EventRoster (ID, Event, Member, DateRegistered, Waitlisted) VALUES (263, 107, 169, '2025-08-07 00:18:49', FALSE);
INSERT INTO EventRoster (ID, Event, Member, DateRegistered, Waitlisted) VALUES (264, 107, 159, '2025-07-31 00:39:14', TRUE);
INSERT INTO EventRoster (ID, Event, Member, DateRegistered, Waitlisted) VALUES (265, 107, 137, '2025-07-15 07:36:44', FALSE);
INSERT INTO EventRoster (ID, Event, Member, DateRegistered, Waitlisted) VALUES (266, 107, 125, '2025-07-23 06:54:45', TRUE);
INSERT INTO EventRoster (ID, Event, Member, DateRegistered, Waitlisted) VALUES (267, 107, 102, '2025-08-06 02:28:11', FALSE);
INSERT INTO EventRoster (ID, Event, Member, DateRegistered, Waitlisted) VALUES (268, 107, 175, '2025-07-18 16:46:09', TRUE);
INSERT INTO EventRoster (ID, Event, Member, DateRegistered, Waitlisted) VALUES (269, 107, 163, '2025-07-17 09:47:45', FALSE);
INSERT INTO EventRoster (ID, Event, Member, DateRegistered, Waitlisted) VALUES (270, 107, 124, '2025-07-17 13:06:20', FALSE);
INSERT INTO EventRoster (ID, Event, Member, DateRegistered, Waitlisted) VALUES (271, 107, 103, '2025-08-05 19:16:46', FALSE);
INSERT INTO EventRoster (ID, Event, Member, DateRegistered, Waitlisted) VALUES (272, 107, 100, '2025-07-29 09:35:14', FALSE);
INSERT INTO EventRoster (ID, Event, Member, DateRegistered, Waitlisted) VALUES (273, 107, 168, '2025-07-29 22:01:49', FALSE);
INSERT INTO EventRoster (ID, Event, Member, DateRegistered, Waitlisted) VALUES (274, 107, 181, '2025-07-17 03:51:05', FALSE);
INSERT INTO EventRoster (ID, Event, Member, DateRegistered, Waitlisted) VALUES (275, 107, 194, '2025-07-28 10:40:38', FALSE);
INSERT INTO EventRoster (ID, Event, Member, DateRegistered, Waitlisted) VALUES (276, 107, 161, '2025-07-16 04:12:17', FALSE);
INSERT INTO EventRoster (ID, Event, Member, DateRegistered, Waitlisted) VALUES (277, 107, 160, '2025-08-09 03:50:26', FALSE);
INSERT INTO EventRoster (ID, Event, Member, DateRegistered, Waitlisted) VALUES (278, 107, 143, '2025-08-02 00:30:07', FALSE);
INSERT INTO EventRoster (ID, Event, Member, DateRegistered, Waitlisted) VALUES (279, 107, 151, '2025-08-01 08:41:33', FALSE);
INSERT INTO EventRoster (ID, Event, Member, DateRegistered, Waitlisted) VALUES (280, 107, 122, '2025-07-25 03:20:55', FALSE);
INSERT INTO EventRoster (ID, Event, Member, DateRegistered, Waitlisted) VALUES (281, 107, 130, '2025-07-21 13:42:39', FALSE);
INSERT INTO EventRoster (ID, Event, Member, DateRegistered, Waitlisted) VALUES (282, 107, 123, '2025-08-03 21:25:42', FALSE);
INSERT INTO EventRoster (ID, Event, Member, DateRegistered, Waitlisted) VALUES (283, 107, 112, '2025-07-30 02:30:41', FALSE);
INSERT INTO EventRoster (ID, Event, Member, DateRegistered, Waitlisted) VALUES (284, 108, 120, '2025-08-01 07:24:10', FALSE);
INSERT INTO EventRoster (ID, Event, Member, DateRegistered, Waitlisted) VALUES (285, 108, 160, '2025-08-01 17:51:08', TRUE);
INSERT INTO EventRoster (ID, Event, Member, DateRegistered, Waitlisted) VALUES (286, 108, 170, '2025-08-04 04:04:47', FALSE);
INSERT INTO EventRoster (ID, Event, Member, DateRegistered, Waitlisted) VALUES (287, 108, 156, '2025-07-13 19:40:36', FALSE);
INSERT INTO EventRoster (ID, Event, Member, DateRegistered, Waitlisted) VALUES (288, 108, 149, '2025-08-04 03:39:05', TRUE);
INSERT INTO EventRoster (ID, Event, Member, DateRegistered, Waitlisted) VALUES (289, 108, 163, '2025-07-30 15:22:58', FALSE);
INSERT INTO EventRoster (ID, Event, Member, DateRegistered, Waitlisted) VALUES (290, 108, 167, '2025-07-27 21:25:18', FALSE);
INSERT INTO EventRoster (ID, Event, Member, DateRegistered, Waitlisted) VALUES (291, 108, 102, '2025-08-02 19:32:25', FALSE);
INSERT INTO EventRoster (ID, Event, Member, DateRegistered, Waitlisted) VALUES (292, 108, 113, '2025-07-26 13:32:51', FALSE);
INSERT INTO EventRoster (ID, Event, Member, DateRegistered, Waitlisted) VALUES (293, 108, 162, '2025-07-12 21:29:50', FALSE);
INSERT INTO EventRoster (ID, Event, Member, DateRegistered, Waitlisted) VALUES (294, 108, 128, '2025-08-01 02:13:35', TRUE);
INSERT INTO EventRoster (ID, Event, Member, DateRegistered, Waitlisted) VALUES (295, 108, 195, '2025-07-11 23:47:40', FALSE);
INSERT INTO EventRoster (ID, Event, Member, DateRegistered, Waitlisted) VALUES (296, 108, 193, '2025-07-12 23:02:23', FALSE);
INSERT INTO EventRoster (ID, Event, Member, DateRegistered, Waitlisted) VALUES (297, 108, 125, '2025-08-09 17:22:37', FALSE);
INSERT INTO EventRoster (ID, Event, Member, DateRegistered, Waitlisted) VALUES (298, 109, 178, '2025-08-03 08:27:15', FALSE);
INSERT INTO EventRoster (ID, Event, Member, DateRegistered, Waitlisted) VALUES (299, 109, 184, '2025-08-04 05:07:20', FALSE);
INSERT INTO EventRoster (ID, Event, Member, DateRegistered, Waitlisted) VALUES (300, 109, 147, '2025-07-21 15:09:27', FALSE);
INSERT INTO EventRoster (ID, Event, Member, DateRegistered, Waitlisted) VALUES (301, 109, 176, '2025-07-31 05:37:42', FALSE);
INSERT INTO EventRoster (ID, Event, Member, DateRegistered, Waitlisted) VALUES (302, 109, 137, '2025-08-07 12:20:56', FALSE);
INSERT INTO EventRoster (ID, Event, Member, DateRegistered, Waitlisted) VALUES (303, 109, 148, '2025-07-22 06:29:35', FALSE);
INSERT INTO EventRoster (ID, Event, Member, DateRegistered, Waitlisted) VALUES (304, 109, 153, '2025-08-05 05:14:26', FALSE);
INSERT INTO EventRoster (ID, Event, Member, DateRegistered, Waitlisted) VALUES (305, 109, 113, '2025-07-24 09:29:36', FALSE);
INSERT INTO EventRoster (ID, Event, Member, DateRegistered, Waitlisted) VALUES (306, 109, 172, '2025-08-01 14:24:15', FALSE);
INSERT INTO EventRoster (ID, Event, Member, DateRegistered, Waitlisted) VALUES (307, 109, 165, '2025-08-07 15:37:52', FALSE);
INSERT INTO EventRoster (ID, Event, Member, DateRegistered, Waitlisted) VALUES (308, 109, 133, '2025-08-01 13:53:14', FALSE);
INSERT INTO EventRoster (ID, Event, Member, DateRegistered, Waitlisted) VALUES (309, 109, 199, '2025-08-03 21:45:50', FALSE);
INSERT INTO EventRoster (ID, Event, Member, DateRegistered, Waitlisted) VALUES (310, 109, 152, '2025-08-02 01:53:10', FALSE);
INSERT INTO EventRoster (ID, Event, Member, DateRegistered, Waitlisted) VALUES (311, 109, 140, '2025-07-29 22:51:21', FALSE);
INSERT INTO EventRoster (ID, Event, Member, DateRegistered, Waitlisted) VALUES (312, 109, 128, '2025-08-10 08:37:48', TRUE);
INSERT INTO EventRoster (ID, Event, Member, DateRegistered, Waitlisted) VALUES (313, 109, 134, '2025-07-21 07:59:34', FALSE);
INSERT INTO EventRoster (ID, Event, Member, DateRegistered, Waitlisted) VALUES (314, 109, 177, '2025-07-15 05:35:33', FALSE);
INSERT INTO EventRoster (ID, Event, Member, DateRegistered, Waitlisted) VALUES (315, 109, 136, '2025-07-28 23:36:52', FALSE);
INSERT INTO EventRoster (ID, Event, Member, DateRegistered, Waitlisted) VALUES (316, 109, 175, '2025-07-29 10:33:59', FALSE);
INSERT INTO EventRoster (ID, Event, Member, DateRegistered, Waitlisted) VALUES (317, 109, 180, '2025-07-18 08:19:53', FALSE);
INSERT INTO EventRoster (ID, Event, Member, DateRegistered, Waitlisted) VALUES (318, 109, 173, '2025-07-16 05:10:15', FALSE);
INSERT INTO EventRoster (ID, Event, Member, DateRegistered, Waitlisted) VALUES (319, 110, 106, '2025-07-23 08:31:03', FALSE);
INSERT INTO EventRoster (ID, Event, Member, DateRegistered, Waitlisted) VALUES (320, 110, 142, '2025-07-18 02:42:13', FALSE);
INSERT INTO EventRoster (ID, Event, Member, DateRegistered, Waitlisted) VALUES (321, 110, 113, '2025-08-02 14:29:55', FALSE);
INSERT INTO EventRoster (ID, Event, Member, DateRegistered, Waitlisted) VALUES (322, 110, 190, '2025-07-14 15:30:51', FALSE);
INSERT INTO EventRoster (ID, Event, Member, DateRegistered, Waitlisted) VALUES (323, 110, 172, '2025-08-05 12:40:44', FALSE);
INSERT INTO EventRoster (ID, Event, Member, DateRegistered, Waitlisted) VALUES (324, 110, 191, '2025-07-28 09:16:35', FALSE);
INSERT INTO EventRoster (ID, Event, Member, DateRegistered, Waitlisted) VALUES (325, 110, 132, '2025-08-02 20:58:33', FALSE);
INSERT INTO EventRoster (ID, Event, Member, DateRegistered, Waitlisted) VALUES (326, 110, 182, '2025-08-08 22:26:24', FALSE);
INSERT INTO EventRoster (ID, Event, Member, DateRegistered, Waitlisted) VALUES (327, 110, 136, '2025-07-13 12:07:41', FALSE);
INSERT INTO EventRoster (ID, Event, Member, DateRegistered, Waitlisted) VALUES (328, 110, 115, '2025-07-15 20:33:25', FALSE);
INSERT INTO EventRoster (ID, Event, Member, DateRegistered, Waitlisted) VALUES (329, 110, 186, '2025-07-21 20:36:31', FALSE);
INSERT INTO EventRoster (ID, Event, Member, DateRegistered, Waitlisted) VALUES (330, 110, 162, '2025-07-12 09:16:06', FALSE);
INSERT INTO EventRoster (ID, Event, Member, DateRegistered, Waitlisted) VALUES (331, 110, 175, '2025-08-01 04:02:21', FALSE);
INSERT INTO EventRoster (ID, Event, Member, DateRegistered, Waitlisted) VALUES (332, 110, 105, '2025-07-30 16:17:39', FALSE);
INSERT INTO EventRoster (ID, Event, Member, DateRegistered, Waitlisted) VALUES (333, 110, 167, '2025-08-06 02:10:20', FALSE);
INSERT INTO EventRoster (ID, Event, Member, DateRegistered, Waitlisted) VALUES (334, 110, 168, '2025-08-04 06:26:37', FALSE);
INSERT INTO EventRoster (ID, Event, Member, DateRegistered, Waitlisted) VALUES (335, 110, 100, '2025-07-21 12:27:43', FALSE);
INSERT INTO EventRoster (ID, Event, Member, DateRegistered, Waitlisted) VALUES (336, 110, 144, '2025-07-27 23:12:19', FALSE);
INSERT INTO EventRoster (ID, Event, Member, DateRegistered, Waitlisted) VALUES (337, 110, 178, '2025-07-20 20:46:56', FALSE);
INSERT INTO EventRoster (ID, Event, Member, DateRegistered, Waitlisted) VALUES (338, 110, 149, '2025-08-10 05:41:31', FALSE);
INSERT INTO EventRoster (ID, Event, Member, DateRegistered, Waitlisted) VALUES (339, 110, 156, '2025-08-06 02:41:02', TRUE);
INSERT INTO EventRoster (ID, Event, Member, DateRegistered, Waitlisted) VALUES (340, 110, 109, '2025-07-27 03:36:45', FALSE);
INSERT INTO EventRoster (ID, Event, Member, DateRegistered, Waitlisted) VALUES (341, 110, 193, '2025-07-21 22:01:17', FALSE);
INSERT INTO EventRoster (ID, Event, Member, DateRegistered, Waitlisted) VALUES (342, 111, 117, '2025-08-05 20:51:01', FALSE);
INSERT INTO EventRoster (ID, Event, Member, DateRegistered, Waitlisted) VALUES (343, 111, 114, '2025-07-11 11:48:39', FALSE);
INSERT INTO EventRoster (ID, Event, Member, DateRegistered, Waitlisted) VALUES (344, 111, 162, '2025-07-21 20:21:31', TRUE);
INSERT INTO EventRoster (ID, Event, Member, DateRegistered, Waitlisted) VALUES (345, 111, 107, '2025-07-16 19:20:58', FALSE);
INSERT INTO EventRoster (ID, Event, Member, DateRegistered, Waitlisted) VALUES (346, 111, 122, '2025-07-17 19:07:04', FALSE);
INSERT INTO EventRoster (ID, Event, Member, DateRegistered, Waitlisted) VALUES (347, 111, 183, '2025-07-26 11:47:49', FALSE);
INSERT INTO EventRoster (ID, Event, Member, DateRegistered, Waitlisted) VALUES (348, 111, 109, '2025-07-11 16:30:59', FALSE);
INSERT INTO EventRoster (ID, Event, Member, DateRegistered, Waitlisted) VALUES (349, 111, 138, '2025-07-30 12:08:07', FALSE);
INSERT INTO EventRoster (ID, Event, Member, DateRegistered, Waitlisted) VALUES (350, 111, 147, '2025-08-08 06:11:39', FALSE);
INSERT INTO EventRoster (ID, Event, Member, DateRegistered, Waitlisted) VALUES (351, 111, 181, '2025-07-28 12:48:38', TRUE);
INSERT INTO EventRoster (ID, Event, Member, DateRegistered, Waitlisted) VALUES (352, 111, 103, '2025-07-28 16:05:32', FALSE);
INSERT INTO EventRoster (ID, Event, Member, DateRegistered, Waitlisted) VALUES (353, 111, 146, '2025-08-06 05:15:30', FALSE);
INSERT INTO EventRoster (ID, Event, Member, DateRegistered, Waitlisted) VALUES (354, 111, 175, '2025-08-02 18:59:54', FALSE);
INSERT INTO EventRoster (ID, Event, Member, DateRegistered, Waitlisted) VALUES (355, 111, 112, '2025-07-27 04:21:07', FALSE);
INSERT INTO EventRoster (ID, Event, Member, DateRegistered, Waitlisted) VALUES (356, 111, 194, '2025-07-27 23:43:52', TRUE);
INSERT INTO EventRoster (ID, Event, Member, DateRegistered, Waitlisted) VALUES (357, 111, 108, '2025-08-08 21:09:19', FALSE);
INSERT INTO EventRoster (ID, Event, Member, DateRegistered, Waitlisted) VALUES (358, 111, 151, '2025-08-03 23:42:57', FALSE);
INSERT INTO EventRoster (ID, Event, Member, DateRegistered, Waitlisted) VALUES (359, 111, 193, '2025-08-01 04:23:41', FALSE);
INSERT INTO EventRoster (ID, Event, Member, DateRegistered, Waitlisted) VALUES (360, 111, 190, '2025-07-24 14:58:43', FALSE);
INSERT INTO EventRoster (ID, Event, Member, DateRegistered, Waitlisted) VALUES (361, 111, 105, '2025-07-27 02:47:15', FALSE);
INSERT INTO EventRoster (ID, Event, Member, DateRegistered, Waitlisted) VALUES (362, 111, 187, '2025-07-11 20:42:57', FALSE);
INSERT INTO EventRoster (ID, Event, Member, DateRegistered, Waitlisted) VALUES (363, 111, 143, '2025-07-26 17:30:58', TRUE);
INSERT INTO EventRoster (ID, Event, Member, DateRegistered, Waitlisted) VALUES (364, 111, 104, '2025-07-29 19:36:23', FALSE);
INSERT INTO EventRoster (ID, Event, Member, DateRegistered, Waitlisted) VALUES (365, 111, 111, '2025-08-04 13:35:37', FALSE);
INSERT INTO EventRoster (ID, Event, Member, DateRegistered, Waitlisted) VALUES (366, 112, 111, '2025-08-08 23:33:33', FALSE);
INSERT INTO EventRoster (ID, Event, Member, DateRegistered, Waitlisted) VALUES (367, 112, 152, '2025-07-31 21:20:16', FALSE);
INSERT INTO EventRoster (ID, Event, Member, DateRegistered, Waitlisted) VALUES (368, 112, 137, '2025-07-19 02:15:27', FALSE);
INSERT INTO EventRoster (ID, Event, Member, DateRegistered, Waitlisted) VALUES (369, 112, 151, '2025-07-29 01:11:01', FALSE);
INSERT INTO EventRoster (ID, Event, Member, DateRegistered, Waitlisted) VALUES (370, 112, 169, '2025-07-11 16:37:44', FALSE);
INSERT INTO EventRoster (ID, Event, Member, DateRegistered, Waitlisted) VALUES (371, 112, 116, '2025-08-08 03:32:10', TRUE);
INSERT INTO EventRoster (ID, Event, Member, DateRegistered, Waitlisted) VALUES (372, 112, 128, '2025-08-06 09:08:59', TRUE);
INSERT INTO EventRoster (ID, Event, Member, DateRegistered, Waitlisted) VALUES (373, 112, 153, '2025-08-01 00:16:50', FALSE);
INSERT INTO EventRoster (ID, Event, Member, DateRegistered, Waitlisted) VALUES (374, 112, 146, '2025-07-29 01:05:02', FALSE);
INSERT INTO EventRoster (ID, Event, Member, DateRegistered, Waitlisted) VALUES (375, 112, 155, '2025-07-26 06:46:05', TRUE);
INSERT INTO EventRoster (ID, Event, Member, DateRegistered, Waitlisted) VALUES (376, 112, 143, '2025-08-01 21:36:57', FALSE);
INSERT INTO EventRoster (ID, Event, Member, DateRegistered, Waitlisted) VALUES (377, 112, 187, '2025-07-17 22:23:26', FALSE);
INSERT INTO EventRoster (ID, Event, Member, DateRegistered, Waitlisted) VALUES (378, 113, 169, '2025-08-04 19:08:31', FALSE);
INSERT INTO EventRoster (ID, Event, Member, DateRegistered, Waitlisted) VALUES (379, 113, 182, '2025-07-17 23:24:28', FALSE);
INSERT INTO EventRoster (ID, Event, Member, DateRegistered, Waitlisted) VALUES (380, 113, 175, '2025-07-15 05:43:57', FALSE);
INSERT INTO EventRoster (ID, Event, Member, DateRegistered, Waitlisted) VALUES (381, 113, 111, '2025-07-16 12:11:08', FALSE);
INSERT INTO EventRoster (ID, Event, Member, DateRegistered, Waitlisted) VALUES (382, 113, 141, '2025-07-13 00:50:08', FALSE);
INSERT INTO EventRoster (ID, Event, Member, DateRegistered, Waitlisted) VALUES (383, 113, 113, '2025-07-22 22:10:05', FALSE);
INSERT INTO EventRoster (ID, Event, Member, DateRegistered, Waitlisted) VALUES (384, 113, 110, '2025-07-14 03:11:25', FALSE);
INSERT INTO EventRoster (ID, Event, Member, DateRegistered, Waitlisted) VALUES (385, 113, 140, '2025-07-14 18:29:11', FALSE);
INSERT INTO EventRoster (ID, Event, Member, DateRegistered, Waitlisted) VALUES (386, 113, 183, '2025-07-14 22:13:34', FALSE);
INSERT INTO EventRoster (ID, Event, Member, DateRegistered, Waitlisted) VALUES (387, 113, 137, '2025-07-16 15:13:44', TRUE);
INSERT INTO EventRoster (ID, Event, Member, DateRegistered, Waitlisted) VALUES (388, 113, 173, '2025-08-08 11:41:26', FALSE);
INSERT INTO EventRoster (ID, Event, Member, DateRegistered, Waitlisted) VALUES (389, 113, 101, '2025-07-16 14:24:57', FALSE);
INSERT INTO EventRoster (ID, Event, Member, DateRegistered, Waitlisted) VALUES (390, 113, 197, '2025-07-25 22:20:55', FALSE);
INSERT INTO EventRoster (ID, Event, Member, DateRegistered, Waitlisted) VALUES (391, 113, 136, '2025-07-31 21:15:55', FALSE);
INSERT INTO EventRoster (ID, Event, Member, DateRegistered, Waitlisted) VALUES (392, 114, 197, '2025-07-30 04:22:02', FALSE);
INSERT INTO EventRoster (ID, Event, Member, DateRegistered, Waitlisted) VALUES (393, 114, 130, '2025-07-29 22:26:12', FALSE);
INSERT INTO EventRoster (ID, Event, Member, DateRegistered, Waitlisted) VALUES (394, 114, 132, '2025-07-24 11:43:15', FALSE);
INSERT INTO EventRoster (ID, Event, Member, DateRegistered, Waitlisted) VALUES (395, 114, 187, '2025-07-15 21:02:34', FALSE);
INSERT INTO EventRoster (ID, Event, Member, DateRegistered, Waitlisted) VALUES (396, 114, 160, '2025-07-24 08:42:49', FALSE);
INSERT INTO EventRoster (ID, Event, Member, DateRegistered, Waitlisted) VALUES (397, 114, 163, '2025-07-15 15:51:47', FALSE);
INSERT INTO EventRoster (ID, Event, Member, DateRegistered, Waitlisted) VALUES (398, 114, 139, '2025-07-14 05:44:00', FALSE);
INSERT INTO EventRoster (ID, Event, Member, DateRegistered, Waitlisted) VALUES (399, 114, 121, '2025-07-14 06:58:32', FALSE);
INSERT INTO EventRoster (ID, Event, Member, DateRegistered, Waitlisted) VALUES (400, 114, 113, '2025-07-17 05:12:47', FALSE);
INSERT INTO EventRoster (ID, Event, Member, DateRegistered, Waitlisted) VALUES (401, 114, 182, '2025-07-16 02:27:06', FALSE);
INSERT INTO EventRoster (ID, Event, Member, DateRegistered, Waitlisted) VALUES (402, 114, 144, '2025-07-19 21:51:00', FALSE);
INSERT INTO EventRoster (ID, Event, Member, DateRegistered, Waitlisted) VALUES (403, 114, 136, '2025-07-17 17:32:55', TRUE);
INSERT INTO EventRoster (ID, Event, Member, DateRegistered, Waitlisted) VALUES (404, 114, 103, '2025-07-28 18:00:27', FALSE);
INSERT INTO EventRoster (ID, Event, Member, DateRegistered, Waitlisted) VALUES (405, 114, 141, '2025-07-29 00:16:03', FALSE);
INSERT INTO EventRoster (ID, Event, Member, DateRegistered, Waitlisted) VALUES (406, 114, 157, '2025-07-14 11:16:21', FALSE);
INSERT INTO EventRoster (ID, Event, Member, DateRegistered, Waitlisted) VALUES (407, 114, 180, '2025-07-12 19:44:47', TRUE);
INSERT INTO EventRoster (ID, Event, Member, DateRegistered, Waitlisted) VALUES (408, 114, 165, '2025-07-21 15:58:20', FALSE);
INSERT INTO EventRoster (ID, Event, Member, DateRegistered, Waitlisted) VALUES (409, 114, 107, '2025-07-14 16:00:05', FALSE);
INSERT INTO EventRoster (ID, Event, Member, DateRegistered, Waitlisted) VALUES (410, 114, 192, '2025-07-12 20:05:09', FALSE);
INSERT INTO EventRoster (ID, Event, Member, DateRegistered, Waitlisted) VALUES (411, 114, 156, '2025-08-07 16:04:50', FALSE);
INSERT INTO EventRoster (ID, Event, Member, DateRegistered, Waitlisted) VALUES (412, 114, 177, '2025-08-02 23:44:37', FALSE);
INSERT INTO EventRoster (ID, Event, Member, DateRegistered, Waitlisted) VALUES (413, 114, 150, '2025-07-29 20:20:09', FALSE);
INSERT INTO EventRoster (ID, Event, Member, DateRegistered, Waitlisted) VALUES (414, 114, 193, '2025-07-26 06:47:31', FALSE);
INSERT INTO EventRoster (ID, Event, Member, DateRegistered, Waitlisted) VALUES (415, 114, 164, '2025-07-17 07:48:23', FALSE);
INSERT INTO EventRoster (ID, Event, Member, DateRegistered, Waitlisted) VALUES (416, 114, 146, '2025-07-11 16:00:23', FALSE);
INSERT INTO EventRoster (ID, Event, Member, DateRegistered, Waitlisted) VALUES (417, 114, 173, '2025-07-29 20:42:45', FALSE);
INSERT INTO EventRoster (ID, Event, Member, DateRegistered, Waitlisted) VALUES (418, 115, 147, '2025-07-27 14:03:55', FALSE);
INSERT INTO EventRoster (ID, Event, Member, DateRegistered, Waitlisted) VALUES (419, 115, 159, '2025-07-13 15:51:07', FALSE);
INSERT INTO EventRoster (ID, Event, Member, DateRegistered, Waitlisted) VALUES (420, 115, 184, '2025-08-04 06:28:24', FALSE);
INSERT INTO EventRoster (ID, Event, Member, DateRegistered, Waitlisted) VALUES (421, 115, 173, '2025-07-27 10:32:48', FALSE);
INSERT INTO EventRoster (ID, Event, Member, DateRegistered, Waitlisted) VALUES (422, 115, 144, '2025-08-03 22:29:05', FALSE);
INSERT INTO EventRoster (ID, Event, Member, DateRegistered, Waitlisted) VALUES (423, 115, 117, '2025-07-16 22:56:30', TRUE);
INSERT INTO EventRoster (ID, Event, Member, DateRegistered, Waitlisted) VALUES (424, 115, 118, '2025-07-31 12:17:49', FALSE);
INSERT INTO EventRoster (ID, Event, Member, DateRegistered, Waitlisted) VALUES (425, 115, 163, '2025-08-08 00:26:15', FALSE);
INSERT INTO EventRoster (ID, Event, Member, DateRegistered, Waitlisted) VALUES (426, 115, 178, '2025-07-29 16:24:46', FALSE);
INSERT INTO EventRoster (ID, Event, Member, DateRegistered, Waitlisted) VALUES (427, 115, 124, '2025-07-15 08:01:51', FALSE);
INSERT INTO EventRoster (ID, Event, Member, DateRegistered, Waitlisted) VALUES (428, 115, 110, '2025-07-11 16:37:36', FALSE);
INSERT INTO EventRoster (ID, Event, Member, DateRegistered, Waitlisted) VALUES (429, 115, 101, '2025-07-27 05:33:17', FALSE);
INSERT INTO EventRoster (ID, Event, Member, DateRegistered, Waitlisted) VALUES (430, 115, 191, '2025-08-05 10:05:35', FALSE);
INSERT INTO EventRoster (ID, Event, Member, DateRegistered, Waitlisted) VALUES (431, 115, 126, '2025-07-23 16:17:13', FALSE);
INSERT INTO EventRoster (ID, Event, Member, DateRegistered, Waitlisted) VALUES (432, 115, 193, '2025-07-24 15:03:20', FALSE);
INSERT INTO EventRoster (ID, Event, Member, DateRegistered, Waitlisted) VALUES (433, 115, 190, '2025-07-13 23:39:11', FALSE);
INSERT INTO EventRoster (ID, Event, Member, DateRegistered, Waitlisted) VALUES (434, 115, 172, '2025-07-19 21:05:27', FALSE);
INSERT INTO EventRoster (ID, Event, Member, DateRegistered, Waitlisted) VALUES (435, 116, 124, '2025-07-20 03:54:08', FALSE);
INSERT INTO EventRoster (ID, Event, Member, DateRegistered, Waitlisted) VALUES (436, 116, 123, '2025-07-23 01:59:23', FALSE);
INSERT INTO EventRoster (ID, Event, Member, DateRegistered, Waitlisted) VALUES (437, 116, 170, '2025-07-31 16:12:45', FALSE);
INSERT INTO EventRoster (ID, Event, Member, DateRegistered, Waitlisted) VALUES (438, 116, 155, '2025-07-19 09:22:27', FALSE);
INSERT INTO EventRoster (ID, Event, Member, DateRegistered, Waitlisted) VALUES (439, 116, 185, '2025-07-21 02:34:20', FALSE);
INSERT INTO EventRoster (ID, Event, Member, DateRegistered, Waitlisted) VALUES (440, 116, 154, '2025-07-22 20:07:35', FALSE);
INSERT INTO EventRoster (ID, Event, Member, DateRegistered, Waitlisted) VALUES (441, 116, 145, '2025-07-31 06:04:18', FALSE);
INSERT INTO EventRoster (ID, Event, Member, DateRegistered, Waitlisted) VALUES (442, 116, 107, '2025-07-17 01:15:54', FALSE);
INSERT INTO EventRoster (ID, Event, Member, DateRegistered, Waitlisted) VALUES (443, 116, 122, '2025-07-27 07:01:47', FALSE);
INSERT INTO EventRoster (ID, Event, Member, DateRegistered, Waitlisted) VALUES (444, 116, 158, '2025-07-16 21:10:29', FALSE);
INSERT INTO EventRoster (ID, Event, Member, DateRegistered, Waitlisted) VALUES (445, 116, 159, '2025-08-10 10:22:14', FALSE);
INSERT INTO EventRoster (ID, Event, Member, DateRegistered, Waitlisted) VALUES (446, 116, 172, '2025-07-31 18:02:49', FALSE);
INSERT INTO EventRoster (ID, Event, Member, DateRegistered, Waitlisted) VALUES (447, 116, 193, '2025-08-03 14:39:18', FALSE);
INSERT INTO EventRoster (ID, Event, Member, DateRegistered, Waitlisted) VALUES (448, 116, 134, '2025-07-24 06:15:07', TRUE);
INSERT INTO EventRoster (ID, Event, Member, DateRegistered, Waitlisted) VALUES (449, 116, 140, '2025-08-09 07:07:03', FALSE);
INSERT INTO EventRoster (ID, Event, Member, DateRegistered, Waitlisted) VALUES (450, 116, 176, '2025-07-13 16:04:22', FALSE);
INSERT INTO EventRoster (ID, Event, Member, DateRegistered, Waitlisted) VALUES (451, 116, 117, '2025-07-11 12:23:47', FALSE);
INSERT INTO EventRoster (ID, Event, Member, DateRegistered, Waitlisted) VALUES (452, 116, 194, '2025-07-28 07:49:03', FALSE);
INSERT INTO EventRoster (ID, Event, Member, DateRegistered, Waitlisted) VALUES (453, 117, 141, '2025-07-16 22:05:33', FALSE);
INSERT INTO EventRoster (ID, Event, Member, DateRegistered, Waitlisted) VALUES (454, 117, 199, '2025-07-24 02:13:49', FALSE);
INSERT INTO EventRoster (ID, Event, Member, DateRegistered, Waitlisted) VALUES (455, 117, 161, '2025-07-28 06:06:59', FALSE);
INSERT INTO EventRoster (ID, Event, Member, DateRegistered, Waitlisted) VALUES (456, 117, 145, '2025-07-12 07:08:28', FALSE);
INSERT INTO EventRoster (ID, Event, Member, DateRegistered, Waitlisted) VALUES (457, 117, 130, '2025-08-06 19:05:45', TRUE);
INSERT INTO EventRoster (ID, Event, Member, DateRegistered, Waitlisted) VALUES (458, 117, 160, '2025-07-13 21:59:23', FALSE);
INSERT INTO EventRoster (ID, Event, Member, DateRegistered, Waitlisted) VALUES (459, 117, 163, '2025-07-24 19:02:46', FALSE);
INSERT INTO EventRoster (ID, Event, Member, DateRegistered, Waitlisted) VALUES (460, 117, 148, '2025-07-23 21:25:00', TRUE);
INSERT INTO EventRoster (ID, Event, Member, DateRegistered, Waitlisted) VALUES (461, 117, 174, '2025-07-17 17:50:03', FALSE);
INSERT INTO EventRoster (ID, Event, Member, DateRegistered, Waitlisted) VALUES (462, 117, 116, '2025-08-01 19:56:42', FALSE);
INSERT INTO EventRoster (ID, Event, Member, DateRegistered, Waitlisted) VALUES (463, 117, 157, '2025-07-25 08:49:06', FALSE);
INSERT INTO EventRoster (ID, Event, Member, DateRegistered, Waitlisted) VALUES (464, 117, 179, '2025-07-26 10:05:09', FALSE);
INSERT INTO EventRoster (ID, Event, Member, DateRegistered, Waitlisted) VALUES (465, 117, 149, '2025-07-21 23:12:17', FALSE);
INSERT INTO EventRoster (ID, Event, Member, DateRegistered, Waitlisted) VALUES (466, 117, 159, '2025-08-06 08:13:08', FALSE);
INSERT INTO EventRoster (ID, Event, Member, DateRegistered, Waitlisted) VALUES (467, 117, 195, '2025-07-25 08:52:16', FALSE);
INSERT INTO EventRoster (ID, Event, Member, DateRegistered, Waitlisted) VALUES (468, 117, 175, '2025-08-05 09:40:35', FALSE);
INSERT INTO EventRoster (ID, Event, Member, DateRegistered, Waitlisted) VALUES (469, 117, 187, '2025-07-24 06:46:36', FALSE);
INSERT INTO EventRoster (ID, Event, Member, DateRegistered, Waitlisted) VALUES (470, 117, 170, '2025-07-24 22:16:54', FALSE);
INSERT INTO EventRoster (ID, Event, Member, DateRegistered, Waitlisted) VALUES (471, 117, 128, '2025-07-16 05:03:18', FALSE);
INSERT INTO EventRoster (ID, Event, Member, DateRegistered, Waitlisted) VALUES (472, 117, 150, '2025-07-19 22:22:30', FALSE);
INSERT INTO EventRoster (ID, Event, Member, DateRegistered, Waitlisted) VALUES (473, 117, 155, '2025-07-25 10:32:34', FALSE);
INSERT INTO EventRoster (ID, Event, Member, DateRegistered, Waitlisted) VALUES (474, 117, 122, '2025-08-07 14:59:49', FALSE);
INSERT INTO EventRoster (ID, Event, Member, DateRegistered, Waitlisted) VALUES (475, 117, 144, '2025-07-15 01:37:27', FALSE);
INSERT INTO EventRoster (ID, Event, Member, DateRegistered, Waitlisted) VALUES (476, 117, 152, '2025-07-20 09:30:36', FALSE);
INSERT INTO EventRoster (ID, Event, Member, DateRegistered, Waitlisted) VALUES (477, 117, 173, '2025-07-24 06:43:50', FALSE);
INSERT INTO EventRoster (ID, Event, Member, DateRegistered, Waitlisted) VALUES (478, 117, 172, '2025-07-25 08:46:28', FALSE);
INSERT INTO EventRoster (ID, Event, Member, DateRegistered, Waitlisted) VALUES (479, 117, 158, '2025-07-11 23:34:15', FALSE);
INSERT INTO EventRoster (ID, Event, Member, DateRegistered, Waitlisted) VALUES (480, 117, 193, '2025-08-03 05:32:38', FALSE);
INSERT INTO EventRoster (ID, Event, Member, DateRegistered, Waitlisted) VALUES (481, 117, 120, '2025-07-22 22:20:25', FALSE);
INSERT INTO EventRoster (ID, Event, Member, DateRegistered, Waitlisted) VALUES (482, 118, 143, '2025-07-24 11:29:53', FALSE);
INSERT INTO EventRoster (ID, Event, Member, DateRegistered, Waitlisted) VALUES (483, 118, 116, '2025-08-01 23:38:48', FALSE);
INSERT INTO EventRoster (ID, Event, Member, DateRegistered, Waitlisted) VALUES (484, 118, 115, '2025-08-05 20:22:25', FALSE);
INSERT INTO EventRoster (ID, Event, Member, DateRegistered, Waitlisted) VALUES (485, 118, 127, '2025-08-02 22:36:01', FALSE);
INSERT INTO EventRoster (ID, Event, Member, DateRegistered, Waitlisted) VALUES (486, 118, 184, '2025-07-26 20:48:28', FALSE);
INSERT INTO EventRoster (ID, Event, Member, DateRegistered, Waitlisted) VALUES (487, 118, 189, '2025-08-05 11:56:53', FALSE);
INSERT INTO EventRoster (ID, Event, Member, DateRegistered, Waitlisted) VALUES (488, 118, 112, '2025-07-20 16:41:04', FALSE);
INSERT INTO EventRoster (ID, Event, Member, DateRegistered, Waitlisted) VALUES (489, 118, 159, '2025-07-15 13:59:31', FALSE);
INSERT INTO EventRoster (ID, Event, Member, DateRegistered, Waitlisted) VALUES (490, 118, 161, '2025-07-14 15:18:23', FALSE);
INSERT INTO EventRoster (ID, Event, Member, DateRegistered, Waitlisted) VALUES (491, 118, 153, '2025-08-03 17:27:44', FALSE);
INSERT INTO EventRoster (ID, Event, Member, DateRegistered, Waitlisted) VALUES (492, 118, 138, '2025-07-22 18:18:36', FALSE);
INSERT INTO EventRoster (ID, Event, Member, DateRegistered, Waitlisted) VALUES (493, 118, 154, '2025-08-09 02:51:21', FALSE);
INSERT INTO EventRoster (ID, Event, Member, DateRegistered, Waitlisted) VALUES (494, 118, 148, '2025-08-01 07:25:32', FALSE);
INSERT INTO EventRoster (ID, Event, Member, DateRegistered, Waitlisted) VALUES (495, 118, 174, '2025-08-09 18:21:31', FALSE);
INSERT INTO EventRoster (ID, Event, Member, DateRegistered, Waitlisted) VALUES (496, 118, 120, '2025-07-15 03:47:55', FALSE);
INSERT INTO EventRoster (ID, Event, Member, DateRegistered, Waitlisted) VALUES (497, 118, 173, '2025-08-04 20:44:31', FALSE);
INSERT INTO EventRoster (ID, Event, Member, DateRegistered, Waitlisted) VALUES (498, 118, 118, '2025-07-28 03:57:45', FALSE);
INSERT INTO EventRoster (ID, Event, Member, DateRegistered, Waitlisted) VALUES (499, 118, 134, '2025-07-27 20:50:20', FALSE);
INSERT INTO EventRoster (ID, Event, Member, DateRegistered, Waitlisted) VALUES (500, 118, 183, '2025-07-15 19:47:45', FALSE);
INSERT INTO EventRoster (ID, Event, Member, DateRegistered, Waitlisted) VALUES (501, 119, 123, '2025-08-04 05:20:39', FALSE);
INSERT INTO EventRoster (ID, Event, Member, DateRegistered, Waitlisted) VALUES (502, 119, 196, '2025-08-08 06:55:21', FALSE);
INSERT INTO EventRoster (ID, Event, Member, DateRegistered, Waitlisted) VALUES (503, 119, 151, '2025-08-04 22:14:48', FALSE);
INSERT INTO EventRoster (ID, Event, Member, DateRegistered, Waitlisted) VALUES (504, 119, 176, '2025-08-03 11:37:38', FALSE);
INSERT INTO EventRoster (ID, Event, Member, DateRegistered, Waitlisted) VALUES (505, 119, 194, '2025-07-15 12:27:26', FALSE);
INSERT INTO EventRoster (ID, Event, Member, DateRegistered, Waitlisted) VALUES (506, 119, 164, '2025-07-19 02:24:44', FALSE);
INSERT INTO EventRoster (ID, Event, Member, DateRegistered, Waitlisted) VALUES (507, 119, 112, '2025-08-09 05:44:59', FALSE);
INSERT INTO EventRoster (ID, Event, Member, DateRegistered, Waitlisted) VALUES (508, 119, 180, '2025-07-31 05:11:46', TRUE);
INSERT INTO EventRoster (ID, Event, Member, DateRegistered, Waitlisted) VALUES (509, 120, 117, '2025-07-23 15:31:54', FALSE);
INSERT INTO EventRoster (ID, Event, Member, DateRegistered, Waitlisted) VALUES (510, 120, 122, '2025-07-23 12:40:13', FALSE);
INSERT INTO EventRoster (ID, Event, Member, DateRegistered, Waitlisted) VALUES (511, 120, 128, '2025-07-20 08:46:13', FALSE);
INSERT INTO EventRoster (ID, Event, Member, DateRegistered, Waitlisted) VALUES (512, 120, 164, '2025-07-21 08:29:29', FALSE);
INSERT INTO EventRoster (ID, Event, Member, DateRegistered, Waitlisted) VALUES (513, 120, 183, '2025-07-15 11:37:16', FALSE);
INSERT INTO EventRoster (ID, Event, Member, DateRegistered, Waitlisted) VALUES (514, 120, 119, '2025-07-26 08:55:23', FALSE);
INSERT INTO EventRoster (ID, Event, Member, DateRegistered, Waitlisted) VALUES (515, 120, 195, '2025-07-26 15:18:50', FALSE);
INSERT INTO EventRoster (ID, Event, Member, DateRegistered, Waitlisted) VALUES (516, 120, 169, '2025-07-19 11:49:27', FALSE);
INSERT INTO EventRoster (ID, Event, Member, DateRegistered, Waitlisted) VALUES (517, 120, 185, '2025-07-30 12:52:03', FALSE);
INSERT INTO EventRoster (ID, Event, Member, DateRegistered, Waitlisted) VALUES (518, 120, 186, '2025-07-28 16:51:07', FALSE);
INSERT INTO EventRoster (ID, Event, Member, DateRegistered, Waitlisted) VALUES (519, 120, 176, '2025-07-13 13:14:38', FALSE);
INSERT INTO EventRoster (ID, Event, Member, DateRegistered, Waitlisted) VALUES (520, 120, 184, '2025-08-02 02:09:28', FALSE);
INSERT INTO EventRoster (ID, Event, Member, DateRegistered, Waitlisted) VALUES (521, 120, 106, '2025-07-28 03:26:40', FALSE);
INSERT INTO EventRoster (ID, Event, Member, DateRegistered, Waitlisted) VALUES (522, 120, 171, '2025-08-09 05:33:43', FALSE);
INSERT INTO EventRoster (ID, Event, Member, DateRegistered, Waitlisted) VALUES (523, 120, 141, '2025-07-24 02:23:31', FALSE);
INSERT INTO EventRoster (ID, Event, Member, DateRegistered, Waitlisted) VALUES (524, 120, 103, '2025-07-22 02:37:21', FALSE);
INSERT INTO EventRoster (ID, Event, Member, DateRegistered, Waitlisted) VALUES (525, 120, 126, '2025-07-24 18:29:55', FALSE);
INSERT INTO EventRoster (ID, Event, Member, DateRegistered, Waitlisted) VALUES (526, 120, 138, '2025-07-22 17:53:36', FALSE);
INSERT INTO EventRoster (ID, Event, Member, DateRegistered, Waitlisted) VALUES (527, 120, 181, '2025-07-17 07:43:59', FALSE);
INSERT INTO EventRoster (ID, Event, Member, DateRegistered, Waitlisted) VALUES (528, 120, 140, '2025-07-25 10:30:19', FALSE);
INSERT INTO EventRoster (ID, Event, Member, DateRegistered, Waitlisted) VALUES (529, 121, 117, '2025-07-30 16:14:05', FALSE);
INSERT INTO EventRoster (ID, Event, Member, DateRegistered, Waitlisted) VALUES (530, 121, 183, '2025-07-25 21:21:29', FALSE);
INSERT INTO EventRoster (ID, Event, Member, DateRegistered, Waitlisted) VALUES (531, 121, 148, '2025-07-29 05:55:52', FALSE);
INSERT INTO EventRoster (ID, Event, Member, DateRegistered, Waitlisted) VALUES (532, 121, 182, '2025-08-03 16:58:30', FALSE);
INSERT INTO EventRoster (ID, Event, Member, DateRegistered, Waitlisted) VALUES (533, 121, 144, '2025-08-10 01:32:07', FALSE);
INSERT INTO EventRoster (ID, Event, Member, DateRegistered, Waitlisted) VALUES (534, 121, 151, '2025-07-21 10:45:40', FALSE);
INSERT INTO EventRoster (ID, Event, Member, DateRegistered, Waitlisted) VALUES (535, 121, 137, '2025-07-30 15:21:47', FALSE);
INSERT INTO EventRoster (ID, Event, Member, DateRegistered, Waitlisted) VALUES (536, 121, 131, '2025-07-22 09:42:09', FALSE);
INSERT INTO EventRoster (ID, Event, Member, DateRegistered, Waitlisted) VALUES (537, 121, 119, '2025-07-15 04:44:58', FALSE);
INSERT INTO EventRoster (ID, Event, Member, DateRegistered, Waitlisted) VALUES (538, 121, 153, '2025-07-29 11:52:40', FALSE);
INSERT INTO EventRoster (ID, Event, Member, DateRegistered, Waitlisted) VALUES (539, 121, 118, '2025-07-28 13:56:27', FALSE);
INSERT INTO EventRoster (ID, Event, Member, DateRegistered, Waitlisted) VALUES (540, 121, 141, '2025-08-07 04:44:06', FALSE);
INSERT INTO EventRoster (ID, Event, Member, DateRegistered, Waitlisted) VALUES (541, 121, 161, '2025-07-29 06:09:07', FALSE);
INSERT INTO EventRoster (ID, Event, Member, DateRegistered, Waitlisted) VALUES (542, 121, 170, '2025-07-25 19:36:12', TRUE);
INSERT INTO EventRoster (ID, Event, Member, DateRegistered, Waitlisted) VALUES (543, 121, 142, '2025-07-18 11:52:57', FALSE);
INSERT INTO EventRoster (ID, Event, Member, DateRegistered, Waitlisted) VALUES (544, 121, 168, '2025-07-15 21:56:41', FALSE);
INSERT INTO EventRoster (ID, Event, Member, DateRegistered, Waitlisted) VALUES (545, 121, 101, '2025-07-20 19:45:33', FALSE);
INSERT INTO EventRoster (ID, Event, Member, DateRegistered, Waitlisted) VALUES (546, 121, 129, '2025-07-27 22:53:01', FALSE);
INSERT INTO EventRoster (ID, Event, Member, DateRegistered, Waitlisted) VALUES (547, 121, 167, '2025-07-25 23:49:47', FALSE);
INSERT INTO EventRoster (ID, Event, Member, DateRegistered, Waitlisted) VALUES (548, 121, 191, '2025-07-12 03:56:58', FALSE);
INSERT INTO EventRoster (ID, Event, Member, DateRegistered, Waitlisted) VALUES (549, 121, 177, '2025-07-31 14:39:04', FALSE);
INSERT INTO EventRoster (ID, Event, Member, DateRegistered, Waitlisted) VALUES (550, 122, 194, '2025-07-14 19:05:15', FALSE);
INSERT INTO EventRoster (ID, Event, Member, DateRegistered, Waitlisted) VALUES (551, 122, 107, '2025-07-19 04:52:23', FALSE);
INSERT INTO EventRoster (ID, Event, Member, DateRegistered, Waitlisted) VALUES (552, 122, 117, '2025-08-07 20:14:38', FALSE);
INSERT INTO EventRoster (ID, Event, Member, DateRegistered, Waitlisted) VALUES (553, 122, 128, '2025-07-16 18:55:32', FALSE);
INSERT INTO EventRoster (ID, Event, Member, DateRegistered, Waitlisted) VALUES (554, 122, 180, '2025-07-30 04:09:56', FALSE);
INSERT INTO EventRoster (ID, Event, Member, DateRegistered, Waitlisted) VALUES (555, 122, 125, '2025-08-05 04:44:02', FALSE);
INSERT INTO EventRoster (ID, Event, Member, DateRegistered, Waitlisted) VALUES (556, 122, 123, '2025-08-07 17:27:33', FALSE);
INSERT INTO EventRoster (ID, Event, Member, DateRegistered, Waitlisted) VALUES (557, 122, 119, '2025-08-05 11:30:44', FALSE);
INSERT INTO EventRoster (ID, Event, Member, DateRegistered, Waitlisted) VALUES (558, 122, 155, '2025-08-03 10:42:22', FALSE);
INSERT INTO EventRoster (ID, Event, Member, DateRegistered, Waitlisted) VALUES (559, 122, 113, '2025-07-31 10:25:33', FALSE);
INSERT INTO EventRoster (ID, Event, Member, DateRegistered, Waitlisted) VALUES (560, 122, 172, '2025-07-14 13:01:21', FALSE);
INSERT INTO EventRoster (ID, Event, Member, DateRegistered, Waitlisted) VALUES (561, 122, 135, '2025-08-07 03:55:10', FALSE);
INSERT INTO EventRoster (ID, Event, Member, DateRegistered, Waitlisted) VALUES (562, 122, 114, '2025-07-11 23:22:38', FALSE);
INSERT INTO EventRoster (ID, Event, Member, DateRegistered, Waitlisted) VALUES (563, 122, 136, '2025-07-27 17:25:42', FALSE);
INSERT INTO EventRoster (ID, Event, Member, DateRegistered, Waitlisted) VALUES (564, 122, 129, '2025-08-09 19:59:40', FALSE);
INSERT INTO EventRoster (ID, Event, Member, DateRegistered, Waitlisted) VALUES (565, 122, 140, '2025-08-04 10:33:01', FALSE);
INSERT INTO EventRoster (ID, Event, Member, DateRegistered, Waitlisted) VALUES (566, 122, 130, '2025-07-18 07:08:42', FALSE);
INSERT INTO EventRoster (ID, Event, Member, DateRegistered, Waitlisted) VALUES (567, 122, 164, '2025-08-02 23:58:51', FALSE);
INSERT INTO EventRoster (ID, Event, Member, DateRegistered, Waitlisted) VALUES (568, 122, 199, '2025-07-11 17:32:53', FALSE);
INSERT INTO EventRoster (ID, Event, Member, DateRegistered, Waitlisted) VALUES (569, 123, 113, '2025-08-08 08:55:02', FALSE);
INSERT INTO EventRoster (ID, Event, Member, DateRegistered, Waitlisted) VALUES (570, 123, 192, '2025-07-15 22:11:11', FALSE);
INSERT INTO EventRoster (ID, Event, Member, DateRegistered, Waitlisted) VALUES (571, 123, 181, '2025-07-22 11:43:09', FALSE);
INSERT INTO EventRoster (ID, Event, Member, DateRegistered, Waitlisted) VALUES (572, 123, 177, '2025-08-04 05:40:44', TRUE);
INSERT INTO EventRoster (ID, Event, Member, DateRegistered, Waitlisted) VALUES (573, 123, 154, '2025-07-31 23:01:49', FALSE);
INSERT INTO EventRoster (ID, Event, Member, DateRegistered, Waitlisted) VALUES (574, 123, 142, '2025-07-20 23:02:48', TRUE);
INSERT INTO EventRoster (ID, Event, Member, DateRegistered, Waitlisted) VALUES (575, 123, 123, '2025-08-03 13:03:14', FALSE);
INSERT INTO EventRoster (ID, Event, Member, DateRegistered, Waitlisted) VALUES (576, 123, 131, '2025-07-21 05:49:28', FALSE);
INSERT INTO EventRoster (ID, Event, Member, DateRegistered, Waitlisted) VALUES (577, 123, 187, '2025-07-24 00:28:16', FALSE);
INSERT INTO EventRoster (ID, Event, Member, DateRegistered, Waitlisted) VALUES (578, 123, 185, '2025-08-09 15:45:51', FALSE);
INSERT INTO EventRoster (ID, Event, Member, DateRegistered, Waitlisted) VALUES (579, 123, 133, '2025-07-11 23:14:56', FALSE);
INSERT INTO EventRoster (ID, Event, Member, DateRegistered, Waitlisted) VALUES (580, 124, 162, '2025-07-26 15:59:45', FALSE);
INSERT INTO EventRoster (ID, Event, Member, DateRegistered, Waitlisted) VALUES (581, 124, 168, '2025-08-08 19:42:59', FALSE);
INSERT INTO EventRoster (ID, Event, Member, DateRegistered, Waitlisted) VALUES (582, 124, 178, '2025-07-14 16:12:32', FALSE);
INSERT INTO EventRoster (ID, Event, Member, DateRegistered, Waitlisted) VALUES (583, 124, 146, '2025-07-24 17:16:26', FALSE);
INSERT INTO EventRoster (ID, Event, Member, DateRegistered, Waitlisted) VALUES (584, 124, 114, '2025-07-19 12:05:33', FALSE);
INSERT INTO EventRoster (ID, Event, Member, DateRegistered, Waitlisted) VALUES (585, 124, 151, '2025-08-07 05:33:49', FALSE);
INSERT INTO EventRoster (ID, Event, Member, DateRegistered, Waitlisted) VALUES (586, 124, 157, '2025-07-14 02:30:05', FALSE);
INSERT INTO EventRoster (ID, Event, Member, DateRegistered, Waitlisted) VALUES (587, 124, 135, '2025-08-10 09:03:29', FALSE);
INSERT INTO EventRoster (ID, Event, Member, DateRegistered, Waitlisted) VALUES (588, 124, 150, '2025-07-30 06:35:28', FALSE);
INSERT INTO EventRoster (ID, Event, Member, DateRegistered, Waitlisted) VALUES (589, 124, 108, '2025-07-18 03:46:30', TRUE);
INSERT INTO EventRoster (ID, Event, Member, DateRegistered, Waitlisted) VALUES (590, 124, 154, '2025-07-26 07:05:18', FALSE);
INSERT INTO EventRoster (ID, Event, Member, DateRegistered, Waitlisted) VALUES (591, 124, 199, '2025-07-20 21:46:55', FALSE);
INSERT INTO EventRoster (ID, Event, Member, DateRegistered, Waitlisted) VALUES (592, 124, 170, '2025-08-02 02:30:19', FALSE);
INSERT INTO EventRoster (ID, Event, Member, DateRegistered, Waitlisted) VALUES (593, 124, 121, '2025-07-26 08:36:02', FALSE);
INSERT INTO EventRoster (ID, Event, Member, DateRegistered, Waitlisted) VALUES (594, 124, 186, '2025-07-12 21:26:50', FALSE);
INSERT INTO EventRoster (ID, Event, Member, DateRegistered, Waitlisted) VALUES (595, 124, 155, '2025-08-08 02:26:53', FALSE);
INSERT INTO EventRoster (ID, Event, Member, DateRegistered, Waitlisted) VALUES (596, 124, 131, '2025-08-06 03:22:20', FALSE);
INSERT INTO EventRoster (ID, Event, Member, DateRegistered, Waitlisted) VALUES (597, 124, 100, '2025-08-03 03:20:14', FALSE);
INSERT INTO EventRoster (ID, Event, Member, DateRegistered, Waitlisted) VALUES (598, 124, 187, '2025-07-19 14:12:57', FALSE);
INSERT INTO EventRoster (ID, Event, Member, DateRegistered, Waitlisted) VALUES (599, 124, 109, '2025-07-24 23:47:19', FALSE);
INSERT INTO EventRoster (ID, Event, Member, DateRegistered, Waitlisted) VALUES (600, 124, 126, '2025-07-31 11:19:24', FALSE);
INSERT INTO EventRoster (ID, Event, Member, DateRegistered, Waitlisted) VALUES (601, 124, 182, '2025-07-28 02:08:35', TRUE);
INSERT INTO EventRoster (ID, Event, Member, DateRegistered, Waitlisted) VALUES (602, 124, 112, '2025-08-08 07:38:38', FALSE);
INSERT INTO EventRoster (ID, Event, Member, DateRegistered, Waitlisted) VALUES (603, 125, 142, '2025-07-17 18:43:31', FALSE);
INSERT INTO EventRoster (ID, Event, Member, DateRegistered, Waitlisted) VALUES (604, 125, 151, '2025-07-28 21:11:54', FALSE);
INSERT INTO EventRoster (ID, Event, Member, DateRegistered, Waitlisted) VALUES (605, 125, 185, '2025-07-11 18:36:36', FALSE);
INSERT INTO EventRoster (ID, Event, Member, DateRegistered, Waitlisted) VALUES (606, 125, 199, '2025-07-12 06:25:00', FALSE);
INSERT INTO EventRoster (ID, Event, Member, DateRegistered, Waitlisted) VALUES (607, 125, 131, '2025-07-24 04:51:40', FALSE);
INSERT INTO EventRoster (ID, Event, Member, DateRegistered, Waitlisted) VALUES (608, 125, 170, '2025-08-04 08:49:08', FALSE);
INSERT INTO EventRoster (ID, Event, Member, DateRegistered, Waitlisted) VALUES (609, 125, 159, '2025-08-07 17:45:04', FALSE);
INSERT INTO EventRoster (ID, Event, Member, DateRegistered, Waitlisted) VALUES (610, 125, 110, '2025-08-03 04:36:43', FALSE);
INSERT INTO EventRoster (ID, Event, Member, DateRegistered, Waitlisted) VALUES (611, 125, 137, '2025-07-13 15:43:48', FALSE);
INSERT INTO EventRoster (ID, Event, Member, DateRegistered, Waitlisted) VALUES (612, 125, 198, '2025-07-13 23:29:53', FALSE);
INSERT INTO EventRoster (ID, Event, Member, DateRegistered, Waitlisted) VALUES (613, 125, 115, '2025-07-23 18:44:54', FALSE);
INSERT INTO EventRoster (ID, Event, Member, DateRegistered, Waitlisted) VALUES (614, 125, 182, '2025-07-25 02:10:29', FALSE);
INSERT INTO EventRoster (ID, Event, Member, DateRegistered, Waitlisted) VALUES (615, 125, 153, '2025-07-29 02:20:21', FALSE);
INSERT INTO EventRoster (ID, Event, Member, DateRegistered, Waitlisted) VALUES (616, 125, 175, '2025-08-01 12:42:20', FALSE);
INSERT INTO EventRoster (ID, Event, Member, DateRegistered, Waitlisted) VALUES (617, 125, 109, '2025-07-26 00:27:37', FALSE);
INSERT INTO EventRoster (ID, Event, Member, DateRegistered, Waitlisted) VALUES (618, 126, 150, '2025-07-31 08:15:36', FALSE);
INSERT INTO EventRoster (ID, Event, Member, DateRegistered, Waitlisted) VALUES (619, 126, 198, '2025-08-03 20:10:07', FALSE);
INSERT INTO EventRoster (ID, Event, Member, DateRegistered, Waitlisted) VALUES (620, 126, 166, '2025-08-04 09:51:48', FALSE);
INSERT INTO EventRoster (ID, Event, Member, DateRegistered, Waitlisted) VALUES (621, 126, 142, '2025-08-06 17:38:06', FALSE);
INSERT INTO EventRoster (ID, Event, Member, DateRegistered, Waitlisted) VALUES (622, 126, 134, '2025-07-27 09:51:45', FALSE);
INSERT INTO EventRoster (ID, Event, Member, DateRegistered, Waitlisted) VALUES (623, 126, 112, '2025-07-19 22:00:41', FALSE);
INSERT INTO EventRoster (ID, Event, Member, DateRegistered, Waitlisted) VALUES (624, 126, 114, '2025-07-11 17:20:21', FALSE);
INSERT INTO EventRoster (ID, Event, Member, DateRegistered, Waitlisted) VALUES (625, 126, 118, '2025-07-27 00:43:22', FALSE);
INSERT INTO EventRoster (ID, Event, Member, DateRegistered, Waitlisted) VALUES (626, 126, 174, '2025-08-03 01:21:45', TRUE);
INSERT INTO EventRoster (ID, Event, Member, DateRegistered, Waitlisted) VALUES (627, 126, 164, '2025-08-09 02:46:36', FALSE);
INSERT INTO EventRoster (ID, Event, Member, DateRegistered, Waitlisted) VALUES (628, 126, 135, '2025-07-15 18:17:06', FALSE);
INSERT INTO EventRoster (ID, Event, Member, DateRegistered, Waitlisted) VALUES (629, 127, 101, '2025-07-14 14:44:47', FALSE);
INSERT INTO EventRoster (ID, Event, Member, DateRegistered, Waitlisted) VALUES (630, 127, 145, '2025-07-18 22:37:05', FALSE);
INSERT INTO EventRoster (ID, Event, Member, DateRegistered, Waitlisted) VALUES (631, 127, 129, '2025-07-30 23:04:17', FALSE);
INSERT INTO EventRoster (ID, Event, Member, DateRegistered, Waitlisted) VALUES (632, 127, 125, '2025-07-27 19:47:58', FALSE);
INSERT INTO EventRoster (ID, Event, Member, DateRegistered, Waitlisted) VALUES (633, 127, 147, '2025-07-12 21:45:15', FALSE);
INSERT INTO EventRoster (ID, Event, Member, DateRegistered, Waitlisted) VALUES (634, 127, 108, '2025-07-13 23:53:27', FALSE);
INSERT INTO EventRoster (ID, Event, Member, DateRegistered, Waitlisted) VALUES (635, 127, 189, '2025-08-09 02:36:31', FALSE);
INSERT INTO EventRoster (ID, Event, Member, DateRegistered, Waitlisted) VALUES (636, 127, 121, '2025-07-30 15:52:48', FALSE);
INSERT INTO EventRoster (ID, Event, Member, DateRegistered, Waitlisted) VALUES (637, 127, 196, '2025-07-27 07:29:07', FALSE);
INSERT INTO EventRoster (ID, Event, Member, DateRegistered, Waitlisted) VALUES (638, 127, 161, '2025-08-08 19:06:22', FALSE);
INSERT INTO EventRoster (ID, Event, Member, DateRegistered, Waitlisted) VALUES (639, 127, 152, '2025-08-01 03:25:36', FALSE);
INSERT INTO EventRoster (ID, Event, Member, DateRegistered, Waitlisted) VALUES (640, 127, 105, '2025-07-12 06:34:33', FALSE);
INSERT INTO EventRoster (ID, Event, Member, DateRegistered, Waitlisted) VALUES (641, 127, 128, '2025-07-15 08:09:15', FALSE);
INSERT INTO EventRoster (ID, Event, Member, DateRegistered, Waitlisted) VALUES (642, 127, 166, '2025-08-09 07:43:01', FALSE);
INSERT INTO EventRoster (ID, Event, Member, DateRegistered, Waitlisted) VALUES (643, 127, 170, '2025-08-02 06:41:21', FALSE);
INSERT INTO EventRoster (ID, Event, Member, DateRegistered, Waitlisted) VALUES (644, 127, 174, '2025-08-09 03:38:09', FALSE);
INSERT INTO EventRoster (ID, Event, Member, DateRegistered, Waitlisted) VALUES (645, 127, 123, '2025-07-29 03:55:17', FALSE);
INSERT INTO EventRoster (ID, Event, Member, DateRegistered, Waitlisted) VALUES (646, 127, 112, '2025-07-16 19:37:48', FALSE);
INSERT INTO EventRoster (ID, Event, Member, DateRegistered, Waitlisted) VALUES (647, 127, 124, '2025-07-16 10:30:26', FALSE);
INSERT INTO EventRoster (ID, Event, Member, DateRegistered, Waitlisted) VALUES (648, 127, 191, '2025-08-06 07:50:44', FALSE);
INSERT INTO EventRoster (ID, Event, Member, DateRegistered, Waitlisted) VALUES (649, 128, 191, '2025-07-23 18:43:55', FALSE);
INSERT INTO EventRoster (ID, Event, Member, DateRegistered, Waitlisted) VALUES (650, 128, 194, '2025-07-14 19:12:22', FALSE);
INSERT INTO EventRoster (ID, Event, Member, DateRegistered, Waitlisted) VALUES (651, 128, 181, '2025-07-31 11:54:08', FALSE);
INSERT INTO EventRoster (ID, Event, Member, DateRegistered, Waitlisted) VALUES (652, 128, 192, '2025-07-23 17:56:04', FALSE);
INSERT INTO EventRoster (ID, Event, Member, DateRegistered, Waitlisted) VALUES (653, 128, 169, '2025-07-18 03:07:14', FALSE);
INSERT INTO EventRoster (ID, Event, Member, DateRegistered, Waitlisted) VALUES (654, 128, 114, '2025-07-13 20:23:33', FALSE);
INSERT INTO EventRoster (ID, Event, Member, DateRegistered, Waitlisted) VALUES (655, 128, 199, '2025-07-18 13:42:00', FALSE);
INSERT INTO EventRoster (ID, Event, Member, DateRegistered, Waitlisted) VALUES (656, 128, 113, '2025-08-09 10:39:13', FALSE);
INSERT INTO EventRoster (ID, Event, Member, DateRegistered, Waitlisted) VALUES (657, 128, 123, '2025-08-10 04:00:03', FALSE);
INSERT INTO EventRoster (ID, Event, Member, DateRegistered, Waitlisted) VALUES (658, 128, 104, '2025-08-09 08:56:31', FALSE);
INSERT INTO EventRoster (ID, Event, Member, DateRegistered, Waitlisted) VALUES (659, 128, 152, '2025-08-03 05:55:16', TRUE);
INSERT INTO EventRoster (ID, Event, Member, DateRegistered, Waitlisted) VALUES (660, 128, 198, '2025-07-22 21:32:35', FALSE);
INSERT INTO EventRoster (ID, Event, Member, DateRegistered, Waitlisted) VALUES (661, 128, 188, '2025-07-20 18:03:37', FALSE);
INSERT INTO EventRoster (ID, Event, Member, DateRegistered, Waitlisted) VALUES (662, 128, 129, '2025-08-06 09:51:33', FALSE);
INSERT INTO EventRoster (ID, Event, Member, DateRegistered, Waitlisted) VALUES (663, 128, 168, '2025-07-18 14:21:27', FALSE);
INSERT INTO EventRoster (ID, Event, Member, DateRegistered, Waitlisted) VALUES (664, 128, 122, '2025-07-30 03:14:30', TRUE);
INSERT INTO EventRoster (ID, Event, Member, DateRegistered, Waitlisted) VALUES (665, 129, 161, '2025-07-25 17:44:58', FALSE);
INSERT INTO EventRoster (ID, Event, Member, DateRegistered, Waitlisted) VALUES (666, 129, 125, '2025-07-12 18:45:31', FALSE);
INSERT INTO EventRoster (ID, Event, Member, DateRegistered, Waitlisted) VALUES (667, 129, 184, '2025-08-02 17:11:00', FALSE);
INSERT INTO EventRoster (ID, Event, Member, DateRegistered, Waitlisted) VALUES (668, 129, 129, '2025-07-23 08:31:44', FALSE);
INSERT INTO EventRoster (ID, Event, Member, DateRegistered, Waitlisted) VALUES (669, 129, 145, '2025-08-07 08:41:48', FALSE);
INSERT INTO EventRoster (ID, Event, Member, DateRegistered, Waitlisted) VALUES (670, 129, 150, '2025-07-30 18:09:46', FALSE);
INSERT INTO EventRoster (ID, Event, Member, DateRegistered, Waitlisted) VALUES (671, 129, 148, '2025-07-28 22:29:50', FALSE);
INSERT INTO EventRoster (ID, Event, Member, DateRegistered, Waitlisted) VALUES (672, 129, 149, '2025-07-18 04:33:00', FALSE);
INSERT INTO EventRoster (ID, Event, Member, DateRegistered, Waitlisted) VALUES (673, 129, 113, '2025-07-12 18:39:19', FALSE);
INSERT INTO EventRoster (ID, Event, Member, DateRegistered, Waitlisted) VALUES (674, 129, 190, '2025-07-13 09:20:13', FALSE);
INSERT INTO EventRoster (ID, Event, Member, DateRegistered, Waitlisted) VALUES (675, 129, 139, '2025-08-02 21:41:38', FALSE);
INSERT INTO EventRoster (ID, Event, Member, DateRegistered, Waitlisted) VALUES (676, 129, 107, '2025-07-28 08:33:01', FALSE);
INSERT INTO EventRoster (ID, Event, Member, DateRegistered, Waitlisted) VALUES (677, 129, 104, '2025-07-25 13:42:11', FALSE);
INSERT INTO EventRoster (ID, Event, Member, DateRegistered, Waitlisted) VALUES (678, 129, 140, '2025-07-23 06:13:14', FALSE);
INSERT INTO EventRoster (ID, Event, Member, DateRegistered, Waitlisted) VALUES (679, 129, 158, '2025-07-25 12:24:11', FALSE);
INSERT INTO EventRoster (ID, Event, Member, DateRegistered, Waitlisted) VALUES (680, 130, 133, '2025-08-03 14:31:56', FALSE);
INSERT INTO EventRoster (ID, Event, Member, DateRegistered, Waitlisted) VALUES (681, 130, 136, '2025-07-19 19:32:47', FALSE);
INSERT INTO EventRoster (ID, Event, Member, DateRegistered, Waitlisted) VALUES (682, 130, 141, '2025-07-18 22:29:10', FALSE);
INSERT INTO EventRoster (ID, Event, Member, DateRegistered, Waitlisted) VALUES (683, 130, 170, '2025-08-06 16:45:17', FALSE);
INSERT INTO EventRoster (ID, Event, Member, DateRegistered, Waitlisted) VALUES (684, 130, 147, '2025-07-13 02:34:06', FALSE);
INSERT INTO EventRoster (ID, Event, Member, DateRegistered, Waitlisted) VALUES (685, 130, 149, '2025-08-07 17:16:38', FALSE);
INSERT INTO EventRoster (ID, Event, Member, DateRegistered, Waitlisted) VALUES (686, 130, 124, '2025-07-28 14:26:24', FALSE);
INSERT INTO EventRoster (ID, Event, Member, DateRegistered, Waitlisted) VALUES (687, 130, 110, '2025-08-08 18:02:29', FALSE);
INSERT INTO EventRoster (ID, Event, Member, DateRegistered, Waitlisted) VALUES (688, 130, 187, '2025-08-05 02:52:35', FALSE);
INSERT INTO EventRoster (ID, Event, Member, DateRegistered, Waitlisted) VALUES (689, 130, 168, '2025-07-26 05:20:40', FALSE);
INSERT INTO EventRoster (ID, Event, Member, DateRegistered, Waitlisted) VALUES (690, 130, 154, '2025-07-15 08:44:38', FALSE);
INSERT INTO EventRoster (ID, Event, Member, DateRegistered, Waitlisted) VALUES (691, 130, 188, '2025-07-26 11:46:09', FALSE);
INSERT INTO EventRoster (ID, Event, Member, DateRegistered, Waitlisted) VALUES (692, 130, 114, '2025-07-28 02:47:19', FALSE);
INSERT INTO EventRoster (ID, Event, Member, DateRegistered, Waitlisted) VALUES (693, 130, 132, '2025-08-04 10:39:10', FALSE);
INSERT INTO EventRoster (ID, Event, Member, DateRegistered, Waitlisted) VALUES (694, 130, 105, '2025-07-18 08:12:26', FALSE);
INSERT INTO EventRoster (ID, Event, Member, DateRegistered, Waitlisted) VALUES (695, 130, 185, '2025-08-08 02:08:42', FALSE);
INSERT INTO EventRoster (ID, Event, Member, DateRegistered, Waitlisted) VALUES (696, 130, 194, '2025-07-31 01:03:52', FALSE);
INSERT INTO EventRoster (ID, Event, Member, DateRegistered, Waitlisted) VALUES (697, 130, 169, '2025-08-08 15:55:47', FALSE);
INSERT INTO EventRoster (ID, Event, Member, DateRegistered, Waitlisted) VALUES (698, 130, 189, '2025-08-01 00:39:32', FALSE);
INSERT INTO EventRoster (ID, Event, Member, DateRegistered, Waitlisted) VALUES (699, 130, 115, '2025-08-05 13:16:30', TRUE);
INSERT INTO EventRoster (ID, Event, Member, DateRegistered, Waitlisted) VALUES (700, 130, 158, '2025-07-26 23:54:04', FALSE);
INSERT INTO EventRoster (ID, Event, Member, DateRegistered, Waitlisted) VALUES (701, 131, 178, '2025-07-24 15:12:06', FALSE);
INSERT INTO EventRoster (ID, Event, Member, DateRegistered, Waitlisted) VALUES (702, 131, 114, '2025-07-16 06:35:44', FALSE);
INSERT INTO EventRoster (ID, Event, Member, DateRegistered, Waitlisted) VALUES (703, 131, 176, '2025-08-06 21:18:05', FALSE);
INSERT INTO EventRoster (ID, Event, Member, DateRegistered, Waitlisted) VALUES (704, 131, 197, '2025-07-30 15:40:41', FALSE);
INSERT INTO EventRoster (ID, Event, Member, DateRegistered, Waitlisted) VALUES (705, 131, 196, '2025-07-16 15:51:11', FALSE);
INSERT INTO EventRoster (ID, Event, Member, DateRegistered, Waitlisted) VALUES (706, 131, 171, '2025-07-28 15:42:17', TRUE);
INSERT INTO EventRoster (ID, Event, Member, DateRegistered, Waitlisted) VALUES (707, 131, 164, '2025-07-29 21:51:53', FALSE);
INSERT INTO EventRoster (ID, Event, Member, DateRegistered, Waitlisted) VALUES (708, 131, 173, '2025-08-01 23:28:19', FALSE);
INSERT INTO EventRoster (ID, Event, Member, DateRegistered, Waitlisted) VALUES (709, 131, 118, '2025-07-28 05:14:04', FALSE);
INSERT INTO EventRoster (ID, Event, Member, DateRegistered, Waitlisted) VALUES (710, 131, 127, '2025-07-31 12:34:41', FALSE);
INSERT INTO EventRoster (ID, Event, Member, DateRegistered, Waitlisted) VALUES (711, 131, 168, '2025-07-20 01:40:58', FALSE);
INSERT INTO EventRoster (ID, Event, Member, DateRegistered, Waitlisted) VALUES (712, 131, 106, '2025-08-06 19:42:41', FALSE);
INSERT INTO EventRoster (ID, Event, Member, DateRegistered, Waitlisted) VALUES (713, 131, 147, '2025-07-26 02:39:49', FALSE);
INSERT INTO EventRoster (ID, Event, Member, DateRegistered, Waitlisted) VALUES (714, 131, 165, '2025-07-20 15:54:24', TRUE);
INSERT INTO EventRoster (ID, Event, Member, DateRegistered, Waitlisted) VALUES (715, 131, 162, '2025-08-10 00:00:43', FALSE);
INSERT INTO EventRoster (ID, Event, Member, DateRegistered, Waitlisted) VALUES (716, 131, 101, '2025-07-28 13:07:44', FALSE);
INSERT INTO EventRoster (ID, Event, Member, DateRegistered, Waitlisted) VALUES (717, 131, 184, '2025-07-14 16:17:59', FALSE);
INSERT INTO EventRoster (ID, Event, Member, DateRegistered, Waitlisted) VALUES (718, 132, 188, '2025-07-26 22:31:36', FALSE);
INSERT INTO EventRoster (ID, Event, Member, DateRegistered, Waitlisted) VALUES (719, 132, 161, '2025-07-17 14:17:22', FALSE);
INSERT INTO EventRoster (ID, Event, Member, DateRegistered, Waitlisted) VALUES (720, 132, 131, '2025-07-25 07:14:11', TRUE);
INSERT INTO EventRoster (ID, Event, Member, DateRegistered, Waitlisted) VALUES (721, 132, 114, '2025-07-12 10:04:54', FALSE);
INSERT INTO EventRoster (ID, Event, Member, DateRegistered, Waitlisted) VALUES (722, 132, 189, '2025-07-20 07:14:45', FALSE);
INSERT INTO EventRoster (ID, Event, Member, DateRegistered, Waitlisted) VALUES (723, 132, 105, '2025-08-03 02:49:56', FALSE);
INSERT INTO EventRoster (ID, Event, Member, DateRegistered, Waitlisted) VALUES (724, 132, 165, '2025-07-17 00:14:01', FALSE);
INSERT INTO EventRoster (ID, Event, Member, DateRegistered, Waitlisted) VALUES (725, 132, 163, '2025-07-22 23:37:59', FALSE);
INSERT INTO EventRoster (ID, Event, Member, DateRegistered, Waitlisted) VALUES (726, 132, 106, '2025-07-11 21:40:37', FALSE);
INSERT INTO EventRoster (ID, Event, Member, DateRegistered, Waitlisted) VALUES (727, 132, 115, '2025-07-16 20:31:01', FALSE);
INSERT INTO EventRoster (ID, Event, Member, DateRegistered, Waitlisted) VALUES (728, 132, 192, '2025-07-15 16:33:44', FALSE);
INSERT INTO EventRoster (ID, Event, Member, DateRegistered, Waitlisted) VALUES (729, 132, 135, '2025-07-17 20:53:56', FALSE);
INSERT INTO EventRoster (ID, Event, Member, DateRegistered, Waitlisted) VALUES (730, 132, 166, '2025-08-09 11:06:11', FALSE);
INSERT INTO EventRoster (ID, Event, Member, DateRegistered, Waitlisted) VALUES (731, 132, 124, '2025-07-21 21:36:09', FALSE);
INSERT INTO EventRoster (ID, Event, Member, DateRegistered, Waitlisted) VALUES (732, 132, 167, '2025-07-30 20:58:59', FALSE);
INSERT INTO EventRoster (ID, Event, Member, DateRegistered, Waitlisted) VALUES (733, 132, 132, '2025-07-24 00:22:40', FALSE);
INSERT INTO EventRoster (ID, Event, Member, DateRegistered, Waitlisted) VALUES (734, 132, 122, '2025-07-20 06:41:10', FALSE);
INSERT INTO EventRoster (ID, Event, Member, DateRegistered, Waitlisted) VALUES (735, 132, 119, '2025-08-03 10:46:46', FALSE);
INSERT INTO EventRoster (ID, Event, Member, DateRegistered, Waitlisted) VALUES (736, 132, 120, '2025-08-09 07:47:23', FALSE);
INSERT INTO EventRoster (ID, Event, Member, DateRegistered, Waitlisted) VALUES (737, 132, 126, '2025-08-01 16:10:07', FALSE);
INSERT INTO EventRoster (ID, Event, Member, DateRegistered, Waitlisted) VALUES (738, 132, 144, '2025-07-25 22:58:14', FALSE);
INSERT INTO EventRoster (ID, Event, Member, DateRegistered, Waitlisted) VALUES (739, 132, 196, '2025-07-13 05:21:43', FALSE);
INSERT INTO EventRoster (ID, Event, Member, DateRegistered, Waitlisted) VALUES (740, 132, 177, '2025-07-20 01:24:47', FALSE);
INSERT INTO EventRoster (ID, Event, Member, DateRegistered, Waitlisted) VALUES (741, 132, 169, '2025-07-29 05:09:41', FALSE);
INSERT INTO EventRoster (ID, Event, Member, DateRegistered, Waitlisted) VALUES (742, 133, 171, '2025-07-15 18:06:41', FALSE);
INSERT INTO EventRoster (ID, Event, Member, DateRegistered, Waitlisted) VALUES (743, 133, 128, '2025-07-28 05:00:32', FALSE);
INSERT INTO EventRoster (ID, Event, Member, DateRegistered, Waitlisted) VALUES (744, 133, 169, '2025-07-13 07:19:19', FALSE);
INSERT INTO EventRoster (ID, Event, Member, DateRegistered, Waitlisted) VALUES (745, 133, 167, '2025-08-03 18:51:14', FALSE);
INSERT INTO EventRoster (ID, Event, Member, DateRegistered, Waitlisted) VALUES (746, 133, 127, '2025-07-23 14:52:20', TRUE);
INSERT INTO EventRoster (ID, Event, Member, DateRegistered, Waitlisted) VALUES (747, 133, 185, '2025-07-28 06:43:32', TRUE);
INSERT INTO EventRoster (ID, Event, Member, DateRegistered, Waitlisted) VALUES (748, 133, 111, '2025-07-29 05:21:21', FALSE);
INSERT INTO EventRoster (ID, Event, Member, DateRegistered, Waitlisted) VALUES (749, 133, 179, '2025-08-02 15:02:27', FALSE);
INSERT INTO EventRoster (ID, Event, Member, DateRegistered, Waitlisted) VALUES (750, 133, 145, '2025-08-05 04:45:07', TRUE);
INSERT INTO EventRoster (ID, Event, Member, DateRegistered, Waitlisted) VALUES (751, 133, 101, '2025-07-16 18:03:14', FALSE);
INSERT INTO EventRoster (ID, Event, Member, DateRegistered, Waitlisted) VALUES (752, 133, 105, '2025-07-23 16:14:52', FALSE);
INSERT INTO EventRoster (ID, Event, Member, DateRegistered, Waitlisted) VALUES (753, 134, 181, '2025-08-05 12:37:46', FALSE);
INSERT INTO EventRoster (ID, Event, Member, DateRegistered, Waitlisted) VALUES (754, 134, 190, '2025-07-29 11:59:19', FALSE);
INSERT INTO EventRoster (ID, Event, Member, DateRegistered, Waitlisted) VALUES (755, 134, 193, '2025-07-31 23:25:52', FALSE);
INSERT INTO EventRoster (ID, Event, Member, DateRegistered, Waitlisted) VALUES (756, 134, 140, '2025-08-08 23:49:02', FALSE);
INSERT INTO EventRoster (ID, Event, Member, DateRegistered, Waitlisted) VALUES (757, 134, 188, '2025-07-14 16:35:54', FALSE);
INSERT INTO EventRoster (ID, Event, Member, DateRegistered, Waitlisted) VALUES (758, 134, 162, '2025-08-01 01:12:42', FALSE);
INSERT INTO EventRoster (ID, Event, Member, DateRegistered, Waitlisted) VALUES (759, 134, 112, '2025-07-13 02:08:03', FALSE);
INSERT INTO EventRoster (ID, Event, Member, DateRegistered, Waitlisted) VALUES (760, 134, 111, '2025-08-08 13:40:24', FALSE);
INSERT INTO EventRoster (ID, Event, Member, DateRegistered, Waitlisted) VALUES (761, 134, 121, '2025-07-21 19:59:50', FALSE);
INSERT INTO EventRoster (ID, Event, Member, DateRegistered, Waitlisted) VALUES (762, 134, 148, '2025-07-13 12:28:21', FALSE);
INSERT INTO EventRoster (ID, Event, Member, DateRegistered, Waitlisted) VALUES (763, 134, 135, '2025-08-07 03:30:15', FALSE);
INSERT INTO EventRoster (ID, Event, Member, DateRegistered, Waitlisted) VALUES (764, 134, 128, '2025-07-29 23:33:44', TRUE);
INSERT INTO EventRoster (ID, Event, Member, DateRegistered, Waitlisted) VALUES (765, 134, 116, '2025-08-06 13:17:52', TRUE);
INSERT INTO EventRoster (ID, Event, Member, DateRegistered, Waitlisted) VALUES (766, 134, 130, '2025-07-19 01:49:11', FALSE);
INSERT INTO EventRoster (ID, Event, Member, DateRegistered, Waitlisted) VALUES (767, 134, 109, '2025-08-07 06:21:39', FALSE);
INSERT INTO EventRoster (ID, Event, Member, DateRegistered, Waitlisted) VALUES (768, 134, 125, '2025-07-27 09:08:04', FALSE);
INSERT INTO EventRoster (ID, Event, Member, DateRegistered, Waitlisted) VALUES (769, 134, 187, '2025-08-08 14:19:43', FALSE);
INSERT INTO EventRoster (ID, Event, Member, DateRegistered, Waitlisted) VALUES (770, 134, 178, '2025-08-02 00:15:30', FALSE);
INSERT INTO EventRoster (ID, Event, Member, DateRegistered, Waitlisted) VALUES (771, 134, 126, '2025-07-18 01:28:58', FALSE);
INSERT INTO EventRoster (ID, Event, Member, DateRegistered, Waitlisted) VALUES (772, 134, 155, '2025-07-15 04:29:49', FALSE);
INSERT INTO EventRoster (ID, Event, Member, DateRegistered, Waitlisted) VALUES (773, 134, 189, '2025-07-22 04:09:46', FALSE);
INSERT INTO EventRoster (ID, Event, Member, DateRegistered, Waitlisted) VALUES (774, 134, 113, '2025-07-27 13:59:23', FALSE);
INSERT INTO EventRoster (ID, Event, Member, DateRegistered, Waitlisted) VALUES (775, 134, 154, '2025-07-30 22:03:02', FALSE);
INSERT INTO EventRoster (ID, Event, Member, DateRegistered, Waitlisted) VALUES (776, 134, 166, '2025-08-07 18:46:32', TRUE);
INSERT INTO EventRoster (ID, Event, Member, DateRegistered, Waitlisted) VALUES (777, 134, 119, '2025-08-05 09:12:45', TRUE);
INSERT INTO EventRoster (ID, Event, Member, DateRegistered, Waitlisted) VALUES (778, 134, 150, '2025-07-25 16:24:34', FALSE);
INSERT INTO EventRoster (ID, Event, Member, DateRegistered, Waitlisted) VALUES (779, 135, 184, '2025-07-18 16:45:33', FALSE);
INSERT INTO EventRoster (ID, Event, Member, DateRegistered, Waitlisted) VALUES (780, 135, 169, '2025-07-13 18:07:54', FALSE);
INSERT INTO EventRoster (ID, Event, Member, DateRegistered, Waitlisted) VALUES (781, 135, 149, '2025-08-06 10:44:43', FALSE);
INSERT INTO EventRoster (ID, Event, Member, DateRegistered, Waitlisted) VALUES (782, 135, 175, '2025-07-30 05:54:38', FALSE);
INSERT INTO EventRoster (ID, Event, Member, DateRegistered, Waitlisted) VALUES (783, 135, 124, '2025-07-26 13:45:06', FALSE);
INSERT INTO EventRoster (ID, Event, Member, DateRegistered, Waitlisted) VALUES (784, 135, 171, '2025-08-10 01:23:23', TRUE);
INSERT INTO EventRoster (ID, Event, Member, DateRegistered, Waitlisted) VALUES (785, 135, 119, '2025-07-23 21:42:19', FALSE);
INSERT INTO EventRoster (ID, Event, Member, DateRegistered, Waitlisted) VALUES (786, 135, 125, '2025-07-16 14:14:19', FALSE);
INSERT INTO EventRoster (ID, Event, Member, DateRegistered, Waitlisted) VALUES (787, 135, 159, '2025-08-04 01:05:43', FALSE);
INSERT INTO EventRoster (ID, Event, Member, DateRegistered, Waitlisted) VALUES (788, 135, 109, '2025-07-15 05:54:21', FALSE);
INSERT INTO EventRoster (ID, Event, Member, DateRegistered, Waitlisted) VALUES (789, 135, 103, '2025-07-20 02:11:07', FALSE);
INSERT INTO EventRoster (ID, Event, Member, DateRegistered, Waitlisted) VALUES (790, 135, 163, '2025-08-07 06:38:07', FALSE);
INSERT INTO EventRoster (ID, Event, Member, DateRegistered, Waitlisted) VALUES (791, 135, 144, '2025-07-15 22:24:51', FALSE);
INSERT INTO EventRoster (ID, Event, Member, DateRegistered, Waitlisted) VALUES (792, 135, 115, '2025-08-06 11:37:13', FALSE);
INSERT INTO EventRoster (ID, Event, Member, DateRegistered, Waitlisted) VALUES (793, 135, 199, '2025-07-14 14:45:34', FALSE);
INSERT INTO EventRoster (ID, Event, Member, DateRegistered, Waitlisted) VALUES (794, 135, 145, '2025-07-14 04:47:53', FALSE);
INSERT INTO EventRoster (ID, Event, Member, DateRegistered, Waitlisted) VALUES (795, 135, 130, '2025-07-28 02:50:28', FALSE);
INSERT INTO EventRoster (ID, Event, Member, DateRegistered, Waitlisted) VALUES (796, 136, 116, '2025-07-19 13:08:12', FALSE);
INSERT INTO EventRoster (ID, Event, Member, DateRegistered, Waitlisted) VALUES (797, 136, 130, '2025-07-26 10:12:30', FALSE);
INSERT INTO EventRoster (ID, Event, Member, DateRegistered, Waitlisted) VALUES (798, 136, 164, '2025-07-15 22:37:50', FALSE);
INSERT INTO EventRoster (ID, Event, Member, DateRegistered, Waitlisted) VALUES (799, 136, 188, '2025-08-10 09:40:53', FALSE);
INSERT INTO EventRoster (ID, Event, Member, DateRegistered, Waitlisted) VALUES (800, 136, 182, '2025-07-25 13:28:53', FALSE);
INSERT INTO EventRoster (ID, Event, Member, DateRegistered, Waitlisted) VALUES (801, 136, 193, '2025-07-30 16:47:51', FALSE);
INSERT INTO EventRoster (ID, Event, Member, DateRegistered, Waitlisted) VALUES (802, 136, 110, '2025-08-09 05:05:00', FALSE);
INSERT INTO EventRoster (ID, Event, Member, DateRegistered, Waitlisted) VALUES (803, 136, 197, '2025-07-30 21:04:08', FALSE);
INSERT INTO EventRoster (ID, Event, Member, DateRegistered, Waitlisted) VALUES (804, 136, 198, '2025-07-27 13:50:06', FALSE);
INSERT INTO EventRoster (ID, Event, Member, DateRegistered, Waitlisted) VALUES (805, 136, 153, '2025-07-23 23:45:56', FALSE);
INSERT INTO EventRoster (ID, Event, Member, DateRegistered, Waitlisted) VALUES (806, 136, 150, '2025-07-19 14:40:36', FALSE);
INSERT INTO EventRoster (ID, Event, Member, DateRegistered, Waitlisted) VALUES (807, 136, 167, '2025-07-27 11:04:31', FALSE);
INSERT INTO EventRoster (ID, Event, Member, DateRegistered, Waitlisted) VALUES (808, 136, 149, '2025-08-05 18:30:20', FALSE);
INSERT INTO EventRoster (ID, Event, Member, DateRegistered, Waitlisted) VALUES (809, 136, 101, '2025-07-27 11:05:20', FALSE);
INSERT INTO EventRoster (ID, Event, Member, DateRegistered, Waitlisted) VALUES (810, 136, 139, '2025-07-17 00:32:45', FALSE);
INSERT INTO EventRoster (ID, Event, Member, DateRegistered, Waitlisted) VALUES (811, 136, 185, '2025-08-05 13:14:09', FALSE);
INSERT INTO EventRoster (ID, Event, Member, DateRegistered, Waitlisted) VALUES (812, 136, 163, '2025-08-01 17:44:50', TRUE);
INSERT INTO EventRoster (ID, Event, Member, DateRegistered, Waitlisted) VALUES (813, 136, 105, '2025-07-19 12:54:06', FALSE);
INSERT INTO EventRoster (ID, Event, Member, DateRegistered, Waitlisted) VALUES (814, 136, 140, '2025-07-21 23:12:50', FALSE);
INSERT INTO EventRoster (ID, Event, Member, DateRegistered, Waitlisted) VALUES (815, 136, 118, '2025-07-19 06:38:39', FALSE);
INSERT INTO EventRoster (ID, Event, Member, DateRegistered, Waitlisted) VALUES (816, 136, 111, '2025-07-27 23:04:49', FALSE);
INSERT INTO EventRoster (ID, Event, Member, DateRegistered, Waitlisted) VALUES (817, 136, 148, '2025-07-19 08:58:38', TRUE);
INSERT INTO EventRoster (ID, Event, Member, DateRegistered, Waitlisted) VALUES (818, 137, 121, '2025-08-05 00:34:47', FALSE);
INSERT INTO EventRoster (ID, Event, Member, DateRegistered, Waitlisted) VALUES (819, 137, 167, '2025-07-29 11:43:26', FALSE);
INSERT INTO EventRoster (ID, Event, Member, DateRegistered, Waitlisted) VALUES (820, 137, 169, '2025-08-10 05:09:36', FALSE);
INSERT INTO EventRoster (ID, Event, Member, DateRegistered, Waitlisted) VALUES (821, 137, 197, '2025-07-18 19:30:13', FALSE);
INSERT INTO EventRoster (ID, Event, Member, DateRegistered, Waitlisted) VALUES (822, 137, 138, '2025-07-15 15:18:37', FALSE);
INSERT INTO EventRoster (ID, Event, Member, DateRegistered, Waitlisted) VALUES (823, 137, 137, '2025-07-25 16:43:11', FALSE);
INSERT INTO EventRoster (ID, Event, Member, DateRegistered, Waitlisted) VALUES (824, 137, 139, '2025-08-03 18:04:05', TRUE);
INSERT INTO EventRoster (ID, Event, Member, DateRegistered, Waitlisted) VALUES (825, 137, 126, '2025-07-12 12:44:51', FALSE);
INSERT INTO EventRoster (ID, Event, Member, DateRegistered, Waitlisted) VALUES (826, 137, 111, '2025-08-01 22:10:59', FALSE);
INSERT INTO EventRoster (ID, Event, Member, DateRegistered, Waitlisted) VALUES (827, 137, 178, '2025-07-17 10:57:54', TRUE);
INSERT INTO EventRoster (ID, Event, Member, DateRegistered, Waitlisted) VALUES (828, 137, 188, '2025-07-24 06:27:53', FALSE);
INSERT INTO EventRoster (ID, Event, Member, DateRegistered, Waitlisted) VALUES (829, 137, 144, '2025-08-02 05:55:44', FALSE);
INSERT INTO EventRoster (ID, Event, Member, DateRegistered, Waitlisted) VALUES (830, 138, 172, '2025-07-23 18:42:14', FALSE);
INSERT INTO EventRoster (ID, Event, Member, DateRegistered, Waitlisted) VALUES (831, 138, 183, '2025-08-07 13:39:19', FALSE);
INSERT INTO EventRoster (ID, Event, Member, DateRegistered, Waitlisted) VALUES (832, 138, 188, '2025-08-07 21:17:46', FALSE);
INSERT INTO EventRoster (ID, Event, Member, DateRegistered, Waitlisted) VALUES (833, 138, 103, '2025-07-28 04:57:47', FALSE);
INSERT INTO EventRoster (ID, Event, Member, DateRegistered, Waitlisted) VALUES (834, 138, 189, '2025-07-26 23:08:39', FALSE);
INSERT INTO EventRoster (ID, Event, Member, DateRegistered, Waitlisted) VALUES (835, 138, 118, '2025-07-29 23:07:17', FALSE);
INSERT INTO EventRoster (ID, Event, Member, DateRegistered, Waitlisted) VALUES (836, 138, 175, '2025-07-19 14:53:55', FALSE);
INSERT INTO EventRoster (ID, Event, Member, DateRegistered, Waitlisted) VALUES (837, 138, 160, '2025-07-21 03:05:41', FALSE);
INSERT INTO EventRoster (ID, Event, Member, DateRegistered, Waitlisted) VALUES (838, 138, 104, '2025-07-11 18:20:37', FALSE);
INSERT INTO EventRoster (ID, Event, Member, DateRegistered, Waitlisted) VALUES (839, 138, 199, '2025-07-15 04:00:58', FALSE);
INSERT INTO EventRoster (ID, Event, Member, DateRegistered, Waitlisted) VALUES (840, 138, 184, '2025-07-17 16:07:13', FALSE);
INSERT INTO EventRoster (ID, Event, Member, DateRegistered, Waitlisted) VALUES (841, 138, 173, '2025-08-04 08:12:28', FALSE);
INSERT INTO EventRoster (ID, Event, Member, DateRegistered, Waitlisted) VALUES (842, 138, 156, '2025-07-14 11:18:18', FALSE);
INSERT INTO EventRoster (ID, Event, Member, DateRegistered, Waitlisted) VALUES (843, 138, 194, '2025-07-28 03:22:51', FALSE);
INSERT INTO EventRoster (ID, Event, Member, DateRegistered, Waitlisted) VALUES (844, 138, 123, '2025-08-05 11:23:38', FALSE);
INSERT INTO EventRoster (ID, Event, Member, DateRegistered, Waitlisted) VALUES (845, 138, 197, '2025-08-02 16:05:59', FALSE);
INSERT INTO EventRoster (ID, Event, Member, DateRegistered, Waitlisted) VALUES (846, 138, 102, '2025-07-25 09:11:51', FALSE);
INSERT INTO EventRoster (ID, Event, Member, DateRegistered, Waitlisted) VALUES (847, 138, 107, '2025-08-02 23:01:16', FALSE);
INSERT INTO EventRoster (ID, Event, Member, DateRegistered, Waitlisted) VALUES (848, 138, 149, '2025-07-12 00:54:46', FALSE);
INSERT INTO EventRoster (ID, Event, Member, DateRegistered, Waitlisted) VALUES (849, 138, 162, '2025-08-08 19:44:38', FALSE);
INSERT INTO EventRoster (ID, Event, Member, DateRegistered, Waitlisted) VALUES (850, 139, 181, '2025-07-19 18:12:10', FALSE);
INSERT INTO EventRoster (ID, Event, Member, DateRegistered, Waitlisted) VALUES (851, 139, 104, '2025-07-18 23:01:03', FALSE);
INSERT INTO EventRoster (ID, Event, Member, DateRegistered, Waitlisted) VALUES (852, 139, 174, '2025-07-22 18:01:08', FALSE);
INSERT INTO EventRoster (ID, Event, Member, DateRegistered, Waitlisted) VALUES (853, 139, 105, '2025-07-24 23:28:38', FALSE);
INSERT INTO EventRoster (ID, Event, Member, DateRegistered, Waitlisted) VALUES (854, 139, 133, '2025-08-04 19:01:54', FALSE);
INSERT INTO EventRoster (ID, Event, Member, DateRegistered, Waitlisted) VALUES (855, 139, 188, '2025-07-22 12:39:27', FALSE);
INSERT INTO EventRoster (ID, Event, Member, DateRegistered, Waitlisted) VALUES (856, 139, 194, '2025-08-08 17:05:36', FALSE);
INSERT INTO EventRoster (ID, Event, Member, DateRegistered, Waitlisted) VALUES (857, 139, 132, '2025-07-31 00:28:37', FALSE);
INSERT INTO EventRoster (ID, Event, Member, DateRegistered, Waitlisted) VALUES (858, 139, 177, '2025-07-31 13:39:31', FALSE);
INSERT INTO EventRoster (ID, Event, Member, DateRegistered, Waitlisted) VALUES (859, 139, 108, '2025-07-21 19:42:32', FALSE);
INSERT INTO EventRoster (ID, Event, Member, DateRegistered, Waitlisted) VALUES (860, 139, 122, '2025-08-06 04:33:42', FALSE);
INSERT INTO EventRoster (ID, Event, Member, DateRegistered, Waitlisted) VALUES (861, 139, 109, '2025-07-21 11:26:11', TRUE);
INSERT INTO EventRoster (ID, Event, Member, DateRegistered, Waitlisted) VALUES (862, 139, 187, '2025-07-16 13:46:46', FALSE);
INSERT INTO EventRoster (ID, Event, Member, DateRegistered, Waitlisted) VALUES (863, 139, 100, '2025-07-31 20:52:46', FALSE);
INSERT INTO EventRoster (ID, Event, Member, DateRegistered, Waitlisted) VALUES (864, 140, 157, '2025-07-12 13:07:24', FALSE);
INSERT INTO EventRoster (ID, Event, Member, DateRegistered, Waitlisted) VALUES (865, 140, 163, '2025-07-16 08:02:22', FALSE);
INSERT INTO EventRoster (ID, Event, Member, DateRegistered, Waitlisted) VALUES (866, 140, 172, '2025-07-21 09:01:40', FALSE);
INSERT INTO EventRoster (ID, Event, Member, DateRegistered, Waitlisted) VALUES (867, 140, 108, '2025-07-27 01:19:14', FALSE);
INSERT INTO EventRoster (ID, Event, Member, DateRegistered, Waitlisted) VALUES (868, 140, 196, '2025-07-19 15:29:33', FALSE);
INSERT INTO EventRoster (ID, Event, Member, DateRegistered, Waitlisted) VALUES (869, 140, 120, '2025-07-13 18:55:35', FALSE);
INSERT INTO EventRoster (ID, Event, Member, DateRegistered, Waitlisted) VALUES (870, 140, 187, '2025-07-29 10:09:35', FALSE);
INSERT INTO EventRoster (ID, Event, Member, DateRegistered, Waitlisted) VALUES (871, 140, 127, '2025-07-13 03:40:38', FALSE);
INSERT INTO EventRoster (ID, Event, Member, DateRegistered, Waitlisted) VALUES (872, 140, 106, '2025-07-29 02:38:04', FALSE);
INSERT INTO EventRoster (ID, Event, Member, DateRegistered, Waitlisted) VALUES (873, 140, 177, '2025-07-16 13:37:53', FALSE);
INSERT INTO EventRoster (ID, Event, Member, DateRegistered, Waitlisted) VALUES (874, 140, 156, '2025-07-29 09:43:36', FALSE);
INSERT INTO EventRoster (ID, Event, Member, DateRegistered, Waitlisted) VALUES (875, 140, 107, '2025-08-08 18:05:23', FALSE);
INSERT INTO EventRoster (ID, Event, Member, DateRegistered, Waitlisted) VALUES (876, 140, 115, '2025-07-28 08:26:56', TRUE);
INSERT INTO EventRoster (ID, Event, Member, DateRegistered, Waitlisted) VALUES (877, 140, 174, '2025-07-13 05:39:29', FALSE);
INSERT INTO EventRoster (ID, Event, Member, DateRegistered, Waitlisted) VALUES (878, 140, 162, '2025-08-07 14:06:09', FALSE);
INSERT INTO EventRoster (ID, Event, Member, DateRegistered, Waitlisted) VALUES (879, 140, 185, '2025-07-25 06:43:20', TRUE);
INSERT INTO EventRoster (ID, Event, Member, DateRegistered, Waitlisted) VALUES (880, 141, 128, '2025-08-05 18:32:45', FALSE);
INSERT INTO EventRoster (ID, Event, Member, DateRegistered, Waitlisted) VALUES (881, 141, 154, '2025-07-18 05:50:38', FALSE);
INSERT INTO EventRoster (ID, Event, Member, DateRegistered, Waitlisted) VALUES (882, 141, 101, '2025-07-30 05:34:54', FALSE);
INSERT INTO EventRoster (ID, Event, Member, DateRegistered, Waitlisted) VALUES (883, 141, 172, '2025-08-02 04:34:24', FALSE);
INSERT INTO EventRoster (ID, Event, Member, DateRegistered, Waitlisted) VALUES (884, 141, 148, '2025-07-14 08:55:02', FALSE);
INSERT INTO EventRoster (ID, Event, Member, DateRegistered, Waitlisted) VALUES (885, 141, 140, '2025-07-30 14:24:33', FALSE);
INSERT INTO EventRoster (ID, Event, Member, DateRegistered, Waitlisted) VALUES (886, 141, 111, '2025-07-12 01:45:00', FALSE);
INSERT INTO EventRoster (ID, Event, Member, DateRegistered, Waitlisted) VALUES (887, 141, 119, '2025-07-22 13:28:14', FALSE);
INSERT INTO EventRoster (ID, Event, Member, DateRegistered, Waitlisted) VALUES (888, 141, 188, '2025-07-21 10:29:04', FALSE);
INSERT INTO EventRoster (ID, Event, Member, DateRegistered, Waitlisted) VALUES (889, 141, 174, '2025-07-30 22:40:26', TRUE);
INSERT INTO EventRoster (ID, Event, Member, DateRegistered, Waitlisted) VALUES (890, 141, 162, '2025-07-23 04:15:13', FALSE);
INSERT INTO EventRoster (ID, Event, Member, DateRegistered, Waitlisted) VALUES (891, 141, 136, '2025-07-31 03:47:36', FALSE);
INSERT INTO EventRoster (ID, Event, Member, DateRegistered, Waitlisted) VALUES (892, 141, 102, '2025-07-13 06:19:39', FALSE);
INSERT INTO EventRoster (ID, Event, Member, DateRegistered, Waitlisted) VALUES (893, 141, 118, '2025-07-27 07:29:23', FALSE);
INSERT INTO EventRoster (ID, Event, Member, DateRegistered, Waitlisted) VALUES (894, 141, 116, '2025-07-19 22:22:07', TRUE);
INSERT INTO EventRoster (ID, Event, Member, DateRegistered, Waitlisted) VALUES (895, 141, 199, '2025-07-28 05:20:16', FALSE);
INSERT INTO EventRoster (ID, Event, Member, DateRegistered, Waitlisted) VALUES (896, 141, 192, '2025-07-13 18:24:47', FALSE);
INSERT INTO EventRoster (ID, Event, Member, DateRegistered, Waitlisted) VALUES (897, 141, 132, '2025-07-18 01:37:41', TRUE);
INSERT INTO EventRoster (ID, Event, Member, DateRegistered, Waitlisted) VALUES (898, 141, 112, '2025-07-20 23:17:35', TRUE);
INSERT INTO EventRoster (ID, Event, Member, DateRegistered, Waitlisted) VALUES (899, 141, 197, '2025-07-30 03:39:05', TRUE);
INSERT INTO EventRoster (ID, Event, Member, DateRegistered, Waitlisted) VALUES (900, 141, 193, '2025-08-06 06:38:32', TRUE);
INSERT INTO EventRoster (ID, Event, Member, DateRegistered, Waitlisted) VALUES (901, 142, 103, '2025-07-24 12:51:50', FALSE);
INSERT INTO EventRoster (ID, Event, Member, DateRegistered, Waitlisted) VALUES (902, 142, 139, '2025-07-17 03:15:40', FALSE);
INSERT INTO EventRoster (ID, Event, Member, DateRegistered, Waitlisted) VALUES (903, 142, 184, '2025-07-22 08:29:02', FALSE);
INSERT INTO EventRoster (ID, Event, Member, DateRegistered, Waitlisted) VALUES (904, 142, 158, '2025-08-03 22:40:53', TRUE);
INSERT INTO EventRoster (ID, Event, Member, DateRegistered, Waitlisted) VALUES (905, 142, 152, '2025-07-12 06:30:44', FALSE);
INSERT INTO EventRoster (ID, Event, Member, DateRegistered, Waitlisted) VALUES (906, 142, 127, '2025-08-03 06:26:00', FALSE);
INSERT INTO EventRoster (ID, Event, Member, DateRegistered, Waitlisted) VALUES (907, 142, 101, '2025-07-29 09:15:27', TRUE);
INSERT INTO EventRoster (ID, Event, Member, DateRegistered, Waitlisted) VALUES (908, 142, 199, '2025-07-31 15:31:34', FALSE);
INSERT INTO EventRoster (ID, Event, Member, DateRegistered, Waitlisted) VALUES (909, 142, 102, '2025-07-14 07:41:43', FALSE);
INSERT INTO EventRoster (ID, Event, Member, DateRegistered, Waitlisted) VALUES (910, 142, 156, '2025-07-11 15:56:52', FALSE);
INSERT INTO EventRoster (ID, Event, Member, DateRegistered, Waitlisted) VALUES (911, 142, 108, '2025-07-20 21:45:14', FALSE);
INSERT INTO EventRoster (ID, Event, Member, DateRegistered, Waitlisted) VALUES (912, 142, 109, '2025-07-11 14:04:45', FALSE);
INSERT INTO EventRoster (ID, Event, Member, DateRegistered, Waitlisted) VALUES (913, 142, 125, '2025-08-09 12:22:28', FALSE);
INSERT INTO EventRoster (ID, Event, Member, DateRegistered, Waitlisted) VALUES (914, 142, 154, '2025-08-06 06:56:38', FALSE);
INSERT INTO EventRoster (ID, Event, Member, DateRegistered, Waitlisted) VALUES (915, 142, 117, '2025-07-21 07:24:42', FALSE);
INSERT INTO EventRoster (ID, Event, Member, DateRegistered, Waitlisted) VALUES (916, 142, 161, '2025-07-24 06:31:30', FALSE);
INSERT INTO EventRoster (ID, Event, Member, DateRegistered, Waitlisted) VALUES (917, 142, 144, '2025-07-25 20:25:58', FALSE);
INSERT INTO EventRoster (ID, Event, Member, DateRegistered, Waitlisted) VALUES (918, 142, 121, '2025-07-21 16:29:47', FALSE);
INSERT INTO EventRoster (ID, Event, Member, DateRegistered, Waitlisted) VALUES (919, 142, 164, '2025-07-28 02:37:46', TRUE);
INSERT INTO EventRoster (ID, Event, Member, DateRegistered, Waitlisted) VALUES (920, 142, 148, '2025-07-27 05:26:17', FALSE);
INSERT INTO EventRoster (ID, Event, Member, DateRegistered, Waitlisted) VALUES (921, 142, 171, '2025-07-24 00:42:08', FALSE);
INSERT INTO EventRoster (ID, Event, Member, DateRegistered, Waitlisted) VALUES (922, 142, 197, '2025-08-03 03:13:14', FALSE);
INSERT INTO EventRoster (ID, Event, Member, DateRegistered, Waitlisted) VALUES (923, 142, 181, '2025-07-16 22:21:17', FALSE);
INSERT INTO EventRoster (ID, Event, Member, DateRegistered, Waitlisted) VALUES (924, 142, 130, '2025-07-23 16:47:10', FALSE);
INSERT INTO EventRoster (ID, Event, Member, DateRegistered, Waitlisted) VALUES (925, 142, 198, '2025-08-06 00:42:59', FALSE);
INSERT INTO EventRoster (ID, Event, Member, DateRegistered, Waitlisted) VALUES (926, 142, 166, '2025-07-21 09:03:09', FALSE);
INSERT INTO EventRoster (ID, Event, Member, DateRegistered, Waitlisted) VALUES (927, 142, 137, '2025-07-25 20:11:39', TRUE);
INSERT INTO EventRoster (ID, Event, Member, DateRegistered, Waitlisted) VALUES (928, 143, 133, '2025-07-11 12:04:12', FALSE);
INSERT INTO EventRoster (ID, Event, Member, DateRegistered, Waitlisted) VALUES (929, 143, 173, '2025-07-20 23:26:35', FALSE);
INSERT INTO EventRoster (ID, Event, Member, DateRegistered, Waitlisted) VALUES (930, 143, 140, '2025-07-31 11:41:03', FALSE);
INSERT INTO EventRoster (ID, Event, Member, DateRegistered, Waitlisted) VALUES (931, 143, 153, '2025-07-13 17:52:34', FALSE);
INSERT INTO EventRoster (ID, Event, Member, DateRegistered, Waitlisted) VALUES (932, 143, 142, '2025-08-05 09:27:08', FALSE);
INSERT INTO EventRoster (ID, Event, Member, DateRegistered, Waitlisted) VALUES (933, 143, 182, '2025-07-19 06:53:48', FALSE);
INSERT INTO EventRoster (ID, Event, Member, DateRegistered, Waitlisted) VALUES (934, 143, 121, '2025-07-27 22:05:46', FALSE);
INSERT INTO EventRoster (ID, Event, Member, DateRegistered, Waitlisted) VALUES (935, 143, 184, '2025-08-07 02:41:57', FALSE);
INSERT INTO EventRoster (ID, Event, Member, DateRegistered, Waitlisted) VALUES (936, 143, 101, '2025-07-24 17:02:44', FALSE);
INSERT INTO EventRoster (ID, Event, Member, DateRegistered, Waitlisted) VALUES (937, 143, 170, '2025-08-04 20:47:35', FALSE);
INSERT INTO EventRoster (ID, Event, Member, DateRegistered, Waitlisted) VALUES (938, 143, 122, '2025-07-15 21:37:22', FALSE);
INSERT INTO EventRoster (ID, Event, Member, DateRegistered, Waitlisted) VALUES (939, 143, 191, '2025-08-04 06:27:04', FALSE);
INSERT INTO EventRoster (ID, Event, Member, DateRegistered, Waitlisted) VALUES (940, 143, 169, '2025-07-31 17:35:47', FALSE);
INSERT INTO EventRoster (ID, Event, Member, DateRegistered, Waitlisted) VALUES (941, 143, 176, '2025-07-16 22:30:53', FALSE);
INSERT INTO EventRoster (ID, Event, Member, DateRegistered, Waitlisted) VALUES (942, 143, 144, '2025-08-05 13:08:59', FALSE);
INSERT INTO EventRoster (ID, Event, Member, DateRegistered, Waitlisted) VALUES (943, 143, 156, '2025-07-30 05:05:20', FALSE);
INSERT INTO EventRoster (ID, Event, Member, DateRegistered, Waitlisted) VALUES (944, 143, 131, '2025-07-13 19:18:18', FALSE);
INSERT INTO EventRoster (ID, Event, Member, DateRegistered, Waitlisted) VALUES (945, 143, 137, '2025-07-27 23:46:53', FALSE);
INSERT INTO EventRoster (ID, Event, Member, DateRegistered, Waitlisted) VALUES (946, 143, 109, '2025-07-21 04:45:19', FALSE);
INSERT INTO EventRoster (ID, Event, Member, DateRegistered, Waitlisted) VALUES (947, 144, 184, '2025-08-02 11:50:02', FALSE);
INSERT INTO EventRoster (ID, Event, Member, DateRegistered, Waitlisted) VALUES (948, 144, 183, '2025-07-27 17:40:49', FALSE);
INSERT INTO EventRoster (ID, Event, Member, DateRegistered, Waitlisted) VALUES (949, 144, 116, '2025-08-08 19:17:09', FALSE);
INSERT INTO EventRoster (ID, Event, Member, DateRegistered, Waitlisted) VALUES (950, 144, 149, '2025-07-27 23:47:08', FALSE);
INSERT INTO EventRoster (ID, Event, Member, DateRegistered, Waitlisted) VALUES (951, 144, 143, '2025-07-12 07:38:29', TRUE);
INSERT INTO EventRoster (ID, Event, Member, DateRegistered, Waitlisted) VALUES (952, 144, 136, '2025-07-12 15:56:51', FALSE);
INSERT INTO EventRoster (ID, Event, Member, DateRegistered, Waitlisted) VALUES (953, 144, 139, '2025-07-14 19:10:18', TRUE);
INSERT INTO EventRoster (ID, Event, Member, DateRegistered, Waitlisted) VALUES (954, 144, 125, '2025-07-27 13:58:50', FALSE);
INSERT INTO EventRoster (ID, Event, Member, DateRegistered, Waitlisted) VALUES (955, 144, 129, '2025-07-24 10:54:20', FALSE);
INSERT INTO EventRoster (ID, Event, Member, DateRegistered, Waitlisted) VALUES (956, 144, 168, '2025-07-16 12:30:42', FALSE);
INSERT INTO EventRoster (ID, Event, Member, DateRegistered, Waitlisted) VALUES (957, 144, 113, '2025-08-04 01:55:06', FALSE);
INSERT INTO EventRoster (ID, Event, Member, DateRegistered, Waitlisted) VALUES (958, 144, 123, '2025-07-17 11:19:24', FALSE);
INSERT INTO EventRoster (ID, Event, Member, DateRegistered, Waitlisted) VALUES (959, 144, 151, '2025-07-21 10:11:56', FALSE);
INSERT INTO EventRoster (ID, Event, Member, DateRegistered, Waitlisted) VALUES (960, 144, 106, '2025-07-20 05:27:03', FALSE);
INSERT INTO EventRoster (ID, Event, Member, DateRegistered, Waitlisted) VALUES (961, 144, 103, '2025-07-17 14:59:18', FALSE);
INSERT INTO EventRoster (ID, Event, Member, DateRegistered, Waitlisted) VALUES (962, 144, 199, '2025-08-09 02:31:59', TRUE);
INSERT INTO EventRoster (ID, Event, Member, DateRegistered, Waitlisted) VALUES (963, 144, 112, '2025-07-27 11:11:18', FALSE);
INSERT INTO EventRoster (ID, Event, Member, DateRegistered, Waitlisted) VALUES (964, 144, 145, '2025-07-15 05:18:41', FALSE);
INSERT INTO EventRoster (ID, Event, Member, DateRegistered, Waitlisted) VALUES (965, 144, 144, '2025-08-03 19:28:07', FALSE);
INSERT INTO EventRoster (ID, Event, Member, DateRegistered, Waitlisted) VALUES (966, 144, 109, '2025-07-21 07:15:51', FALSE);
INSERT INTO EventRoster (ID, Event, Member, DateRegistered, Waitlisted) VALUES (967, 144, 189, '2025-08-09 06:42:56', FALSE);
INSERT INTO EventRoster (ID, Event, Member, DateRegistered, Waitlisted) VALUES (968, 145, 180, '2025-07-30 03:56:39', FALSE);
INSERT INTO EventRoster (ID, Event, Member, DateRegistered, Waitlisted) VALUES (969, 145, 108, '2025-08-08 05:40:57', FALSE);
INSERT INTO EventRoster (ID, Event, Member, DateRegistered, Waitlisted) VALUES (970, 145, 193, '2025-07-22 13:18:05', FALSE);
INSERT INTO EventRoster (ID, Event, Member, DateRegistered, Waitlisted) VALUES (971, 145, 191, '2025-07-16 07:25:38', FALSE);
INSERT INTO EventRoster (ID, Event, Member, DateRegistered, Waitlisted) VALUES (972, 145, 167, '2025-08-09 05:30:44', TRUE);
INSERT INTO EventRoster (ID, Event, Member, DateRegistered, Waitlisted) VALUES (973, 145, 111, '2025-07-23 19:06:17', FALSE);
INSERT INTO EventRoster (ID, Event, Member, DateRegistered, Waitlisted) VALUES (974, 145, 129, '2025-07-14 13:01:36', TRUE);
INSERT INTO EventRoster (ID, Event, Member, DateRegistered, Waitlisted) VALUES (975, 145, 158, '2025-07-31 15:18:02', FALSE);
INSERT INTO EventRoster (ID, Event, Member, DateRegistered, Waitlisted) VALUES (976, 145, 169, '2025-07-26 12:42:40', FALSE);
INSERT INTO EventRoster (ID, Event, Member, DateRegistered, Waitlisted) VALUES (977, 145, 130, '2025-07-19 12:34:01', TRUE);
INSERT INTO EventRoster (ID, Event, Member, DateRegistered, Waitlisted) VALUES (978, 145, 140, '2025-07-16 04:46:44', FALSE);
INSERT INTO EventRoster (ID, Event, Member, DateRegistered, Waitlisted) VALUES (979, 145, 107, '2025-07-26 15:49:24', FALSE);
INSERT INTO EventRoster (ID, Event, Member, DateRegistered, Waitlisted) VALUES (980, 145, 183, '2025-08-03 02:48:37', FALSE);
INSERT INTO EventRoster (ID, Event, Member, DateRegistered, Waitlisted) VALUES (981, 145, 112, '2025-08-05 00:13:20', FALSE);
INSERT INTO EventRoster (ID, Event, Member, DateRegistered, Waitlisted) VALUES (982, 145, 154, '2025-07-17 17:59:52', FALSE);
INSERT INTO EventRoster (ID, Event, Member, DateRegistered, Waitlisted) VALUES (983, 145, 121, '2025-08-09 07:26:46', TRUE);
INSERT INTO EventRoster (ID, Event, Member, DateRegistered, Waitlisted) VALUES (984, 145, 102, '2025-07-14 04:09:46', FALSE);
INSERT INTO EventRoster (ID, Event, Member, DateRegistered, Waitlisted) VALUES (985, 145, 156, '2025-07-13 19:07:04', FALSE);
INSERT INTO EventRoster (ID, Event, Member, DateRegistered, Waitlisted) VALUES (986, 145, 166, '2025-07-18 00:10:01', FALSE);
INSERT INTO EventRoster (ID, Event, Member, DateRegistered, Waitlisted) VALUES (987, 145, 126, '2025-08-09 18:53:27', FALSE);
INSERT INTO EventRoster (ID, Event, Member, DateRegistered, Waitlisted) VALUES (988, 146, 118, '2025-07-11 16:58:18', FALSE);
INSERT INTO EventRoster (ID, Event, Member, DateRegistered, Waitlisted) VALUES (989, 146, 143, '2025-07-30 12:36:00', FALSE);
INSERT INTO EventRoster (ID, Event, Member, DateRegistered, Waitlisted) VALUES (990, 146, 167, '2025-07-22 03:14:40', FALSE);
INSERT INTO EventRoster (ID, Event, Member, DateRegistered, Waitlisted) VALUES (991, 146, 194, '2025-08-07 11:18:51', FALSE);
INSERT INTO EventRoster (ID, Event, Member, DateRegistered, Waitlisted) VALUES (992, 146, 164, '2025-07-17 05:13:39', FALSE);
INSERT INTO EventRoster (ID, Event, Member, DateRegistered, Waitlisted) VALUES (993, 146, 188, '2025-08-10 04:09:19', FALSE);
INSERT INTO EventRoster (ID, Event, Member, DateRegistered, Waitlisted) VALUES (994, 146, 154, '2025-08-06 11:41:31', FALSE);
INSERT INTO EventRoster (ID, Event, Member, DateRegistered, Waitlisted) VALUES (995, 146, 163, '2025-07-30 20:21:59', FALSE);
INSERT INTO EventRoster (ID, Event, Member, DateRegistered, Waitlisted) VALUES (996, 146, 155, '2025-07-19 14:45:59', FALSE);
INSERT INTO EventRoster (ID, Event, Member, DateRegistered, Waitlisted) VALUES (997, 146, 119, '2025-07-16 11:12:44', FALSE);
INSERT INTO EventRoster (ID, Event, Member, DateRegistered, Waitlisted) VALUES (998, 146, 103, '2025-08-08 09:17:16', FALSE);
INSERT INTO EventRoster (ID, Event, Member, DateRegistered, Waitlisted) VALUES (999, 146, 197, '2025-08-10 01:25:36', FALSE);
INSERT INTO EventRoster (ID, Event, Member, DateRegistered, Waitlisted) VALUES (1000, 146, 140, '2025-07-28 22:11:42', TRUE);
INSERT INTO EventRoster (ID, Event, Member, DateRegistered, Waitlisted) VALUES (1001, 146, 158, '2025-08-01 03:37:15', TRUE);
INSERT INTO EventRoster (ID, Event, Member, DateRegistered, Waitlisted) VALUES (1002, 146, 113, '2025-08-09 13:26:20', FALSE);
INSERT INTO EventRoster (ID, Event, Member, DateRegistered, Waitlisted) VALUES (1003, 146, 132, '2025-08-02 10:12:32', FALSE);
INSERT INTO EventRoster (ID, Event, Member, DateRegistered, Waitlisted) VALUES (1004, 146, 175, '2025-07-28 08:31:41', FALSE);
INSERT INTO EventRoster (ID, Event, Member, DateRegistered, Waitlisted) VALUES (1005, 146, 182, '2025-07-29 08:34:03', FALSE);
INSERT INTO EventRoster (ID, Event, Member, DateRegistered, Waitlisted) VALUES (1006, 146, 156, '2025-08-03 17:02:15', FALSE);
INSERT INTO EventRoster (ID, Event, Member, DateRegistered, Waitlisted) VALUES (1007, 146, 192, '2025-08-04 12:27:19', FALSE);
INSERT INTO EventRoster (ID, Event, Member, DateRegistered, Waitlisted) VALUES (1008, 146, 136, '2025-07-12 17:02:57', FALSE);
INSERT INTO EventRoster (ID, Event, Member, DateRegistered, Waitlisted) VALUES (1009, 146, 105, '2025-08-03 03:22:27', FALSE);
INSERT INTO EventRoster (ID, Event, Member, DateRegistered, Waitlisted) VALUES (1010, 146, 121, '2025-08-08 05:11:08', FALSE);
INSERT INTO EventRoster (ID, Event, Member, DateRegistered, Waitlisted) VALUES (1011, 146, 187, '2025-08-03 21:39:13', FALSE);
INSERT INTO EventRoster (ID, Event, Member, DateRegistered, Waitlisted) VALUES (1012, 146, 180, '2025-08-03 02:14:35', FALSE);
INSERT INTO EventRoster (ID, Event, Member, DateRegistered, Waitlisted) VALUES (1013, 147, 188, '2025-07-15 01:04:20', FALSE);
INSERT INTO EventRoster (ID, Event, Member, DateRegistered, Waitlisted) VALUES (1014, 147, 172, '2025-07-13 13:50:55', FALSE);
INSERT INTO EventRoster (ID, Event, Member, DateRegistered, Waitlisted) VALUES (1015, 147, 100, '2025-08-09 09:47:34', FALSE);
INSERT INTO EventRoster (ID, Event, Member, DateRegistered, Waitlisted) VALUES (1016, 147, 110, '2025-08-10 00:14:51', FALSE);
INSERT INTO EventRoster (ID, Event, Member, DateRegistered, Waitlisted) VALUES (1017, 147, 166, '2025-08-01 17:20:46', FALSE);
INSERT INTO EventRoster (ID, Event, Member, DateRegistered, Waitlisted) VALUES (1018, 147, 134, '2025-07-25 00:52:25', FALSE);
INSERT INTO EventRoster (ID, Event, Member, DateRegistered, Waitlisted) VALUES (1019, 147, 147, '2025-07-25 04:30:22', TRUE);
INSERT INTO EventRoster (ID, Event, Member, DateRegistered, Waitlisted) VALUES (1020, 147, 178, '2025-08-04 06:19:16', FALSE);
INSERT INTO EventRoster (ID, Event, Member, DateRegistered, Waitlisted) VALUES (1021, 147, 149, '2025-07-12 09:24:00', FALSE);
INSERT INTO EventRoster (ID, Event, Member, DateRegistered, Waitlisted) VALUES (1022, 147, 142, '2025-07-22 08:46:55', FALSE);
INSERT INTO EventRoster (ID, Event, Member, DateRegistered, Waitlisted) VALUES (1023, 147, 105, '2025-08-05 17:08:21', FALSE);
INSERT INTO EventRoster (ID, Event, Member, DateRegistered, Waitlisted) VALUES (1024, 147, 150, '2025-08-07 20:52:35', FALSE);
INSERT INTO EventRoster (ID, Event, Member, DateRegistered, Waitlisted) VALUES (1025, 147, 189, '2025-07-30 21:13:54', FALSE);
INSERT INTO EventRoster (ID, Event, Member, DateRegistered, Waitlisted) VALUES (1026, 147, 136, '2025-07-11 17:32:12', FALSE);
INSERT INTO EventRoster (ID, Event, Member, DateRegistered, Waitlisted) VALUES (1027, 147, 113, '2025-08-07 12:29:35', FALSE);
INSERT INTO EventRoster (ID, Event, Member, DateRegistered, Waitlisted) VALUES (1028, 147, 156, '2025-08-09 18:44:17', TRUE);
INSERT INTO EventRoster (ID, Event, Member, DateRegistered, Waitlisted) VALUES (1029, 148, 121, '2025-08-09 02:38:53', FALSE);
INSERT INTO EventRoster (ID, Event, Member, DateRegistered, Waitlisted) VALUES (1030, 148, 138, '2025-08-01 23:06:22', FALSE);
INSERT INTO EventRoster (ID, Event, Member, DateRegistered, Waitlisted) VALUES (1031, 148, 189, '2025-07-26 09:19:12', FALSE);
INSERT INTO EventRoster (ID, Event, Member, DateRegistered, Waitlisted) VALUES (1032, 148, 176, '2025-07-14 15:52:41', FALSE);
INSERT INTO EventRoster (ID, Event, Member, DateRegistered, Waitlisted) VALUES (1033, 148, 197, '2025-07-12 16:55:32', FALSE);
INSERT INTO EventRoster (ID, Event, Member, DateRegistered, Waitlisted) VALUES (1034, 148, 147, '2025-08-05 17:53:52', FALSE);
INSERT INTO EventRoster (ID, Event, Member, DateRegistered, Waitlisted) VALUES (1035, 148, 104, '2025-07-29 23:21:45', FALSE);
INSERT INTO EventRoster (ID, Event, Member, DateRegistered, Waitlisted) VALUES (1036, 148, 198, '2025-07-23 17:20:19', FALSE);
INSERT INTO EventRoster (ID, Event, Member, DateRegistered, Waitlisted) VALUES (1037, 148, 148, '2025-07-30 06:00:46', FALSE);
INSERT INTO EventRoster (ID, Event, Member, DateRegistered, Waitlisted) VALUES (1038, 148, 127, '2025-07-13 07:11:39', FALSE);
INSERT INTO EventRoster (ID, Event, Member, DateRegistered, Waitlisted) VALUES (1039, 148, 151, '2025-07-21 14:40:43', FALSE);
INSERT INTO EventRoster (ID, Event, Member, DateRegistered, Waitlisted) VALUES (1040, 148, 117, '2025-07-25 06:15:30', FALSE);
INSERT INTO EventRoster (ID, Event, Member, DateRegistered, Waitlisted) VALUES (1041, 149, 141, '2025-07-21 15:57:09', TRUE);
INSERT INTO EventRoster (ID, Event, Member, DateRegistered, Waitlisted) VALUES (1042, 149, 180, '2025-07-26 07:12:56', FALSE);
INSERT INTO EventRoster (ID, Event, Member, DateRegistered, Waitlisted) VALUES (1043, 149, 126, '2025-07-13 19:39:00', FALSE);
INSERT INTO EventRoster (ID, Event, Member, DateRegistered, Waitlisted) VALUES (1044, 149, 168, '2025-07-26 14:44:15', FALSE);
INSERT INTO EventRoster (ID, Event, Member, DateRegistered, Waitlisted) VALUES (1045, 149, 115, '2025-07-13 15:22:17', FALSE);
INSERT INTO EventRoster (ID, Event, Member, DateRegistered, Waitlisted) VALUES (1046, 149, 169, '2025-08-08 19:39:24', FALSE);
INSERT INTO EventRoster (ID, Event, Member, DateRegistered, Waitlisted) VALUES (1047, 149, 198, '2025-07-28 15:12:45', FALSE);
INSERT INTO EventRoster (ID, Event, Member, DateRegistered, Waitlisted) VALUES (1048, 149, 125, '2025-07-18 15:29:20', FALSE);
INSERT INTO EventRoster (ID, Event, Member, DateRegistered, Waitlisted) VALUES (1049, 149, 199, '2025-07-29 11:03:10', TRUE);
INSERT INTO EventRoster (ID, Event, Member, DateRegistered, Waitlisted) VALUES (1050, 149, 149, '2025-07-28 13:36:17', FALSE);
INSERT INTO EventRoster (ID, Event, Member, DateRegistered, Waitlisted) VALUES (1051, 149, 161, '2025-08-03 11:51:02', FALSE);
INSERT INTO EventRoster (ID, Event, Member, DateRegistered, Waitlisted) VALUES (1052, 149, 143, '2025-08-05 12:33:16', FALSE);
INSERT INTO EventRoster (ID, Event, Member, DateRegistered, Waitlisted) VALUES (1053, 149, 192, '2025-08-07 23:54:29', FALSE);
INSERT INTO EventRoster (ID, Event, Member, DateRegistered, Waitlisted) VALUES (1054, 149, 152, '2025-08-07 12:36:05', FALSE);

-- 💬 FEEDBACK
INSERT INTO Feedback (ID, Member, Rating, Description, Anonymous) VALUES (100, 190, 5, 'Well organized event. Trip leaders were knowledgeable.', FALSE);
INSERT INTO Feedback (ID, Member, Rating, Description, Anonymous) VALUES (101, 100, 5, 'Outstanding leadership from trip organizers.', FALSE);
INSERT INTO Feedback (ID, Member, Rating, Description, Anonymous) VALUES (102, 100, 5, 'Food was delicious. Perfect amount.', FALSE);
INSERT INTO Feedback (ID, Member, Rating, Description, Anonymous) VALUES (103, 130, 5, 'Informative workshop. Practical skills learned.', FALSE);
INSERT INTO Feedback (ID, Member, Rating, Description, Anonymous) VALUES (104, 140, 3, 'Wonderful social event. Met lots of new people.', TRUE);
INSERT INTO Feedback (ID, Member, Rating, Description, Anonymous) VALUES (105, 101, 4, 'Trip timing worked well with my schedule.', FALSE);
INSERT INTO Feedback (ID, Member, Rating, Description, Anonymous) VALUES (106, 153, 5, 'Perfect difficulty level for beginners.', FALSE);
INSERT INTO Feedback (ID, Member, Rating, Description, Anonymous) VALUES (107, 137, 4, 'Informative workshop. Practical skills learned.', FALSE);
INSERT INTO Feedback (ID, Member, Rating, Description, Anonymous) VALUES (108, 194, 5, 'Excellent trip! Great weather and company.', TRUE);
INSERT INTO Feedback (ID, Member, Rating, Description, Anonymous) VALUES (109, 194, 5, 'Trip timing worked well with my schedule.', FALSE);
INSERT INTO Feedback (ID, Member, Rating, Description, Anonymous) VALUES (110, 160, 5, 'Outstanding leadership from trip organizers.', FALSE);
INSERT INTO Feedback (ID, Member, Rating, Description, Anonymous) VALUES (111, 115, 4, 'Good introduction to the activity. Learned a lot.', FALSE);
INSERT INTO Feedback (ID, Member, Rating, Description, Anonymous) VALUES (112, 151, 4, 'Challenging but rewarding experience.', FALSE);
INSERT INTO Feedback (ID, Member, Rating, Description, Anonymous) VALUES (113, 143, 5, 'Meeting location was easy to find.', TRUE);
INSERT INTO Feedback (ID, Member, Rating, Description, Anonymous) VALUES (114, 137, 5, 'Equipment was in great condition. Thanks!', TRUE);
INSERT INTO Feedback (ID, Member, Rating, Description, Anonymous) VALUES (115, 107, 3, 'Beautiful views, would definitely do this again.', TRUE);
INSERT INTO Feedback (ID, Member, Rating, Description, Anonymous) VALUES (116, 198, 4, 'Well organized event. Trip leaders were knowledgeable.', FALSE);
INSERT INTO Feedback (ID, Member, Rating, Description, Anonymous) VALUES (117, 159, 3, 'Beautiful views, would definitely do this again.', FALSE);
INSERT INTO Feedback (ID, Member, Rating, Description, Anonymous) VALUES (118, 111, 5, 'Trip timing worked well with my schedule.', FALSE);
INSERT INTO Feedback (ID, Member, Rating, Description, Anonymous) VALUES (119, 131, 4, 'Food was delicious. Perfect amount.', TRUE);
INSERT INTO Feedback (ID, Member, Rating, Description, Anonymous) VALUES (120, 160, 5, 'Excellent trip! Great weather and company.', FALSE);
INSERT INTO Feedback (ID, Member, Rating, Description, Anonymous) VALUES (121, 195, 5, 'Informative workshop. Practical skills learned.', TRUE);
INSERT INTO Feedback (ID, Member, Rating, Description, Anonymous) VALUES (122, 199, 4, 'Equipment was in great condition. Thanks!', FALSE);
INSERT INTO Feedback (ID, Member, Rating, Description, Anonymous) VALUES (123, 147, 5, 'Well organized event. Trip leaders were knowledgeable.', FALSE);
INSERT INTO Feedback (ID, Member, Rating, Description, Anonymous) VALUES (124, 173, 4, 'Excellent trip! Great weather and company.', TRUE);
INSERT INTO Feedback (ID, Member, Rating, Description, Anonymous) VALUES (125, 168, 4, 'Outstanding leadership from trip organizers.', FALSE);
INSERT INTO Feedback (ID, Member, Rating, Description, Anonymous) VALUES (126, 113, 5, 'Beautiful views, would definitely do this again.', FALSE);
INSERT INTO Feedback (ID, Member, Rating, Description, Anonymous) VALUES (127, 154, 3, 'Equipment was in great condition. Thanks!', TRUE);
INSERT INTO Feedback (ID, Member, Rating, Description, Anonymous) VALUES (128, 190, 3, 'Trip timing worked well with my schedule.', FALSE);
INSERT INTO Feedback (ID, Member, Rating, Description, Anonymous) VALUES (129, 185, 5, 'Excellent trip! Great weather and company.', FALSE);
INSERT INTO Feedback (ID, Member, Rating, Description, Anonymous) VALUES (130, 195, 2, 'Safety briefing was thorough and helpful.', FALSE);
INSERT INTO Feedback (ID, Member, Rating, Description, Anonymous) VALUES (131, 136, 5, 'Great group dynamic. Everyone was supportive.', FALSE);
INSERT INTO Feedback (ID, Member, Rating, Description, Anonymous) VALUES (132, 157, 4, 'Safety briefing was thorough and helpful.', FALSE);
INSERT INTO Feedback (ID, Member, Rating, Description, Anonymous) VALUES (133, 155, 5, 'Excellent trip! Great weather and company.', FALSE);
INSERT INTO Feedback (ID, Member, Rating, Description, Anonymous) VALUES (134, 156, 3, 'Challenging but rewarding experience.', FALSE);
INSERT INTO Feedback (ID, Member, Rating, Description, Anonymous) VALUES (135, 194, 5, 'Outstanding leadership from trip organizers.', FALSE);
INSERT INTO Feedback (ID, Member, Rating, Description, Anonymous) VALUES (136, 149, 4, 'Safety briefing was thorough and helpful.', FALSE);
INSERT INTO Feedback (ID, Member, Rating, Description, Anonymous) VALUES (137, 103, 3, 'Equipment was in great condition. Thanks!', TRUE);
INSERT INTO Feedback (ID, Member, Rating, Description, Anonymous) VALUES (138, 107, 3, 'Trip timing worked well with my schedule.', FALSE);
INSERT INTO Feedback (ID, Member, Rating, Description, Anonymous) VALUES (139, 117, 4, 'Safety briefing was thorough and helpful.', TRUE);
INSERT INTO Feedback (ID, Member, Rating, Description, Anonymous) VALUES (140, 135, 5, 'Trip timing worked well with my schedule.', FALSE);
INSERT INTO Feedback (ID, Member, Rating, Description, Anonymous) VALUES (141, 104, 5, 'Trip timing worked well with my schedule.', TRUE);
INSERT INTO Feedback (ID, Member, Rating, Description, Anonymous) VALUES (142, 106, 5, 'Informative workshop. Practical skills learned.', FALSE);
INSERT INTO Feedback (ID, Member, Rating, Description, Anonymous) VALUES (143, 170, 5, 'Food was delicious. Perfect amount.', FALSE);
INSERT INTO Feedback (ID, Member, Rating, Description, Anonymous) VALUES (144, 146, 4, 'Equipment was in great condition. Thanks!', TRUE);
INSERT INTO Feedback (ID, Member, Rating, Description, Anonymous) VALUES (145, 112, 4, 'Well organized event. Trip leaders were knowledgeable.', TRUE);
INSERT INTO Feedback (ID, Member, Rating, Description, Anonymous) VALUES (146, 113, 4, 'Food was delicious. Perfect amount.', FALSE);
INSERT INTO Feedback (ID, Member, Rating, Description, Anonymous) VALUES (147, 193, 5, 'Great group dynamic. Everyone was supportive.', FALSE);
INSERT INTO Feedback (ID, Member, Rating, Description, Anonymous) VALUES (148, 102, 4, 'Good introduction to the activity. Learned a lot.', FALSE);
INSERT INTO Feedback (ID, Member, Rating, Description, Anonymous) VALUES (149, 132, 3, 'Perfect difficulty level for beginners.', FALSE);
INSERT INTO Feedback (ID, Member, Rating, Description, Anonymous) VALUES (150, 171, 3, 'Beautiful views, would definitely do this again.', FALSE);
INSERT INTO Feedback (ID, Member, Rating, Description, Anonymous) VALUES (151, 197, 3, 'Excellent trip! Great weather and company.', FALSE);
INSERT INTO Feedback (ID, Member, Rating, Description, Anonymous) VALUES (152, 128, 5, 'Safety briefing was thorough and helpful.', FALSE);
INSERT INTO Feedback (ID, Member, Rating, Description, Anonymous) VALUES (153, 162, 5, 'Beautiful views, would definitely do this again.', FALSE);
INSERT INTO Feedback (ID, Member, Rating, Description, Anonymous) VALUES (154, 132, 4, 'Great group dynamic. Everyone was supportive.', TRUE);
INSERT INTO Feedback (ID, Member, Rating, Description, Anonymous) VALUES (155, 101, 3, 'Outstanding leadership from trip organizers.', FALSE);
INSERT INTO Feedback (ID, Member, Rating, Description, Anonymous) VALUES (156, 181, 5, 'Food was delicious. Perfect amount.', FALSE);
INSERT INTO Feedback (ID, Member, Rating, Description, Anonymous) VALUES (157, 135, 4, 'Equipment was in great condition. Thanks!', FALSE);
INSERT INTO Feedback (ID, Member, Rating, Description, Anonymous) VALUES (158, 180, 5, 'Equipment was in great condition. Thanks!', FALSE);
INSERT INTO Feedback (ID, Member, Rating, Description, Anonymous) VALUES (159, 144, 4, 'Well organized event. Trip leaders were knowledgeable.', TRUE);
INSERT INTO Feedback (ID, Member, Rating, Description, Anonymous) VALUES (160, 155, 4, 'Safety briefing was thorough and helpful.', FALSE);
INSERT INTO Feedback (ID, Member, Rating, Description, Anonymous) VALUES (161, 107, 5, 'Challenging but rewarding experience.', FALSE);
INSERT INTO Feedback (ID, Member, Rating, Description, Anonymous) VALUES (162, 149, 5, 'Challenging but rewarding experience.', TRUE);
INSERT INTO Feedback (ID, Member, Rating, Description, Anonymous) VALUES (163, 130, 5, 'Meeting location was easy to find.', FALSE);
INSERT INTO Feedback (ID, Member, Rating, Description, Anonymous) VALUES (164, 168, 5, 'Outstanding leadership from trip organizers.', FALSE);
INSERT INTO Feedback (ID, Member, Rating, Description, Anonymous) VALUES (165, 106, 4, 'Meeting location was easy to find.', TRUE);
INSERT INTO Feedback (ID, Member, Rating, Description, Anonymous) VALUES (166, 180, 5, 'Meeting location was easy to find.', FALSE);
INSERT INTO Feedback (ID, Member, Rating, Description, Anonymous) VALUES (167, 118, 4, 'Food was delicious. Perfect amount.', FALSE);
INSERT INTO Feedback (ID, Member, Rating, Description, Anonymous) VALUES (168, 151, 5, 'Trip timing worked well with my schedule.', FALSE);
INSERT INTO Feedback (ID, Member, Rating, Description, Anonymous) VALUES (169, 170, 4, 'Perfect difficulty level for beginners.', FALSE);
INSERT INTO Feedback (ID, Member, Rating, Description, Anonymous) VALUES (170, 188, 4, 'Challenging but rewarding experience.', TRUE);
INSERT INTO Feedback (ID, Member, Rating, Description, Anonymous) VALUES (171, 183, 5, 'Wonderful social event. Met lots of new people.', FALSE);
INSERT INTO Feedback (ID, Member, Rating, Description, Anonymous) VALUES (172, 187, 5, 'Meeting location was easy to find.', FALSE);
INSERT INTO Feedback (ID, Member, Rating, Description, Anonymous) VALUES (173, 181, 4, 'Trip timing worked well with my schedule.', TRUE);
INSERT INTO Feedback (ID, Member, Rating, Description, Anonymous) VALUES (174, 123, 4, 'Wonderful social event. Met lots of new people.', TRUE);
INSERT INTO Feedback (ID, Member, Rating, Description, Anonymous) VALUES (175, 131, 2, 'Informative workshop. Practical skills learned.', TRUE);
INSERT INTO Feedback (ID, Member, Rating, Description, Anonymous) VALUES (176, 194, 5, 'Wonderful social event. Met lots of new people.', FALSE);
INSERT INTO Feedback (ID, Member, Rating, Description, Anonymous) VALUES (177, 156, 3, 'Trip timing worked well with my schedule.', TRUE);
INSERT INTO Feedback (ID, Member, Rating, Description, Anonymous) VALUES (178, 156, 5, 'Outstanding leadership from trip organizers.', FALSE);
INSERT INTO Feedback (ID, Member, Rating, Description, Anonymous) VALUES (179, 124, 5, 'Beautiful views, would definitely do this again.', FALSE);
INSERT INTO Feedback (ID, Member, Rating, Description, Anonymous) VALUES (180, 197, 4, 'Food was delicious. Perfect amount.', FALSE);
INSERT INTO Feedback (ID, Member, Rating, Description, Anonymous) VALUES (181, 108, 5, 'Food was delicious. Perfect amount.', FALSE);
INSERT INTO Feedback (ID, Member, Rating, Description, Anonymous) VALUES (182, 178, 5, 'Outstanding leadership from trip organizers.', TRUE);
INSERT INTO Feedback (ID, Member, Rating, Description, Anonymous) VALUES (183, 146, 4, 'Excellent trip! Great weather and company.', FALSE);
INSERT INTO Feedback (ID, Member, Rating, Description, Anonymous) VALUES (184, 164, 5, 'Meeting location was easy to find.', FALSE);
INSERT INTO Feedback (ID, Member, Rating, Description, Anonymous) VALUES (185, 196, 4, 'Informative workshop. Practical skills learned.', FALSE);
INSERT INTO Feedback (ID, Member, Rating, Description, Anonymous) VALUES (186, 148, 5, 'Beautiful views, would definitely do this again.', FALSE);
INSERT INTO Feedback (ID, Member, Rating, Description, Anonymous) VALUES (187, 115, 5, 'Safety briefing was thorough and helpful.', FALSE);
INSERT INTO Feedback (ID, Member, Rating, Description, Anonymous) VALUES (188, 115, 5, 'Safety briefing was thorough and helpful.', FALSE);
INSERT INTO Feedback (ID, Member, Rating, Description, Anonymous) VALUES (189, 130, 4, 'Wonderful social event. Met lots of new people.', FALSE);
INSERT INTO Feedback (ID, Member, Rating, Description, Anonymous) VALUES (190, 115, 4, 'Outstanding leadership from trip organizers.', FALSE);
INSERT INTO Feedback (ID, Member, Rating, Description, Anonymous) VALUES (191, 118, 1, 'Safety briefing was thorough and helpful.', FALSE);
INSERT INTO Feedback (ID, Member, Rating, Description, Anonymous) VALUES (192, 177, 5, 'Great group dynamic. Everyone was supportive.', FALSE);
INSERT INTO Feedback (ID, Member, Rating, Description, Anonymous) VALUES (193, 164, 1, 'Well organized event. Trip leaders were knowledgeable.', FALSE);
INSERT INTO Feedback (ID, Member, Rating, Description, Anonymous) VALUES (194, 176, 5, 'Outstanding leadership from trip organizers.', FALSE);
INSERT INTO Feedback (ID, Member, Rating, Description, Anonymous) VALUES (195, 102, 3, 'Great group dynamic. Everyone was supportive.', FALSE);
INSERT INTO Feedback (ID, Member, Rating, Description, Anonymous) VALUES (196, 131, 5, 'Challenging but rewarding experience.', TRUE);
INSERT INTO Feedback (ID, Member, Rating, Description, Anonymous) VALUES (197, 146, 4, 'Safety briefing was thorough and helpful.', FALSE);
INSERT INTO Feedback (ID, Member, Rating, Description, Anonymous) VALUES (198, 168, 3, 'Informative workshop. Practical skills learned.', FALSE);
INSERT INTO Feedback (ID, Member, Rating, Description, Anonymous) VALUES (199, 146, 4, 'Well organized event. Trip leaders were knowledgeable.', TRUE);
INSERT INTO Feedback (ID, Member, Rating, Description, Anonymous) VALUES (200, 197, 4, 'Excellent trip! Great weather and company.', FALSE);
INSERT INTO Feedback (ID, Member, Rating, Description, Anonymous) VALUES (201, 108, 4, 'Outstanding leadership from trip organizers.', TRUE);
INSERT INTO Feedback (ID, Member, Rating, Description, Anonymous) VALUES (202, 115, 5, 'Food was delicious. Perfect amount.', TRUE);
INSERT INTO Feedback (ID, Member, Rating, Description, Anonymous) VALUES (203, 161, 5, 'Trip timing worked well with my schedule.', FALSE);
INSERT INTO Feedback (ID, Member, Rating, Description, Anonymous) VALUES (204, 107, 3, 'Safety briefing was thorough and helpful.', FALSE);
INSERT INTO Feedback (ID, Member, Rating, Description, Anonymous) VALUES (205, 131, 4, 'Trip timing worked well with my schedule.', FALSE);
INSERT INTO Feedback (ID, Member, Rating, Description, Anonymous) VALUES (206, 145, 4, 'Food was delicious. Perfect amount.', FALSE);
INSERT INTO Feedback (ID, Member, Rating, Description, Anonymous) VALUES (207, 172, 5, 'Excellent trip! Great weather and company.', FALSE);
INSERT INTO Feedback (ID, Member, Rating, Description, Anonymous) VALUES (208, 130, 5, 'Wonderful social event. Met lots of new people.', FALSE);
INSERT INTO Feedback (ID, Member, Rating, Description, Anonymous) VALUES (209, 181, 4, 'Meeting location was easy to find.', FALSE);
INSERT INTO Feedback (ID, Member, Rating, Description, Anonymous) VALUES (210, 166, 4, 'Trip timing worked well with my schedule.', FALSE);
INSERT INTO Feedback (ID, Member, Rating, Description, Anonymous) VALUES (211, 165, 4, 'Beautiful views, would definitely do this again.', FALSE);
INSERT INTO Feedback (ID, Member, Rating, Description, Anonymous) VALUES (212, 195, 5, 'Trip timing worked well with my schedule.', FALSE);
INSERT INTO Feedback (ID, Member, Rating, Description, Anonymous) VALUES (213, 154, 4, 'Safety briefing was thorough and helpful.', TRUE);
INSERT INTO Feedback (ID, Member, Rating, Description, Anonymous) VALUES (214, 119, 5, 'Beautiful views, would definitely do this again.', FALSE);
INSERT INTO Feedback (ID, Member, Rating, Description, Anonymous) VALUES (215, 173, 4, 'Trip timing worked well with my schedule.', FALSE);
INSERT INTO Feedback (ID, Member, Rating, Description, Anonymous) VALUES (216, 178, 4, 'Safety briefing was thorough and helpful.', FALSE);
INSERT INTO Feedback (ID, Member, Rating, Description, Anonymous) VALUES (217, 120, 3, 'Meeting location was easy to find.', FALSE);
INSERT INTO Feedback (ID, Member, Rating, Description, Anonymous) VALUES (218, 142, 5, 'Perfect difficulty level for beginners.', FALSE);
INSERT INTO Feedback (ID, Member, Rating, Description, Anonymous) VALUES (219, 110, 4, 'Excellent trip! Great weather and company.', FALSE);
INSERT INTO Feedback (ID, Member, Rating, Description, Anonymous) VALUES (220, 111, 4, 'Good introduction to the activity. Learned a lot.', FALSE);
INSERT INTO Feedback (ID, Member, Rating, Description, Anonymous) VALUES (221, 187, 5, 'Equipment was in great condition. Thanks!', FALSE);
INSERT INTO Feedback (ID, Member, Rating, Description, Anonymous) VALUES (222, 182, 5, 'Informative workshop. Practical skills learned.', FALSE);
INSERT INTO Feedback (ID, Member, Rating, Description, Anonymous) VALUES (223, 181, 1, 'Excellent trip! Great weather and company.', FALSE);
INSERT INTO Feedback (ID, Member, Rating, Description, Anonymous) VALUES (224, 160, 4, 'Informative workshop. Practical skills learned.', FALSE);
INSERT INTO Feedback (ID, Member, Rating, Description, Anonymous) VALUES (225, 145, 1, 'Well organized event. Trip leaders were knowledgeable.', FALSE);
INSERT INTO Feedback (ID, Member, Rating, Description, Anonymous) VALUES (226, 134, 3, 'Outstanding leadership from trip organizers.', FALSE);
INSERT INTO Feedback (ID, Member, Rating, Description, Anonymous) VALUES (227, 167, 5, 'Informative workshop. Practical skills learned.', FALSE);
INSERT INTO Feedback (ID, Member, Rating, Description, Anonymous) VALUES (228, 149, 5, 'Meeting location was easy to find.', FALSE);
INSERT INTO Feedback (ID, Member, Rating, Description, Anonymous) VALUES (229, 171, 3, 'Beautiful views, would definitely do this again.', FALSE);
INSERT INTO Feedback (ID, Member, Rating, Description, Anonymous) VALUES (230, 179, 4, 'Outstanding leadership from trip organizers.', TRUE);
INSERT INTO Feedback (ID, Member, Rating, Description, Anonymous) VALUES (231, 194, 5, 'Well organized event. Trip leaders were knowledgeable.', FALSE);
INSERT INTO Feedback (ID, Member, Rating, Description, Anonymous) VALUES (232, 144, 4, 'Equipment was in great condition. Thanks!', FALSE);
INSERT INTO Feedback (ID, Member, Rating, Description, Anonymous) VALUES (233, 110, 5, 'Challenging but rewarding experience.', FALSE);
INSERT INTO Feedback (ID, Member, Rating, Description, Anonymous) VALUES (234, 104, 5, 'Outstanding leadership from trip organizers.', TRUE);
INSERT INTO Feedback (ID, Member, Rating, Description, Anonymous) VALUES (235, 119, 4, 'Well organized event. Trip leaders were knowledgeable.', FALSE);
INSERT INTO Feedback (ID, Member, Rating, Description, Anonymous) VALUES (236, 161, 5, 'Wonderful social event. Met lots of new people.', FALSE);
INSERT INTO Feedback (ID, Member, Rating, Description, Anonymous) VALUES (237, 184, 5, 'Meeting location was easy to find.', FALSE);
INSERT INTO Feedback (ID, Member, Rating, Description, Anonymous) VALUES (238, 155, 5, 'Beautiful views, would definitely do this again.', FALSE);
INSERT INTO Feedback (ID, Member, Rating, Description, Anonymous) VALUES (239, 158, 3, 'Challenging but rewarding experience.', FALSE);
INSERT INTO Feedback (ID, Member, Rating, Description, Anonymous) VALUES (240, 111, 1, 'Wonderful social event. Met lots of new people.', FALSE);
INSERT INTO Feedback (ID, Member, Rating, Description, Anonymous) VALUES (241, 175, 5, 'Meeting location was easy to find.', FALSE);
INSERT INTO Feedback (ID, Member, Rating, Description, Anonymous) VALUES (242, 117, 5, 'Perfect difficulty level for beginners.', TRUE);
INSERT INTO Feedback (ID, Member, Rating, Description, Anonymous) VALUES (243, 175, 5, 'Trip timing worked well with my schedule.', FALSE);
INSERT INTO Feedback (ID, Member, Rating, Description, Anonymous) VALUES (244, 199, 5, 'Good introduction to the activity. Learned a lot.', TRUE);
INSERT INTO Feedback (ID, Member, Rating, Description, Anonymous) VALUES (245, 172, 3, 'Equipment was in great condition. Thanks!', FALSE);
INSERT INTO Feedback (ID, Member, Rating, Description, Anonymous) VALUES (246, 161, 5, 'Challenging but rewarding experience.', FALSE);
INSERT INTO Feedback (ID, Member, Rating, Description, Anonymous) VALUES (247, 136, 4, 'Excellent trip! Great weather and company.', TRUE);
INSERT INTO Feedback (ID, Member, Rating, Description, Anonymous) VALUES (248, 163, 5, 'Challenging but rewarding experience.', FALSE);
INSERT INTO Feedback (ID, Member, Rating, Description, Anonymous) VALUES (249, 105, 5, 'Equipment was in great condition. Thanks!', FALSE);

-- 📧 COMMUNICATIONS
INSERT INTO Communication (ID, Subject, Content, DateSent) VALUES (100, 'New Member Welcome', 'Series watch begin. Value good turn various. Remember site agree can material.
Standard drop if interest while part. National field choose necessary east wonder. Free effort job TV on.', '2025-08-10 11:44:35');
INSERT INTO CommunicationRecipients (Communication, Member) VALUES (100, 155);
INSERT INTO CommunicationRecipients (Communication, Member) VALUES (100, 143);
INSERT INTO CommunicationRecipients (Communication, Member) VALUES (100, 149);
INSERT INTO CommunicationRecipients (Communication, Member) VALUES (100, 190);
INSERT INTO CommunicationRecipients (Communication, Member) VALUES (100, 148);
INSERT INTO CommunicationRecipients (Communication, Member) VALUES (100, 131);
INSERT INTO CommunicationRecipients (Communication, Member) VALUES (100, 119);
INSERT INTO CommunicationRecipients (Communication, Member) VALUES (100, 199);
INSERT INTO CommunicationRecipients (Communication, Member) VALUES (100, 103);
INSERT INTO CommunicationRecipients (Communication, Member) VALUES (100, 171);
INSERT INTO CommunicationRecipients (Communication, Member) VALUES (100, 195);
INSERT INTO CommunicationRecipients (Communication, Member) VALUES (100, 189);
INSERT INTO CommunicationRecipients (Communication, Member) VALUES (100, 157);
INSERT INTO CommunicationRecipients (Communication, Member) VALUES (100, 188);
INSERT INTO CommunicationRecipients (Communication, Member) VALUES (100, 105);
INSERT INTO CommunicationRecipients (Communication, Member) VALUES (100, 173);
INSERT INTO CommunicationRecipients (Communication, Member) VALUES (100, 192);
INSERT INTO CommunicationRecipients (Communication, Member) VALUES (100, 166);
INSERT INTO CommunicationRecipients (Communication, Member) VALUES (100, 180);
INSERT INTO CommunicationRecipients (Communication, Member) VALUES (100, 110);
INSERT INTO CommunicationRecipients (Communication, Member) VALUES (100, 144);
INSERT INTO CommunicationRecipients (Communication, Member) VALUES (100, 142);
INSERT INTO CommunicationRecipients (Communication, Member) VALUES (100, 104);
INSERT INTO CommunicationRecipients (Communication, Member) VALUES (100, 151);
INSERT INTO CommunicationRecipients (Communication, Member) VALUES (100, 138);
INSERT INTO CommunicationRecipients (Communication, Member) VALUES (100, 162);
INSERT INTO CommunicationRecipients (Communication, Member) VALUES (100, 136);
INSERT INTO CommunicationRecipients (Communication, Member) VALUES (100, 121);
INSERT INTO CommunicationRecipients (Communication, Member) VALUES (100, 134);
INSERT INTO CommunicationRecipients (Communication, Member) VALUES (100, 197);
INSERT INTO CommunicationRecipients (Communication, Member) VALUES (100, 174);
INSERT INTO CommunicationRecipients (Communication, Member) VALUES (100, 123);
INSERT INTO CommunicationRecipients (Communication, Member) VALUES (100, 154);
INSERT INTO CommunicationRecipients (Communication, Member) VALUES (100, 196);
INSERT INTO CommunicationRecipients (Communication, Member) VALUES (100, 101);
INSERT INTO CommunicationRecipients (Communication, Member) VALUES (100, 137);
INSERT INTO CommunicationRecipients (Communication, Member) VALUES (100, 172);
INSERT INTO CommunicationRecipients (Communication, Member) VALUES (100, 165);
INSERT INTO CommunicationRecipients (Communication, Member) VALUES (100, 186);
INSERT INTO CommunicationRecipients (Communication, Member) VALUES (100, 106);
INSERT INTO CommunicationRecipients (Communication, Member) VALUES (100, 114);
INSERT INTO CommunicationRecipients (Communication, Member) VALUES (100, 128);
INSERT INTO CommunicationRecipients (Communication, Member) VALUES (100, 124);
INSERT INTO CommunicationRecipients (Communication, Member) VALUES (100, 191);
INSERT INTO CommunicationRecipients (Communication, Member) VALUES (100, 168);
INSERT INTO CommunicationRecipients (Communication, Member) VALUES (100, 158);
INSERT INTO CommunicationRecipients (Communication, Member) VALUES (100, 147);
INSERT INTO CommunicationRecipients (Communication, Member) VALUES (100, 179);
INSERT INTO CommunicationRecipients (Communication, Member) VALUES (100, 185);
INSERT INTO CommunicationRecipients (Communication, Member) VALUES (100, 187);
INSERT INTO CommunicationRecipients (Communication, Member) VALUES (100, 140);
INSERT INTO CommunicationRecipients (Communication, Member) VALUES (100, 100);
INSERT INTO CommunicationRecipients (Communication, Member) VALUES (100, 176);
INSERT INTO CommunicationRecipients (Communication, Member) VALUES (100, 184);
INSERT INTO CommunicationRecipients (Communication, Member) VALUES (100, 141);
INSERT INTO CommunicationRecipients (Communication, Member) VALUES (100, 153);
INSERT INTO CommunicationRecipients (Communication, Member) VALUES (100, 178);
INSERT INTO CommunicationRecipients (Communication, Member) VALUES (100, 133);
INSERT INTO CommunicationRecipients (Communication, Member) VALUES (100, 152);
INSERT INTO CommunicationRecipients (Communication, Member) VALUES (100, 108);
INSERT INTO CommunicationRecipients (Communication, Member) VALUES (100, 159);
INSERT INTO CommunicationRecipients (Communication, Member) VALUES (100, 161);
INSERT INTO CommunicationRecipients (Communication, Member) VALUES (100, 167);
INSERT INTO CommunicationRecipients (Communication, Member) VALUES (100, 169);
INSERT INTO CommunicationRecipients (Communication, Member) VALUES (100, 139);
INSERT INTO CommunicationRecipients (Communication, Member) VALUES (100, 160);
INSERT INTO CommunicationRecipients (Communication, Member) VALUES (100, 112);
INSERT INTO Communication (ID, Subject, Content, DateSent) VALUES (101, 'Officer Election Results', 'Himself help administration near next charge. That professional necessary describe reveal tough.
Should carry test behind color say sign. Easy new section that main certain.
Score study cut reduce now. Age few write author people impact spring.', '2025-08-10 11:44:56');
INSERT INTO CommunicationRecipients (Communication, Member) VALUES (101, 179);
INSERT INTO CommunicationRecipients (Communication, Member) VALUES (101, 104);
INSERT INTO CommunicationRecipients (Communication, Member) VALUES (101, 133);
INSERT INTO CommunicationRecipients (Communication, Member) VALUES (101, 141);
INSERT INTO CommunicationRecipients (Communication, Member) VALUES (101, 185);
INSERT INTO CommunicationRecipients (Communication, Member) VALUES (101, 140);
INSERT INTO CommunicationRecipients (Communication, Member) VALUES (101, 152);
INSERT INTO CommunicationRecipients (Communication, Member) VALUES (101, 162);
INSERT INTO CommunicationRecipients (Communication, Member) VALUES (101, 120);
INSERT INTO CommunicationRecipients (Communication, Member) VALUES (101, 115);
INSERT INTO CommunicationRecipients (Communication, Member) VALUES (101, 158);
INSERT INTO CommunicationRecipients (Communication, Member) VALUES (101, 171);
INSERT INTO CommunicationRecipients (Communication, Member) VALUES (101, 164);
INSERT INTO CommunicationRecipients (Communication, Member) VALUES (101, 173);
INSERT INTO CommunicationRecipients (Communication, Member) VALUES (101, 172);
INSERT INTO CommunicationRecipients (Communication, Member) VALUES (101, 148);
INSERT INTO CommunicationRecipients (Communication, Member) VALUES (101, 108);
INSERT INTO CommunicationRecipients (Communication, Member) VALUES (101, 132);
INSERT INTO CommunicationRecipients (Communication, Member) VALUES (101, 188);
INSERT INTO CommunicationRecipients (Communication, Member) VALUES (101, 145);
INSERT INTO CommunicationRecipients (Communication, Member) VALUES (101, 154);
INSERT INTO CommunicationRecipients (Communication, Member) VALUES (101, 125);
INSERT INTO CommunicationRecipients (Communication, Member) VALUES (101, 135);
INSERT INTO CommunicationRecipients (Communication, Member) VALUES (101, 122);
INSERT INTO CommunicationRecipients (Communication, Member) VALUES (101, 137);
INSERT INTO CommunicationRecipients (Communication, Member) VALUES (101, 159);
INSERT INTO CommunicationRecipients (Communication, Member) VALUES (101, 102);
INSERT INTO CommunicationRecipients (Communication, Member) VALUES (101, 126);
INSERT INTO CommunicationRecipients (Communication, Member) VALUES (101, 131);
INSERT INTO CommunicationRecipients (Communication, Member) VALUES (101, 111);
INSERT INTO CommunicationRecipients (Communication, Member) VALUES (101, 101);
INSERT INTO CommunicationRecipients (Communication, Member) VALUES (101, 150);
INSERT INTO CommunicationRecipients (Communication, Member) VALUES (101, 198);
INSERT INTO CommunicationRecipients (Communication, Member) VALUES (101, 107);
INSERT INTO CommunicationRecipients (Communication, Member) VALUES (101, 112);
INSERT INTO CommunicationRecipients (Communication, Member) VALUES (101, 114);
INSERT INTO CommunicationRecipients (Communication, Member) VALUES (101, 183);
INSERT INTO CommunicationRecipients (Communication, Member) VALUES (101, 170);
INSERT INTO CommunicationRecipients (Communication, Member) VALUES (101, 106);
INSERT INTO CommunicationRecipients (Communication, Member) VALUES (101, 130);
INSERT INTO CommunicationRecipients (Communication, Member) VALUES (101, 138);
INSERT INTO CommunicationRecipients (Communication, Member) VALUES (101, 129);
INSERT INTO CommunicationRecipients (Communication, Member) VALUES (101, 180);
INSERT INTO CommunicationRecipients (Communication, Member) VALUES (101, 113);
INSERT INTO CommunicationRecipients (Communication, Member) VALUES (101, 121);
INSERT INTO CommunicationRecipients (Communication, Member) VALUES (101, 118);
INSERT INTO CommunicationRecipients (Communication, Member) VALUES (101, 123);
INSERT INTO CommunicationRecipients (Communication, Member) VALUES (101, 149);
INSERT INTO CommunicationRecipients (Communication, Member) VALUES (101, 165);
INSERT INTO CommunicationRecipients (Communication, Member) VALUES (101, 163);
INSERT INTO CommunicationRecipients (Communication, Member) VALUES (101, 105);
INSERT INTO CommunicationRecipients (Communication, Member) VALUES (101, 193);
INSERT INTO CommunicationRecipients (Communication, Member) VALUES (101, 109);
INSERT INTO CommunicationRecipients (Communication, Member) VALUES (101, 136);
INSERT INTO CommunicationRecipients (Communication, Member) VALUES (101, 177);
INSERT INTO CommunicationRecipients (Communication, Member) VALUES (101, 166);
INSERT INTO CommunicationRecipients (Communication, Member) VALUES (101, 197);
INSERT INTO CommunicationRecipients (Communication, Member) VALUES (101, 117);
INSERT INTO CommunicationRecipients (Communication, Member) VALUES (101, 175);
INSERT INTO CommunicationRecipients (Communication, Member) VALUES (101, 110);
INSERT INTO CommunicationRecipients (Communication, Member) VALUES (101, 143);
INSERT INTO CommunicationRecipients (Communication, Member) VALUES (101, 103);
INSERT INTO CommunicationRecipients (Communication, Member) VALUES (101, 124);
INSERT INTO CommunicationRecipients (Communication, Member) VALUES (101, 194);
INSERT INTO CommunicationRecipients (Communication, Member) VALUES (101, 142);
INSERT INTO CommunicationRecipients (Communication, Member) VALUES (101, 189);
INSERT INTO CommunicationRecipients (Communication, Member) VALUES (101, 178);
INSERT INTO CommunicationRecipients (Communication, Member) VALUES (101, 161);
INSERT INTO CommunicationRecipients (Communication, Member) VALUES (101, 190);
INSERT INTO CommunicationRecipients (Communication, Member) VALUES (101, 128);
INSERT INTO Communication (ID, Subject, Content, DateSent) VALUES (102, 'Club Social Event', 'As give form large kid figure. Magazine season plan between scientist. Soldier least magazine human him know eight. Which summer agency director.
Important probably miss attention about detail threat east.', '2025-08-10 11:46:11');
INSERT INTO CommunicationRecipients (Communication, Member) VALUES (102, 122);
INSERT INTO CommunicationRecipients (Communication, Member) VALUES (102, 115);
INSERT INTO CommunicationRecipients (Communication, Member) VALUES (102, 105);
INSERT INTO CommunicationRecipients (Communication, Member) VALUES (102, 184);
INSERT INTO CommunicationRecipients (Communication, Member) VALUES (102, 130);
INSERT INTO CommunicationRecipients (Communication, Member) VALUES (102, 160);
INSERT INTO CommunicationRecipients (Communication, Member) VALUES (102, 185);
INSERT INTO CommunicationRecipients (Communication, Member) VALUES (102, 136);
INSERT INTO CommunicationRecipients (Communication, Member) VALUES (102, 141);
INSERT INTO CommunicationRecipients (Communication, Member) VALUES (102, 147);
INSERT INTO CommunicationRecipients (Communication, Member) VALUES (102, 165);
INSERT INTO CommunicationRecipients (Communication, Member) VALUES (102, 113);
INSERT INTO CommunicationRecipients (Communication, Member) VALUES (102, 183);
INSERT INTO CommunicationRecipients (Communication, Member) VALUES (102, 172);
INSERT INTO CommunicationRecipients (Communication, Member) VALUES (102, 144);
INSERT INTO CommunicationRecipients (Communication, Member) VALUES (102, 178);
INSERT INTO CommunicationRecipients (Communication, Member) VALUES (102, 171);
INSERT INTO CommunicationRecipients (Communication, Member) VALUES (102, 155);
INSERT INTO CommunicationRecipients (Communication, Member) VALUES (102, 187);
INSERT INTO CommunicationRecipients (Communication, Member) VALUES (102, 192);
INSERT INTO CommunicationRecipients (Communication, Member) VALUES (102, 120);
INSERT INTO CommunicationRecipients (Communication, Member) VALUES (102, 159);
INSERT INTO CommunicationRecipients (Communication, Member) VALUES (102, 148);
INSERT INTO CommunicationRecipients (Communication, Member) VALUES (102, 146);
INSERT INTO CommunicationRecipients (Communication, Member) VALUES (102, 179);
INSERT INTO CommunicationRecipients (Communication, Member) VALUES (102, 156);
INSERT INTO CommunicationRecipients (Communication, Member) VALUES (102, 166);
INSERT INTO CommunicationRecipients (Communication, Member) VALUES (102, 101);
INSERT INTO CommunicationRecipients (Communication, Member) VALUES (102, 143);
INSERT INTO CommunicationRecipients (Communication, Member) VALUES (102, 135);
INSERT INTO CommunicationRecipients (Communication, Member) VALUES (102, 124);
INSERT INTO CommunicationRecipients (Communication, Member) VALUES (102, 145);
INSERT INTO CommunicationRecipients (Communication, Member) VALUES (102, 103);
INSERT INTO CommunicationRecipients (Communication, Member) VALUES (102, 154);
INSERT INTO CommunicationRecipients (Communication, Member) VALUES (102, 170);
INSERT INTO CommunicationRecipients (Communication, Member) VALUES (102, 193);
INSERT INTO CommunicationRecipients (Communication, Member) VALUES (102, 181);
INSERT INTO CommunicationRecipients (Communication, Member) VALUES (102, 149);
INSERT INTO CommunicationRecipients (Communication, Member) VALUES (102, 108);
INSERT INTO CommunicationRecipients (Communication, Member) VALUES (102, 199);
INSERT INTO CommunicationRecipients (Communication, Member) VALUES (102, 138);
INSERT INTO CommunicationRecipients (Communication, Member) VALUES (102, 177);
INSERT INTO CommunicationRecipients (Communication, Member) VALUES (102, 119);
INSERT INTO CommunicationRecipients (Communication, Member) VALUES (102, 188);
INSERT INTO CommunicationRecipients (Communication, Member) VALUES (102, 109);
INSERT INTO CommunicationRecipients (Communication, Member) VALUES (102, 176);
INSERT INTO CommunicationRecipients (Communication, Member) VALUES (102, 175);
INSERT INTO CommunicationRecipients (Communication, Member) VALUES (102, 111);
INSERT INTO CommunicationRecipients (Communication, Member) VALUES (102, 158);
INSERT INTO CommunicationRecipients (Communication, Member) VALUES (102, 142);
INSERT INTO CommunicationRecipients (Communication, Member) VALUES (102, 173);
INSERT INTO CommunicationRecipients (Communication, Member) VALUES (102, 139);
INSERT INTO CommunicationRecipients (Communication, Member) VALUES (102, 180);
INSERT INTO CommunicationRecipients (Communication, Member) VALUES (102, 102);
INSERT INTO CommunicationRecipients (Communication, Member) VALUES (102, 169);
INSERT INTO CommunicationRecipients (Communication, Member) VALUES (102, 107);
INSERT INTO CommunicationRecipients (Communication, Member) VALUES (102, 150);
INSERT INTO CommunicationRecipients (Communication, Member) VALUES (102, 196);
INSERT INTO CommunicationRecipients (Communication, Member) VALUES (102, 125);
INSERT INTO CommunicationRecipients (Communication, Member) VALUES (102, 100);
INSERT INTO CommunicationRecipients (Communication, Member) VALUES (102, 126);
INSERT INTO CommunicationRecipients (Communication, Member) VALUES (102, 190);
INSERT INTO CommunicationRecipients (Communication, Member) VALUES (102, 129);
INSERT INTO CommunicationRecipients (Communication, Member) VALUES (102, 164);
INSERT INTO CommunicationRecipients (Communication, Member) VALUES (102, 191);
INSERT INTO CommunicationRecipients (Communication, Member) VALUES (102, 151);
INSERT INTO CommunicationRecipients (Communication, Member) VALUES (102, 168);
INSERT INTO CommunicationRecipients (Communication, Member) VALUES (102, 123);
INSERT INTO CommunicationRecipients (Communication, Member) VALUES (102, 132);
INSERT INTO CommunicationRecipients (Communication, Member) VALUES (102, 174);
INSERT INTO CommunicationRecipients (Communication, Member) VALUES (102, 118);
INSERT INTO CommunicationRecipients (Communication, Member) VALUES (102, 112);
INSERT INTO CommunicationRecipients (Communication, Member) VALUES (102, 153);
INSERT INTO CommunicationRecipients (Communication, Member) VALUES (102, 194);
INSERT INTO CommunicationRecipients (Communication, Member) VALUES (102, 104);
INSERT INTO CommunicationRecipients (Communication, Member) VALUES (102, 186);
INSERT INTO CommunicationRecipients (Communication, Member) VALUES (102, 163);
INSERT INTO CommunicationRecipients (Communication, Member) VALUES (102, 117);
INSERT INTO CommunicationRecipients (Communication, Member) VALUES (102, 157);
INSERT INTO CommunicationRecipients (Communication, Member) VALUES (102, 128);
INSERT INTO CommunicationRecipients (Communication, Member) VALUES (102, 137);
INSERT INTO CommunicationRecipients (Communication, Member) VALUES (102, 189);
INSERT INTO Communication (ID, Subject, Content, DateSent) VALUES (103, 'Volunteer Opportunity', 'Ability Democrat manage two particularly class. Pay former across fine center too hair. Create provide data inside education great together.', '2025-08-10 11:41:42');
INSERT INTO CommunicationRecipients (Communication, Member) VALUES (103, 101);
INSERT INTO CommunicationRecipients (Communication, Member) VALUES (103, 164);
INSERT INTO CommunicationRecipients (Communication, Member) VALUES (103, 124);
INSERT INTO CommunicationRecipients (Communication, Member) VALUES (103, 105);
INSERT INTO CommunicationRecipients (Communication, Member) VALUES (103, 139);
INSERT INTO CommunicationRecipients (Communication, Member) VALUES (103, 102);
INSERT INTO CommunicationRecipients (Communication, Member) VALUES (103, 116);
INSERT INTO CommunicationRecipients (Communication, Member) VALUES (103, 142);
INSERT INTO CommunicationRecipients (Communication, Member) VALUES (103, 147);
INSERT INTO CommunicationRecipients (Communication, Member) VALUES (103, 193);
INSERT INTO CommunicationRecipients (Communication, Member) VALUES (103, 192);
INSERT INTO CommunicationRecipients (Communication, Member) VALUES (103, 178);
INSERT INTO CommunicationRecipients (Communication, Member) VALUES (103, 198);
INSERT INTO CommunicationRecipients (Communication, Member) VALUES (103, 140);
INSERT INTO CommunicationRecipients (Communication, Member) VALUES (103, 106);
INSERT INTO CommunicationRecipients (Communication, Member) VALUES (103, 160);
INSERT INTO CommunicationRecipients (Communication, Member) VALUES (103, 190);
INSERT INTO CommunicationRecipients (Communication, Member) VALUES (103, 194);
INSERT INTO CommunicationRecipients (Communication, Member) VALUES (103, 179);
INSERT INTO CommunicationRecipients (Communication, Member) VALUES (103, 133);
INSERT INTO CommunicationRecipients (Communication, Member) VALUES (103, 146);
INSERT INTO CommunicationRecipients (Communication, Member) VALUES (103, 134);
INSERT INTO CommunicationRecipients (Communication, Member) VALUES (103, 115);
INSERT INTO CommunicationRecipients (Communication, Member) VALUES (103, 152);
INSERT INTO CommunicationRecipients (Communication, Member) VALUES (103, 172);
INSERT INTO CommunicationRecipients (Communication, Member) VALUES (103, 111);
INSERT INTO CommunicationRecipients (Communication, Member) VALUES (103, 141);
INSERT INTO CommunicationRecipients (Communication, Member) VALUES (103, 168);
INSERT INTO CommunicationRecipients (Communication, Member) VALUES (103, 121);
INSERT INTO CommunicationRecipients (Communication, Member) VALUES (103, 159);
INSERT INTO CommunicationRecipients (Communication, Member) VALUES (103, 136);
INSERT INTO CommunicationRecipients (Communication, Member) VALUES (103, 135);
INSERT INTO CommunicationRecipients (Communication, Member) VALUES (103, 163);
INSERT INTO CommunicationRecipients (Communication, Member) VALUES (103, 103);
INSERT INTO CommunicationRecipients (Communication, Member) VALUES (103, 171);
INSERT INTO CommunicationRecipients (Communication, Member) VALUES (103, 180);
INSERT INTO CommunicationRecipients (Communication, Member) VALUES (103, 161);
INSERT INTO CommunicationRecipients (Communication, Member) VALUES (103, 155);
INSERT INTO CommunicationRecipients (Communication, Member) VALUES (103, 114);
INSERT INTO CommunicationRecipients (Communication, Member) VALUES (103, 145);
INSERT INTO CommunicationRecipients (Communication, Member) VALUES (103, 137);
INSERT INTO CommunicationRecipients (Communication, Member) VALUES (103, 100);
INSERT INTO CommunicationRecipients (Communication, Member) VALUES (103, 169);
INSERT INTO CommunicationRecipients (Communication, Member) VALUES (103, 185);
INSERT INTO CommunicationRecipients (Communication, Member) VALUES (103, 128);
INSERT INTO CommunicationRecipients (Communication, Member) VALUES (103, 123);
INSERT INTO CommunicationRecipients (Communication, Member) VALUES (103, 109);
INSERT INTO CommunicationRecipients (Communication, Member) VALUES (103, 120);
INSERT INTO CommunicationRecipients (Communication, Member) VALUES (103, 189);
INSERT INTO CommunicationRecipients (Communication, Member) VALUES (103, 188);
INSERT INTO CommunicationRecipients (Communication, Member) VALUES (103, 181);
INSERT INTO CommunicationRecipients (Communication, Member) VALUES (103, 174);
INSERT INTO CommunicationRecipients (Communication, Member) VALUES (103, 187);
INSERT INTO CommunicationRecipients (Communication, Member) VALUES (103, 158);
INSERT INTO CommunicationRecipients (Communication, Member) VALUES (103, 170);
INSERT INTO CommunicationRecipients (Communication, Member) VALUES (103, 162);
INSERT INTO CommunicationRecipients (Communication, Member) VALUES (103, 149);
INSERT INTO CommunicationRecipients (Communication, Member) VALUES (103, 118);
INSERT INTO CommunicationRecipients (Communication, Member) VALUES (103, 125);
INSERT INTO CommunicationRecipients (Communication, Member) VALUES (103, 183);
INSERT INTO Communication (ID, Subject, Content, DateSent) VALUES (104, 'Trip Cancellation Notice', 'His language voice many role. Worker challenge opportunity until.
Structure require style win outside. Truth eat win against.
Several dark easy authority miss. Major around debate week produce. News bar study particularly left consumer place.', '2025-08-10 11:44:37');
INSERT INTO CommunicationRecipients (Communication, Member) VALUES (104, 178);
INSERT INTO CommunicationRecipients (Communication, Member) VALUES (104, 153);
INSERT INTO CommunicationRecipients (Communication, Member) VALUES (104, 173);
INSERT INTO CommunicationRecipients (Communication, Member) VALUES (104, 116);
INSERT INTO CommunicationRecipients (Communication, Member) VALUES (104, 188);
INSERT INTO CommunicationRecipients (Communication, Member) VALUES (104, 198);
INSERT INTO CommunicationRecipients (Communication, Member) VALUES (104, 172);
INSERT INTO CommunicationRecipients (Communication, Member) VALUES (104, 165);
INSERT INTO CommunicationRecipients (Communication, Member) VALUES (104, 156);
INSERT INTO CommunicationRecipients (Communication, Member) VALUES (104, 143);
INSERT INTO CommunicationRecipients (Communication, Member) VALUES (104, 167);
INSERT INTO CommunicationRecipients (Communication, Member) VALUES (104, 185);
INSERT INTO CommunicationRecipients (Communication, Member) VALUES (104, 141);
INSERT INTO CommunicationRecipients (Communication, Member) VALUES (104, 181);
INSERT INTO CommunicationRecipients (Communication, Member) VALUES (104, 169);
INSERT INTO CommunicationRecipients (Communication, Member) VALUES (104, 120);
INSERT INTO CommunicationRecipients (Communication, Member) VALUES (104, 157);
INSERT INTO CommunicationRecipients (Communication, Member) VALUES (104, 150);
INSERT INTO CommunicationRecipients (Communication, Member) VALUES (104, 114);
INSERT INTO CommunicationRecipients (Communication, Member) VALUES (104, 130);
INSERT INTO CommunicationRecipients (Communication, Member) VALUES (104, 147);
INSERT INTO CommunicationRecipients (Communication, Member) VALUES (104, 180);
INSERT INTO CommunicationRecipients (Communication, Member) VALUES (104, 102);
INSERT INTO CommunicationRecipients (Communication, Member) VALUES (104, 118);
INSERT INTO CommunicationRecipients (Communication, Member) VALUES (104, 171);
INSERT INTO CommunicationRecipients (Communication, Member) VALUES (104, 182);
INSERT INTO Communication (ID, Subject, Content, DateSent) VALUES (105, 'Budget Update', 'Usually head religious far finally only. Must listen country. Seek capital PM project bit. Long writer center culture everything PM.
Where head whatever condition free anything. Civil evidence weight myself.
Movement financial after benefit hear race. Us sign listen. Large against back such good.', '2025-08-10 11:43:23');
INSERT INTO CommunicationRecipients (Communication, Member) VALUES (105, 173);
INSERT INTO CommunicationRecipients (Communication, Member) VALUES (105, 117);
INSERT INTO CommunicationRecipients (Communication, Member) VALUES (105, 141);
INSERT INTO CommunicationRecipients (Communication, Member) VALUES (105, 118);
INSERT INTO CommunicationRecipients (Communication, Member) VALUES (105, 178);
INSERT INTO CommunicationRecipients (Communication, Member) VALUES (105, 145);
INSERT INTO CommunicationRecipients (Communication, Member) VALUES (105, 120);
INSERT INTO CommunicationRecipients (Communication, Member) VALUES (105, 148);
INSERT INTO CommunicationRecipients (Communication, Member) VALUES (105, 130);
INSERT INTO CommunicationRecipients (Communication, Member) VALUES (105, 182);
INSERT INTO CommunicationRecipients (Communication, Member) VALUES (105, 155);
INSERT INTO CommunicationRecipients (Communication, Member) VALUES (105, 127);
INSERT INTO CommunicationRecipients (Communication, Member) VALUES (105, 161);
INSERT INTO CommunicationRecipients (Communication, Member) VALUES (105, 166);
INSERT INTO CommunicationRecipients (Communication, Member) VALUES (105, 174);
INSERT INTO CommunicationRecipients (Communication, Member) VALUES (105, 103);
INSERT INTO CommunicationRecipients (Communication, Member) VALUES (105, 153);
INSERT INTO Communication (ID, Subject, Content, DateSent) VALUES (106, 'Safety Reminder: Winter Conditions', 'Firm popular phone four. A bag history use worry before. Each next modern big human collection.
Grow fact send enter. War by vote production.
Total look chair. Citizen response executive same be dream.
Drop significant better against blood. Visit pressure film response relate.', '2025-08-10 11:45:58');
INSERT INTO CommunicationRecipients (Communication, Member) VALUES (106, 182);
INSERT INTO CommunicationRecipients (Communication, Member) VALUES (106, 130);
INSERT INTO CommunicationRecipients (Communication, Member) VALUES (106, 196);
INSERT INTO CommunicationRecipients (Communication, Member) VALUES (106, 145);
INSERT INTO CommunicationRecipients (Communication, Member) VALUES (106, 120);
INSERT INTO CommunicationRecipients (Communication, Member) VALUES (106, 105);
INSERT INTO CommunicationRecipients (Communication, Member) VALUES (106, 129);
INSERT INTO CommunicationRecipients (Communication, Member) VALUES (106, 188);
INSERT INTO CommunicationRecipients (Communication, Member) VALUES (106, 155);
INSERT INTO CommunicationRecipients (Communication, Member) VALUES (106, 179);
INSERT INTO CommunicationRecipients (Communication, Member) VALUES (106, 154);
INSERT INTO CommunicationRecipients (Communication, Member) VALUES (106, 128);
INSERT INTO CommunicationRecipients (Communication, Member) VALUES (106, 127);
INSERT INTO CommunicationRecipients (Communication, Member) VALUES (106, 147);
INSERT INTO CommunicationRecipients (Communication, Member) VALUES (106, 174);
INSERT INTO CommunicationRecipients (Communication, Member) VALUES (106, 190);
INSERT INTO CommunicationRecipients (Communication, Member) VALUES (106, 162);
INSERT INTO CommunicationRecipients (Communication, Member) VALUES (106, 191);
INSERT INTO CommunicationRecipients (Communication, Member) VALUES (106, 118);
INSERT INTO CommunicationRecipients (Communication, Member) VALUES (106, 138);
INSERT INTO CommunicationRecipients (Communication, Member) VALUES (106, 156);
INSERT INTO CommunicationRecipients (Communication, Member) VALUES (106, 150);
INSERT INTO CommunicationRecipients (Communication, Member) VALUES (106, 115);
INSERT INTO CommunicationRecipients (Communication, Member) VALUES (106, 161);
INSERT INTO CommunicationRecipients (Communication, Member) VALUES (106, 165);
INSERT INTO CommunicationRecipients (Communication, Member) VALUES (106, 178);
INSERT INTO CommunicationRecipients (Communication, Member) VALUES (106, 152);
INSERT INTO CommunicationRecipients (Communication, Member) VALUES (106, 172);
INSERT INTO CommunicationRecipients (Communication, Member) VALUES (106, 125);
INSERT INTO CommunicationRecipients (Communication, Member) VALUES (106, 185);
INSERT INTO CommunicationRecipients (Communication, Member) VALUES (106, 199);
INSERT INTO CommunicationRecipients (Communication, Member) VALUES (106, 160);
INSERT INTO CommunicationRecipients (Communication, Member) VALUES (106, 169);
INSERT INTO CommunicationRecipients (Communication, Member) VALUES (106, 102);
INSERT INTO CommunicationRecipients (Communication, Member) VALUES (106, 123);
INSERT INTO CommunicationRecipients (Communication, Member) VALUES (106, 181);
INSERT INTO CommunicationRecipients (Communication, Member) VALUES (106, 197);
INSERT INTO CommunicationRecipients (Communication, Member) VALUES (106, 124);
INSERT INTO CommunicationRecipients (Communication, Member) VALUES (106, 132);
INSERT INTO CommunicationRecipients (Communication, Member) VALUES (106, 106);
INSERT INTO CommunicationRecipients (Communication, Member) VALUES (106, 166);
INSERT INTO CommunicationRecipients (Communication, Member) VALUES (106, 173);
INSERT INTO CommunicationRecipients (Communication, Member) VALUES (106, 158);
INSERT INTO CommunicationRecipients (Communication, Member) VALUES (106, 121);
INSERT INTO CommunicationRecipients (Communication, Member) VALUES (106, 180);
INSERT INTO CommunicationRecipients (Communication, Member) VALUES (106, 153);
INSERT INTO CommunicationRecipients (Communication, Member) VALUES (106, 144);
INSERT INTO CommunicationRecipients (Communication, Member) VALUES (106, 186);
INSERT INTO CommunicationRecipients (Communication, Member) VALUES (106, 110);
INSERT INTO CommunicationRecipients (Communication, Member) VALUES (106, 193);
INSERT INTO CommunicationRecipients (Communication, Member) VALUES (106, 101);
INSERT INTO CommunicationRecipients (Communication, Member) VALUES (106, 131);
INSERT INTO CommunicationRecipients (Communication, Member) VALUES (106, 175);
INSERT INTO CommunicationRecipients (Communication, Member) VALUES (106, 151);
INSERT INTO CommunicationRecipients (Communication, Member) VALUES (106, 192);
INSERT INTO CommunicationRecipients (Communication, Member) VALUES (106, 116);
INSERT INTO CommunicationRecipients (Communication, Member) VALUES (106, 189);
INSERT INTO CommunicationRecipients (Communication, Member) VALUES (106, 104);
INSERT INTO CommunicationRecipients (Communication, Member) VALUES (106, 177);
INSERT INTO CommunicationRecipients (Communication, Member) VALUES (106, 135);
INSERT INTO CommunicationRecipients (Communication, Member) VALUES (106, 146);
INSERT INTO CommunicationRecipients (Communication, Member) VALUES (106, 117);
INSERT INTO CommunicationRecipients (Communication, Member) VALUES (106, 114);
INSERT INTO CommunicationRecipients (Communication, Member) VALUES (106, 163);
INSERT INTO CommunicationRecipients (Communication, Member) VALUES (106, 148);
INSERT INTO CommunicationRecipients (Communication, Member) VALUES (106, 149);
INSERT INTO CommunicationRecipients (Communication, Member) VALUES (106, 141);
INSERT INTO CommunicationRecipients (Communication, Member) VALUES (106, 126);
INSERT INTO CommunicationRecipients (Communication, Member) VALUES (106, 107);
INSERT INTO CommunicationRecipients (Communication, Member) VALUES (106, 159);
INSERT INTO CommunicationRecipients (Communication, Member) VALUES (106, 119);
INSERT INTO CommunicationRecipients (Communication, Member) VALUES (106, 122);
INSERT INTO CommunicationRecipients (Communication, Member) VALUES (106, 176);
INSERT INTO CommunicationRecipients (Communication, Member) VALUES (106, 136);
INSERT INTO CommunicationRecipients (Communication, Member) VALUES (106, 195);
INSERT INTO CommunicationRecipients (Communication, Member) VALUES (106, 109);
INSERT INTO CommunicationRecipients (Communication, Member) VALUES (106, 108);
INSERT INTO CommunicationRecipients (Communication, Member) VALUES (106, 142);
INSERT INTO CommunicationRecipients (Communication, Member) VALUES (106, 184);
INSERT INTO CommunicationRecipients (Communication, Member) VALUES (106, 137);
INSERT INTO CommunicationRecipients (Communication, Member) VALUES (106, 143);
INSERT INTO CommunicationRecipients (Communication, Member) VALUES (106, 170);
INSERT INTO Communication (ID, Subject, Content, DateSent) VALUES (107, 'Safety Reminder: Winter Conditions', 'Away simply manage finally direction significant. View of arrive listen scene. Itself line network sort sea source true. Coach laugh sometimes same.', '2025-08-10 11:42:22');
INSERT INTO CommunicationRecipients (Communication, Member) VALUES (107, 180);
INSERT INTO CommunicationRecipients (Communication, Member) VALUES (107, 183);
INSERT INTO CommunicationRecipients (Communication, Member) VALUES (107, 153);
INSERT INTO CommunicationRecipients (Communication, Member) VALUES (107, 198);
INSERT INTO CommunicationRecipients (Communication, Member) VALUES (107, 110);
INSERT INTO CommunicationRecipients (Communication, Member) VALUES (107, 161);
INSERT INTO CommunicationRecipients (Communication, Member) VALUES (107, 117);
INSERT INTO CommunicationRecipients (Communication, Member) VALUES (107, 177);
INSERT INTO CommunicationRecipients (Communication, Member) VALUES (107, 170);
INSERT INTO CommunicationRecipients (Communication, Member) VALUES (107, 145);
INSERT INTO CommunicationRecipients (Communication, Member) VALUES (107, 192);
INSERT INTO CommunicationRecipients (Communication, Member) VALUES (107, 109);
INSERT INTO CommunicationRecipients (Communication, Member) VALUES (107, 137);
INSERT INTO CommunicationRecipients (Communication, Member) VALUES (107, 184);
INSERT INTO CommunicationRecipients (Communication, Member) VALUES (107, 150);
INSERT INTO CommunicationRecipients (Communication, Member) VALUES (107, 114);
INSERT INTO CommunicationRecipients (Communication, Member) VALUES (107, 154);
INSERT INTO CommunicationRecipients (Communication, Member) VALUES (107, 171);
INSERT INTO CommunicationRecipients (Communication, Member) VALUES (107, 139);
INSERT INTO CommunicationRecipients (Communication, Member) VALUES (107, 123);
INSERT INTO CommunicationRecipients (Communication, Member) VALUES (107, 178);
INSERT INTO CommunicationRecipients (Communication, Member) VALUES (107, 173);
INSERT INTO CommunicationRecipients (Communication, Member) VALUES (107, 162);
INSERT INTO CommunicationRecipients (Communication, Member) VALUES (107, 136);
INSERT INTO CommunicationRecipients (Communication, Member) VALUES (107, 182);
INSERT INTO CommunicationRecipients (Communication, Member) VALUES (107, 104);
INSERT INTO CommunicationRecipients (Communication, Member) VALUES (107, 105);
INSERT INTO CommunicationRecipients (Communication, Member) VALUES (107, 196);
INSERT INTO CommunicationRecipients (Communication, Member) VALUES (107, 120);
INSERT INTO CommunicationRecipients (Communication, Member) VALUES (107, 126);
INSERT INTO CommunicationRecipients (Communication, Member) VALUES (107, 124);
INSERT INTO CommunicationRecipients (Communication, Member) VALUES (107, 156);
INSERT INTO CommunicationRecipients (Communication, Member) VALUES (107, 122);
INSERT INTO CommunicationRecipients (Communication, Member) VALUES (107, 187);
INSERT INTO CommunicationRecipients (Communication, Member) VALUES (107, 179);
INSERT INTO CommunicationRecipients (Communication, Member) VALUES (107, 113);
INSERT INTO CommunicationRecipients (Communication, Member) VALUES (107, 127);
INSERT INTO CommunicationRecipients (Communication, Member) VALUES (107, 106);
INSERT INTO CommunicationRecipients (Communication, Member) VALUES (107, 191);
INSERT INTO CommunicationRecipients (Communication, Member) VALUES (107, 149);
INSERT INTO CommunicationRecipients (Communication, Member) VALUES (107, 151);
INSERT INTO CommunicationRecipients (Communication, Member) VALUES (107, 194);
INSERT INTO CommunicationRecipients (Communication, Member) VALUES (107, 130);
INSERT INTO CommunicationRecipients (Communication, Member) VALUES (107, 164);
INSERT INTO CommunicationRecipients (Communication, Member) VALUES (107, 121);
INSERT INTO CommunicationRecipients (Communication, Member) VALUES (107, 188);
INSERT INTO CommunicationRecipients (Communication, Member) VALUES (107, 129);
INSERT INTO CommunicationRecipients (Communication, Member) VALUES (107, 190);
INSERT INTO CommunicationRecipients (Communication, Member) VALUES (107, 131);
INSERT INTO CommunicationRecipients (Communication, Member) VALUES (107, 197);
INSERT INTO CommunicationRecipients (Communication, Member) VALUES (107, 166);
INSERT INTO CommunicationRecipients (Communication, Member) VALUES (107, 143);
INSERT INTO CommunicationRecipients (Communication, Member) VALUES (107, 134);
INSERT INTO CommunicationRecipients (Communication, Member) VALUES (107, 155);
INSERT INTO CommunicationRecipients (Communication, Member) VALUES (107, 172);
INSERT INTO CommunicationRecipients (Communication, Member) VALUES (107, 146);
INSERT INTO CommunicationRecipients (Communication, Member) VALUES (107, 193);
INSERT INTO CommunicationRecipients (Communication, Member) VALUES (107, 118);
INSERT INTO CommunicationRecipients (Communication, Member) VALUES (107, 157);
INSERT INTO CommunicationRecipients (Communication, Member) VALUES (107, 189);
INSERT INTO CommunicationRecipients (Communication, Member) VALUES (107, 185);
INSERT INTO CommunicationRecipients (Communication, Member) VALUES (107, 167);
INSERT INTO CommunicationRecipients (Communication, Member) VALUES (107, 160);
INSERT INTO CommunicationRecipients (Communication, Member) VALUES (107, 144);
INSERT INTO CommunicationRecipients (Communication, Member) VALUES (107, 100);
INSERT INTO CommunicationRecipients (Communication, Member) VALUES (107, 147);
INSERT INTO CommunicationRecipients (Communication, Member) VALUES (107, 138);
INSERT INTO CommunicationRecipients (Communication, Member) VALUES (107, 163);
INSERT INTO CommunicationRecipients (Communication, Member) VALUES (107, 103);
INSERT INTO CommunicationRecipients (Communication, Member) VALUES (107, 142);
INSERT INTO CommunicationRecipients (Communication, Member) VALUES (107, 169);
INSERT INTO CommunicationRecipients (Communication, Member) VALUES (107, 119);
INSERT INTO CommunicationRecipients (Communication, Member) VALUES (107, 174);
INSERT INTO CommunicationRecipients (Communication, Member) VALUES (107, 165);
INSERT INTO CommunicationRecipients (Communication, Member) VALUES (107, 148);
INSERT INTO CommunicationRecipients (Communication, Member) VALUES (107, 168);
INSERT INTO CommunicationRecipients (Communication, Member) VALUES (107, 101);
INSERT INTO CommunicationRecipients (Communication, Member) VALUES (107, 115);
INSERT INTO CommunicationRecipients (Communication, Member) VALUES (107, 195);
INSERT INTO CommunicationRecipients (Communication, Member) VALUES (107, 132);
INSERT INTO CommunicationRecipients (Communication, Member) VALUES (107, 128);
INSERT INTO CommunicationRecipients (Communication, Member) VALUES (107, 140);
INSERT INTO CommunicationRecipients (Communication, Member) VALUES (107, 181);
INSERT INTO CommunicationRecipients (Communication, Member) VALUES (107, 135);
INSERT INTO CommunicationRecipients (Communication, Member) VALUES (107, 108);
INSERT INTO CommunicationRecipients (Communication, Member) VALUES (107, 102);
INSERT INTO CommunicationRecipients (Communication, Member) VALUES (107, 158);
INSERT INTO CommunicationRecipients (Communication, Member) VALUES (107, 141);
INSERT INTO CommunicationRecipients (Communication, Member) VALUES (107, 111);
INSERT INTO CommunicationRecipients (Communication, Member) VALUES (107, 125);
INSERT INTO CommunicationRecipients (Communication, Member) VALUES (107, 107);
INSERT INTO CommunicationRecipients (Communication, Member) VALUES (107, 175);
INSERT INTO CommunicationRecipients (Communication, Member) VALUES (107, 199);
INSERT INTO CommunicationRecipients (Communication, Member) VALUES (107, 159);
INSERT INTO CommunicationRecipients (Communication, Member) VALUES (107, 133);
INSERT INTO Communication (ID, Subject, Content, DateSent) VALUES (108, 'Upcoming Trip Reminder', 'Sit thousand project prepare threat network. Enough visit allow Mrs. Source tough cup hair fine message.
Different surface end necessary particularly future within. Service responsibility today eye.', '2025-08-10 11:43:58');
INSERT INTO CommunicationRecipients (Communication, Member) VALUES (108, 161);
INSERT INTO CommunicationRecipients (Communication, Member) VALUES (108, 123);
INSERT INTO CommunicationRecipients (Communication, Member) VALUES (108, 115);
INSERT INTO CommunicationRecipients (Communication, Member) VALUES (108, 185);
INSERT INTO CommunicationRecipients (Communication, Member) VALUES (108, 166);
INSERT INTO CommunicationRecipients (Communication, Member) VALUES (108, 135);
INSERT INTO CommunicationRecipients (Communication, Member) VALUES (108, 138);
INSERT INTO CommunicationRecipients (Communication, Member) VALUES (108, 117);
INSERT INTO CommunicationRecipients (Communication, Member) VALUES (108, 146);
INSERT INTO CommunicationRecipients (Communication, Member) VALUES (108, 189);
INSERT INTO CommunicationRecipients (Communication, Member) VALUES (108, 149);
INSERT INTO CommunicationRecipients (Communication, Member) VALUES (108, 143);
INSERT INTO CommunicationRecipients (Communication, Member) VALUES (108, 144);
INSERT INTO CommunicationRecipients (Communication, Member) VALUES (108, 168);
INSERT INTO CommunicationRecipients (Communication, Member) VALUES (108, 131);
INSERT INTO CommunicationRecipients (Communication, Member) VALUES (108, 195);
INSERT INTO CommunicationRecipients (Communication, Member) VALUES (108, 108);
INSERT INTO CommunicationRecipients (Communication, Member) VALUES (108, 191);
INSERT INTO CommunicationRecipients (Communication, Member) VALUES (108, 175);
INSERT INTO CommunicationRecipients (Communication, Member) VALUES (108, 133);
INSERT INTO CommunicationRecipients (Communication, Member) VALUES (108, 196);
INSERT INTO CommunicationRecipients (Communication, Member) VALUES (108, 155);
INSERT INTO CommunicationRecipients (Communication, Member) VALUES (108, 107);
INSERT INTO CommunicationRecipients (Communication, Member) VALUES (108, 156);
INSERT INTO CommunicationRecipients (Communication, Member) VALUES (108, 187);
INSERT INTO CommunicationRecipients (Communication, Member) VALUES (108, 190);
INSERT INTO CommunicationRecipients (Communication, Member) VALUES (108, 148);
INSERT INTO CommunicationRecipients (Communication, Member) VALUES (108, 169);
INSERT INTO CommunicationRecipients (Communication, Member) VALUES (108, 197);
INSERT INTO CommunicationRecipients (Communication, Member) VALUES (108, 150);
INSERT INTO CommunicationRecipients (Communication, Member) VALUES (108, 180);
INSERT INTO CommunicationRecipients (Communication, Member) VALUES (108, 104);
INSERT INTO CommunicationRecipients (Communication, Member) VALUES (108, 100);
INSERT INTO CommunicationRecipients (Communication, Member) VALUES (108, 102);
INSERT INTO CommunicationRecipients (Communication, Member) VALUES (108, 111);
INSERT INTO CommunicationRecipients (Communication, Member) VALUES (108, 158);
INSERT INTO CommunicationRecipients (Communication, Member) VALUES (108, 167);
INSERT INTO CommunicationRecipients (Communication, Member) VALUES (108, 101);
INSERT INTO CommunicationRecipients (Communication, Member) VALUES (108, 199);
INSERT INTO CommunicationRecipients (Communication, Member) VALUES (108, 136);
INSERT INTO CommunicationRecipients (Communication, Member) VALUES (108, 178);
INSERT INTO CommunicationRecipients (Communication, Member) VALUES (108, 165);
INSERT INTO CommunicationRecipients (Communication, Member) VALUES (108, 112);
INSERT INTO CommunicationRecipients (Communication, Member) VALUES (108, 140);
INSERT INTO CommunicationRecipients (Communication, Member) VALUES (108, 194);
INSERT INTO CommunicationRecipients (Communication, Member) VALUES (108, 106);
INSERT INTO CommunicationRecipients (Communication, Member) VALUES (108, 182);
INSERT INTO CommunicationRecipients (Communication, Member) VALUES (108, 124);
INSERT INTO CommunicationRecipients (Communication, Member) VALUES (108, 139);
INSERT INTO CommunicationRecipients (Communication, Member) VALUES (108, 105);
INSERT INTO CommunicationRecipients (Communication, Member) VALUES (108, 183);
INSERT INTO CommunicationRecipients (Communication, Member) VALUES (108, 157);
INSERT INTO CommunicationRecipients (Communication, Member) VALUES (108, 172);
INSERT INTO CommunicationRecipients (Communication, Member) VALUES (108, 160);
INSERT INTO CommunicationRecipients (Communication, Member) VALUES (108, 128);
INSERT INTO CommunicationRecipients (Communication, Member) VALUES (108, 119);
INSERT INTO Communication (ID, Subject, Content, DateSent) VALUES (109, 'Officer Election Results', 'Lot article play east table yet. Compare heart produce. Treat office defense.
Single result include real television. Form smile knowledge indicate exactly Congress data hold.
Base area child clear dark establish himself deal. One wall woman modern fact body.', '2025-08-10 11:43:03');
INSERT INTO CommunicationRecipients (Communication, Member) VALUES (109, 104);
INSERT INTO CommunicationRecipients (Communication, Member) VALUES (109, 157);
INSERT INTO CommunicationRecipients (Communication, Member) VALUES (109, 129);
INSERT INTO CommunicationRecipients (Communication, Member) VALUES (109, 134);
INSERT INTO CommunicationRecipients (Communication, Member) VALUES (109, 152);
INSERT INTO CommunicationRecipients (Communication, Member) VALUES (109, 100);
INSERT INTO CommunicationRecipients (Communication, Member) VALUES (109, 182);
INSERT INTO CommunicationRecipients (Communication, Member) VALUES (109, 108);
INSERT INTO CommunicationRecipients (Communication, Member) VALUES (109, 124);
INSERT INTO CommunicationRecipients (Communication, Member) VALUES (109, 183);
INSERT INTO CommunicationRecipients (Communication, Member) VALUES (109, 144);
INSERT INTO CommunicationRecipients (Communication, Member) VALUES (109, 101);
INSERT INTO CommunicationRecipients (Communication, Member) VALUES (109, 159);
INSERT INTO CommunicationRecipients (Communication, Member) VALUES (109, 115);
INSERT INTO CommunicationRecipients (Communication, Member) VALUES (109, 126);
INSERT INTO CommunicationRecipients (Communication, Member) VALUES (109, 181);
INSERT INTO CommunicationRecipients (Communication, Member) VALUES (109, 110);
INSERT INTO CommunicationRecipients (Communication, Member) VALUES (109, 156);
INSERT INTO CommunicationRecipients (Communication, Member) VALUES (109, 155);
INSERT INTO CommunicationRecipients (Communication, Member) VALUES (109, 175);
INSERT INTO CommunicationRecipients (Communication, Member) VALUES (109, 177);
INSERT INTO CommunicationRecipients (Communication, Member) VALUES (109, 197);
INSERT INTO CommunicationRecipients (Communication, Member) VALUES (109, 171);
INSERT INTO CommunicationRecipients (Communication, Member) VALUES (109, 186);
INSERT INTO CommunicationRecipients (Communication, Member) VALUES (109, 109);
INSERT INTO CommunicationRecipients (Communication, Member) VALUES (109, 106);
INSERT INTO CommunicationRecipients (Communication, Member) VALUES (109, 130);
INSERT INTO CommunicationRecipients (Communication, Member) VALUES (109, 190);
INSERT INTO CommunicationRecipients (Communication, Member) VALUES (109, 131);
INSERT INTO CommunicationRecipients (Communication, Member) VALUES (109, 116);
INSERT INTO CommunicationRecipients (Communication, Member) VALUES (109, 128);
INSERT INTO CommunicationRecipients (Communication, Member) VALUES (109, 185);
INSERT INTO CommunicationRecipients (Communication, Member) VALUES (109, 178);
INSERT INTO CommunicationRecipients (Communication, Member) VALUES (109, 172);
INSERT INTO CommunicationRecipients (Communication, Member) VALUES (109, 167);
INSERT INTO CommunicationRecipients (Communication, Member) VALUES (109, 148);
INSERT INTO CommunicationRecipients (Communication, Member) VALUES (109, 125);
INSERT INTO CommunicationRecipients (Communication, Member) VALUES (109, 169);
INSERT INTO CommunicationRecipients (Communication, Member) VALUES (109, 117);
INSERT INTO CommunicationRecipients (Communication, Member) VALUES (109, 168);
INSERT INTO CommunicationRecipients (Communication, Member) VALUES (109, 141);
INSERT INTO CommunicationRecipients (Communication, Member) VALUES (109, 107);
INSERT INTO CommunicationRecipients (Communication, Member) VALUES (109, 112);
INSERT INTO CommunicationRecipients (Communication, Member) VALUES (109, 150);
INSERT INTO CommunicationRecipients (Communication, Member) VALUES (109, 166);
INSERT INTO CommunicationRecipients (Communication, Member) VALUES (109, 154);
INSERT INTO CommunicationRecipients (Communication, Member) VALUES (109, 103);
INSERT INTO CommunicationRecipients (Communication, Member) VALUES (109, 192);
INSERT INTO CommunicationRecipients (Communication, Member) VALUES (109, 153);
INSERT INTO CommunicationRecipients (Communication, Member) VALUES (109, 184);
INSERT INTO CommunicationRecipients (Communication, Member) VALUES (109, 121);
INSERT INTO CommunicationRecipients (Communication, Member) VALUES (109, 137);
INSERT INTO CommunicationRecipients (Communication, Member) VALUES (109, 146);
INSERT INTO CommunicationRecipients (Communication, Member) VALUES (109, 194);
INSERT INTO CommunicationRecipients (Communication, Member) VALUES (109, 147);
INSERT INTO CommunicationRecipients (Communication, Member) VALUES (109, 135);
INSERT INTO CommunicationRecipients (Communication, Member) VALUES (109, 118);
INSERT INTO CommunicationRecipients (Communication, Member) VALUES (109, 164);
INSERT INTO CommunicationRecipients (Communication, Member) VALUES (109, 120);
INSERT INTO CommunicationRecipients (Communication, Member) VALUES (109, 180);
INSERT INTO CommunicationRecipients (Communication, Member) VALUES (109, 105);
INSERT INTO CommunicationRecipients (Communication, Member) VALUES (109, 179);
INSERT INTO CommunicationRecipients (Communication, Member) VALUES (109, 188);
INSERT INTO CommunicationRecipients (Communication, Member) VALUES (109, 138);
INSERT INTO CommunicationRecipients (Communication, Member) VALUES (109, 142);
INSERT INTO CommunicationRecipients (Communication, Member) VALUES (109, 140);
INSERT INTO CommunicationRecipients (Communication, Member) VALUES (109, 136);
INSERT INTO CommunicationRecipients (Communication, Member) VALUES (109, 198);
INSERT INTO CommunicationRecipients (Communication, Member) VALUES (109, 119);
INSERT INTO CommunicationRecipients (Communication, Member) VALUES (109, 151);
INSERT INTO CommunicationRecipients (Communication, Member) VALUES (109, 133);
INSERT INTO CommunicationRecipients (Communication, Member) VALUES (109, 160);
INSERT INTO CommunicationRecipients (Communication, Member) VALUES (109, 173);
INSERT INTO CommunicationRecipients (Communication, Member) VALUES (109, 189);
INSERT INTO CommunicationRecipients (Communication, Member) VALUES (109, 170);
INSERT INTO CommunicationRecipients (Communication, Member) VALUES (109, 114);
INSERT INTO CommunicationRecipients (Communication, Member) VALUES (109, 127);
INSERT INTO CommunicationRecipients (Communication, Member) VALUES (109, 176);
INSERT INTO CommunicationRecipients (Communication, Member) VALUES (109, 193);
INSERT INTO CommunicationRecipients (Communication, Member) VALUES (109, 191);
INSERT INTO CommunicationRecipients (Communication, Member) VALUES (109, 187);
INSERT INTO CommunicationRecipients (Communication, Member) VALUES (109, 111);
INSERT INTO CommunicationRecipients (Communication, Member) VALUES (109, 122);
INSERT INTO CommunicationRecipients (Communication, Member) VALUES (109, 149);
INSERT INTO CommunicationRecipients (Communication, Member) VALUES (109, 165);
INSERT INTO CommunicationRecipients (Communication, Member) VALUES (109, 158);
INSERT INTO CommunicationRecipients (Communication, Member) VALUES (109, 143);
INSERT INTO CommunicationRecipients (Communication, Member) VALUES (109, 139);
INSERT INTO Communication (ID, Subject, Content, DateSent) VALUES (110, 'Club Meeting This Thursday', 'Left step experience financial. Break class data speech light. Either condition particularly cold laugh authority huge.
General program road run opportunity also long account. Player may push and herself guess in.
Public special husband drop thousand rise itself market.', '2025-08-10 11:42:53');
INSERT INTO CommunicationRecipients (Communication, Member) VALUES (110, 106);
INSERT INTO CommunicationRecipients (Communication, Member) VALUES (110, 195);
INSERT INTO CommunicationRecipients (Communication, Member) VALUES (110, 128);
INSERT INTO CommunicationRecipients (Communication, Member) VALUES (110, 112);
INSERT INTO CommunicationRecipients (Communication, Member) VALUES (110, 188);
INSERT INTO CommunicationRecipients (Communication, Member) VALUES (110, 170);
INSERT INTO CommunicationRecipients (Communication, Member) VALUES (110, 175);
INSERT INTO CommunicationRecipients (Communication, Member) VALUES (110, 100);
INSERT INTO CommunicationRecipients (Communication, Member) VALUES (110, 183);
INSERT INTO CommunicationRecipients (Communication, Member) VALUES (110, 193);
INSERT INTO CommunicationRecipients (Communication, Member) VALUES (110, 118);
INSERT INTO CommunicationRecipients (Communication, Member) VALUES (110, 181);
INSERT INTO CommunicationRecipients (Communication, Member) VALUES (110, 117);
INSERT INTO CommunicationRecipients (Communication, Member) VALUES (110, 136);
INSERT INTO CommunicationRecipients (Communication, Member) VALUES (110, 145);
INSERT INTO CommunicationRecipients (Communication, Member) VALUES (110, 194);
INSERT INTO CommunicationRecipients (Communication, Member) VALUES (110, 161);
INSERT INTO CommunicationRecipients (Communication, Member) VALUES (110, 111);
INSERT INTO CommunicationRecipients (Communication, Member) VALUES (110, 179);
INSERT INTO CommunicationRecipients (Communication, Member) VALUES (110, 148);
INSERT INTO CommunicationRecipients (Communication, Member) VALUES (110, 160);
INSERT INTO CommunicationRecipients (Communication, Member) VALUES (110, 180);
INSERT INTO CommunicationRecipients (Communication, Member) VALUES (110, 115);
INSERT INTO CommunicationRecipients (Communication, Member) VALUES (110, 150);
INSERT INTO CommunicationRecipients (Communication, Member) VALUES (110, 139);
INSERT INTO CommunicationRecipients (Communication, Member) VALUES (110, 182);
INSERT INTO CommunicationRecipients (Communication, Member) VALUES (110, 109);
INSERT INTO CommunicationRecipients (Communication, Member) VALUES (110, 121);
INSERT INTO CommunicationRecipients (Communication, Member) VALUES (110, 137);
INSERT INTO CommunicationRecipients (Communication, Member) VALUES (110, 122);
INSERT INTO CommunicationRecipients (Communication, Member) VALUES (110, 154);
INSERT INTO CommunicationRecipients (Communication, Member) VALUES (110, 130);
INSERT INTO CommunicationRecipients (Communication, Member) VALUES (110, 105);
INSERT INTO Communication (ID, Subject, Content, DateSent) VALUES (111, 'Gear Checkout Hours Update', 'Term skill perform center tough young. Sense ahead line as benefit bed red player.
Any forget beautiful serious garden hot quite. Enjoy serve game. Sure couple sing where at.
Ahead system entire every four feeling board accept. Plant on pull Republican.', '2025-08-10 11:42:34');
INSERT INTO CommunicationRecipients (Communication, Member) VALUES (111, 106);
INSERT INTO CommunicationRecipients (Communication, Member) VALUES (111, 187);
INSERT INTO CommunicationRecipients (Communication, Member) VALUES (111, 105);
INSERT INTO CommunicationRecipients (Communication, Member) VALUES (111, 194);
INSERT INTO CommunicationRecipients (Communication, Member) VALUES (111, 127);
INSERT INTO CommunicationRecipients (Communication, Member) VALUES (111, 102);
INSERT INTO CommunicationRecipients (Communication, Member) VALUES (111, 184);
INSERT INTO CommunicationRecipients (Communication, Member) VALUES (111, 186);
INSERT INTO CommunicationRecipients (Communication, Member) VALUES (111, 114);
INSERT INTO CommunicationRecipients (Communication, Member) VALUES (111, 179);
INSERT INTO CommunicationRecipients (Communication, Member) VALUES (111, 180);
INSERT INTO CommunicationRecipients (Communication, Member) VALUES (111, 104);
INSERT INTO CommunicationRecipients (Communication, Member) VALUES (111, 182);
INSERT INTO CommunicationRecipients (Communication, Member) VALUES (111, 108);
INSERT INTO CommunicationRecipients (Communication, Member) VALUES (111, 195);
INSERT INTO CommunicationRecipients (Communication, Member) VALUES (111, 118);
INSERT INTO CommunicationRecipients (Communication, Member) VALUES (111, 183);
INSERT INTO CommunicationRecipients (Communication, Member) VALUES (111, 100);
INSERT INTO CommunicationRecipients (Communication, Member) VALUES (111, 123);
INSERT INTO CommunicationRecipients (Communication, Member) VALUES (111, 191);
INSERT INTO CommunicationRecipients (Communication, Member) VALUES (111, 152);
INSERT INTO CommunicationRecipients (Communication, Member) VALUES (111, 164);
INSERT INTO CommunicationRecipients (Communication, Member) VALUES (111, 150);
INSERT INTO CommunicationRecipients (Communication, Member) VALUES (111, 140);
INSERT INTO CommunicationRecipients (Communication, Member) VALUES (111, 143);
INSERT INTO CommunicationRecipients (Communication, Member) VALUES (111, 112);
INSERT INTO CommunicationRecipients (Communication, Member) VALUES (111, 174);
INSERT INTO CommunicationRecipients (Communication, Member) VALUES (111, 154);
INSERT INTO CommunicationRecipients (Communication, Member) VALUES (111, 151);
INSERT INTO CommunicationRecipients (Communication, Member) VALUES (111, 148);
INSERT INTO CommunicationRecipients (Communication, Member) VALUES (111, 173);
INSERT INTO CommunicationRecipients (Communication, Member) VALUES (111, 133);
INSERT INTO CommunicationRecipients (Communication, Member) VALUES (111, 161);
INSERT INTO CommunicationRecipients (Communication, Member) VALUES (111, 197);
INSERT INTO CommunicationRecipients (Communication, Member) VALUES (111, 162);
INSERT INTO CommunicationRecipients (Communication, Member) VALUES (111, 128);
INSERT INTO CommunicationRecipients (Communication, Member) VALUES (111, 170);
INSERT INTO CommunicationRecipients (Communication, Member) VALUES (111, 153);
INSERT INTO CommunicationRecipients (Communication, Member) VALUES (111, 142);
INSERT INTO CommunicationRecipients (Communication, Member) VALUES (111, 171);
INSERT INTO CommunicationRecipients (Communication, Member) VALUES (111, 188);
INSERT INTO CommunicationRecipients (Communication, Member) VALUES (111, 119);
INSERT INTO CommunicationRecipients (Communication, Member) VALUES (111, 135);
INSERT INTO CommunicationRecipients (Communication, Member) VALUES (111, 110);
INSERT INTO CommunicationRecipients (Communication, Member) VALUES (111, 101);
INSERT INTO CommunicationRecipients (Communication, Member) VALUES (111, 167);
INSERT INTO CommunicationRecipients (Communication, Member) VALUES (111, 111);
INSERT INTO CommunicationRecipients (Communication, Member) VALUES (111, 165);
INSERT INTO CommunicationRecipients (Communication, Member) VALUES (111, 160);
INSERT INTO CommunicationRecipients (Communication, Member) VALUES (111, 145);
INSERT INTO CommunicationRecipients (Communication, Member) VALUES (111, 189);
INSERT INTO CommunicationRecipients (Communication, Member) VALUES (111, 103);
INSERT INTO CommunicationRecipients (Communication, Member) VALUES (111, 122);
INSERT INTO CommunicationRecipients (Communication, Member) VALUES (111, 169);
INSERT INTO CommunicationRecipients (Communication, Member) VALUES (111, 130);
INSERT INTO CommunicationRecipients (Communication, Member) VALUES (111, 129);
INSERT INTO CommunicationRecipients (Communication, Member) VALUES (111, 185);
INSERT INTO CommunicationRecipients (Communication, Member) VALUES (111, 198);
INSERT INTO Communication (ID, Subject, Content, DateSent) VALUES (112, 'Photo Contest Winners', 'Current great call between trade. Anything pass protect.
Popular score approach. Campaign American born population top.
Father management really. Time cultural group new ok. Participant heart take put practice charge federal food.', '2025-08-10 11:41:31');
INSERT INTO CommunicationRecipients (Communication, Member) VALUES (112, 180);
INSERT INTO CommunicationRecipients (Communication, Member) VALUES (112, 149);
INSERT INTO CommunicationRecipients (Communication, Member) VALUES (112, 120);
INSERT INTO CommunicationRecipients (Communication, Member) VALUES (112, 129);
INSERT INTO CommunicationRecipients (Communication, Member) VALUES (112, 143);
INSERT INTO CommunicationRecipients (Communication, Member) VALUES (112, 111);
INSERT INTO CommunicationRecipients (Communication, Member) VALUES (112, 108);
INSERT INTO CommunicationRecipients (Communication, Member) VALUES (112, 176);
INSERT INTO CommunicationRecipients (Communication, Member) VALUES (112, 155);
INSERT INTO CommunicationRecipients (Communication, Member) VALUES (112, 168);
INSERT INTO CommunicationRecipients (Communication, Member) VALUES (112, 164);
INSERT INTO CommunicationRecipients (Communication, Member) VALUES (112, 163);
INSERT INTO CommunicationRecipients (Communication, Member) VALUES (112, 127);
INSERT INTO CommunicationRecipients (Communication, Member) VALUES (112, 136);
INSERT INTO CommunicationRecipients (Communication, Member) VALUES (112, 162);
INSERT INTO CommunicationRecipients (Communication, Member) VALUES (112, 106);
INSERT INTO CommunicationRecipients (Communication, Member) VALUES (112, 182);
INSERT INTO CommunicationRecipients (Communication, Member) VALUES (112, 161);
INSERT INTO CommunicationRecipients (Communication, Member) VALUES (112, 156);
INSERT INTO CommunicationRecipients (Communication, Member) VALUES (112, 145);
INSERT INTO CommunicationRecipients (Communication, Member) VALUES (112, 181);
INSERT INTO CommunicationRecipients (Communication, Member) VALUES (112, 124);
INSERT INTO CommunicationRecipients (Communication, Member) VALUES (112, 175);
INSERT INTO CommunicationRecipients (Communication, Member) VALUES (112, 165);
INSERT INTO CommunicationRecipients (Communication, Member) VALUES (112, 110);
INSERT INTO CommunicationRecipients (Communication, Member) VALUES (112, 179);
INSERT INTO CommunicationRecipients (Communication, Member) VALUES (112, 142);
INSERT INTO CommunicationRecipients (Communication, Member) VALUES (112, 167);
INSERT INTO CommunicationRecipients (Communication, Member) VALUES (112, 183);
INSERT INTO CommunicationRecipients (Communication, Member) VALUES (112, 135);
INSERT INTO CommunicationRecipients (Communication, Member) VALUES (112, 125);
INSERT INTO CommunicationRecipients (Communication, Member) VALUES (112, 195);
INSERT INTO CommunicationRecipients (Communication, Member) VALUES (112, 166);
INSERT INTO CommunicationRecipients (Communication, Member) VALUES (112, 107);
INSERT INTO CommunicationRecipients (Communication, Member) VALUES (112, 192);
INSERT INTO CommunicationRecipients (Communication, Member) VALUES (112, 103);
INSERT INTO CommunicationRecipients (Communication, Member) VALUES (112, 189);
INSERT INTO CommunicationRecipients (Communication, Member) VALUES (112, 141);
INSERT INTO CommunicationRecipients (Communication, Member) VALUES (112, 196);
INSERT INTO CommunicationRecipients (Communication, Member) VALUES (112, 109);
INSERT INTO CommunicationRecipients (Communication, Member) VALUES (112, 193);
INSERT INTO CommunicationRecipients (Communication, Member) VALUES (112, 191);
INSERT INTO CommunicationRecipients (Communication, Member) VALUES (112, 187);
INSERT INTO CommunicationRecipients (Communication, Member) VALUES (112, 190);
INSERT INTO CommunicationRecipients (Communication, Member) VALUES (112, 131);
INSERT INTO CommunicationRecipients (Communication, Member) VALUES (112, 117);
INSERT INTO CommunicationRecipients (Communication, Member) VALUES (112, 100);
INSERT INTO CommunicationRecipients (Communication, Member) VALUES (112, 114);
INSERT INTO CommunicationRecipients (Communication, Member) VALUES (112, 144);
INSERT INTO CommunicationRecipients (Communication, Member) VALUES (112, 173);
INSERT INTO CommunicationRecipients (Communication, Member) VALUES (112, 137);
INSERT INTO CommunicationRecipients (Communication, Member) VALUES (112, 188);
INSERT INTO CommunicationRecipients (Communication, Member) VALUES (112, 128);
INSERT INTO CommunicationRecipients (Communication, Member) VALUES (112, 185);
INSERT INTO CommunicationRecipients (Communication, Member) VALUES (112, 133);
INSERT INTO CommunicationRecipients (Communication, Member) VALUES (112, 159);
INSERT INTO CommunicationRecipients (Communication, Member) VALUES (112, 177);
INSERT INTO CommunicationRecipients (Communication, Member) VALUES (112, 112);
INSERT INTO CommunicationRecipients (Communication, Member) VALUES (112, 158);
INSERT INTO CommunicationRecipients (Communication, Member) VALUES (112, 116);
INSERT INTO CommunicationRecipients (Communication, Member) VALUES (112, 134);
INSERT INTO CommunicationRecipients (Communication, Member) VALUES (112, 186);
INSERT INTO CommunicationRecipients (Communication, Member) VALUES (112, 171);
INSERT INTO CommunicationRecipients (Communication, Member) VALUES (112, 140);
INSERT INTO CommunicationRecipients (Communication, Member) VALUES (112, 118);
INSERT INTO CommunicationRecipients (Communication, Member) VALUES (112, 105);
INSERT INTO CommunicationRecipients (Communication, Member) VALUES (112, 153);
INSERT INTO CommunicationRecipients (Communication, Member) VALUES (112, 132);
INSERT INTO CommunicationRecipients (Communication, Member) VALUES (112, 104);
INSERT INTO CommunicationRecipients (Communication, Member) VALUES (112, 184);
INSERT INTO CommunicationRecipients (Communication, Member) VALUES (112, 148);
INSERT INTO CommunicationRecipients (Communication, Member) VALUES (112, 199);
INSERT INTO CommunicationRecipients (Communication, Member) VALUES (112, 139);
INSERT INTO CommunicationRecipients (Communication, Member) VALUES (112, 178);
INSERT INTO CommunicationRecipients (Communication, Member) VALUES (112, 154);
INSERT INTO CommunicationRecipients (Communication, Member) VALUES (112, 194);
INSERT INTO CommunicationRecipients (Communication, Member) VALUES (112, 122);
INSERT INTO CommunicationRecipients (Communication, Member) VALUES (112, 121);
INSERT INTO CommunicationRecipients (Communication, Member) VALUES (112, 197);
INSERT INTO CommunicationRecipients (Communication, Member) VALUES (112, 130);
INSERT INTO CommunicationRecipients (Communication, Member) VALUES (112, 101);
INSERT INTO CommunicationRecipients (Communication, Member) VALUES (112, 172);
INSERT INTO CommunicationRecipients (Communication, Member) VALUES (112, 169);
INSERT INTO CommunicationRecipients (Communication, Member) VALUES (112, 126);
INSERT INTO CommunicationRecipients (Communication, Member) VALUES (112, 119);
INSERT INTO CommunicationRecipients (Communication, Member) VALUES (112, 147);
INSERT INTO CommunicationRecipients (Communication, Member) VALUES (112, 123);
INSERT INTO CommunicationRecipients (Communication, Member) VALUES (112, 160);
INSERT INTO CommunicationRecipients (Communication, Member) VALUES (112, 115);
INSERT INTO CommunicationRecipients (Communication, Member) VALUES (112, 102);
INSERT INTO CommunicationRecipients (Communication, Member) VALUES (112, 151);
INSERT INTO CommunicationRecipients (Communication, Member) VALUES (112, 198);
INSERT INTO CommunicationRecipients (Communication, Member) VALUES (112, 157);
INSERT INTO CommunicationRecipients (Communication, Member) VALUES (112, 152);
INSERT INTO CommunicationRecipients (Communication, Member) VALUES (112, 174);
INSERT INTO Communication (ID, Subject, Content, DateSent) VALUES (113, 'Photo Contest Winners', 'Space public sort produce rich partner. Between listen peace maybe politics city.
Southern address hundred fact finish dark college. Half option large east against save remain sort.
Represent too deal town friend.
Myself partner and how. Huge far activity assume mother brother actually.', '2025-08-10 11:44:17');
INSERT INTO CommunicationRecipients (Communication, Member) VALUES (113, 100);
INSERT INTO CommunicationRecipients (Communication, Member) VALUES (113, 149);
INSERT INTO CommunicationRecipients (Communication, Member) VALUES (113, 141);
INSERT INTO CommunicationRecipients (Communication, Member) VALUES (113, 194);
INSERT INTO CommunicationRecipients (Communication, Member) VALUES (113, 101);
INSERT INTO CommunicationRecipients (Communication, Member) VALUES (113, 112);
INSERT INTO CommunicationRecipients (Communication, Member) VALUES (113, 138);
INSERT INTO CommunicationRecipients (Communication, Member) VALUES (113, 162);
INSERT INTO CommunicationRecipients (Communication, Member) VALUES (113, 121);
INSERT INTO CommunicationRecipients (Communication, Member) VALUES (113, 187);
INSERT INTO CommunicationRecipients (Communication, Member) VALUES (113, 180);
INSERT INTO CommunicationRecipients (Communication, Member) VALUES (113, 111);
INSERT INTO CommunicationRecipients (Communication, Member) VALUES (113, 168);
INSERT INTO CommunicationRecipients (Communication, Member) VALUES (113, 173);
INSERT INTO CommunicationRecipients (Communication, Member) VALUES (113, 117);
INSERT INTO CommunicationRecipients (Communication, Member) VALUES (113, 107);
INSERT INTO CommunicationRecipients (Communication, Member) VALUES (113, 122);
INSERT INTO CommunicationRecipients (Communication, Member) VALUES (113, 109);
INSERT INTO CommunicationRecipients (Communication, Member) VALUES (113, 118);
INSERT INTO CommunicationRecipients (Communication, Member) VALUES (113, 104);
INSERT INTO CommunicationRecipients (Communication, Member) VALUES (113, 106);
INSERT INTO CommunicationRecipients (Communication, Member) VALUES (113, 164);
INSERT INTO CommunicationRecipients (Communication, Member) VALUES (113, 197);
INSERT INTO CommunicationRecipients (Communication, Member) VALUES (113, 185);
INSERT INTO CommunicationRecipients (Communication, Member) VALUES (113, 199);
INSERT INTO CommunicationRecipients (Communication, Member) VALUES (113, 193);
INSERT INTO CommunicationRecipients (Communication, Member) VALUES (113, 113);
INSERT INTO CommunicationRecipients (Communication, Member) VALUES (113, 127);
INSERT INTO CommunicationRecipients (Communication, Member) VALUES (113, 136);
INSERT INTO CommunicationRecipients (Communication, Member) VALUES (113, 154);
INSERT INTO CommunicationRecipients (Communication, Member) VALUES (113, 157);
INSERT INTO CommunicationRecipients (Communication, Member) VALUES (113, 155);
INSERT INTO CommunicationRecipients (Communication, Member) VALUES (113, 124);
INSERT INTO CommunicationRecipients (Communication, Member) VALUES (113, 143);
INSERT INTO CommunicationRecipients (Communication, Member) VALUES (113, 176);
INSERT INTO CommunicationRecipients (Communication, Member) VALUES (113, 114);
INSERT INTO CommunicationRecipients (Communication, Member) VALUES (113, 161);
INSERT INTO CommunicationRecipients (Communication, Member) VALUES (113, 140);
INSERT INTO CommunicationRecipients (Communication, Member) VALUES (113, 105);
INSERT INTO CommunicationRecipients (Communication, Member) VALUES (113, 192);
INSERT INTO CommunicationRecipients (Communication, Member) VALUES (113, 137);
INSERT INTO CommunicationRecipients (Communication, Member) VALUES (113, 125);
INSERT INTO CommunicationRecipients (Communication, Member) VALUES (113, 175);
INSERT INTO CommunicationRecipients (Communication, Member) VALUES (113, 186);
INSERT INTO CommunicationRecipients (Communication, Member) VALUES (113, 170);
INSERT INTO CommunicationRecipients (Communication, Member) VALUES (113, 103);
INSERT INTO CommunicationRecipients (Communication, Member) VALUES (113, 128);
INSERT INTO CommunicationRecipients (Communication, Member) VALUES (113, 144);
INSERT INTO CommunicationRecipients (Communication, Member) VALUES (113, 198);
INSERT INTO CommunicationRecipients (Communication, Member) VALUES (113, 151);
INSERT INTO CommunicationRecipients (Communication, Member) VALUES (113, 135);
INSERT INTO CommunicationRecipients (Communication, Member) VALUES (113, 159);
INSERT INTO CommunicationRecipients (Communication, Member) VALUES (113, 130);
INSERT INTO CommunicationRecipients (Communication, Member) VALUES (113, 145);
INSERT INTO CommunicationRecipients (Communication, Member) VALUES (113, 131);
INSERT INTO CommunicationRecipients (Communication, Member) VALUES (113, 132);
INSERT INTO CommunicationRecipients (Communication, Member) VALUES (113, 120);
INSERT INTO CommunicationRecipients (Communication, Member) VALUES (113, 183);
INSERT INTO CommunicationRecipients (Communication, Member) VALUES (113, 116);
INSERT INTO CommunicationRecipients (Communication, Member) VALUES (113, 172);
INSERT INTO CommunicationRecipients (Communication, Member) VALUES (113, 178);
INSERT INTO CommunicationRecipients (Communication, Member) VALUES (113, 177);
INSERT INTO CommunicationRecipients (Communication, Member) VALUES (113, 119);
INSERT INTO CommunicationRecipients (Communication, Member) VALUES (113, 150);
INSERT INTO CommunicationRecipients (Communication, Member) VALUES (113, 102);
INSERT INTO CommunicationRecipients (Communication, Member) VALUES (113, 110);
INSERT INTO CommunicationRecipients (Communication, Member) VALUES (113, 139);
INSERT INTO Communication (ID, Subject, Content, DateSent) VALUES (114, 'Weekly Club Update', 'Face head keep successful rest receive.
Many nice beat deal stuff guess attorney.
Herself scientist power a. Move official ask everything. Anything agree happy measure. Material someone improve lead idea last amount.
Go sound peace amount hold commercial item. Over fish buy cold too likely reduce.', '2025-08-10 11:44:02');
INSERT INTO CommunicationRecipients (Communication, Member) VALUES (114, 194);
INSERT INTO CommunicationRecipients (Communication, Member) VALUES (114, 136);
INSERT INTO CommunicationRecipients (Communication, Member) VALUES (114, 117);
INSERT INTO CommunicationRecipients (Communication, Member) VALUES (114, 143);
INSERT INTO CommunicationRecipients (Communication, Member) VALUES (114, 139);
INSERT INTO CommunicationRecipients (Communication, Member) VALUES (114, 167);
INSERT INTO CommunicationRecipients (Communication, Member) VALUES (114, 195);
INSERT INTO CommunicationRecipients (Communication, Member) VALUES (114, 173);
INSERT INTO CommunicationRecipients (Communication, Member) VALUES (114, 110);
INSERT INTO CommunicationRecipients (Communication, Member) VALUES (114, 193);
INSERT INTO CommunicationRecipients (Communication, Member) VALUES (114, 103);
INSERT INTO CommunicationRecipients (Communication, Member) VALUES (114, 121);
INSERT INTO CommunicationRecipients (Communication, Member) VALUES (114, 140);
INSERT INTO CommunicationRecipients (Communication, Member) VALUES (114, 137);
INSERT INTO CommunicationRecipients (Communication, Member) VALUES (114, 191);
INSERT INTO CommunicationRecipients (Communication, Member) VALUES (114, 122);
INSERT INTO CommunicationRecipients (Communication, Member) VALUES (114, 142);
INSERT INTO CommunicationRecipients (Communication, Member) VALUES (114, 158);
INSERT INTO CommunicationRecipients (Communication, Member) VALUES (114, 130);
INSERT INTO CommunicationRecipients (Communication, Member) VALUES (114, 113);
INSERT INTO CommunicationRecipients (Communication, Member) VALUES (114, 184);
INSERT INTO CommunicationRecipients (Communication, Member) VALUES (114, 160);
INSERT INTO CommunicationRecipients (Communication, Member) VALUES (114, 100);
INSERT INTO CommunicationRecipients (Communication, Member) VALUES (114, 134);
INSERT INTO CommunicationRecipients (Communication, Member) VALUES (114, 104);
INSERT INTO CommunicationRecipients (Communication, Member) VALUES (114, 192);
INSERT INTO CommunicationRecipients (Communication, Member) VALUES (114, 144);
INSERT INTO CommunicationRecipients (Communication, Member) VALUES (114, 154);
INSERT INTO CommunicationRecipients (Communication, Member) VALUES (114, 163);
INSERT INTO CommunicationRecipients (Communication, Member) VALUES (114, 166);
INSERT INTO CommunicationRecipients (Communication, Member) VALUES (114, 176);
INSERT INTO CommunicationRecipients (Communication, Member) VALUES (114, 118);
INSERT INTO CommunicationRecipients (Communication, Member) VALUES (114, 111);
INSERT INTO CommunicationRecipients (Communication, Member) VALUES (114, 150);
INSERT INTO CommunicationRecipients (Communication, Member) VALUES (114, 199);
INSERT INTO CommunicationRecipients (Communication, Member) VALUES (114, 151);
INSERT INTO CommunicationRecipients (Communication, Member) VALUES (114, 126);
INSERT INTO CommunicationRecipients (Communication, Member) VALUES (114, 115);
INSERT INTO CommunicationRecipients (Communication, Member) VALUES (114, 170);
INSERT INTO CommunicationRecipients (Communication, Member) VALUES (114, 123);
INSERT INTO CommunicationRecipients (Communication, Member) VALUES (114, 186);
INSERT INTO CommunicationRecipients (Communication, Member) VALUES (114, 147);
INSERT INTO CommunicationRecipients (Communication, Member) VALUES (114, 168);
INSERT INTO CommunicationRecipients (Communication, Member) VALUES (114, 161);
INSERT INTO CommunicationRecipients (Communication, Member) VALUES (114, 128);
INSERT INTO CommunicationRecipients (Communication, Member) VALUES (114, 132);
INSERT INTO CommunicationRecipients (Communication, Member) VALUES (114, 174);
INSERT INTO CommunicationRecipients (Communication, Member) VALUES (114, 181);
INSERT INTO CommunicationRecipients (Communication, Member) VALUES (114, 107);
INSERT INTO CommunicationRecipients (Communication, Member) VALUES (114, 188);
INSERT INTO CommunicationRecipients (Communication, Member) VALUES (114, 189);
INSERT INTO CommunicationRecipients (Communication, Member) VALUES (114, 129);
INSERT INTO CommunicationRecipients (Communication, Member) VALUES (114, 187);
INSERT INTO CommunicationRecipients (Communication, Member) VALUES (114, 152);
INSERT INTO CommunicationRecipients (Communication, Member) VALUES (114, 109);
INSERT INTO CommunicationRecipients (Communication, Member) VALUES (114, 127);
INSERT INTO CommunicationRecipients (Communication, Member) VALUES (114, 101);
INSERT INTO CommunicationRecipients (Communication, Member) VALUES (114, 165);
INSERT INTO CommunicationRecipients (Communication, Member) VALUES (114, 164);
INSERT INTO CommunicationRecipients (Communication, Member) VALUES (114, 198);
INSERT INTO CommunicationRecipients (Communication, Member) VALUES (114, 185);
INSERT INTO CommunicationRecipients (Communication, Member) VALUES (114, 119);
INSERT INTO CommunicationRecipients (Communication, Member) VALUES (114, 148);
INSERT INTO CommunicationRecipients (Communication, Member) VALUES (114, 141);
INSERT INTO CommunicationRecipients (Communication, Member) VALUES (114, 177);
INSERT INTO CommunicationRecipients (Communication, Member) VALUES (114, 138);
INSERT INTO CommunicationRecipients (Communication, Member) VALUES (114, 146);
INSERT INTO CommunicationRecipients (Communication, Member) VALUES (114, 180);
INSERT INTO CommunicationRecipients (Communication, Member) VALUES (114, 172);
INSERT INTO CommunicationRecipients (Communication, Member) VALUES (114, 183);
INSERT INTO CommunicationRecipients (Communication, Member) VALUES (114, 169);
INSERT INTO CommunicationRecipients (Communication, Member) VALUES (114, 108);
INSERT INTO CommunicationRecipients (Communication, Member) VALUES (114, 120);
INSERT INTO CommunicationRecipients (Communication, Member) VALUES (114, 149);
INSERT INTO CommunicationRecipients (Communication, Member) VALUES (114, 171);
INSERT INTO CommunicationRecipients (Communication, Member) VALUES (114, 131);
INSERT INTO Communication (ID, Subject, Content, DateSent) VALUES (115, 'Budget Update', 'That friend reality democratic. Without rich small various style street college.
Young event staff plan student author know. Actually citizen himself mention admit finally.
Government final heart color home. Through catch right change indeed media low.
Eye opportunity police article reason.', '2025-08-10 11:41:59');
INSERT INTO CommunicationRecipients (Communication, Member) VALUES (115, 118);
INSERT INTO CommunicationRecipients (Communication, Member) VALUES (115, 105);
INSERT INTO CommunicationRecipients (Communication, Member) VALUES (115, 158);
INSERT INTO CommunicationRecipients (Communication, Member) VALUES (115, 153);
INSERT INTO CommunicationRecipients (Communication, Member) VALUES (115, 168);
INSERT INTO CommunicationRecipients (Communication, Member) VALUES (115, 139);
INSERT INTO CommunicationRecipients (Communication, Member) VALUES (115, 165);
INSERT INTO CommunicationRecipients (Communication, Member) VALUES (115, 141);
INSERT INTO CommunicationRecipients (Communication, Member) VALUES (115, 162);
INSERT INTO CommunicationRecipients (Communication, Member) VALUES (115, 199);
INSERT INTO CommunicationRecipients (Communication, Member) VALUES (115, 189);
INSERT INTO CommunicationRecipients (Communication, Member) VALUES (115, 125);
INSERT INTO CommunicationRecipients (Communication, Member) VALUES (115, 164);
INSERT INTO CommunicationRecipients (Communication, Member) VALUES (115, 159);
INSERT INTO CommunicationRecipients (Communication, Member) VALUES (115, 136);
INSERT INTO CommunicationRecipients (Communication, Member) VALUES (115, 181);
INSERT INTO CommunicationRecipients (Communication, Member) VALUES (115, 116);
INSERT INTO CommunicationRecipients (Communication, Member) VALUES (115, 101);
INSERT INTO CommunicationRecipients (Communication, Member) VALUES (115, 182);
INSERT INTO CommunicationRecipients (Communication, Member) VALUES (115, 107);
INSERT INTO CommunicationRecipients (Communication, Member) VALUES (115, 161);
INSERT INTO CommunicationRecipients (Communication, Member) VALUES (115, 188);
INSERT INTO CommunicationRecipients (Communication, Member) VALUES (115, 106);
INSERT INTO CommunicationRecipients (Communication, Member) VALUES (115, 177);
INSERT INTO CommunicationRecipients (Communication, Member) VALUES (115, 191);
INSERT INTO CommunicationRecipients (Communication, Member) VALUES (115, 184);
INSERT INTO CommunicationRecipients (Communication, Member) VALUES (115, 157);
INSERT INTO CommunicationRecipients (Communication, Member) VALUES (115, 196);
INSERT INTO CommunicationRecipients (Communication, Member) VALUES (115, 176);
INSERT INTO CommunicationRecipients (Communication, Member) VALUES (115, 185);
INSERT INTO CommunicationRecipients (Communication, Member) VALUES (115, 198);
INSERT INTO CommunicationRecipients (Communication, Member) VALUES (115, 144);
INSERT INTO CommunicationRecipients (Communication, Member) VALUES (115, 156);
INSERT INTO CommunicationRecipients (Communication, Member) VALUES (115, 150);
INSERT INTO CommunicationRecipients (Communication, Member) VALUES (115, 138);
INSERT INTO CommunicationRecipients (Communication, Member) VALUES (115, 143);
INSERT INTO CommunicationRecipients (Communication, Member) VALUES (115, 197);
INSERT INTO CommunicationRecipients (Communication, Member) VALUES (115, 104);
INSERT INTO CommunicationRecipients (Communication, Member) VALUES (115, 119);
INSERT INTO CommunicationRecipients (Communication, Member) VALUES (115, 135);
INSERT INTO CommunicationRecipients (Communication, Member) VALUES (115, 131);
INSERT INTO CommunicationRecipients (Communication, Member) VALUES (115, 132);
INSERT INTO CommunicationRecipients (Communication, Member) VALUES (115, 113);
INSERT INTO CommunicationRecipients (Communication, Member) VALUES (115, 145);
INSERT INTO CommunicationRecipients (Communication, Member) VALUES (115, 194);
INSERT INTO CommunicationRecipients (Communication, Member) VALUES (115, 140);
INSERT INTO CommunicationRecipients (Communication, Member) VALUES (115, 180);
INSERT INTO CommunicationRecipients (Communication, Member) VALUES (115, 100);
INSERT INTO CommunicationRecipients (Communication, Member) VALUES (115, 115);
INSERT INTO CommunicationRecipients (Communication, Member) VALUES (115, 170);
INSERT INTO CommunicationRecipients (Communication, Member) VALUES (115, 172);
INSERT INTO CommunicationRecipients (Communication, Member) VALUES (115, 163);
INSERT INTO CommunicationRecipients (Communication, Member) VALUES (115, 109);
INSERT INTO CommunicationRecipients (Communication, Member) VALUES (115, 142);
INSERT INTO CommunicationRecipients (Communication, Member) VALUES (115, 127);
INSERT INTO CommunicationRecipients (Communication, Member) VALUES (115, 152);
INSERT INTO CommunicationRecipients (Communication, Member) VALUES (115, 112);
INSERT INTO CommunicationRecipients (Communication, Member) VALUES (115, 179);
INSERT INTO CommunicationRecipients (Communication, Member) VALUES (115, 114);
INSERT INTO CommunicationRecipients (Communication, Member) VALUES (115, 193);
INSERT INTO CommunicationRecipients (Communication, Member) VALUES (115, 134);
INSERT INTO CommunicationRecipients (Communication, Member) VALUES (115, 147);
INSERT INTO CommunicationRecipients (Communication, Member) VALUES (115, 174);
INSERT INTO CommunicationRecipients (Communication, Member) VALUES (115, 124);
INSERT INTO CommunicationRecipients (Communication, Member) VALUES (115, 120);
INSERT INTO CommunicationRecipients (Communication, Member) VALUES (115, 186);
INSERT INTO CommunicationRecipients (Communication, Member) VALUES (115, 103);
INSERT INTO CommunicationRecipients (Communication, Member) VALUES (115, 133);
INSERT INTO CommunicationRecipients (Communication, Member) VALUES (115, 171);
INSERT INTO CommunicationRecipients (Communication, Member) VALUES (115, 178);
INSERT INTO CommunicationRecipients (Communication, Member) VALUES (115, 155);
INSERT INTO CommunicationRecipients (Communication, Member) VALUES (115, 151);
INSERT INTO CommunicationRecipients (Communication, Member) VALUES (115, 187);
INSERT INTO CommunicationRecipients (Communication, Member) VALUES (115, 169);
INSERT INTO CommunicationRecipients (Communication, Member) VALUES (115, 122);
INSERT INTO CommunicationRecipients (Communication, Member) VALUES (115, 173);
INSERT INTO CommunicationRecipients (Communication, Member) VALUES (115, 121);
INSERT INTO CommunicationRecipients (Communication, Member) VALUES (115, 175);
INSERT INTO CommunicationRecipients (Communication, Member) VALUES (115, 192);
INSERT INTO Communication (ID, Subject, Content, DateSent) VALUES (116, 'Club Social Event', 'Rest hit determine keep suddenly attorney question send.
At ahead affect tax. Fear capital site close. Political response help give relationship.
Material citizen movement writer explain. Central chance loss image explain. Lead personal international I story cost some.', '2025-08-10 11:45:59');
INSERT INTO CommunicationRecipients (Communication, Member) VALUES (116, 161);
INSERT INTO CommunicationRecipients (Communication, Member) VALUES (116, 158);
INSERT INTO CommunicationRecipients (Communication, Member) VALUES (116, 111);
INSERT INTO CommunicationRecipients (Communication, Member) VALUES (116, 146);
INSERT INTO CommunicationRecipients (Communication, Member) VALUES (116, 193);
INSERT INTO CommunicationRecipients (Communication, Member) VALUES (116, 117);
INSERT INTO CommunicationRecipients (Communication, Member) VALUES (116, 115);
INSERT INTO CommunicationRecipients (Communication, Member) VALUES (116, 159);
INSERT INTO CommunicationRecipients (Communication, Member) VALUES (116, 151);
INSERT INTO CommunicationRecipients (Communication, Member) VALUES (116, 167);
INSERT INTO CommunicationRecipients (Communication, Member) VALUES (116, 142);
INSERT INTO CommunicationRecipients (Communication, Member) VALUES (116, 183);
INSERT INTO CommunicationRecipients (Communication, Member) VALUES (116, 164);
INSERT INTO CommunicationRecipients (Communication, Member) VALUES (116, 173);
INSERT INTO CommunicationRecipients (Communication, Member) VALUES (116, 195);
INSERT INTO CommunicationRecipients (Communication, Member) VALUES (116, 160);
INSERT INTO CommunicationRecipients (Communication, Member) VALUES (116, 199);
INSERT INTO CommunicationRecipients (Communication, Member) VALUES (116, 139);
INSERT INTO CommunicationRecipients (Communication, Member) VALUES (116, 100);
INSERT INTO CommunicationRecipients (Communication, Member) VALUES (116, 118);
INSERT INTO CommunicationRecipients (Communication, Member) VALUES (116, 133);
INSERT INTO CommunicationRecipients (Communication, Member) VALUES (116, 102);
INSERT INTO CommunicationRecipients (Communication, Member) VALUES (116, 171);
INSERT INTO CommunicationRecipients (Communication, Member) VALUES (116, 152);
INSERT INTO CommunicationRecipients (Communication, Member) VALUES (116, 143);
INSERT INTO CommunicationRecipients (Communication, Member) VALUES (116, 147);
INSERT INTO CommunicationRecipients (Communication, Member) VALUES (116, 137);
INSERT INTO CommunicationRecipients (Communication, Member) VALUES (116, 188);
INSERT INTO CommunicationRecipients (Communication, Member) VALUES (116, 186);
INSERT INTO CommunicationRecipients (Communication, Member) VALUES (116, 129);
INSERT INTO CommunicationRecipients (Communication, Member) VALUES (116, 168);
INSERT INTO CommunicationRecipients (Communication, Member) VALUES (116, 177);
INSERT INTO CommunicationRecipients (Communication, Member) VALUES (116, 155);
INSERT INTO CommunicationRecipients (Communication, Member) VALUES (116, 138);
INSERT INTO CommunicationRecipients (Communication, Member) VALUES (116, 174);
INSERT INTO CommunicationRecipients (Communication, Member) VALUES (116, 136);
INSERT INTO CommunicationRecipients (Communication, Member) VALUES (116, 150);
INSERT INTO CommunicationRecipients (Communication, Member) VALUES (116, 154);
INSERT INTO CommunicationRecipients (Communication, Member) VALUES (116, 175);
INSERT INTO Communication (ID, Subject, Content, DateSent) VALUES (117, 'Photo Contest Winners', 'Suggest understand whatever west reduce instead safe action. Just service later yard coach send general. Rather scene clearly.
Our author democratic tough her recent. Anyone because player bill.
During as begin tell show bad. This live year measure. Mouth old these cell relationship opportunity.', '2025-08-10 11:45:34');
INSERT INTO CommunicationRecipients (Communication, Member) VALUES (117, 148);
INSERT INTO CommunicationRecipients (Communication, Member) VALUES (117, 105);
INSERT INTO CommunicationRecipients (Communication, Member) VALUES (117, 171);
INSERT INTO CommunicationRecipients (Communication, Member) VALUES (117, 125);
INSERT INTO CommunicationRecipients (Communication, Member) VALUES (117, 185);
INSERT INTO CommunicationRecipients (Communication, Member) VALUES (117, 139);
INSERT INTO CommunicationRecipients (Communication, Member) VALUES (117, 154);
INSERT INTO CommunicationRecipients (Communication, Member) VALUES (117, 113);
INSERT INTO CommunicationRecipients (Communication, Member) VALUES (117, 174);
INSERT INTO CommunicationRecipients (Communication, Member) VALUES (117, 107);
INSERT INTO CommunicationRecipients (Communication, Member) VALUES (117, 133);
INSERT INTO CommunicationRecipients (Communication, Member) VALUES (117, 190);
INSERT INTO CommunicationRecipients (Communication, Member) VALUES (117, 104);
INSERT INTO CommunicationRecipients (Communication, Member) VALUES (117, 184);
INSERT INTO CommunicationRecipients (Communication, Member) VALUES (117, 122);
INSERT INTO CommunicationRecipients (Communication, Member) VALUES (117, 140);
INSERT INTO CommunicationRecipients (Communication, Member) VALUES (117, 173);
INSERT INTO CommunicationRecipients (Communication, Member) VALUES (117, 141);
INSERT INTO CommunicationRecipients (Communication, Member) VALUES (117, 100);
INSERT INTO CommunicationRecipients (Communication, Member) VALUES (117, 172);
INSERT INTO CommunicationRecipients (Communication, Member) VALUES (117, 147);
INSERT INTO CommunicationRecipients (Communication, Member) VALUES (117, 134);
INSERT INTO CommunicationRecipients (Communication, Member) VALUES (117, 191);
INSERT INTO CommunicationRecipients (Communication, Member) VALUES (117, 127);
INSERT INTO CommunicationRecipients (Communication, Member) VALUES (117, 106);
INSERT INTO CommunicationRecipients (Communication, Member) VALUES (117, 152);
INSERT INTO CommunicationRecipients (Communication, Member) VALUES (117, 175);
INSERT INTO CommunicationRecipients (Communication, Member) VALUES (117, 197);
INSERT INTO CommunicationRecipients (Communication, Member) VALUES (117, 136);
INSERT INTO CommunicationRecipients (Communication, Member) VALUES (117, 155);
INSERT INTO CommunicationRecipients (Communication, Member) VALUES (117, 166);
INSERT INTO CommunicationRecipients (Communication, Member) VALUES (117, 117);
INSERT INTO CommunicationRecipients (Communication, Member) VALUES (117, 161);
INSERT INTO CommunicationRecipients (Communication, Member) VALUES (117, 183);
INSERT INTO CommunicationRecipients (Communication, Member) VALUES (117, 145);
INSERT INTO CommunicationRecipients (Communication, Member) VALUES (117, 188);
INSERT INTO CommunicationRecipients (Communication, Member) VALUES (117, 118);
INSERT INTO CommunicationRecipients (Communication, Member) VALUES (117, 137);
INSERT INTO CommunicationRecipients (Communication, Member) VALUES (117, 178);
INSERT INTO CommunicationRecipients (Communication, Member) VALUES (117, 157);
INSERT INTO CommunicationRecipients (Communication, Member) VALUES (117, 199);
INSERT INTO CommunicationRecipients (Communication, Member) VALUES (117, 119);
INSERT INTO CommunicationRecipients (Communication, Member) VALUES (117, 193);
INSERT INTO Communication (ID, Subject, Content, DateSent) VALUES (118, 'Volunteer Opportunity', 'Including rock read perhaps pattern play. Which than tree body magazine address voice. Although build international radio listen whose maintain total.
Group idea central value. Surface discover difference outside probably.
Man when more after back. Four local think movie game design blood.', '2025-08-10 11:45:34');
INSERT INTO CommunicationRecipients (Communication, Member) VALUES (118, 113);
INSERT INTO CommunicationRecipients (Communication, Member) VALUES (118, 185);
INSERT INTO CommunicationRecipients (Communication, Member) VALUES (118, 106);
INSERT INTO CommunicationRecipients (Communication, Member) VALUES (118, 184);
INSERT INTO CommunicationRecipients (Communication, Member) VALUES (118, 165);
INSERT INTO CommunicationRecipients (Communication, Member) VALUES (118, 167);
INSERT INTO CommunicationRecipients (Communication, Member) VALUES (118, 152);
INSERT INTO CommunicationRecipients (Communication, Member) VALUES (118, 112);
INSERT INTO CommunicationRecipients (Communication, Member) VALUES (118, 194);
INSERT INTO CommunicationRecipients (Communication, Member) VALUES (118, 156);
INSERT INTO CommunicationRecipients (Communication, Member) VALUES (118, 148);
INSERT INTO CommunicationRecipients (Communication, Member) VALUES (118, 126);
INSERT INTO CommunicationRecipients (Communication, Member) VALUES (118, 109);
INSERT INTO CommunicationRecipients (Communication, Member) VALUES (118, 129);
INSERT INTO CommunicationRecipients (Communication, Member) VALUES (118, 143);
INSERT INTO CommunicationRecipients (Communication, Member) VALUES (118, 153);
INSERT INTO CommunicationRecipients (Communication, Member) VALUES (118, 177);
INSERT INTO CommunicationRecipients (Communication, Member) VALUES (118, 131);
INSERT INTO CommunicationRecipients (Communication, Member) VALUES (118, 149);
INSERT INTO CommunicationRecipients (Communication, Member) VALUES (118, 116);
INSERT INTO CommunicationRecipients (Communication, Member) VALUES (118, 162);
INSERT INTO CommunicationRecipients (Communication, Member) VALUES (118, 168);
INSERT INTO Communication (ID, Subject, Content, DateSent) VALUES (119, 'Budget Update', 'Join single thought inside. Admit history travel play big father voice.
Believe add back health doctor population. President not ground great. Hotel be three season small race expert now.
Four leader hard study. Often above American reach expert see walk these.', '2025-08-10 11:41:05');
INSERT INTO CommunicationRecipients (Communication, Member) VALUES (119, 132);
INSERT INTO CommunicationRecipients (Communication, Member) VALUES (119, 139);
INSERT INTO CommunicationRecipients (Communication, Member) VALUES (119, 134);
INSERT INTO CommunicationRecipients (Communication, Member) VALUES (119, 183);
INSERT INTO CommunicationRecipients (Communication, Member) VALUES (119, 142);
INSERT INTO CommunicationRecipients (Communication, Member) VALUES (119, 100);
INSERT INTO CommunicationRecipients (Communication, Member) VALUES (119, 178);
INSERT INTO CommunicationRecipients (Communication, Member) VALUES (119, 163);
INSERT INTO CommunicationRecipients (Communication, Member) VALUES (119, 149);
INSERT INTO CommunicationRecipients (Communication, Member) VALUES (119, 156);
INSERT INTO CommunicationRecipients (Communication, Member) VALUES (119, 172);
INSERT INTO CommunicationRecipients (Communication, Member) VALUES (119, 155);
INSERT INTO CommunicationRecipients (Communication, Member) VALUES (119, 148);
INSERT INTO CommunicationRecipients (Communication, Member) VALUES (119, 154);
INSERT INTO CommunicationRecipients (Communication, Member) VALUES (119, 187);
INSERT INTO CommunicationRecipients (Communication, Member) VALUES (119, 131);
INSERT INTO CommunicationRecipients (Communication, Member) VALUES (119, 161);
INSERT INTO CommunicationRecipients (Communication, Member) VALUES (119, 180);
INSERT INTO CommunicationRecipients (Communication, Member) VALUES (119, 119);
INSERT INTO CommunicationRecipients (Communication, Member) VALUES (119, 140);
INSERT INTO CommunicationRecipients (Communication, Member) VALUES (119, 195);
INSERT INTO CommunicationRecipients (Communication, Member) VALUES (119, 143);
INSERT INTO CommunicationRecipients (Communication, Member) VALUES (119, 175);
INSERT INTO CommunicationRecipients (Communication, Member) VALUES (119, 111);
INSERT INTO CommunicationRecipients (Communication, Member) VALUES (119, 141);
INSERT INTO CommunicationRecipients (Communication, Member) VALUES (119, 186);
INSERT INTO CommunicationRecipients (Communication, Member) VALUES (119, 146);
INSERT INTO CommunicationRecipients (Communication, Member) VALUES (119, 116);
INSERT INTO CommunicationRecipients (Communication, Member) VALUES (119, 194);
INSERT INTO CommunicationRecipients (Communication, Member) VALUES (119, 153);
INSERT INTO CommunicationRecipients (Communication, Member) VALUES (119, 145);
INSERT INTO CommunicationRecipients (Communication, Member) VALUES (119, 167);
INSERT INTO CommunicationRecipients (Communication, Member) VALUES (119, 115);
INSERT INTO CommunicationRecipients (Communication, Member) VALUES (119, 120);
INSERT INTO CommunicationRecipients (Communication, Member) VALUES (119, 166);
INSERT INTO CommunicationRecipients (Communication, Member) VALUES (119, 171);
INSERT INTO CommunicationRecipients (Communication, Member) VALUES (119, 170);
INSERT INTO CommunicationRecipients (Communication, Member) VALUES (119, 152);
INSERT INTO CommunicationRecipients (Communication, Member) VALUES (119, 176);
INSERT INTO CommunicationRecipients (Communication, Member) VALUES (119, 112);
INSERT INTO CommunicationRecipients (Communication, Member) VALUES (119, 165);
INSERT INTO CommunicationRecipients (Communication, Member) VALUES (119, 191);
INSERT INTO CommunicationRecipients (Communication, Member) VALUES (119, 129);
INSERT INTO CommunicationRecipients (Communication, Member) VALUES (119, 168);
INSERT INTO CommunicationRecipients (Communication, Member) VALUES (119, 169);
INSERT INTO CommunicationRecipients (Communication, Member) VALUES (119, 103);
INSERT INTO CommunicationRecipients (Communication, Member) VALUES (119, 197);
INSERT INTO CommunicationRecipients (Communication, Member) VALUES (119, 196);
INSERT INTO CommunicationRecipients (Communication, Member) VALUES (119, 160);
INSERT INTO CommunicationRecipients (Communication, Member) VALUES (119, 174);
INSERT INTO CommunicationRecipients (Communication, Member) VALUES (119, 138);
INSERT INTO CommunicationRecipients (Communication, Member) VALUES (119, 162);
INSERT INTO CommunicationRecipients (Communication, Member) VALUES (119, 114);
INSERT INTO CommunicationRecipients (Communication, Member) VALUES (119, 121);
INSERT INTO CommunicationRecipients (Communication, Member) VALUES (119, 124);
INSERT INTO CommunicationRecipients (Communication, Member) VALUES (119, 109);
INSERT INTO CommunicationRecipients (Communication, Member) VALUES (119, 137);
INSERT INTO CommunicationRecipients (Communication, Member) VALUES (119, 158);
INSERT INTO CommunicationRecipients (Communication, Member) VALUES (119, 135);
INSERT INTO CommunicationRecipients (Communication, Member) VALUES (119, 110);
INSERT INTO CommunicationRecipients (Communication, Member) VALUES (119, 136);
INSERT INTO CommunicationRecipients (Communication, Member) VALUES (119, 157);
INSERT INTO CommunicationRecipients (Communication, Member) VALUES (119, 182);
INSERT INTO CommunicationRecipients (Communication, Member) VALUES (119, 118);
INSERT INTO CommunicationRecipients (Communication, Member) VALUES (119, 107);
INSERT INTO CommunicationRecipients (Communication, Member) VALUES (119, 126);
INSERT INTO CommunicationRecipients (Communication, Member) VALUES (119, 147);
INSERT INTO CommunicationRecipients (Communication, Member) VALUES (119, 102);
INSERT INTO CommunicationRecipients (Communication, Member) VALUES (119, 177);
INSERT INTO CommunicationRecipients (Communication, Member) VALUES (119, 189);
INSERT INTO CommunicationRecipients (Communication, Member) VALUES (119, 184);
INSERT INTO CommunicationRecipients (Communication, Member) VALUES (119, 179);
INSERT INTO CommunicationRecipients (Communication, Member) VALUES (119, 173);
INSERT INTO CommunicationRecipients (Communication, Member) VALUES (119, 159);
INSERT INTO CommunicationRecipients (Communication, Member) VALUES (119, 128);
INSERT INTO CommunicationRecipients (Communication, Member) VALUES (119, 122);
INSERT INTO CommunicationRecipients (Communication, Member) VALUES (119, 104);
INSERT INTO CommunicationRecipients (Communication, Member) VALUES (119, 185);
INSERT INTO CommunicationRecipients (Communication, Member) VALUES (119, 101);
INSERT INTO CommunicationRecipients (Communication, Member) VALUES (119, 151);
INSERT INTO CommunicationRecipients (Communication, Member) VALUES (119, 127);
INSERT INTO CommunicationRecipients (Communication, Member) VALUES (119, 106);
INSERT INTO CommunicationRecipients (Communication, Member) VALUES (119, 181);
INSERT INTO CommunicationRecipients (Communication, Member) VALUES (119, 199);
INSERT INTO CommunicationRecipients (Communication, Member) VALUES (119, 123);
INSERT INTO CommunicationRecipients (Communication, Member) VALUES (119, 113);
INSERT INTO CommunicationRecipients (Communication, Member) VALUES (119, 150);
INSERT INTO CommunicationRecipients (Communication, Member) VALUES (119, 144);
INSERT INTO CommunicationRecipients (Communication, Member) VALUES (119, 188);
INSERT INTO CommunicationRecipients (Communication, Member) VALUES (119, 130);
INSERT INTO CommunicationRecipients (Communication, Member) VALUES (119, 133);
INSERT INTO CommunicationRecipients (Communication, Member) VALUES (119, 164);
INSERT INTO CommunicationRecipients (Communication, Member) VALUES (119, 117);
INSERT INTO CommunicationRecipients (Communication, Member) VALUES (119, 125);
INSERT INTO CommunicationRecipients (Communication, Member) VALUES (119, 108);
INSERT INTO Communication (ID, Subject, Content, DateSent) VALUES (120, 'Photo Contest Winners', 'The section democratic buy tough. Boy experience this good. Road half move record understand.
Case really mission see. Speak school one.
Exist young staff small. Many town produce enter.
Finally federal food white heavy. Eight news respond note continue listen always.', '2025-08-10 11:42:10');
INSERT INTO CommunicationRecipients (Communication, Member) VALUES (120, 120);
INSERT INTO CommunicationRecipients (Communication, Member) VALUES (120, 122);
INSERT INTO CommunicationRecipients (Communication, Member) VALUES (120, 135);
INSERT INTO CommunicationRecipients (Communication, Member) VALUES (120, 166);
INSERT INTO CommunicationRecipients (Communication, Member) VALUES (120, 144);
INSERT INTO CommunicationRecipients (Communication, Member) VALUES (120, 140);
INSERT INTO CommunicationRecipients (Communication, Member) VALUES (120, 178);
INSERT INTO CommunicationRecipients (Communication, Member) VALUES (120, 125);
INSERT INTO CommunicationRecipients (Communication, Member) VALUES (120, 110);
INSERT INTO CommunicationRecipients (Communication, Member) VALUES (120, 108);
INSERT INTO CommunicationRecipients (Communication, Member) VALUES (120, 102);
INSERT INTO CommunicationRecipients (Communication, Member) VALUES (120, 199);
INSERT INTO CommunicationRecipients (Communication, Member) VALUES (120, 121);
INSERT INTO CommunicationRecipients (Communication, Member) VALUES (120, 151);
INSERT INTO CommunicationRecipients (Communication, Member) VALUES (120, 149);
INSERT INTO CommunicationRecipients (Communication, Member) VALUES (120, 162);
INSERT INTO CommunicationRecipients (Communication, Member) VALUES (120, 150);
INSERT INTO CommunicationRecipients (Communication, Member) VALUES (120, 186);
INSERT INTO CommunicationRecipients (Communication, Member) VALUES (120, 152);
INSERT INTO CommunicationRecipients (Communication, Member) VALUES (120, 167);
INSERT INTO CommunicationRecipients (Communication, Member) VALUES (120, 189);
INSERT INTO CommunicationRecipients (Communication, Member) VALUES (120, 164);
INSERT INTO CommunicationRecipients (Communication, Member) VALUES (120, 142);
INSERT INTO CommunicationRecipients (Communication, Member) VALUES (120, 129);
INSERT INTO CommunicationRecipients (Communication, Member) VALUES (120, 112);
INSERT INTO CommunicationRecipients (Communication, Member) VALUES (120, 132);
INSERT INTO CommunicationRecipients (Communication, Member) VALUES (120, 171);
INSERT INTO CommunicationRecipients (Communication, Member) VALUES (120, 138);
INSERT INTO CommunicationRecipients (Communication, Member) VALUES (120, 196);
INSERT INTO CommunicationRecipients (Communication, Member) VALUES (120, 155);
INSERT INTO CommunicationRecipients (Communication, Member) VALUES (120, 197);
INSERT INTO CommunicationRecipients (Communication, Member) VALUES (120, 180);
INSERT INTO CommunicationRecipients (Communication, Member) VALUES (120, 170);
INSERT INTO CommunicationRecipients (Communication, Member) VALUES (120, 136);
INSERT INTO CommunicationRecipients (Communication, Member) VALUES (120, 194);
INSERT INTO CommunicationRecipients (Communication, Member) VALUES (120, 147);
INSERT INTO CommunicationRecipients (Communication, Member) VALUES (120, 141);
INSERT INTO CommunicationRecipients (Communication, Member) VALUES (120, 117);
INSERT INTO CommunicationRecipients (Communication, Member) VALUES (120, 193);
INSERT INTO CommunicationRecipients (Communication, Member) VALUES (120, 148);
INSERT INTO CommunicationRecipients (Communication, Member) VALUES (120, 175);
INSERT INTO CommunicationRecipients (Communication, Member) VALUES (120, 101);
INSERT INTO CommunicationRecipients (Communication, Member) VALUES (120, 181);
INSERT INTO CommunicationRecipients (Communication, Member) VALUES (120, 159);
INSERT INTO CommunicationRecipients (Communication, Member) VALUES (120, 190);
INSERT INTO CommunicationRecipients (Communication, Member) VALUES (120, 185);
INSERT INTO CommunicationRecipients (Communication, Member) VALUES (120, 176);
INSERT INTO CommunicationRecipients (Communication, Member) VALUES (120, 153);
INSERT INTO CommunicationRecipients (Communication, Member) VALUES (120, 183);
INSERT INTO CommunicationRecipients (Communication, Member) VALUES (120, 160);
INSERT INTO CommunicationRecipients (Communication, Member) VALUES (120, 113);
INSERT INTO CommunicationRecipients (Communication, Member) VALUES (120, 198);
INSERT INTO CommunicationRecipients (Communication, Member) VALUES (120, 195);
INSERT INTO CommunicationRecipients (Communication, Member) VALUES (120, 139);
INSERT INTO CommunicationRecipients (Communication, Member) VALUES (120, 154);
INSERT INTO CommunicationRecipients (Communication, Member) VALUES (120, 134);
INSERT INTO CommunicationRecipients (Communication, Member) VALUES (120, 133);
INSERT INTO CommunicationRecipients (Communication, Member) VALUES (120, 128);
INSERT INTO CommunicationRecipients (Communication, Member) VALUES (120, 104);
INSERT INTO CommunicationRecipients (Communication, Member) VALUES (120, 157);
INSERT INTO CommunicationRecipients (Communication, Member) VALUES (120, 188);
INSERT INTO CommunicationRecipients (Communication, Member) VALUES (120, 106);
INSERT INTO CommunicationRecipients (Communication, Member) VALUES (120, 177);
INSERT INTO CommunicationRecipients (Communication, Member) VALUES (120, 184);
INSERT INTO CommunicationRecipients (Communication, Member) VALUES (120, 127);
INSERT INTO CommunicationRecipients (Communication, Member) VALUES (120, 114);
INSERT INTO CommunicationRecipients (Communication, Member) VALUES (120, 103);
INSERT INTO CommunicationRecipients (Communication, Member) VALUES (120, 130);
INSERT INTO CommunicationRecipients (Communication, Member) VALUES (120, 143);
INSERT INTO CommunicationRecipients (Communication, Member) VALUES (120, 179);
INSERT INTO CommunicationRecipients (Communication, Member) VALUES (120, 119);
INSERT INTO CommunicationRecipients (Communication, Member) VALUES (120, 187);
INSERT INTO CommunicationRecipients (Communication, Member) VALUES (120, 137);
INSERT INTO CommunicationRecipients (Communication, Member) VALUES (120, 116);
INSERT INTO CommunicationRecipients (Communication, Member) VALUES (120, 107);
INSERT INTO CommunicationRecipients (Communication, Member) VALUES (120, 174);
INSERT INTO CommunicationRecipients (Communication, Member) VALUES (120, 126);
INSERT INTO CommunicationRecipients (Communication, Member) VALUES (120, 100);
INSERT INTO CommunicationRecipients (Communication, Member) VALUES (120, 146);
INSERT INTO CommunicationRecipients (Communication, Member) VALUES (120, 105);
INSERT INTO CommunicationRecipients (Communication, Member) VALUES (120, 163);
INSERT INTO CommunicationRecipients (Communication, Member) VALUES (120, 118);
INSERT INTO CommunicationRecipients (Communication, Member) VALUES (120, 109);
INSERT INTO CommunicationRecipients (Communication, Member) VALUES (120, 169);
INSERT INTO CommunicationRecipients (Communication, Member) VALUES (120, 124);
INSERT INTO CommunicationRecipients (Communication, Member) VALUES (120, 156);
INSERT INTO CommunicationRecipients (Communication, Member) VALUES (120, 182);
INSERT INTO CommunicationRecipients (Communication, Member) VALUES (120, 192);
INSERT INTO CommunicationRecipients (Communication, Member) VALUES (120, 165);
INSERT INTO CommunicationRecipients (Communication, Member) VALUES (120, 111);
INSERT INTO CommunicationRecipients (Communication, Member) VALUES (120, 115);
INSERT INTO Communication (ID, Subject, Content, DateSent) VALUES (121, 'Weather Advisory', 'Suggest view daughter.
Break air society heavy happy. Capital base treatment what. Teach hot play visit claim story.
Under employee expect may figure into black. Reduce wife west none something decade.
Partner more style occur. Perform fly before wind.', '2025-08-10 11:44:50');
INSERT INTO CommunicationRecipients (Communication, Member) VALUES (121, 183);
INSERT INTO CommunicationRecipients (Communication, Member) VALUES (121, 190);
INSERT INTO CommunicationRecipients (Communication, Member) VALUES (121, 176);
INSERT INTO CommunicationRecipients (Communication, Member) VALUES (121, 119);
INSERT INTO CommunicationRecipients (Communication, Member) VALUES (121, 120);
INSERT INTO CommunicationRecipients (Communication, Member) VALUES (121, 163);
INSERT INTO CommunicationRecipients (Communication, Member) VALUES (121, 180);
INSERT INTO CommunicationRecipients (Communication, Member) VALUES (121, 116);
INSERT INTO CommunicationRecipients (Communication, Member) VALUES (121, 121);
INSERT INTO CommunicationRecipients (Communication, Member) VALUES (121, 104);
INSERT INTO CommunicationRecipients (Communication, Member) VALUES (121, 133);
INSERT INTO CommunicationRecipients (Communication, Member) VALUES (121, 124);
INSERT INTO CommunicationRecipients (Communication, Member) VALUES (121, 167);
INSERT INTO CommunicationRecipients (Communication, Member) VALUES (121, 168);
INSERT INTO CommunicationRecipients (Communication, Member) VALUES (121, 110);
INSERT INTO CommunicationRecipients (Communication, Member) VALUES (121, 189);
INSERT INTO CommunicationRecipients (Communication, Member) VALUES (121, 165);
INSERT INTO Communication (ID, Subject, Content, DateSent) VALUES (122, 'Safety Reminder: Winter Conditions', 'Day create something type doctor pretty. Reason network child art either or story.
Issue return minute talk process thought area. Form current note thought.
Factor hear raise. Sure drop share company little almost write.
Pattern court or word. Explain real car keep and.', '2025-08-10 11:43:44');
INSERT INTO CommunicationRecipients (Communication, Member) VALUES (122, 117);
INSERT INTO CommunicationRecipients (Communication, Member) VALUES (122, 181);
INSERT INTO CommunicationRecipients (Communication, Member) VALUES (122, 126);
INSERT INTO CommunicationRecipients (Communication, Member) VALUES (122, 161);
INSERT INTO CommunicationRecipients (Communication, Member) VALUES (122, 125);
INSERT INTO CommunicationRecipients (Communication, Member) VALUES (122, 124);
INSERT INTO CommunicationRecipients (Communication, Member) VALUES (122, 145);
INSERT INTO CommunicationRecipients (Communication, Member) VALUES (122, 132);
INSERT INTO CommunicationRecipients (Communication, Member) VALUES (122, 193);
INSERT INTO CommunicationRecipients (Communication, Member) VALUES (122, 173);
INSERT INTO CommunicationRecipients (Communication, Member) VALUES (122, 149);
INSERT INTO CommunicationRecipients (Communication, Member) VALUES (122, 169);
INSERT INTO CommunicationRecipients (Communication, Member) VALUES (122, 131);
INSERT INTO CommunicationRecipients (Communication, Member) VALUES (122, 196);
INSERT INTO CommunicationRecipients (Communication, Member) VALUES (122, 171);
INSERT INTO CommunicationRecipients (Communication, Member) VALUES (122, 133);
INSERT INTO CommunicationRecipients (Communication, Member) VALUES (122, 183);
INSERT INTO CommunicationRecipients (Communication, Member) VALUES (122, 142);
INSERT INTO CommunicationRecipients (Communication, Member) VALUES (122, 155);
INSERT INTO CommunicationRecipients (Communication, Member) VALUES (122, 137);
INSERT INTO CommunicationRecipients (Communication, Member) VALUES (122, 103);
INSERT INTO CommunicationRecipients (Communication, Member) VALUES (122, 115);
INSERT INTO CommunicationRecipients (Communication, Member) VALUES (122, 130);
INSERT INTO CommunicationRecipients (Communication, Member) VALUES (122, 191);
INSERT INTO CommunicationRecipients (Communication, Member) VALUES (122, 189);
INSERT INTO CommunicationRecipients (Communication, Member) VALUES (122, 129);
INSERT INTO CommunicationRecipients (Communication, Member) VALUES (122, 120);
INSERT INTO CommunicationRecipients (Communication, Member) VALUES (122, 136);
INSERT INTO CommunicationRecipients (Communication, Member) VALUES (122, 198);
INSERT INTO CommunicationRecipients (Communication, Member) VALUES (122, 152);
INSERT INTO CommunicationRecipients (Communication, Member) VALUES (122, 178);
INSERT INTO CommunicationRecipients (Communication, Member) VALUES (122, 182);
INSERT INTO CommunicationRecipients (Communication, Member) VALUES (122, 140);
INSERT INTO CommunicationRecipients (Communication, Member) VALUES (122, 192);
INSERT INTO CommunicationRecipients (Communication, Member) VALUES (122, 172);
INSERT INTO CommunicationRecipients (Communication, Member) VALUES (122, 114);
INSERT INTO Communication (ID, Subject, Content, DateSent) VALUES (123, 'New Member Welcome', 'Short produce store budget health magazine. Good war close know message rock.
Suggest industry home western ready third. East until throughout event. Answer try hit green.', '2025-08-10 11:44:55');
INSERT INTO CommunicationRecipients (Communication, Member) VALUES (123, 142);
INSERT INTO CommunicationRecipients (Communication, Member) VALUES (123, 192);
INSERT INTO CommunicationRecipients (Communication, Member) VALUES (123, 172);
INSERT INTO CommunicationRecipients (Communication, Member) VALUES (123, 109);
INSERT INTO CommunicationRecipients (Communication, Member) VALUES (123, 140);
INSERT INTO CommunicationRecipients (Communication, Member) VALUES (123, 191);
INSERT INTO CommunicationRecipients (Communication, Member) VALUES (123, 101);
INSERT INTO CommunicationRecipients (Communication, Member) VALUES (123, 161);
INSERT INTO CommunicationRecipients (Communication, Member) VALUES (123, 182);
INSERT INTO CommunicationRecipients (Communication, Member) VALUES (123, 113);
INSERT INTO CommunicationRecipients (Communication, Member) VALUES (123, 171);
INSERT INTO CommunicationRecipients (Communication, Member) VALUES (123, 148);
INSERT INTO CommunicationRecipients (Communication, Member) VALUES (123, 190);
INSERT INTO CommunicationRecipients (Communication, Member) VALUES (123, 110);
INSERT INTO CommunicationRecipients (Communication, Member) VALUES (123, 117);
INSERT INTO CommunicationRecipients (Communication, Member) VALUES (123, 114);
INSERT INTO CommunicationRecipients (Communication, Member) VALUES (123, 111);
INSERT INTO CommunicationRecipients (Communication, Member) VALUES (123, 116);
INSERT INTO CommunicationRecipients (Communication, Member) VALUES (123, 100);
INSERT INTO CommunicationRecipients (Communication, Member) VALUES (123, 166);
INSERT INTO CommunicationRecipients (Communication, Member) VALUES (123, 193);
INSERT INTO CommunicationRecipients (Communication, Member) VALUES (123, 134);
INSERT INTO CommunicationRecipients (Communication, Member) VALUES (123, 160);
INSERT INTO CommunicationRecipients (Communication, Member) VALUES (123, 158);
INSERT INTO CommunicationRecipients (Communication, Member) VALUES (123, 127);
INSERT INTO CommunicationRecipients (Communication, Member) VALUES (123, 185);
INSERT INTO CommunicationRecipients (Communication, Member) VALUES (123, 186);
INSERT INTO CommunicationRecipients (Communication, Member) VALUES (123, 159);
INSERT INTO CommunicationRecipients (Communication, Member) VALUES (123, 198);
INSERT INTO CommunicationRecipients (Communication, Member) VALUES (123, 183);
INSERT INTO CommunicationRecipients (Communication, Member) VALUES (123, 195);
INSERT INTO CommunicationRecipients (Communication, Member) VALUES (123, 107);
INSERT INTO CommunicationRecipients (Communication, Member) VALUES (123, 102);
INSERT INTO CommunicationRecipients (Communication, Member) VALUES (123, 157);
INSERT INTO CommunicationRecipients (Communication, Member) VALUES (123, 132);
INSERT INTO CommunicationRecipients (Communication, Member) VALUES (123, 128);
INSERT INTO CommunicationRecipients (Communication, Member) VALUES (123, 126);
INSERT INTO CommunicationRecipients (Communication, Member) VALUES (123, 154);
INSERT INTO CommunicationRecipients (Communication, Member) VALUES (123, 131);
INSERT INTO CommunicationRecipients (Communication, Member) VALUES (123, 149);
INSERT INTO CommunicationRecipients (Communication, Member) VALUES (123, 177);
INSERT INTO CommunicationRecipients (Communication, Member) VALUES (123, 138);
INSERT INTO CommunicationRecipients (Communication, Member) VALUES (123, 196);
INSERT INTO CommunicationRecipients (Communication, Member) VALUES (123, 170);
INSERT INTO CommunicationRecipients (Communication, Member) VALUES (123, 106);
INSERT INTO CommunicationRecipients (Communication, Member) VALUES (123, 188);
INSERT INTO CommunicationRecipients (Communication, Member) VALUES (123, 105);
INSERT INTO CommunicationRecipients (Communication, Member) VALUES (123, 199);
INSERT INTO CommunicationRecipients (Communication, Member) VALUES (123, 155);
INSERT INTO CommunicationRecipients (Communication, Member) VALUES (123, 176);
INSERT INTO CommunicationRecipients (Communication, Member) VALUES (123, 179);
INSERT INTO CommunicationRecipients (Communication, Member) VALUES (123, 156);
INSERT INTO CommunicationRecipients (Communication, Member) VALUES (123, 136);
INSERT INTO CommunicationRecipients (Communication, Member) VALUES (123, 164);
INSERT INTO CommunicationRecipients (Communication, Member) VALUES (123, 118);
INSERT INTO CommunicationRecipients (Communication, Member) VALUES (123, 150);
INSERT INTO CommunicationRecipients (Communication, Member) VALUES (123, 119);
INSERT INTO CommunicationRecipients (Communication, Member) VALUES (123, 139);
INSERT INTO CommunicationRecipients (Communication, Member) VALUES (123, 135);
INSERT INTO CommunicationRecipients (Communication, Member) VALUES (123, 137);
INSERT INTO CommunicationRecipients (Communication, Member) VALUES (123, 163);
INSERT INTO Communication (ID, Subject, Content, DateSent) VALUES (124, 'Photo Contest Winners', 'Without identify point instead. Answer which will whatever. Break conference finish whole sport eye avoid.
Town them police century health tend. Manager offer study discover movie. Policy animal relationship never alone might pick.', '2025-08-10 11:45:35');
INSERT INTO CommunicationRecipients (Communication, Member) VALUES (124, 119);
INSERT INTO CommunicationRecipients (Communication, Member) VALUES (124, 135);
INSERT INTO CommunicationRecipients (Communication, Member) VALUES (124, 171);
INSERT INTO CommunicationRecipients (Communication, Member) VALUES (124, 199);
INSERT INTO CommunicationRecipients (Communication, Member) VALUES (124, 118);
INSERT INTO CommunicationRecipients (Communication, Member) VALUES (124, 126);
INSERT INTO CommunicationRecipients (Communication, Member) VALUES (124, 127);
INSERT INTO CommunicationRecipients (Communication, Member) VALUES (124, 180);
INSERT INTO CommunicationRecipients (Communication, Member) VALUES (124, 190);
INSERT INTO CommunicationRecipients (Communication, Member) VALUES (124, 158);
INSERT INTO CommunicationRecipients (Communication, Member) VALUES (124, 177);
INSERT INTO CommunicationRecipients (Communication, Member) VALUES (124, 153);
INSERT INTO CommunicationRecipients (Communication, Member) VALUES (124, 165);
INSERT INTO CommunicationRecipients (Communication, Member) VALUES (124, 152);
INSERT INTO CommunicationRecipients (Communication, Member) VALUES (124, 110);
INSERT INTO CommunicationRecipients (Communication, Member) VALUES (124, 181);
INSERT INTO CommunicationRecipients (Communication, Member) VALUES (124, 188);
INSERT INTO CommunicationRecipients (Communication, Member) VALUES (124, 167);
INSERT INTO CommunicationRecipients (Communication, Member) VALUES (124, 194);
INSERT INTO CommunicationRecipients (Communication, Member) VALUES (124, 166);
INSERT INTO CommunicationRecipients (Communication, Member) VALUES (124, 112);
INSERT INTO CommunicationRecipients (Communication, Member) VALUES (124, 187);
INSERT INTO CommunicationRecipients (Communication, Member) VALUES (124, 164);
INSERT INTO CommunicationRecipients (Communication, Member) VALUES (124, 179);
INSERT INTO CommunicationRecipients (Communication, Member) VALUES (124, 155);
INSERT INTO CommunicationRecipients (Communication, Member) VALUES (124, 106);
INSERT INTO CommunicationRecipients (Communication, Member) VALUES (124, 163);
INSERT INTO CommunicationRecipients (Communication, Member) VALUES (124, 184);
INSERT INTO CommunicationRecipients (Communication, Member) VALUES (124, 121);
INSERT INTO CommunicationRecipients (Communication, Member) VALUES (124, 146);
INSERT INTO CommunicationRecipients (Communication, Member) VALUES (124, 114);
INSERT INTO CommunicationRecipients (Communication, Member) VALUES (124, 132);
INSERT INTO CommunicationRecipients (Communication, Member) VALUES (124, 140);
INSERT INTO CommunicationRecipients (Communication, Member) VALUES (124, 185);
INSERT INTO CommunicationRecipients (Communication, Member) VALUES (124, 137);
INSERT INTO CommunicationRecipients (Communication, Member) VALUES (124, 176);
INSERT INTO CommunicationRecipients (Communication, Member) VALUES (124, 131);
INSERT INTO CommunicationRecipients (Communication, Member) VALUES (124, 108);
INSERT INTO CommunicationRecipients (Communication, Member) VALUES (124, 186);
INSERT INTO CommunicationRecipients (Communication, Member) VALUES (124, 189);
INSERT INTO CommunicationRecipients (Communication, Member) VALUES (124, 102);
INSERT INTO CommunicationRecipients (Communication, Member) VALUES (124, 141);
INSERT INTO CommunicationRecipients (Communication, Member) VALUES (124, 111);
INSERT INTO CommunicationRecipients (Communication, Member) VALUES (124, 168);
INSERT INTO CommunicationRecipients (Communication, Member) VALUES (124, 172);
INSERT INTO CommunicationRecipients (Communication, Member) VALUES (124, 192);
INSERT INTO CommunicationRecipients (Communication, Member) VALUES (124, 157);
INSERT INTO CommunicationRecipients (Communication, Member) VALUES (124, 104);
INSERT INTO CommunicationRecipients (Communication, Member) VALUES (124, 195);
INSERT INTO CommunicationRecipients (Communication, Member) VALUES (124, 175);
INSERT INTO CommunicationRecipients (Communication, Member) VALUES (124, 196);
INSERT INTO CommunicationRecipients (Communication, Member) VALUES (124, 115);

-- 💰 BUDGETS
INSERT INTO Budget (ID, ApprovedBy, Author, FiscalYear, Status) VALUES (20, 106, 134, 2023, 'SUBMITTED');
INSERT INTO Budget (ID, ApprovedBy, Author, FiscalYear, Status) VALUES (21, 195, 165, 2024, 'APPROVED');
INSERT INTO Budget (ID, ApprovedBy, Author, FiscalYear, Status) VALUES (22, 154, 121, 2025, 'APPROVED');
INSERT INTO Budget (ID, ApprovedBy, Author, FiscalYear, Status) VALUES (23, 127, 150, 2026, 'PAST');

-- 💰 BUDGET ACCOUNTS
INSERT INTO BudgetAccount (ID, Budget, AcctCode, AcctTitle) VALUES (20, 20, 'FOOD327', 'Food & Catering');
INSERT INTO BudgetAccount (ID, Budget, AcctCode, AcctTitle) VALUES (21, 20, 'ADMIN690', 'Administrative');
INSERT INTO BudgetAccount (ID, Budget, AcctCode, AcctTitle) VALUES (22, 20, 'MAINT119', 'Maintenance & Repairs');
INSERT INTO BudgetAccount (ID, Budget, AcctCode, AcctTitle) VALUES (23, 20, 'TRAIN525', 'Training & Certification');
INSERT INTO BudgetAccount (ID, Budget, AcctCode, AcctTitle) VALUES (24, 20, 'EVENT643', 'Event Supplies');
INSERT INTO BudgetAccount (ID, Budget, AcctCode, AcctTitle) VALUES (25, 20, 'TRANS651', 'Transportation');
INSERT INTO BudgetAccount (ID, Budget, AcctCode, AcctTitle) VALUES (26, 21, 'ADMIN484', 'Administrative');
INSERT INTO BudgetAccount (ID, Budget, AcctCode, AcctTitle) VALUES (27, 21, 'EVENT677', 'Event Supplies');
INSERT INTO BudgetAccount (ID, Budget, AcctCode, AcctTitle) VALUES (28, 21, 'FOOD375', 'Food & Catering');
INSERT INTO BudgetAccount (ID, Budget, AcctCode, AcctTitle) VALUES (29, 21, 'INSUR693', 'Insurance');
INSERT INTO BudgetAccount (ID, Budget, AcctCode, AcctTitle) VALUES (30, 21, 'TRANS419', 'Transportation');
INSERT INTO BudgetAccount (ID, Budget, AcctCode, AcctTitle) VALUES (31, 22, 'EVENT909', 'Event Supplies');
INSERT INTO BudgetAccount (ID, Budget, AcctCode, AcctTitle) VALUES (32, 22, 'TRANS233', 'Transportation');
INSERT INTO BudgetAccount (ID, Budget, AcctCode, AcctTitle) VALUES (33, 22, 'MAINT604', 'Maintenance & Repairs');
INSERT INTO BudgetAccount (ID, Budget, AcctCode, AcctTitle) VALUES (34, 22, 'ADMIN804', 'Administrative');
INSERT INTO BudgetAccount (ID, Budget, AcctCode, AcctTitle) VALUES (35, 23, 'FOOD146', 'Food & Catering');
INSERT INTO BudgetAccount (ID, Budget, AcctCode, AcctTitle) VALUES (36, 23, 'ADMIN414', 'Administrative');
INSERT INTO BudgetAccount (ID, Budget, AcctCode, AcctTitle) VALUES (37, 23, 'INSUR318', 'Insurance');
INSERT INTO BudgetAccount (ID, Budget, AcctCode, AcctTitle) VALUES (38, 23, 'TRAIN657', 'Training & Certification');

-- 🏪 VENDORS
INSERT INTO Vendor (ID, Address, Website, Contact) VALUES (20, '1425 Matthew Key, New Carl, NM 55860', 'www.reicoop.com', 'ivanwhitaker@example.net');
INSERT INTO Vendor (ID, Address, Website, Contact) VALUES (21, 'USCGC Ellis, FPO AE 33518', 'www.easternmountainsports.com', 'oduke@example.org');
INSERT INTO Vendor (ID, Address, Website, Contact) VALUES (22, '680 Lopez Village Suite 304, Martinezton, NJ 51900', 'www.outdoorgearexchange.com', 'georgepatton@example.net');
INSERT INTO Vendor (ID, Address, Website, Contact) VALUES (23, '74712 Sarah Crescent, Williammouth, NJ 74985', 'www.internationalmountainequipment.com', 'inewman@example.org');
INSERT INTO Vendor (ID, Address, Website, Contact) VALUES (24, '78610 Emily Crossroad Apt. 861, Nguyenshire, AL 49407', 'www.climbhigh.com', 'kevin66@example.org');
INSERT INTO Vendor (ID, Address, Website, Contact) VALUES (25, '044 Kathy Plains Apt. 846, North Jenniferchester, AS 16904', 'www.backcountrygear.com', 'brooke90@example.org');
INSERT INTO Vendor (ID, Address, Website, Contact) VALUES (26, 'PSC 6351, Box 3477, APO AA 48665', 'www.localoutdoorstore.com', 'harrissamantha@example.org');
INSERT INTO Vendor (ID, Address, Website, Contact) VALUES (27, '05790 Butler Way, Williamland, AZ 91740', 'www.mountainwarehouse.com', 'urobertson@example.com');
INSERT INTO Vendor (ID, Address, Website, Contact) VALUES (28, '671 Juarez Walks Suite 088, Susanview, DC 89812', 'www.gearcoop.com', 'rbrock@example.org');
INSERT INTO Vendor (ID, Address, Website, Contact) VALUES (29, '790 Danielle Centers Apt. 458, Millshaven, GA 30899', 'www.adventureoutpost.com', 'armstrongvictoria@example.net');
INSERT INTO Vendor (ID, Address, Website, Contact) VALUES (30, '90451 Daniel Springs Suite 934, Norrisside, OH 16185', 'www.summitsports.com', 'nathaniel94@example.net');
INSERT INTO Vendor (ID, Address, Website, Contact) VALUES (31, 'USCGC Garrison, FPO AE 04633', 'www.basecampoutfitters.com', 'wilsonstephen@example.org');

-- 💳 REIMBURSEMENTS
INSERT INTO Reimbursement (ID, MemberID, Total, Type, Description) VALUES (20, 174, 131.02, 'Equipment', 'Want firm grow it admit three.
Many treatment health. Team effect unit religious support.');
INSERT INTO Reimbursement (ID, MemberID, Total, Type, Description) VALUES (21, 165, 48.73, 'Equipment', 'Himself voice decide how evidence position chair. Hear others realize toward develop student.');
INSERT INTO Reimbursement (ID, MemberID, Total, Type, Description) VALUES (22, 157, 384.71, 'Training', 'Begin party stage instead word. Rule safe family.');
INSERT INTO Reimbursement (ID, MemberID, Total, Type, Description) VALUES (23, 132, 159.39, 'Training', 'Goal reach dinner figure hear ability. Close drop offer. Daughter yard appear language second.');
INSERT INTO Reimbursement (ID, MemberID, Total, Type, Description) VALUES (24, 135, 460.89, 'Event Supplies', 'Head national live this trouble. Car trip class floor simple wide sign modern.');
INSERT INTO Reimbursement (ID, MemberID, Total, Type, Description) VALUES (25, 112, 351.31, 'Training', 'Fact class north stage career feel. Central everybody choice economic.');
INSERT INTO Reimbursement (ID, MemberID, Total, Type, Description) VALUES (26, 192, 161.35, 'Transportation', 'Force Democrat not. Find give yourself fear this picture. Usually inside star drive attack six.');
INSERT INTO Reimbursement (ID, MemberID, Total, Type, Description) VALUES (27, 164, 262.69, 'Transportation', 'Similar point blood doctor much. Writer break keep daughter understand scene without wide.');
INSERT INTO Reimbursement (ID, MemberID, Total, Type, Description) VALUES (28, 106, 204.58, 'Event Supplies', 'Gun recent sound just remain. Table we week.');
INSERT INTO Reimbursement (ID, MemberID, Total, Type, Description) VALUES (29, 196, 402.69, 'Equipment', 'Think arrive without give nature company. See most out support. Realize success cut industry small.');
INSERT INTO Reimbursement (ID, MemberID, Total, Type, Description) VALUES (30, 112, 499.52, 'Event Supplies', 'Place event better low movie time son bed. Heart away as. Fact paper eight trouble type late.');
INSERT INTO Reimbursement (ID, MemberID, Total, Type, Description) VALUES (31, 103, 57.39, 'Equipment', 'Baby hour him visit different. Short discover pay event field. Of region card around trial.');
INSERT INTO Reimbursement (ID, MemberID, Total, Type, Description) VALUES (32, 124, 232.56, 'Maintenance', 'Involve owner smile. Crime pattern magazine war four everything.');
INSERT INTO Reimbursement (ID, MemberID, Total, Type, Description) VALUES (33, 148, 359.92, 'Maintenance', 'Allow husband out determine deep whatever field. Radio upon state opportunity card back crime.');
INSERT INTO Reimbursement (ID, MemberID, Total, Type, Description) VALUES (34, 133, 281.98, 'Equipment', 'Clear knowledge provide from great each place. Carry minute set reflect.');
INSERT INTO Reimbursement (ID, MemberID, Total, Type, Description) VALUES (35, 109, 179.22, 'Event Supplies', 'Road window near nice daughter dark evidence. Experience cold mouth well three about car.');
INSERT INTO Reimbursement (ID, MemberID, Total, Type, Description) VALUES (36, 174, 277.74, 'Training', 'Reality cause eat opportunity. Full dream result out.');
INSERT INTO Reimbursement (ID, MemberID, Total, Type, Description) VALUES (37, 188, 296.16, 'Training', 'Special pull listen work. Society war write off specific likely.');
INSERT INTO Reimbursement (ID, MemberID, Total, Type, Description) VALUES (38, 122, 233.17, 'Food', 'Trouble guy wear get hotel cause.');
INSERT INTO Reimbursement (ID, MemberID, Total, Type, Description) VALUES (39, 170, 381.3, 'Event Supplies', 'Many same popular. Himself measure raise plant student want.');
INSERT INTO Reimbursement (ID, MemberID, Total, Type, Description) VALUES (40, 181, 325.19, 'Training', 'Control TV watch TV day space. Dog news situation as prevent interview.');
INSERT INTO Reimbursement (ID, MemberID, Total, Type, Description) VALUES (41, 132, 31.96, 'Maintenance', 'Media traditional society artist. Someone one scientist. Statement full set family behind voice.');
INSERT INTO Reimbursement (ID, MemberID, Total, Type, Description) VALUES (42, 113, 154.25, 'Food', 'Others without company miss. Assume almost design wife.');
INSERT INTO Reimbursement (ID, MemberID, Total, Type, Description) VALUES (43, 141, 305.51, 'Event Supplies', 'Remain structure grow. Production local city between hair hair.');
INSERT INTO Reimbursement (ID, MemberID, Total, Type, Description) VALUES (44, 165, 192.34, 'Food', 'Human book morning forward west.');
INSERT INTO Reimbursement (ID, MemberID, Total, Type, Description) VALUES (45, 199, 171.22, 'Food', 'Agree difference property resource production also easy teach. Wind yourself the condition news.');
INSERT INTO Reimbursement (ID, MemberID, Total, Type, Description) VALUES (46, 113, 437.36, 'Training', 'Instead care million throughout rise check. Form will who use across.');
INSERT INTO Reimbursement (ID, MemberID, Total, Type, Description) VALUES (47, 109, 427.28, 'Maintenance', 'Drop necessary class add community since. Style enough there director population night eye company.');
INSERT INTO Reimbursement (ID, MemberID, Total, Type, Description) VALUES (48, 141, 50.97, 'Equipment', 'Business song interview dark else full state once. Option career cause along past able.');
INSERT INTO Reimbursement (ID, MemberID, Total, Type, Description) VALUES (49, 176, 75.02, 'Maintenance', 'Nothing west similar institution together beyond already long. For prove cold very data.');

-- 🛒 PURCHASE ORDERS
INSERT INTO PurchaseOrder (ID, Vendor, Reimbursement, OrderDate) VALUES (1, 22, NULL, '2025-02-20');
INSERT INTO PurchaseOrder (ID, Vendor, Reimbursement, OrderDate) VALUES (2, 31, 20, '2024-12-05');
INSERT INTO PurchaseOrder (ID, Vendor, Reimbursement, OrderDate) VALUES (3, 20, 44, '2025-07-19');
INSERT INTO PurchaseOrder (ID, Vendor, Reimbursement, OrderDate) VALUES (4, 22, 20, '2024-12-30');
INSERT INTO PurchaseOrder (ID, Vendor, Reimbursement, OrderDate) VALUES (5, 27, 31, '2024-08-12');
INSERT INTO PurchaseOrder (ID, Vendor, Reimbursement, OrderDate) VALUES (6, 31, NULL, '2024-12-05');
INSERT INTO PurchaseOrder (ID, Vendor, Reimbursement, OrderDate) VALUES (7, 30, 26, '2024-12-01');
INSERT INTO PurchaseOrder (ID, Vendor, Reimbursement, OrderDate) VALUES (8, 26, 36, '2025-05-10');
INSERT INTO PurchaseOrder (ID, Vendor, Reimbursement, OrderDate) VALUES (9, 31, NULL, '2025-01-12');
INSERT INTO PurchaseOrder (ID, Vendor, Reimbursement, OrderDate) VALUES (10, 24, NULL, '2025-04-09');
INSERT INTO PurchaseOrder (ID, Vendor, Reimbursement, OrderDate) VALUES (11, 22, NULL, '2024-09-29');
INSERT INTO PurchaseOrder (ID, Vendor, Reimbursement, OrderDate) VALUES (12, 21, 42, '2025-07-14');
INSERT INTO PurchaseOrder (ID, Vendor, Reimbursement, OrderDate) VALUES (13, 22, 47, '2024-10-21');
INSERT INTO PurchaseOrder (ID, Vendor, Reimbursement, OrderDate) VALUES (14, 29, 33, '2024-12-13');
INSERT INTO PurchaseOrder (ID, Vendor, Reimbursement, OrderDate) VALUES (15, 20, 20, '2024-09-06');

-- 🎒 RENTAL ITEMS
INSERT INTO RentalItem (ID, PurchaseOrder, Name, Price, Location, Quantity, Size, Availability, Status, Picture) VALUES (50, 13, 'Climbing Rope', 200.0, 'Gear Room A', 2, '70m Dynamic', 'Available for checkout', 'AVAILABLE', 'climbing_rope.jpg');
INSERT INTO RentalItem (ID, PurchaseOrder, Name, Price, Location, Quantity, Size, Availability, Status, Picture) VALUES (51, 13, 'Climbing Shoes', 85.0, 'Gear Room A', 2, '7', 'Available for checkout', 'AVAILABLE', 'climbing_shoes.jpg');
INSERT INTO RentalItem (ID, PurchaseOrder, Name, Price, Location, Quantity, Size, Availability, Status, Picture) VALUES (52, 3, 'Headlamp', 40.0, 'Gear Room C', 2, 'One Size', 'Available for checkout', 'AVAILABLE', 'headlamp.jpg');
INSERT INTO RentalItem (ID, PurchaseOrder, Name, Price, Location, Quantity, Size, Availability, Status, Picture) VALUES (53, 15, 'Camping Stove', 65.0, 'Gear Room B', 1, 'Double Burner', 'Available for checkout', 'AVAILABLE', 'camping_stove.jpg');
INSERT INTO RentalItem (ID, PurchaseOrder, Name, Price, Location, Quantity, Size, Availability, Status, Picture) VALUES (54, 15, 'Sleeping Pad', 60.0, 'Gear Room B', 2, 'Regular', 'Available for checkout', 'AVAILABLE', 'sleeping_pad.jpg');
INSERT INTO RentalItem (ID, PurchaseOrder, Name, Price, Location, Quantity, Size, Availability, Status, Picture) VALUES (55, 5, 'Sleeping Pad', 60.0, 'Gear Room B', 1, 'Regular', 'Status: CHECKED_OUT', 'CHECKED_OUT', 'sleeping_pad.jpg');
INSERT INTO RentalItem (ID, PurchaseOrder, Name, Price, Location, Quantity, Size, Availability, Status, Picture) VALUES (56, 1, 'Tent', 180.0, 'Gear Room B', 3, '2-Person', 'Available for checkout', 'AVAILABLE', 'tent.jpg');
INSERT INTO RentalItem (ID, PurchaseOrder, Name, Price, Location, Quantity, Size, Availability, Status, Picture) VALUES (57, 4, 'Sleeping Pad', 60.0, 'Gear Room B', 1, 'Regular', 'Status: CHECKED_OUT', 'CHECKED_OUT', 'sleeping_pad.jpg');
INSERT INTO RentalItem (ID, PurchaseOrder, Name, Price, Location, Quantity, Size, Availability, Status, Picture) VALUES (58, 15, 'Crampons', 120.0, 'Gear Room A', 2, 'Large', 'Available for checkout', 'AVAILABLE', 'crampons.jpg');
INSERT INTO RentalItem (ID, PurchaseOrder, Name, Price, Location, Quantity, Size, Availability, Status, Picture) VALUES (59, 13, 'Camping Stove', 65.0, 'Gear Room B', 1, 'Double Burner', 'Available for checkout', 'AVAILABLE', 'camping_stove.jpg');
INSERT INTO RentalItem (ID, PurchaseOrder, Name, Price, Location, Quantity, Size, Availability, Status, Picture) VALUES (60, 15, 'Camping Stove', 65.0, 'Gear Room B', 2, 'Double Burner', 'Available for checkout', 'AVAILABLE', 'camping_stove.jpg');
INSERT INTO RentalItem (ID, PurchaseOrder, Name, Price, Location, Quantity, Size, Availability, Status, Picture) VALUES (61, 6, 'Camping Stove', 65.0, 'Gear Room B', 2, 'Single Burner', 'Status: DAMAGED', 'DAMAGED', 'camping_stove.jpg');
INSERT INTO RentalItem (ID, PurchaseOrder, Name, Price, Location, Quantity, Size, Availability, Status, Picture) VALUES (62, 12, 'Crampons', 120.0, 'Gear Room A', 3, 'Medium', 'Status: CHECKED_OUT', 'CHECKED_OUT', 'crampons.jpg');
INSERT INTO RentalItem (ID, PurchaseOrder, Name, Price, Location, Quantity, Size, Availability, Status, Picture) VALUES (63, 1, 'Climbing Harness', 75.0, 'Gear Room A', 2, 'Large', 'Available for checkout', 'AVAILABLE', 'climbing_harness.jpg');
INSERT INTO RentalItem (ID, PurchaseOrder, Name, Price, Location, Quantity, Size, Availability, Status, Picture) VALUES (64, 9, 'Sleeping Bag', 140.0, 'Gear Room B', 1, 'Long', 'Available for checkout', 'AVAILABLE', 'sleeping_bag.jpg');
INSERT INTO RentalItem (ID, PurchaseOrder, Name, Price, Location, Quantity, Size, Availability, Status, Picture) VALUES (65, 3, 'Headlamp', 40.0, 'Gear Room C', 1, 'One Size', 'Status: CHECKED_OUT', 'CHECKED_OUT', 'headlamp.jpg');
INSERT INTO RentalItem (ID, PurchaseOrder, Name, Price, Location, Quantity, Size, Availability, Status, Picture) VALUES (66, 11, 'Backpack', 95.0, 'Gear Room B', 3, '40L', 'Available for checkout', 'AVAILABLE', 'backpack.jpg');
INSERT INTO RentalItem (ID, PurchaseOrder, Name, Price, Location, Quantity, Size, Availability, Status, Picture) VALUES (67, 11, 'Crampons', 120.0, 'Gear Room A', 3, 'Large', 'Available for checkout', 'AVAILABLE', 'crampons.jpg');
INSERT INTO RentalItem (ID, PurchaseOrder, Name, Price, Location, Quantity, Size, Availability, Status, Picture) VALUES (68, 3, 'Sleeping Pad', 60.0, 'Gear Room B', 3, 'Regular', 'Available for checkout', 'AVAILABLE', 'sleeping_pad.jpg');
INSERT INTO RentalItem (ID, PurchaseOrder, Name, Price, Location, Quantity, Size, Availability, Status, Picture) VALUES (69, 2, 'Climbing Helmet', 50.0, 'Gear Room A', 1, 'One Size', 'Available for checkout', 'AVAILABLE', 'climbing_helmet.jpg');
INSERT INTO RentalItem (ID, PurchaseOrder, Name, Price, Location, Quantity, Size, Availability, Status, Picture) VALUES (70, 12, 'Sleeping Pad', 60.0, 'Gear Room B', 3, 'Long', 'Available for checkout', 'AVAILABLE', 'sleeping_pad.jpg');
INSERT INTO RentalItem (ID, PurchaseOrder, Name, Price, Location, Quantity, Size, Availability, Status, Picture) VALUES (71, 15, 'Tent', 180.0, 'Gear Room B', 2, '4-Person', 'Available for checkout', 'AVAILABLE', 'tent.jpg');
INSERT INTO RentalItem (ID, PurchaseOrder, Name, Price, Location, Quantity, Size, Availability, Status, Picture) VALUES (72, 1, 'Ice Axe', 80.0, 'Gear Room A', 1, '70cm', 'Status: DAMAGED', 'DAMAGED', 'ice_axe.jpg');
INSERT INTO RentalItem (ID, PurchaseOrder, Name, Price, Location, Quantity, Size, Availability, Status, Picture) VALUES (73, 15, 'Ice Axe', 80.0, 'Gear Room A', 3, '60cm', 'Available for checkout', 'AVAILABLE', 'ice_axe.jpg');
INSERT INTO RentalItem (ID, PurchaseOrder, Name, Price, Location, Quantity, Size, Availability, Status, Picture) VALUES (74, 2, 'Ice Axe', 80.0, 'Gear Room A', 1, '60cm', 'Status: DAMAGED', 'DAMAGED', 'ice_axe.jpg');
INSERT INTO RentalItem (ID, PurchaseOrder, Name, Price, Location, Quantity, Size, Availability, Status, Picture) VALUES (75, 6, 'Sleeping Bag', 140.0, 'Gear Room B', 2, 'Long', 'Available for checkout', 'AVAILABLE', 'sleeping_bag.jpg');
INSERT INTO RentalItem (ID, PurchaseOrder, Name, Price, Location, Quantity, Size, Availability, Status, Picture) VALUES (76, 1, 'Sleeping Pad', 60.0, 'Gear Room B', 3, 'Regular', 'Available for checkout', 'AVAILABLE', 'sleeping_pad.jpg');
INSERT INTO RentalItem (ID, PurchaseOrder, Name, Price, Location, Quantity, Size, Availability, Status, Picture) VALUES (77, 12, 'Sleeping Pad', 60.0, 'Gear Room B', 1, 'Long', 'Available for checkout', 'AVAILABLE', 'sleeping_pad.jpg');
INSERT INTO RentalItem (ID, PurchaseOrder, Name, Price, Location, Quantity, Size, Availability, Status, Picture) VALUES (78, 1, 'Climbing Shoes', 85.0, 'Gear Room A', 1, '12', 'Status: CHECKED_OUT', 'CHECKED_OUT', 'climbing_shoes.jpg');
INSERT INTO RentalItem (ID, PurchaseOrder, Name, Price, Location, Quantity, Size, Availability, Status, Picture) VALUES (79, 8, 'Sleeping Pad', 60.0, 'Gear Room B', 3, 'Long', 'Available for checkout', 'AVAILABLE', 'sleeping_pad.jpg');
INSERT INTO RentalItem (ID, PurchaseOrder, Name, Price, Location, Quantity, Size, Availability, Status, Picture) VALUES (80, 3, 'Sleeping Pad', 60.0, 'Gear Room B', 1, 'Regular', 'Status: DAMAGED', 'DAMAGED', 'sleeping_pad.jpg');
INSERT INTO RentalItem (ID, PurchaseOrder, Name, Price, Location, Quantity, Size, Availability, Status, Picture) VALUES (81, 6, 'Sleeping Bag', 140.0, 'Gear Room B', 2, 'Regular', 'Available for checkout', 'AVAILABLE', 'sleeping_bag.jpg');
INSERT INTO RentalItem (ID, PurchaseOrder, Name, Price, Location, Quantity, Size, Availability, Status, Picture) VALUES (82, 11, 'Crampons', 120.0, 'Gear Room A', 1, 'Small', 'Status: CHECKED_OUT', 'CHECKED_OUT', 'crampons.jpg');
INSERT INTO RentalItem (ID, PurchaseOrder, Name, Price, Location, Quantity, Size, Availability, Status, Picture) VALUES (83, 3, 'Climbing Helmet', 50.0, 'Gear Room A', 3, 'One Size', 'Status: CHECKED_OUT', 'CHECKED_OUT', 'climbing_helmet.jpg');
INSERT INTO RentalItem (ID, PurchaseOrder, Name, Price, Location, Quantity, Size, Availability, Status, Picture) VALUES (84, 15, 'Camping Stove', 65.0, 'Gear Room B', 1, 'Double Burner', 'Available for checkout', 'AVAILABLE', 'camping_stove.jpg');
INSERT INTO RentalItem (ID, PurchaseOrder, Name, Price, Location, Quantity, Size, Availability, Status, Picture) VALUES (85, 12, 'Headlamp', 40.0, 'Gear Room C', 3, 'One Size', 'Status: DAMAGED', 'DAMAGED', 'headlamp.jpg');
INSERT INTO RentalItem (ID, PurchaseOrder, Name, Price, Location, Quantity, Size, Availability, Status, Picture) VALUES (86, 15, 'Climbing Rope', 200.0, 'Gear Room A', 1, '60m Dynamic', 'Available for checkout', 'AVAILABLE', 'climbing_rope.jpg');
INSERT INTO RentalItem (ID, PurchaseOrder, Name, Price, Location, Quantity, Size, Availability, Status, Picture) VALUES (87, 1, 'Camping Stove', 65.0, 'Gear Room B', 2, 'Single Burner', 'Status: CHECKED_OUT', 'CHECKED_OUT', 'camping_stove.jpg');
INSERT INTO RentalItem (ID, PurchaseOrder, Name, Price, Location, Quantity, Size, Availability, Status, Picture) VALUES (88, 3, 'Climbing Shoes', 85.0, 'Gear Room A', 1, '12', 'Available for checkout', 'AVAILABLE', 'climbing_shoes.jpg');
INSERT INTO RentalItem (ID, PurchaseOrder, Name, Price, Location, Quantity, Size, Availability, Status, Picture) VALUES (89, 1, 'Crampons', 120.0, 'Gear Room A', 2, 'Medium', 'Status: DAMAGED', 'DAMAGED', 'crampons.jpg');
INSERT INTO RentalItem (ID, PurchaseOrder, Name, Price, Location, Quantity, Size, Availability, Status, Picture) VALUES (90, 5, 'Climbing Shoes', 85.0, 'Gear Room A', 3, '8', 'Available for checkout', 'AVAILABLE', 'climbing_shoes.jpg');
INSERT INTO RentalItem (ID, PurchaseOrder, Name, Price, Location, Quantity, Size, Availability, Status, Picture) VALUES (91, 4, 'Camping Stove', 65.0, 'Gear Room B', 1, 'Single Burner', 'Status: DEPRECATED', 'DEPRECATED', 'camping_stove.jpg');
INSERT INTO RentalItem (ID, PurchaseOrder, Name, Price, Location, Quantity, Size, Availability, Status, Picture) VALUES (92, 14, 'Climbing Rope', 200.0, 'Gear Room A', 1, '60m Dynamic', 'Status: CHECKED_OUT', 'CHECKED_OUT', 'climbing_rope.jpg');
INSERT INTO RentalItem (ID, PurchaseOrder, Name, Price, Location, Quantity, Size, Availability, Status, Picture) VALUES (93, 10, 'Climbing Harness', 75.0, 'Gear Room A', 3, 'Large', 'Available for checkout', 'AVAILABLE', 'climbing_harness.jpg');
INSERT INTO RentalItem (ID, PurchaseOrder, Name, Price, Location, Quantity, Size, Availability, Status, Picture) VALUES (94, 14, 'Climbing Helmet', 50.0, 'Gear Room A', 2, 'One Size', 'Available for checkout', 'AVAILABLE', 'climbing_helmet.jpg');
INSERT INTO RentalItem (ID, PurchaseOrder, Name, Price, Location, Quantity, Size, Availability, Status, Picture) VALUES (95, 4, 'Tent', 180.0, 'Gear Room B', 1, '4-Person', 'Available for checkout', 'AVAILABLE', 'tent.jpg');
INSERT INTO RentalItem (ID, PurchaseOrder, Name, Price, Location, Quantity, Size, Availability, Status, Picture) VALUES (96, 9, 'Climbing Harness', 75.0, 'Gear Room A', 2, 'Medium', 'Available for checkout', 'AVAILABLE', 'climbing_harness.jpg');
INSERT INTO RentalItem (ID, PurchaseOrder, Name, Price, Location, Quantity, Size, Availability, Status, Picture) VALUES (97, 15, 'Climbing Shoes', 85.0, 'Gear Room A', 3, '12', 'Status: CHECKED_OUT', 'CHECKED_OUT', 'climbing_shoes.jpg');
INSERT INTO RentalItem (ID, PurchaseOrder, Name, Price, Location, Quantity, Size, Availability, Status, Picture) VALUES (98, 9, 'Sleeping Bag', 140.0, 'Gear Room B', 3, 'Long', 'Available for checkout', 'AVAILABLE', 'sleeping_bag.jpg');
INSERT INTO RentalItem (ID, PurchaseOrder, Name, Price, Location, Quantity, Size, Availability, Status, Picture) VALUES (99, 12, 'Ice Axe', 80.0, 'Gear Room A', 2, '70cm', 'Available for checkout', 'AVAILABLE', 'ice_axe.jpg');
INSERT INTO RentalItem (ID, PurchaseOrder, Name, Price, Location, Quantity, Size, Availability, Status, Picture) VALUES (100, 5, 'Climbing Helmet', 50.0, 'Gear Room A', 1, 'One Size', 'Status: CHECKED_OUT', 'CHECKED_OUT', 'climbing_helmet.jpg');
INSERT INTO RentalItem (ID, PurchaseOrder, Name, Price, Location, Quantity, Size, Availability, Status, Picture) VALUES (101, 11, 'Ice Axe', 80.0, 'Gear Room A', 2, '60cm', 'Available for checkout', 'AVAILABLE', 'ice_axe.jpg');
INSERT INTO RentalItem (ID, PurchaseOrder, Name, Price, Location, Quantity, Size, Availability, Status, Picture) VALUES (102, 7, 'Climbing Helmet', 50.0, 'Gear Room A', 3, 'One Size', 'Available for checkout', 'AVAILABLE', 'climbing_helmet.jpg');
INSERT INTO RentalItem (ID, PurchaseOrder, Name, Price, Location, Quantity, Size, Availability, Status, Picture) VALUES (103, 15, 'Ice Axe', 80.0, 'Gear Room A', 1, '60cm', 'Available for checkout', 'AVAILABLE', 'ice_axe.jpg');
INSERT INTO RentalItem (ID, PurchaseOrder, Name, Price, Location, Quantity, Size, Availability, Status, Picture) VALUES (104, 10, 'Headlamp', 40.0, 'Gear Room C', 2, 'One Size', 'Status: CHECKED_OUT', 'CHECKED_OUT', 'headlamp.jpg');
INSERT INTO RentalItem (ID, PurchaseOrder, Name, Price, Location, Quantity, Size, Availability, Status, Picture) VALUES (105, 10, 'Sleeping Bag', 140.0, 'Gear Room B', 3, 'Regular', 'Available for checkout', 'AVAILABLE', 'sleeping_bag.jpg');
INSERT INTO RentalItem (ID, PurchaseOrder, Name, Price, Location, Quantity, Size, Availability, Status, Picture) VALUES (106, 12, 'Headlamp', 40.0, 'Gear Room C', 3, 'One Size', 'Available for checkout', 'AVAILABLE', 'headlamp.jpg');
INSERT INTO RentalItem (ID, PurchaseOrder, Name, Price, Location, Quantity, Size, Availability, Status, Picture) VALUES (107, 7, 'Backpack', 95.0, 'Gear Room B', 3, '50L', 'Available for checkout', 'AVAILABLE', 'backpack.jpg');
INSERT INTO RentalItem (ID, PurchaseOrder, Name, Price, Location, Quantity, Size, Availability, Status, Picture) VALUES (108, 5, 'Camping Stove', 65.0, 'Gear Room B', 2, 'Double Burner', 'Status: CHECKED_OUT', 'CHECKED_OUT', 'camping_stove.jpg');
INSERT INTO RentalItem (ID, PurchaseOrder, Name, Price, Location, Quantity, Size, Availability, Status, Picture) VALUES (109, 9, 'Climbing Helmet', 50.0, 'Gear Room A', 3, 'One Size', 'Available for checkout', 'AVAILABLE', 'climbing_helmet.jpg');
INSERT INTO RentalItem (ID, PurchaseOrder, Name, Price, Location, Quantity, Size, Availability, Status, Picture) VALUES (110, 6, 'Sleeping Pad', 60.0, 'Gear Room B', 1, 'Long', 'Available for checkout', 'AVAILABLE', 'sleeping_pad.jpg');
INSERT INTO RentalItem (ID, PurchaseOrder, Name, Price, Location, Quantity, Size, Availability, Status, Picture) VALUES (111, 10, 'Crampons', 120.0, 'Gear Room A', 3, 'Small', 'Available for checkout', 'AVAILABLE', 'crampons.jpg');
INSERT INTO RentalItem (ID, PurchaseOrder, Name, Price, Location, Quantity, Size, Availability, Status, Picture) VALUES (112, 4, 'Climbing Helmet', 50.0, 'Gear Room A', 2, 'One Size', 'Available for checkout', 'AVAILABLE', 'climbing_helmet.jpg');
INSERT INTO RentalItem (ID, PurchaseOrder, Name, Price, Location, Quantity, Size, Availability, Status, Picture) VALUES (113, 2, 'Headlamp', 40.0, 'Gear Room C', 2, 'One Size', 'Available for checkout', 'AVAILABLE', 'headlamp.jpg');
INSERT INTO RentalItem (ID, PurchaseOrder, Name, Price, Location, Quantity, Size, Availability, Status, Picture) VALUES (114, 10, 'Sleeping Pad', 60.0, 'Gear Room B', 3, 'Long', 'Available for checkout', 'AVAILABLE', 'sleeping_pad.jpg');
INSERT INTO RentalItem (ID, PurchaseOrder, Name, Price, Location, Quantity, Size, Availability, Status, Picture) VALUES (115, 3, 'Backpack', 95.0, 'Gear Room B', 2, '40L', 'Available for checkout', 'AVAILABLE', 'backpack.jpg');
INSERT INTO RentalItem (ID, PurchaseOrder, Name, Price, Location, Quantity, Size, Availability, Status, Picture) VALUES (116, 7, 'Climbing Shoes', 85.0, 'Gear Room A', 1, '12', 'Available for checkout', 'AVAILABLE', 'climbing_shoes.jpg');
INSERT INTO RentalItem (ID, PurchaseOrder, Name, Price, Location, Quantity, Size, Availability, Status, Picture) VALUES (117, 10, 'Camping Stove', 65.0, 'Gear Room B', 1, 'Single Burner', 'Available for checkout', 'AVAILABLE', 'camping_stove.jpg');
INSERT INTO RentalItem (ID, PurchaseOrder, Name, Price, Location, Quantity, Size, Availability, Status, Picture) VALUES (118, 7, 'Crampons', 120.0, 'Gear Room A', 1, 'Large', 'Status: CHECKED_OUT', 'CHECKED_OUT', 'crampons.jpg');
INSERT INTO RentalItem (ID, PurchaseOrder, Name, Price, Location, Quantity, Size, Availability, Status, Picture) VALUES (119, 4, 'Climbing Harness', 75.0, 'Gear Room A', 3, 'Medium', 'Available for checkout', 'AVAILABLE', 'climbing_harness.jpg');
INSERT INTO RentalItem (ID, PurchaseOrder, Name, Price, Location, Quantity, Size, Availability, Status, Picture) VALUES (120, 8, 'Crampons', 120.0, 'Gear Room A', 2, 'Medium', 'Available for checkout', 'AVAILABLE', 'crampons.jpg');
INSERT INTO RentalItem (ID, PurchaseOrder, Name, Price, Location, Quantity, Size, Availability, Status, Picture) VALUES (121, 5, 'Tent', 180.0, 'Gear Room B', 3, '2-Person', 'Available for checkout', 'AVAILABLE', 'tent.jpg');
INSERT INTO RentalItem (ID, PurchaseOrder, Name, Price, Location, Quantity, Size, Availability, Status, Picture) VALUES (122, 10, 'Camping Stove', 65.0, 'Gear Room B', 3, 'Double Burner', 'Status: CHECKED_OUT', 'CHECKED_OUT', 'camping_stove.jpg');
INSERT INTO RentalItem (ID, PurchaseOrder, Name, Price, Location, Quantity, Size, Availability, Status, Picture) VALUES (123, 4, 'Climbing Shoes', 85.0, 'Gear Room A', 3, '6', 'Available for checkout', 'AVAILABLE', 'climbing_shoes.jpg');
INSERT INTO RentalItem (ID, PurchaseOrder, Name, Price, Location, Quantity, Size, Availability, Status, Picture) VALUES (124, 4, 'Sleeping Bag', 140.0, 'Gear Room B', 3, 'Regular', 'Available for checkout', 'AVAILABLE', 'sleeping_bag.jpg');
INSERT INTO RentalItem (ID, PurchaseOrder, Name, Price, Location, Quantity, Size, Availability, Status, Picture) VALUES (125, 9, 'Climbing Harness', 75.0, 'Gear Room A', 2, 'Small', 'Status: CHECKED_OUT', 'CHECKED_OUT', 'climbing_harness.jpg');
INSERT INTO RentalItem (ID, PurchaseOrder, Name, Price, Location, Quantity, Size, Availability, Status, Picture) VALUES (126, 6, 'Climbing Shoes', 85.0, 'Gear Room A', 2, '8', 'Status: CHECKED_OUT', 'CHECKED_OUT', 'climbing_shoes.jpg');
INSERT INTO RentalItem (ID, PurchaseOrder, Name, Price, Location, Quantity, Size, Availability, Status, Picture) VALUES (127, 7, 'Climbing Rope', 200.0, 'Gear Room A', 3, '70m Dynamic', 'Status: CHECKED_OUT', 'CHECKED_OUT', 'climbing_rope.jpg');
INSERT INTO RentalItem (ID, PurchaseOrder, Name, Price, Location, Quantity, Size, Availability, Status, Picture) VALUES (128, 14, 'Climbing Rope', 200.0, 'Gear Room A', 1, '60m Dynamic', 'Available for checkout', 'AVAILABLE', 'climbing_rope.jpg');
INSERT INTO RentalItem (ID, PurchaseOrder, Name, Price, Location, Quantity, Size, Availability, Status, Picture) VALUES (129, 3, 'Crampons', 120.0, 'Gear Room A', 3, 'Large', 'Available for checkout', 'AVAILABLE', 'crampons.jpg');
INSERT INTO RentalItem (ID, PurchaseOrder, Name, Price, Location, Quantity, Size, Availability, Status, Picture) VALUES (130, 13, 'Climbing Helmet', 50.0, 'Gear Room A', 3, 'One Size', 'Available for checkout', 'AVAILABLE', 'climbing_helmet.jpg');
INSERT INTO RentalItem (ID, PurchaseOrder, Name, Price, Location, Quantity, Size, Availability, Status, Picture) VALUES (131, 3, 'Climbing Helmet', 50.0, 'Gear Room A', 1, 'One Size', 'Status: CHECKED_OUT', 'CHECKED_OUT', 'climbing_helmet.jpg');
INSERT INTO RentalItem (ID, PurchaseOrder, Name, Price, Location, Quantity, Size, Availability, Status, Picture) VALUES (132, 15, 'Headlamp', 40.0, 'Gear Room C', 3, 'One Size', 'Available for checkout', 'AVAILABLE', 'headlamp.jpg');
INSERT INTO RentalItem (ID, PurchaseOrder, Name, Price, Location, Quantity, Size, Availability, Status, Picture) VALUES (133, 2, 'Tent', 180.0, 'Gear Room B', 3, '4-Person', 'Available for checkout', 'AVAILABLE', 'tent.jpg');
INSERT INTO RentalItem (ID, PurchaseOrder, Name, Price, Location, Quantity, Size, Availability, Status, Picture) VALUES (134, 14, 'Backpack', 95.0, 'Gear Room B', 2, '70L', 'Status: CHECKED_OUT', 'CHECKED_OUT', 'backpack.jpg');
INSERT INTO RentalItem (ID, PurchaseOrder, Name, Price, Location, Quantity, Size, Availability, Status, Picture) VALUES (135, 9, 'Sleeping Pad', 60.0, 'Gear Room B', 2, 'Long', 'Available for checkout', 'AVAILABLE', 'sleeping_pad.jpg');
INSERT INTO RentalItem (ID, PurchaseOrder, Name, Price, Location, Quantity, Size, Availability, Status, Picture) VALUES (136, 14, 'Sleeping Pad', 60.0, 'Gear Room B', 1, 'Regular', 'Status: CHECKED_OUT', 'CHECKED_OUT', 'sleeping_pad.jpg');
INSERT INTO RentalItem (ID, PurchaseOrder, Name, Price, Location, Quantity, Size, Availability, Status, Picture) VALUES (137, 12, 'Sleeping Pad', 60.0, 'Gear Room B', 3, 'Regular', 'Available for checkout', 'AVAILABLE', 'sleeping_pad.jpg');
INSERT INTO RentalItem (ID, PurchaseOrder, Name, Price, Location, Quantity, Size, Availability, Status, Picture) VALUES (138, 2, 'Crampons', 120.0, 'Gear Room A', 3, 'Large', 'Available for checkout', 'AVAILABLE', 'crampons.jpg');
INSERT INTO RentalItem (ID, PurchaseOrder, Name, Price, Location, Quantity, Size, Availability, Status, Picture) VALUES (139, 15, 'Tent', 180.0, 'Gear Room B', 3, '2-Person', 'Status: DAMAGED', 'DAMAGED', 'tent.jpg');
INSERT INTO RentalItem (ID, PurchaseOrder, Name, Price, Location, Quantity, Size, Availability, Status, Picture) VALUES (140, 5, 'Sleeping Bag', 140.0, 'Gear Room B', 2, 'Long', 'Available for checkout', 'AVAILABLE', 'sleeping_bag.jpg');
INSERT INTO RentalItem (ID, PurchaseOrder, Name, Price, Location, Quantity, Size, Availability, Status, Picture) VALUES (141, 11, 'Sleeping Bag', 140.0, 'Gear Room B', 3, 'Long', 'Available for checkout', 'AVAILABLE', 'sleeping_bag.jpg');
INSERT INTO RentalItem (ID, PurchaseOrder, Name, Price, Location, Quantity, Size, Availability, Status, Picture) VALUES (142, 6, 'Sleeping Pad', 60.0, 'Gear Room B', 2, 'Long', 'Available for checkout', 'AVAILABLE', 'sleeping_pad.jpg');
INSERT INTO RentalItem (ID, PurchaseOrder, Name, Price, Location, Quantity, Size, Availability, Status, Picture) VALUES (143, 7, 'Sleeping Pad', 60.0, 'Gear Room B', 2, 'Regular', 'Available for checkout', 'AVAILABLE', 'sleeping_pad.jpg');
INSERT INTO RentalItem (ID, PurchaseOrder, Name, Price, Location, Quantity, Size, Availability, Status, Picture) VALUES (144, 9, 'Climbing Harness', 75.0, 'Gear Room A', 2, 'Small', 'Available for checkout', 'AVAILABLE', 'climbing_harness.jpg');
INSERT INTO RentalItem (ID, PurchaseOrder, Name, Price, Location, Quantity, Size, Availability, Status, Picture) VALUES (145, 15, 'Ice Axe', 80.0, 'Gear Room A', 3, '70cm', 'Available for checkout', 'AVAILABLE', 'ice_axe.jpg');
INSERT INTO RentalItem (ID, PurchaseOrder, Name, Price, Location, Quantity, Size, Availability, Status, Picture) VALUES (146, 14, 'Climbing Shoes', 85.0, 'Gear Room A', 3, '12', 'Available for checkout', 'AVAILABLE', 'climbing_shoes.jpg');
INSERT INTO RentalItem (ID, PurchaseOrder, Name, Price, Location, Quantity, Size, Availability, Status, Picture) VALUES (147, 5, 'Headlamp', 40.0, 'Gear Room C', 2, 'One Size', 'Available for checkout', 'AVAILABLE', 'headlamp.jpg');
INSERT INTO RentalItem (ID, PurchaseOrder, Name, Price, Location, Quantity, Size, Availability, Status, Picture) VALUES (148, 6, 'Climbing Harness', 75.0, 'Gear Room A', 2, 'Large', 'Status: CHECKED_OUT', 'CHECKED_OUT', 'climbing_harness.jpg');
INSERT INTO RentalItem (ID, PurchaseOrder, Name, Price, Location, Quantity, Size, Availability, Status, Picture) VALUES (149, 4, 'Ice Axe', 80.0, 'Gear Room A', 3, '60cm', 'Available for checkout', 'AVAILABLE', 'ice_axe.jpg');

-- 🛍️ MERCHANDISE
INSERT INTO MerchItem (ID, PurchaseOrder, Price, Quantity, Name, Description, Location) VALUES (50, 9, 12.0, 48, 'Club Notebook', 'Weather-resistant field notebook', 'Merch Storage');
INSERT INTO MerchItem (ID, PurchaseOrder, Price, Quantity, Name, Description, Location) VALUES (51, 12, 16.0, 34, 'Club Mug', 'Ceramic mug perfect for camp coffee', 'Merch Storage');
INSERT INTO MerchItem (ID, PurchaseOrder, Price, Quantity, Name, Description, Location) VALUES (52, 3, 42.0, 39, 'Club Hoodie', 'Warm fleece hoodie with embroidered logo', 'Merch Storage');
INSERT INTO MerchItem (ID, PurchaseOrder, Price, Quantity, Name, Description, Location) VALUES (53, 8, 12.0, 21, 'Club Notebook', 'Weather-resistant field notebook', 'Merch Storage');
INSERT INTO MerchItem (ID, PurchaseOrder, Price, Quantity, Name, Description, Location) VALUES (54, 8, 16.0, 9, 'Club Mug', 'Ceramic mug perfect for camp coffee', 'Merch Storage');
INSERT INTO MerchItem (ID, PurchaseOrder, Price, Quantity, Name, Description, Location) VALUES (55, 8, 10.0, 48, 'Club Pin', 'Enamel pin with mountain design', 'Merch Storage');
INSERT INTO MerchItem (ID, PurchaseOrder, Price, Quantity, Name, Description, Location) VALUES (56, 12, 16.0, 25, 'Club Mug', 'Ceramic mug perfect for camp coffee', 'Merch Storage');
INSERT INTO MerchItem (ID, PurchaseOrder, Price, Quantity, Name, Description, Location) VALUES (57, 1, 8.0, 18, 'Club Patch', 'Iron-on embroidered patch', 'Merch Storage');
INSERT INTO MerchItem (ID, PurchaseOrder, Price, Quantity, Name, Description, Location) VALUES (58, 4, 42.0, 16, 'Club Hoodie', 'Warm fleece hoodie with embroidered logo', 'Merch Storage');
INSERT INTO MerchItem (ID, PurchaseOrder, Price, Quantity, Name, Description, Location) VALUES (59, 9, 16.0, 8, 'Club Mug', 'Ceramic mug perfect for camp coffee', 'Merch Storage');
INSERT INTO MerchItem (ID, PurchaseOrder, Price, Quantity, Name, Description, Location) VALUES (60, 6, 8.0, 47, 'Club Patch', 'Iron-on embroidered patch', 'Merch Storage');
INSERT INTO MerchItem (ID, PurchaseOrder, Price, Quantity, Name, Description, Location) VALUES (61, 12, 5.0, 34, 'Club Stickers', 'Weather-resistant vinyl sticker pack', 'Merch Storage');
INSERT INTO MerchItem (ID, PurchaseOrder, Price, Quantity, Name, Description, Location) VALUES (62, 9, 8.0, 49, 'Club Patch', 'Iron-on embroidered patch', 'Merch Storage');
INSERT INTO MerchItem (ID, PurchaseOrder, Price, Quantity, Name, Description, Location) VALUES (63, 7, 42.0, 19, 'Club Hoodie', 'Warm fleece hoodie with embroidered logo', 'Merch Storage');
INSERT INTO MerchItem (ID, PurchaseOrder, Price, Quantity, Name, Description, Location) VALUES (64, 10, 5.0, 14, 'Club Stickers', 'Weather-resistant vinyl sticker pack', 'Merch Storage');
INSERT INTO MerchItem (ID, PurchaseOrder, Price, Quantity, Name, Description, Location) VALUES (65, 15, 5.0, 25, 'Club Stickers', 'Weather-resistant vinyl sticker pack', 'Merch Storage');
INSERT INTO MerchItem (ID, PurchaseOrder, Price, Quantity, Name, Description, Location) VALUES (66, 9, 22.0, 29, 'Club T-Shirt', 'Soft cotton t-shirt with club logo', 'Merch Storage');
INSERT INTO MerchItem (ID, PurchaseOrder, Price, Quantity, Name, Description, Location) VALUES (67, 1, 12.0, 26, 'Club Notebook', 'Weather-resistant field notebook', 'Merch Storage');
INSERT INTO MerchItem (ID, PurchaseOrder, Price, Quantity, Name, Description, Location) VALUES (68, 4, 16.0, 28, 'Club Mug', 'Ceramic mug perfect for camp coffee', 'Merch Storage');
INSERT INTO MerchItem (ID, PurchaseOrder, Price, Quantity, Name, Description, Location) VALUES (69, 9, 18.0, 9, 'Water Bottle', 'Insulated stainless steel bottle', 'Merch Storage');
INSERT INTO MerchItem (ID, PurchaseOrder, Price, Quantity, Name, Description, Location) VALUES (70, 2, 22.0, 49, 'Club T-Shirt', 'Soft cotton t-shirt with club logo', 'Merch Storage');
INSERT INTO MerchItem (ID, PurchaseOrder, Price, Quantity, Name, Description, Location) VALUES (71, 5, 5.0, 48, 'Club Stickers', 'Weather-resistant vinyl sticker pack', 'Merch Storage');
INSERT INTO MerchItem (ID, PurchaseOrder, Price, Quantity, Name, Description, Location) VALUES (72, 10, 16.0, 25, 'Club Mug', 'Ceramic mug perfect for camp coffee', 'Merch Storage');
INSERT INTO MerchItem (ID, PurchaseOrder, Price, Quantity, Name, Description, Location) VALUES (73, 6, 10.0, 12, 'Club Pin', 'Enamel pin with mountain design', 'Merch Storage');
INSERT INTO MerchItem (ID, PurchaseOrder, Price, Quantity, Name, Description, Location) VALUES (74, 10, 5.0, 46, 'Club Stickers', 'Weather-resistant vinyl sticker pack', 'Merch Storage');
INSERT INTO MerchItem (ID, PurchaseOrder, Price, Quantity, Name, Description, Location) VALUES (75, 15, 8.0, 45, 'Club Patch', 'Iron-on embroidered patch', 'Merch Storage');
INSERT INTO MerchItem (ID, PurchaseOrder, Price, Quantity, Name, Description, Location) VALUES (76, 9, 20.0, 29, 'Club Buff', 'Versatile neck gaiter with logo', 'Merch Storage');
INSERT INTO MerchItem (ID, PurchaseOrder, Price, Quantity, Name, Description, Location) VALUES (77, 5, 25.0, 26, 'Club Hat', 'Adjustable baseball cap with logo', 'Merch Storage');
INSERT INTO MerchItem (ID, PurchaseOrder, Price, Quantity, Name, Description, Location) VALUES (78, 8, 5.0, 14, 'Club Stickers', 'Weather-resistant vinyl sticker pack', 'Merch Storage');
INSERT INTO MerchItem (ID, PurchaseOrder, Price, Quantity, Name, Description, Location) VALUES (79, 10, 16.0, 45, 'Club Mug', 'Ceramic mug perfect for camp coffee', 'Merch Storage');
INSERT INTO MerchItem (ID, PurchaseOrder, Price, Quantity, Name, Description, Location) VALUES (80, 8, 10.0, 27, 'Club Pin', 'Enamel pin with mountain design', 'Merch Storage');
INSERT INTO MerchItem (ID, PurchaseOrder, Price, Quantity, Name, Description, Location) VALUES (81, 12, 8.0, 22, 'Club Patch', 'Iron-on embroidered patch', 'Merch Storage');
INSERT INTO MerchItem (ID, PurchaseOrder, Price, Quantity, Name, Description, Location) VALUES (82, 3, 16.0, 11, 'Club Mug', 'Ceramic mug perfect for camp coffee', 'Merch Storage');
INSERT INTO MerchItem (ID, PurchaseOrder, Price, Quantity, Name, Description, Location) VALUES (83, 3, 20.0, 50, 'Club Buff', 'Versatile neck gaiter with logo', 'Merch Storage');
INSERT INTO MerchItem (ID, PurchaseOrder, Price, Quantity, Name, Description, Location) VALUES (84, 9, 20.0, 18, 'Club Buff', 'Versatile neck gaiter with logo', 'Merch Storage');
INSERT INTO MerchItem (ID, PurchaseOrder, Price, Quantity, Name, Description, Location) VALUES (85, 5, 5.0, 21, 'Club Stickers', 'Weather-resistant vinyl sticker pack', 'Merch Storage');
INSERT INTO MerchItem (ID, PurchaseOrder, Price, Quantity, Name, Description, Location) VALUES (86, 15, 5.0, 19, 'Club Stickers', 'Weather-resistant vinyl sticker pack', 'Merch Storage');
INSERT INTO MerchItem (ID, PurchaseOrder, Price, Quantity, Name, Description, Location) VALUES (87, 14, 16.0, 45, 'Club Mug', 'Ceramic mug perfect for camp coffee', 'Merch Storage');
INSERT INTO MerchItem (ID, PurchaseOrder, Price, Quantity, Name, Description, Location) VALUES (88, 11, 42.0, 49, 'Club Hoodie', 'Warm fleece hoodie with embroidered logo', 'Merch Storage');
INSERT INTO MerchItem (ID, PurchaseOrder, Price, Quantity, Name, Description, Location) VALUES (89, 9, 12.0, 48, 'Club Notebook', 'Weather-resistant field notebook', 'Merch Storage');

-- 📅 GEAR RESERVATIONS
INSERT INTO GearReservation (ID, Member, CheckOutDate, ReturnDate) VALUES (20, 186, '2025-07-18', '2025-07-19');
INSERT INTO GearReservation (ID, Member, CheckOutDate, ReturnDate) VALUES (21, 144, '2025-08-23', '2025-08-26');
INSERT INTO GearReservation (ID, Member, CheckOutDate, ReturnDate) VALUES (22, 179, '2025-07-04', '2025-07-04');
INSERT INTO GearReservation (ID, Member, CheckOutDate, ReturnDate) VALUES (23, 173, '2025-09-07', '2025-09-08');
INSERT INTO GearReservation (ID, Member, CheckOutDate, ReturnDate) VALUES (24, 125, '2025-08-08', '2025-08-12');
INSERT INTO GearReservation (ID, Member, CheckOutDate, ReturnDate) VALUES (25, 135, '2025-08-12', '2025-08-13');
INSERT INTO GearReservation (ID, Member, CheckOutDate, ReturnDate) VALUES (26, 179, '2025-07-30', '2025-07-31');
INSERT INTO GearReservation (ID, Member, CheckOutDate, ReturnDate) VALUES (27, 101, '2025-08-16', '2025-08-16');
INSERT INTO GearReservation (ID, Member, CheckOutDate, ReturnDate) VALUES (28, 137, '2025-08-24', '2025-08-24');
INSERT INTO GearReservation (ID, Member, CheckOutDate, ReturnDate) VALUES (29, 156, '2025-09-08', '2025-09-08');
INSERT INTO GearReservation (ID, Member, CheckOutDate, ReturnDate) VALUES (30, 190, '2025-08-07', '2025-08-07');
INSERT INTO GearReservation (ID, Member, CheckOutDate, ReturnDate) VALUES (31, 124, '2025-07-26', '2025-07-26');
INSERT INTO GearReservation (ID, Member, CheckOutDate, ReturnDate) VALUES (32, 142, '2025-08-30', '2025-08-31');
INSERT INTO GearReservation (ID, Member, CheckOutDate, ReturnDate) VALUES (33, 138, '2025-06-16', '2025-06-17');
INSERT INTO GearReservation (ID, Member, CheckOutDate, ReturnDate) VALUES (34, 135, '2025-07-03', '2025-07-05');
INSERT INTO GearReservation (ID, Member, CheckOutDate, ReturnDate) VALUES (35, 137, '2025-06-23', '2025-06-24');
INSERT INTO GearReservation (ID, Member, CheckOutDate, ReturnDate) VALUES (36, 169, '2025-08-14', '2025-08-16');
INSERT INTO GearReservation (ID, Member, CheckOutDate, ReturnDate) VALUES (37, 121, '2025-06-22', '2025-06-22');
INSERT INTO GearReservation (ID, Member, CheckOutDate, ReturnDate) VALUES (38, 113, '2025-06-14', '2025-06-14');
INSERT INTO GearReservation (ID, Member, CheckOutDate, ReturnDate) VALUES (39, 111, '2025-07-01', '2025-07-01');
INSERT INTO GearReservation (ID, Member, CheckOutDate, ReturnDate) VALUES (40, 175, '2025-08-01', '2025-08-04');
INSERT INTO GearReservation (ID, Member, CheckOutDate, ReturnDate) VALUES (41, 142, '2025-08-03', '2025-08-05');
INSERT INTO GearReservation (ID, Member, CheckOutDate, ReturnDate) VALUES (42, 152, '2025-07-11', '2025-07-14');
INSERT INTO GearReservation (ID, Member, CheckOutDate, ReturnDate) VALUES (43, 112, '2025-06-14', '2025-06-14');
INSERT INTO GearReservation (ID, Member, CheckOutDate, ReturnDate) VALUES (44, 176, '2025-08-11', '2025-08-11');
INSERT INTO GearReservation (ID, Member, CheckOutDate, ReturnDate) VALUES (45, 154, '2025-07-02', '2025-07-04');
INSERT INTO GearReservation (ID, Member, CheckOutDate, ReturnDate) VALUES (46, 127, '2025-07-22', '2025-07-23');
INSERT INTO GearReservation (ID, Member, CheckOutDate, ReturnDate) VALUES (47, 181, '2025-06-15', '2025-06-16');
INSERT INTO GearReservation (ID, Member, CheckOutDate, ReturnDate) VALUES (48, 185, '2025-08-20', '2025-08-20');
INSERT INTO GearReservation (ID, Member, CheckOutDate, ReturnDate) VALUES (49, 147, '2025-06-13', '2025-06-13');
INSERT INTO GearReservation (ID, Member, CheckOutDate, ReturnDate) VALUES (50, 185, '2025-06-12', '2025-06-16');
INSERT INTO GearReservation (ID, Member, CheckOutDate, ReturnDate) VALUES (51, 134, '2025-08-20', '2025-08-24');
INSERT INTO GearReservation (ID, Member, CheckOutDate, ReturnDate) VALUES (52, 187, '2025-06-18', '2025-06-20');
INSERT INTO GearReservation (ID, Member, CheckOutDate, ReturnDate) VALUES (53, 134, '2025-06-13', '2025-06-17');
INSERT INTO GearReservation (ID, Member, CheckOutDate, ReturnDate) VALUES (54, 100, '2025-09-07', '2025-09-07');
INSERT INTO GearReservation (ID, Member, CheckOutDate, ReturnDate) VALUES (55, 166, '2025-07-06', '2025-07-06');
INSERT INTO GearReservation (ID, Member, CheckOutDate, ReturnDate) VALUES (56, 146, '2025-07-15', '2025-07-17');
INSERT INTO GearReservation (ID, Member, CheckOutDate, ReturnDate) VALUES (57, 143, '2025-06-24', '2025-06-26');
INSERT INTO GearReservation (ID, Member, CheckOutDate, ReturnDate) VALUES (58, 109, '2025-07-04', '2025-07-07');
INSERT INTO GearReservation (ID, Member, CheckOutDate, ReturnDate) VALUES (59, 178, '2025-06-14', '2025-06-16');
INSERT INTO GearReservation (ID, Member, CheckOutDate, ReturnDate) VALUES (60, 191, '2025-08-28', '2025-08-28');
INSERT INTO GearReservation (ID, Member, CheckOutDate, ReturnDate) VALUES (61, 173, '2025-08-06', '2025-08-07');
INSERT INTO GearReservation (ID, Member, CheckOutDate, ReturnDate) VALUES (62, 158, '2025-07-23', '2025-07-25');
INSERT INTO GearReservation (ID, Member, CheckOutDate, ReturnDate) VALUES (63, 192, '2025-09-07', '2025-09-07');
INSERT INTO GearReservation (ID, Member, CheckOutDate, ReturnDate) VALUES (64, 124, '2025-07-14', '2025-07-15');
INSERT INTO GearReservation (ID, Member, CheckOutDate, ReturnDate) VALUES (65, 113, '2025-07-02', '2025-07-07');
INSERT INTO GearReservation (ID, Member, CheckOutDate, ReturnDate) VALUES (66, 135, '2025-08-07', '2025-08-08');
INSERT INTO GearReservation (ID, Member, CheckOutDate, ReturnDate) VALUES (67, 128, '2025-07-02', '2025-07-04');
INSERT INTO GearReservation (ID, Member, CheckOutDate, ReturnDate) VALUES (68, 121, '2025-08-29', '2025-08-29');
INSERT INTO GearReservation (ID, Member, CheckOutDate, ReturnDate) VALUES (69, 105, '2025-08-07', '2025-08-10');
INSERT INTO GearReservation (ID, Member, CheckOutDate, ReturnDate) VALUES (70, 196, '2025-07-02', '2025-07-03');
INSERT INTO GearReservation (ID, Member, CheckOutDate, ReturnDate) VALUES (71, 184, '2025-06-27', '2025-06-28');
INSERT INTO GearReservation (ID, Member, CheckOutDate, ReturnDate) VALUES (72, 123, '2025-07-04', '2025-07-06');
INSERT INTO GearReservation (ID, Member, CheckOutDate, ReturnDate) VALUES (73, 198, '2025-07-30', '2025-08-01');
INSERT INTO GearReservation (ID, Member, CheckOutDate, ReturnDate) VALUES (74, 157, '2025-09-08', '2025-09-09');
INSERT INTO GearReservation (ID, Member, CheckOutDate, ReturnDate) VALUES (75, 115, '2025-09-06', '2025-09-10');
INSERT INTO GearReservation (ID, Member, CheckOutDate, ReturnDate) VALUES (76, 158, '2025-06-23', '2025-06-23');
INSERT INTO GearReservation (ID, Member, CheckOutDate, ReturnDate) VALUES (77, 136, '2025-08-17', '2025-08-17');
INSERT INTO GearReservation (ID, Member, CheckOutDate, ReturnDate) VALUES (78, 129, '2025-08-22', '2025-08-24');
INSERT INTO GearReservation (ID, Member, CheckOutDate, ReturnDate) VALUES (79, 165, '2025-06-11', '2025-06-11');
INSERT INTO GearReservation (ID, Member, CheckOutDate, ReturnDate) VALUES (80, 138, '2025-06-27', '2025-06-27');
INSERT INTO GearReservation (ID, Member, CheckOutDate, ReturnDate) VALUES (81, 178, '2025-08-05', '2025-08-05');
INSERT INTO GearReservation (ID, Member, CheckOutDate, ReturnDate) VALUES (82, 199, '2025-08-26', '2025-08-27');
INSERT INTO GearReservation (ID, Member, CheckOutDate, ReturnDate) VALUES (83, 125, '2025-07-14', '2025-07-14');
INSERT INTO GearReservation (ID, Member, CheckOutDate, ReturnDate) VALUES (84, 159, '2025-08-03', '2025-08-05');
INSERT INTO GearReservation (ID, Member, CheckOutDate, ReturnDate) VALUES (85, 139, '2025-06-18', '2025-06-18');
INSERT INTO GearReservation (ID, Member, CheckOutDate, ReturnDate) VALUES (86, 105, '2025-06-15', '2025-06-15');
INSERT INTO GearReservation (ID, Member, CheckOutDate, ReturnDate) VALUES (87, 159, '2025-06-13', '2025-06-15');
INSERT INTO GearReservation (ID, Member, CheckOutDate, ReturnDate) VALUES (88, 184, '2025-08-17', '2025-08-18');
INSERT INTO GearReservation (ID, Member, CheckOutDate, ReturnDate) VALUES (89, 150, '2025-08-25', '2025-08-28');
INSERT INTO GearReservation (ID, Member, CheckOutDate, ReturnDate) VALUES (90, 184, '2025-08-30', '2025-08-30');
INSERT INTO GearReservation (ID, Member, CheckOutDate, ReturnDate) VALUES (91, 121, '2025-07-11', '2025-07-12');
INSERT INTO GearReservation (ID, Member, CheckOutDate, ReturnDate) VALUES (92, 173, '2025-07-19', '2025-07-28');
INSERT INTO GearReservation (ID, Member, CheckOutDate, ReturnDate) VALUES (93, 179, '2025-09-02', '2025-09-02');
INSERT INTO GearReservation (ID, Member, CheckOutDate, ReturnDate) VALUES (94, 134, '2025-06-27', '2025-06-28');

-- 📅 GEAR RESERVATION ITEMS
INSERT INTO GearReservationItems (Reservation, Item) VALUES (20, 89);
INSERT INTO GearReservationItems (Reservation, Item) VALUES (20, 135);
INSERT INTO GearReservationItems (Reservation, Item) VALUES (20, 142);
INSERT INTO GearReservationItems (Reservation, Item) VALUES (20, 56);
INSERT INTO GearReservationItems (Reservation, Item) VALUES (21, 79);
INSERT INTO GearReservationItems (Reservation, Item) VALUES (21, 70);
INSERT INTO GearReservationItems (Reservation, Item) VALUES (21, 62);
INSERT INTO GearReservationItems (Reservation, Item) VALUES (21, 144);
INSERT INTO GearReservationItems (Reservation, Item) VALUES (22, 134);
INSERT INTO GearReservationItems (Reservation, Item) VALUES (22, 147);
INSERT INTO GearReservationItems (Reservation, Item) VALUES (22, 69);
INSERT INTO GearReservationItems (Reservation, Item) VALUES (22, 85);
INSERT INTO GearReservationItems (Reservation, Item) VALUES (22, 129);
INSERT INTO GearReservationItems (Reservation, Item) VALUES (23, 73);
INSERT INTO GearReservationItems (Reservation, Item) VALUES (23, 98);
INSERT INTO GearReservationItems (Reservation, Item) VALUES (24, 50);
INSERT INTO GearReservationItems (Reservation, Item) VALUES (24, 51);
INSERT INTO GearReservationItems (Reservation, Item) VALUES (24, 114);
INSERT INTO GearReservationItems (Reservation, Item) VALUES (24, 58);
INSERT INTO GearReservationItems (Reservation, Item) VALUES (24, 110);
INSERT INTO GearReservationItems (Reservation, Item) VALUES (25, 106);
INSERT INTO GearReservationItems (Reservation, Item) VALUES (25, 127);
INSERT INTO GearReservationItems (Reservation, Item) VALUES (26, 79);
INSERT INTO GearReservationItems (Reservation, Item) VALUES (26, 141);
INSERT INTO GearReservationItems (Reservation, Item) VALUES (26, 123);
INSERT INTO GearReservationItems (Reservation, Item) VALUES (26, 117);
INSERT INTO GearReservationItems (Reservation, Item) VALUES (27, 105);
INSERT INTO GearReservationItems (Reservation, Item) VALUES (27, 124);
INSERT INTO GearReservationItems (Reservation, Item) VALUES (28, 56);
INSERT INTO GearReservationItems (Reservation, Item) VALUES (28, 132);
INSERT INTO GearReservationItems (Reservation, Item) VALUES (28, 73);
INSERT INTO GearReservationItems (Reservation, Item) VALUES (28, 141);
INSERT INTO GearReservationItems (Reservation, Item) VALUES (29, 116);
INSERT INTO GearReservationItems (Reservation, Item) VALUES (29, 67);
INSERT INTO GearReservationItems (Reservation, Item) VALUES (29, 119);
INSERT INTO GearReservationItems (Reservation, Item) VALUES (29, 120);
INSERT INTO GearReservationItems (Reservation, Item) VALUES (30, 57);
INSERT INTO GearReservationItems (Reservation, Item) VALUES (30, 113);
INSERT INTO GearReservationItems (Reservation, Item) VALUES (31, 59);
INSERT INTO GearReservationItems (Reservation, Item) VALUES (31, 131);
INSERT INTO GearReservationItems (Reservation, Item) VALUES (31, 54);
INSERT INTO GearReservationItems (Reservation, Item) VALUES (32, 70);
INSERT INTO GearReservationItems (Reservation, Item) VALUES (32, 77);
INSERT INTO GearReservationItems (Reservation, Item) VALUES (32, 142);
INSERT INTO GearReservationItems (Reservation, Item) VALUES (33, 141);
INSERT INTO GearReservationItems (Reservation, Item) VALUES (34, 146);
INSERT INTO GearReservationItems (Reservation, Item) VALUES (34, 149);
INSERT INTO GearReservationItems (Reservation, Item) VALUES (35, 129);
INSERT INTO GearReservationItems (Reservation, Item) VALUES (35, 102);
INSERT INTO GearReservationItems (Reservation, Item) VALUES (35, 103);
INSERT INTO GearReservationItems (Reservation, Item) VALUES (35, 108);
INSERT INTO GearReservationItems (Reservation, Item) VALUES (36, 107);
INSERT INTO GearReservationItems (Reservation, Item) VALUES (36, 99);
INSERT INTO GearReservationItems (Reservation, Item) VALUES (36, 124);
INSERT INTO GearReservationItems (Reservation, Item) VALUES (36, 143);
INSERT INTO GearReservationItems (Reservation, Item) VALUES (37, 104);
INSERT INTO GearReservationItems (Reservation, Item) VALUES (37, 86);
INSERT INTO GearReservationItems (Reservation, Item) VALUES (38, 148);
INSERT INTO GearReservationItems (Reservation, Item) VALUES (38, 97);
INSERT INTO GearReservationItems (Reservation, Item) VALUES (39, 126);
INSERT INTO GearReservationItems (Reservation, Item) VALUES (39, 98);
INSERT INTO GearReservationItems (Reservation, Item) VALUES (39, 147);
INSERT INTO GearReservationItems (Reservation, Item) VALUES (40, 91);
INSERT INTO GearReservationItems (Reservation, Item) VALUES (41, 124);
INSERT INTO GearReservationItems (Reservation, Item) VALUES (41, 107);
INSERT INTO GearReservationItems (Reservation, Item) VALUES (42, 120);
INSERT INTO GearReservationItems (Reservation, Item) VALUES (42, 64);
INSERT INTO GearReservationItems (Reservation, Item) VALUES (42, 90);
INSERT INTO GearReservationItems (Reservation, Item) VALUES (42, 103);
INSERT INTO GearReservationItems (Reservation, Item) VALUES (43, 95);
INSERT INTO GearReservationItems (Reservation, Item) VALUES (44, 123);
INSERT INTO GearReservationItems (Reservation, Item) VALUES (44, 68);
INSERT INTO GearReservationItems (Reservation, Item) VALUES (44, 110);
INSERT INTO GearReservationItems (Reservation, Item) VALUES (44, 103);
INSERT INTO GearReservationItems (Reservation, Item) VALUES (44, 72);
INSERT INTO GearReservationItems (Reservation, Item) VALUES (45, 134);
INSERT INTO GearReservationItems (Reservation, Item) VALUES (45, 54);
INSERT INTO GearReservationItems (Reservation, Item) VALUES (46, 62);
INSERT INTO GearReservationItems (Reservation, Item) VALUES (46, 93);
INSERT INTO GearReservationItems (Reservation, Item) VALUES (46, 56);
INSERT INTO GearReservationItems (Reservation, Item) VALUES (47, 124);
INSERT INTO GearReservationItems (Reservation, Item) VALUES (48, 75);
INSERT INTO GearReservationItems (Reservation, Item) VALUES (48, 73);
INSERT INTO GearReservationItems (Reservation, Item) VALUES (49, 112);
INSERT INTO GearReservationItems (Reservation, Item) VALUES (49, 71);
INSERT INTO GearReservationItems (Reservation, Item) VALUES (50, 121);
INSERT INTO GearReservationItems (Reservation, Item) VALUES (50, 147);
INSERT INTO GearReservationItems (Reservation, Item) VALUES (50, 135);
INSERT INTO GearReservationItems (Reservation, Item) VALUES (51, 115);
INSERT INTO GearReservationItems (Reservation, Item) VALUES (51, 144);
INSERT INTO GearReservationItems (Reservation, Item) VALUES (52, 138);
INSERT INTO GearReservationItems (Reservation, Item) VALUES (52, 122);
INSERT INTO GearReservationItems (Reservation, Item) VALUES (52, 74);
INSERT INTO GearReservationItems (Reservation, Item) VALUES (53, 76);
INSERT INTO GearReservationItems (Reservation, Item) VALUES (53, 149);
INSERT INTO GearReservationItems (Reservation, Item) VALUES (53, 52);
INSERT INTO GearReservationItems (Reservation, Item) VALUES (53, 74);
INSERT INTO GearReservationItems (Reservation, Item) VALUES (54, 88);
INSERT INTO GearReservationItems (Reservation, Item) VALUES (54, 103);
INSERT INTO GearReservationItems (Reservation, Item) VALUES (54, 84);
INSERT INTO GearReservationItems (Reservation, Item) VALUES (55, 146);
INSERT INTO GearReservationItems (Reservation, Item) VALUES (55, 124);
INSERT INTO GearReservationItems (Reservation, Item) VALUES (56, 141);
INSERT INTO GearReservationItems (Reservation, Item) VALUES (56, 88);
INSERT INTO GearReservationItems (Reservation, Item) VALUES (57, 52);
INSERT INTO GearReservationItems (Reservation, Item) VALUES (57, 88);
INSERT INTO GearReservationItems (Reservation, Item) VALUES (57, 71);
INSERT INTO GearReservationItems (Reservation, Item) VALUES (58, 145);
INSERT INTO GearReservationItems (Reservation, Item) VALUES (58, 58);
INSERT INTO GearReservationItems (Reservation, Item) VALUES (58, 62);
INSERT INTO GearReservationItems (Reservation, Item) VALUES (59, 71);
INSERT INTO GearReservationItems (Reservation, Item) VALUES (59, 55);
INSERT INTO GearReservationItems (Reservation, Item) VALUES (60, 148);
INSERT INTO GearReservationItems (Reservation, Item) VALUES (60, 95);
INSERT INTO GearReservationItems (Reservation, Item) VALUES (60, 92);
INSERT INTO GearReservationItems (Reservation, Item) VALUES (61, 110);
INSERT INTO GearReservationItems (Reservation, Item) VALUES (61, 124);
INSERT INTO GearReservationItems (Reservation, Item) VALUES (61, 52);
INSERT INTO GearReservationItems (Reservation, Item) VALUES (62, 126);
INSERT INTO GearReservationItems (Reservation, Item) VALUES (62, 100);
INSERT INTO GearReservationItems (Reservation, Item) VALUES (62, 92);
INSERT INTO GearReservationItems (Reservation, Item) VALUES (63, 50);
INSERT INTO GearReservationItems (Reservation, Item) VALUES (64, 91);
INSERT INTO GearReservationItems (Reservation, Item) VALUES (64, 93);
INSERT INTO GearReservationItems (Reservation, Item) VALUES (64, 137);
INSERT INTO GearReservationItems (Reservation, Item) VALUES (65, 93);
INSERT INTO GearReservationItems (Reservation, Item) VALUES (65, 63);
INSERT INTO GearReservationItems (Reservation, Item) VALUES (65, 144);
INSERT INTO GearReservationItems (Reservation, Item) VALUES (66, 77);
INSERT INTO GearReservationItems (Reservation, Item) VALUES (66, 84);
INSERT INTO GearReservationItems (Reservation, Item) VALUES (66, 69);
INSERT INTO GearReservationItems (Reservation, Item) VALUES (66, 128);
INSERT INTO GearReservationItems (Reservation, Item) VALUES (67, 78);
INSERT INTO GearReservationItems (Reservation, Item) VALUES (67, 62);
INSERT INTO GearReservationItems (Reservation, Item) VALUES (67, 76);
INSERT INTO GearReservationItems (Reservation, Item) VALUES (68, 120);
INSERT INTO GearReservationItems (Reservation, Item) VALUES (68, 76);
INSERT INTO GearReservationItems (Reservation, Item) VALUES (68, 111);
INSERT INTO GearReservationItems (Reservation, Item) VALUES (68, 117);
INSERT INTO GearReservationItems (Reservation, Item) VALUES (69, 89);
INSERT INTO GearReservationItems (Reservation, Item) VALUES (69, 80);
INSERT INTO GearReservationItems (Reservation, Item) VALUES (70, 135);
INSERT INTO GearReservationItems (Reservation, Item) VALUES (70, 121);
INSERT INTO GearReservationItems (Reservation, Item) VALUES (70, 149);
INSERT INTO GearReservationItems (Reservation, Item) VALUES (70, 76);
INSERT INTO GearReservationItems (Reservation, Item) VALUES (71, 115);
INSERT INTO GearReservationItems (Reservation, Item) VALUES (71, 81);
INSERT INTO GearReservationItems (Reservation, Item) VALUES (72, 107);
INSERT INTO GearReservationItems (Reservation, Item) VALUES (73, 136);
INSERT INTO GearReservationItems (Reservation, Item) VALUES (73, 109);
INSERT INTO GearReservationItems (Reservation, Item) VALUES (73, 81);
INSERT INTO GearReservationItems (Reservation, Item) VALUES (73, 83);
INSERT INTO GearReservationItems (Reservation, Item) VALUES (74, 81);
INSERT INTO GearReservationItems (Reservation, Item) VALUES (74, 123);
INSERT INTO GearReservationItems (Reservation, Item) VALUES (75, 149);
INSERT INTO GearReservationItems (Reservation, Item) VALUES (75, 133);
INSERT INTO GearReservationItems (Reservation, Item) VALUES (75, 115);
INSERT INTO GearReservationItems (Reservation, Item) VALUES (75, 62);
INSERT INTO GearReservationItems (Reservation, Item) VALUES (76, 131);
INSERT INTO GearReservationItems (Reservation, Item) VALUES (77, 72);
INSERT INTO GearReservationItems (Reservation, Item) VALUES (77, 95);
INSERT INTO GearReservationItems (Reservation, Item) VALUES (77, 92);
INSERT INTO GearReservationItems (Reservation, Item) VALUES (77, 114);
INSERT INTO GearReservationItems (Reservation, Item) VALUES (78, 105);
INSERT INTO GearReservationItems (Reservation, Item) VALUES (78, 61);
INSERT INTO GearReservationItems (Reservation, Item) VALUES (78, 132);
INSERT INTO GearReservationItems (Reservation, Item) VALUES (78, 116);
INSERT INTO GearReservationItems (Reservation, Item) VALUES (79, 146);
INSERT INTO GearReservationItems (Reservation, Item) VALUES (79, 83);
INSERT INTO GearReservationItems (Reservation, Item) VALUES (80, 105);
INSERT INTO GearReservationItems (Reservation, Item) VALUES (81, 142);
INSERT INTO GearReservationItems (Reservation, Item) VALUES (82, 61);
INSERT INTO GearReservationItems (Reservation, Item) VALUES (82, 99);
INSERT INTO GearReservationItems (Reservation, Item) VALUES (82, 149);
INSERT INTO GearReservationItems (Reservation, Item) VALUES (83, 118);
INSERT INTO GearReservationItems (Reservation, Item) VALUES (83, 126);
INSERT INTO GearReservationItems (Reservation, Item) VALUES (83, 66);
INSERT INTO GearReservationItems (Reservation, Item) VALUES (84, 56);
INSERT INTO GearReservationItems (Reservation, Item) VALUES (84, 99);
INSERT INTO GearReservationItems (Reservation, Item) VALUES (84, 91);
INSERT INTO GearReservationItems (Reservation, Item) VALUES (85, 71);
INSERT INTO GearReservationItems (Reservation, Item) VALUES (85, 79);
INSERT INTO GearReservationItems (Reservation, Item) VALUES (85, 82);
INSERT INTO GearReservationItems (Reservation, Item) VALUES (85, 107);
INSERT INTO GearReservationItems (Reservation, Item) VALUES (85, 59);
INSERT INTO GearReservationItems (Reservation, Item) VALUES (86, 94);
INSERT INTO GearReservationItems (Reservation, Item) VALUES (86, 68);
INSERT INTO GearReservationItems (Reservation, Item) VALUES (86, 110);
INSERT INTO GearReservationItems (Reservation, Item) VALUES (87, 54);
INSERT INTO GearReservationItems (Reservation, Item) VALUES (87, 140);
INSERT INTO GearReservationItems (Reservation, Item) VALUES (87, 149);
INSERT INTO GearReservationItems (Reservation, Item) VALUES (87, 113);
INSERT INTO GearReservationItems (Reservation, Item) VALUES (88, 87);
INSERT INTO GearReservationItems (Reservation, Item) VALUES (88, 55);
INSERT INTO GearReservationItems (Reservation, Item) VALUES (88, 56);
INSERT INTO GearReservationItems (Reservation, Item) VALUES (89, 78);
INSERT INTO GearReservationItems (Reservation, Item) VALUES (89, 57);
INSERT INTO GearReservationItems (Reservation, Item) VALUES (90, 52);
INSERT INTO GearReservationItems (Reservation, Item) VALUES (90, 141);
INSERT INTO GearReservationItems (Reservation, Item) VALUES (90, 119);
INSERT INTO GearReservationItems (Reservation, Item) VALUES (91, 79);
INSERT INTO GearReservationItems (Reservation, Item) VALUES (91, 91);
INSERT INTO GearReservationItems (Reservation, Item) VALUES (91, 120);
INSERT INTO GearReservationItems (Reservation, Item) VALUES (92, 95);
INSERT INTO GearReservationItems (Reservation, Item) VALUES (93, 65);
INSERT INTO GearReservationItems (Reservation, Item) VALUES (93, 113);
INSERT INTO GearReservationItems (Reservation, Item) VALUES (94, 147);
INSERT INTO GearReservationItems (Reservation, Item) VALUES (94, 126);
INSERT INTO GearReservationItems (Reservation, Item) VALUES (94, 71);
INSERT INTO GearReservationItems (Reservation, Item) VALUES (94, 115);

-- ✅ End of generated fake data
